-- ==========================================
-- GENERATED BANKING DATASET
-- ==========================================

INSERT INTO customer (id, name, email) VALUES (1, 'Sanae Benali', 'sanae.benali@gmail.com');
INSERT INTO bank_account (id, type, balance, created_at, customer_id, over_draft, interest_rate) VALUES ('acc-1c302eb9-8f2f-484b-bec4-c8a9313688c8', 'CURR', 70949.3, '2025-09-30 19:56:31', 1, 6622.1, NULL);
INSERT INTO account_operation (id, amount, description, operation_date, type, bank_account_id) VALUES (1, 14869.38, 'Initial Account Funding', '2025-09-30 19:56:31', 'CREDIT', 'acc-1c302eb9-8f2f-484b-bec4-c8a9313688c8');
INSERT INTO account_operation (id, amount, description, operation_date, type, bank_account_id) VALUES (2, 1992.19, 'Pharmacy', '2025-10-16 19:56:31', 'DEBIT', 'acc-1c302eb9-8f2f-484b-bec4-c8a9313688c8');
INSERT INTO account_operation (id, amount, description, operation_date, type, bank_account_id) VALUES (3, 1189.67, 'Carrefour', '2026-01-01 19:56:31', 'DEBIT', 'acc-1c302eb9-8f2f-484b-bec4-c8a9313688c8');
INSERT INTO account_operation (id, amount, description, operation_date, type, bank_account_id) VALUES (4, 13144.92, 'Dividend Payout', '2026-04-07 19:56:31', 'CREDIT', 'acc-1c302eb9-8f2f-484b-bec4-c8a9313688c8');
INSERT INTO account_operation (id, amount, description, operation_date, type, bank_account_id) VALUES (5, 1327.14, 'Transfer Received', '2025-12-11 19:56:31', 'CREDIT', 'acc-1c302eb9-8f2f-484b-bec4-c8a9313688c8');
INSERT INTO account_operation (id, amount, description, operation_date, type, bank_account_id) VALUES (6, 1775.37, 'Pharmacy', '2026-05-27 19:56:31', 'DEBIT', 'acc-1c302eb9-8f2f-484b-bec4-c8a9313688c8');
INSERT INTO account_operation (id, amount, description, operation_date, type, bank_account_id) VALUES (7, 10017.85, 'Cash Deposit', '2026-05-10 19:56:31', 'CREDIT', 'acc-1c302eb9-8f2f-484b-bec4-c8a9313688c8');
INSERT INTO account_operation (id, amount, description, operation_date, type, bank_account_id) VALUES (8, 1506.02, 'Spotify', '2026-01-19 19:56:31', 'DEBIT', 'acc-1c302eb9-8f2f-484b-bec4-c8a9313688c8');
INSERT INTO account_operation (id, amount, description, operation_date, type, bank_account_id) VALUES (9, 11822.2, 'Salary Deposit', '2025-11-19 19:56:31', 'CREDIT', 'acc-1c302eb9-8f2f-484b-bec4-c8a9313688c8');
INSERT INTO account_operation (id, amount, description, operation_date, type, bank_account_id) VALUES (10, 689.72, 'Zara', '2026-03-12 19:56:31', 'DEBIT', 'acc-1c302eb9-8f2f-484b-bec4-c8a9313688c8');
INSERT INTO account_operation (id, amount, description, operation_date, type, bank_account_id) VALUES (11, 730.74, 'Amendis', '2026-03-26 19:56:31', 'DEBIT', 'acc-1c302eb9-8f2f-484b-bec4-c8a9313688c8');
INSERT INTO account_operation (id, amount, description, operation_date, type, bank_account_id) VALUES (12, 269.43, 'Netflix Subscription', '2026-01-20 19:56:31', 'DEBIT', 'acc-1c302eb9-8f2f-484b-bec4-c8a9313688c8');
INSERT INTO account_operation (id, amount, description, operation_date, type, bank_account_id) VALUES (13, 1906.3, 'Maroc Telecom', '2025-10-15 19:56:31', 'DEBIT', 'acc-1c302eb9-8f2f-484b-bec4-c8a9313688c8');
INSERT INTO account_operation (id, amount, description, operation_date, type, bank_account_id) VALUES (14, 983.53, 'Orange', '2026-04-23 19:56:31', 'DEBIT', 'acc-1c302eb9-8f2f-484b-bec4-c8a9313688c8');
INSERT INTO account_operation (id, amount, description, operation_date, type, bank_account_id) VALUES (15, 304.02, 'Spotify', '2026-05-17 19:56:31', 'DEBIT', 'acc-1c302eb9-8f2f-484b-bec4-c8a9313688c8');
INSERT INTO account_operation (id, amount, description, operation_date, type, bank_account_id) VALUES (16, 4027.58, 'Dividend Payout', '2025-11-06 19:56:31', 'CREDIT', 'acc-1c302eb9-8f2f-484b-bec4-c8a9313688c8');
INSERT INTO account_operation (id, amount, description, operation_date, type, bank_account_id) VALUES (17, 1749.36, 'Redal', '2026-03-27 19:56:31', 'DEBIT', 'acc-1c302eb9-8f2f-484b-bec4-c8a9313688c8');
INSERT INTO account_operation (id, amount, description, operation_date, type, bank_account_id) VALUES (18, 2132.78, 'Cash Deposit', '2026-01-17 19:56:31', 'CREDIT', 'acc-1c302eb9-8f2f-484b-bec4-c8a9313688c8');
INSERT INTO account_operation (id, amount, description, operation_date, type, bank_account_id) VALUES (19, 12222.71, 'Transfer Received', '2026-06-08 19:56:31', 'CREDIT', 'acc-1c302eb9-8f2f-484b-bec4-c8a9313688c8');
INSERT INTO account_operation (id, amount, description, operation_date, type, bank_account_id) VALUES (20, 208.0, 'CTM Bus', '2026-05-08 19:56:31', 'DEBIT', 'acc-1c302eb9-8f2f-484b-bec4-c8a9313688c8');
INSERT INTO account_operation (id, amount, description, operation_date, type, bank_account_id) VALUES (21, 426.3, 'Netflix Subscription', '2026-05-02 19:56:31', 'DEBIT', 'acc-1c302eb9-8f2f-484b-bec4-c8a9313688c8');
INSERT INTO account_operation (id, amount, description, operation_date, type, bank_account_id) VALUES (22, 3833.72, 'Freelance Payment', '2025-10-10 19:56:31', 'CREDIT', 'acc-1c302eb9-8f2f-484b-bec4-c8a9313688c8');
INSERT INTO account_operation (id, amount, description, operation_date, type, bank_account_id) VALUES (23, 890.62, 'Spotify', '2026-03-05 19:56:31', 'DEBIT', 'acc-1c302eb9-8f2f-484b-bec4-c8a9313688c8');
INSERT INTO account_operation (id, amount, description, operation_date, type, bank_account_id) VALUES (24, 901.04, 'Maroc Telecom', '2026-01-07 19:56:31', 'DEBIT', 'acc-1c302eb9-8f2f-484b-bec4-c8a9313688c8');
INSERT INTO account_operation (id, amount, description, operation_date, type, bank_account_id) VALUES (25, 793.55, 'ONCF Train', '2026-04-09 19:56:31', 'DEBIT', 'acc-1c302eb9-8f2f-484b-bec4-c8a9313688c8');
INSERT INTO account_operation (id, amount, description, operation_date, type, bank_account_id) VALUES (26, 797.19, 'Amendis', '2026-01-18 19:56:31', 'DEBIT', 'acc-1c302eb9-8f2f-484b-bec4-c8a9313688c8');
INSERT INTO account_operation (id, amount, description, operation_date, type, bank_account_id) VALUES (27, 2497.53, 'Freelance Payment', '2026-01-15 19:56:31', 'CREDIT', 'acc-1c302eb9-8f2f-484b-bec4-c8a9313688c8');
INSERT INTO account_operation (id, amount, description, operation_date, type, bank_account_id) VALUES (28, 345.58, 'ONCF Train', '2025-10-11 19:56:31', 'DEBIT', 'acc-1c302eb9-8f2f-484b-bec4-c8a9313688c8');
INSERT INTO account_operation (id, amount, description, operation_date, type, bank_account_id) VALUES (29, 386.37, 'ONEE Electricity', '2025-10-27 19:56:31', 'DEBIT', 'acc-1c302eb9-8f2f-484b-bec4-c8a9313688c8');
INSERT INTO account_operation (id, amount, description, operation_date, type, bank_account_id) VALUES (30, 14328.99, 'Transfer Received', '2026-06-03 19:56:31', 'CREDIT', 'acc-1c302eb9-8f2f-484b-bec4-c8a9313688c8');
INSERT INTO account_operation (id, amount, description, operation_date, type, bank_account_id) VALUES (31, 432.17, 'Amendis', '2025-11-09 19:56:31', 'DEBIT', 'acc-1c302eb9-8f2f-484b-bec4-c8a9313688c8');
INSERT INTO account_operation (id, amount, description, operation_date, type, bank_account_id) VALUES (32, 343.86, 'Redal', '2025-11-25 19:56:31', 'DEBIT', 'acc-1c302eb9-8f2f-484b-bec4-c8a9313688c8');
INSERT INTO account_operation (id, amount, description, operation_date, type, bank_account_id) VALUES (33, 654.47, 'Carrefour', '2026-06-18 19:56:31', 'DEBIT', 'acc-1c302eb9-8f2f-484b-bec4-c8a9313688c8');

INSERT INTO customer (id, name, email) VALUES (2, 'Ayoub Daoudi', 'ayoub.daoudi@gmail.com');
INSERT INTO bank_account (id, type, balance, created_at, customer_id, over_draft, interest_rate) VALUES ('acc-ea75e9ed-ed29-481b-9a66-51ab31ce2c10', 'SAVE', 62717.34, '2025-11-03 19:56:31', 2, NULL, 4.03);
INSERT INTO account_operation (id, amount, description, operation_date, type, bank_account_id) VALUES (34, 34721.21, 'Initial Account Funding', '2025-11-03 19:56:31', 'CREDIT', 'acc-ea75e9ed-ed29-481b-9a66-51ab31ce2c10');
INSERT INTO account_operation (id, amount, description, operation_date, type, bank_account_id) VALUES (35, 51.42, 'Carrefour', '2026-04-06 19:56:31', 'DEBIT', 'acc-ea75e9ed-ed29-481b-9a66-51ab31ce2c10');
INSERT INTO account_operation (id, amount, description, operation_date, type, bank_account_id) VALUES (36, 1242.35, 'Inwi', '2025-12-22 19:56:31', 'DEBIT', 'acc-ea75e9ed-ed29-481b-9a66-51ab31ce2c10');
INSERT INTO account_operation (id, amount, description, operation_date, type, bank_account_id) VALUES (37, 13481.4, 'Salary Deposit', '2026-05-26 19:56:31', 'CREDIT', 'acc-ea75e9ed-ed29-481b-9a66-51ab31ce2c10');
INSERT INTO account_operation (id, amount, description, operation_date, type, bank_account_id) VALUES (38, 14703.41, 'Dividend Payout', '2026-02-05 19:56:31', 'CREDIT', 'acc-ea75e9ed-ed29-481b-9a66-51ab31ce2c10');
INSERT INTO account_operation (id, amount, description, operation_date, type, bank_account_id) VALUES (39, 181.24, 'Marjane Supermarket', '2026-04-12 19:56:31', 'DEBIT', 'acc-ea75e9ed-ed29-481b-9a66-51ab31ce2c10');
INSERT INTO account_operation (id, amount, description, operation_date, type, bank_account_id) VALUES (40, 1716.39, 'BIM Store', '2026-02-06 19:56:31', 'DEBIT', 'acc-ea75e9ed-ed29-481b-9a66-51ab31ce2c10');
INSERT INTO account_operation (id, amount, description, operation_date, type, bank_account_id) VALUES (41, 9683.64, 'Transfer Received', '2025-11-05 19:56:31', 'CREDIT', 'acc-ea75e9ed-ed29-481b-9a66-51ab31ce2c10');
INSERT INTO account_operation (id, amount, description, operation_date, type, bank_account_id) VALUES (42, 1412.97, 'ONEE Electricity', '2026-01-27 19:56:31', 'DEBIT', 'acc-ea75e9ed-ed29-481b-9a66-51ab31ce2c10');
INSERT INTO account_operation (id, amount, description, operation_date, type, bank_account_id) VALUES (43, 1212.05, 'ONEE Electricity', '2025-12-23 19:56:31', 'DEBIT', 'acc-ea75e9ed-ed29-481b-9a66-51ab31ce2c10');
INSERT INTO account_operation (id, amount, description, operation_date, type, bank_account_id) VALUES (44, 747.6, 'Local Cafe', '2025-11-10 19:56:31', 'DEBIT', 'acc-ea75e9ed-ed29-481b-9a66-51ab31ce2c10');
INSERT INTO account_operation (id, amount, description, operation_date, type, bank_account_id) VALUES (45, 1284.87, 'Redal', '2026-04-06 19:56:31', 'DEBIT', 'acc-ea75e9ed-ed29-481b-9a66-51ab31ce2c10');
INSERT INTO account_operation (id, amount, description, operation_date, type, bank_account_id) VALUES (46, 987.08, 'Carrefour', '2026-05-29 19:56:31', 'DEBIT', 'acc-ea75e9ed-ed29-481b-9a66-51ab31ce2c10');
INSERT INTO account_operation (id, amount, description, operation_date, type, bank_account_id) VALUES (47, 4811.85, 'Freelance Payment', '2026-05-10 19:56:31', 'CREDIT', 'acc-ea75e9ed-ed29-481b-9a66-51ab31ce2c10');
INSERT INTO account_operation (id, amount, description, operation_date, type, bank_account_id) VALUES (48, 1747.07, 'Amendis', '2026-06-26 19:56:31', 'DEBIT', 'acc-ea75e9ed-ed29-481b-9a66-51ab31ce2c10');
INSERT INTO account_operation (id, amount, description, operation_date, type, bank_account_id) VALUES (49, 714.08, 'Amendis', '2026-01-01 19:56:31', 'DEBIT', 'acc-ea75e9ed-ed29-481b-9a66-51ab31ce2c10');
INSERT INTO account_operation (id, amount, description, operation_date, type, bank_account_id) VALUES (50, 1206.16, 'Salary Deposit', '2026-05-16 19:56:31', 'CREDIT', 'acc-ea75e9ed-ed29-481b-9a66-51ab31ce2c10');
INSERT INTO account_operation (id, amount, description, operation_date, type, bank_account_id) VALUES (51, 1704.7, 'Restaurant', '2026-05-14 19:56:31', 'DEBIT', 'acc-ea75e9ed-ed29-481b-9a66-51ab31ce2c10');
INSERT INTO account_operation (id, amount, description, operation_date, type, bank_account_id) VALUES (52, 1375.79, 'LC Waikiki', '2026-02-08 19:56:31', 'DEBIT', 'acc-ea75e9ed-ed29-481b-9a66-51ab31ce2c10');
INSERT INTO account_operation (id, amount, description, operation_date, type, bank_account_id) VALUES (53, 942.17, 'Maroc Telecom', '2026-05-06 19:56:31', 'DEBIT', 'acc-ea75e9ed-ed29-481b-9a66-51ab31ce2c10');
INSERT INTO account_operation (id, amount, description, operation_date, type, bank_account_id) VALUES (54, 11.88, 'Inwi', '2026-05-05 19:56:31', 'DEBIT', 'acc-ea75e9ed-ed29-481b-9a66-51ab31ce2c10');
INSERT INTO account_operation (id, amount, description, operation_date, type, bank_account_id) VALUES (55, 558.67, 'Spotify', '2026-01-12 19:56:31', 'DEBIT', 'acc-ea75e9ed-ed29-481b-9a66-51ab31ce2c10');
INSERT INTO bank_account (id, type, balance, created_at, customer_id, over_draft, interest_rate) VALUES ('acc-307534fe-ec82-4696-8fee-cda10d4db1ac', 'SAVE', 35663.11, '2025-08-05 19:56:31', 2, NULL, 2.74);
INSERT INTO account_operation (id, amount, description, operation_date, type, bank_account_id) VALUES (56, 13734.48, 'Initial Account Funding', '2025-08-05 19:56:31', 'CREDIT', 'acc-307534fe-ec82-4696-8fee-cda10d4db1ac');
INSERT INTO account_operation (id, amount, description, operation_date, type, bank_account_id) VALUES (57, 1129.83, 'Spotify', '2026-04-23 19:56:31', 'DEBIT', 'acc-307534fe-ec82-4696-8fee-cda10d4db1ac');
INSERT INTO account_operation (id, amount, description, operation_date, type, bank_account_id) VALUES (58, 25.65, 'Amendis', '2026-04-05 19:56:31', 'DEBIT', 'acc-307534fe-ec82-4696-8fee-cda10d4db1ac');
INSERT INTO account_operation (id, amount, description, operation_date, type, bank_account_id) VALUES (59, 1771.96, 'BIM Store', '2026-04-20 19:56:31', 'DEBIT', 'acc-307534fe-ec82-4696-8fee-cda10d4db1ac');
INSERT INTO account_operation (id, amount, description, operation_date, type, bank_account_id) VALUES (60, 1111.68, 'Netflix Subscription', '2025-11-22 19:56:31', 'DEBIT', 'acc-307534fe-ec82-4696-8fee-cda10d4db1ac');
INSERT INTO account_operation (id, amount, description, operation_date, type, bank_account_id) VALUES (61, 1784.63, 'Inwi', '2025-10-02 19:56:31', 'DEBIT', 'acc-307534fe-ec82-4696-8fee-cda10d4db1ac');
INSERT INTO account_operation (id, amount, description, operation_date, type, bank_account_id) VALUES (62, 873.0, 'Spotify', '2026-02-15 19:56:31', 'DEBIT', 'acc-307534fe-ec82-4696-8fee-cda10d4db1ac');
INSERT INTO account_operation (id, amount, description, operation_date, type, bank_account_id) VALUES (63, 258.77, 'Carrefour', '2026-04-06 19:56:31', 'DEBIT', 'acc-307534fe-ec82-4696-8fee-cda10d4db1ac');
INSERT INTO account_operation (id, amount, description, operation_date, type, bank_account_id) VALUES (64, 1541.91, 'LC Waikiki', '2025-08-05 19:56:31', 'DEBIT', 'acc-307534fe-ec82-4696-8fee-cda10d4db1ac');
INSERT INTO account_operation (id, amount, description, operation_date, type, bank_account_id) VALUES (65, 12474.88, 'Salary Deposit', '2025-11-28 19:56:31', 'CREDIT', 'acc-307534fe-ec82-4696-8fee-cda10d4db1ac');
INSERT INTO account_operation (id, amount, description, operation_date, type, bank_account_id) VALUES (66, 1537.27, 'Marjane Supermarket', '2025-11-16 19:56:31', 'DEBIT', 'acc-307534fe-ec82-4696-8fee-cda10d4db1ac');
INSERT INTO account_operation (id, amount, description, operation_date, type, bank_account_id) VALUES (67, 808.64, 'Pharmacy', '2025-10-23 19:56:31', 'DEBIT', 'acc-307534fe-ec82-4696-8fee-cda10d4db1ac');
INSERT INTO account_operation (id, amount, description, operation_date, type, bank_account_id) VALUES (68, 653.92, 'CTM Bus', '2025-11-09 19:56:31', 'DEBIT', 'acc-307534fe-ec82-4696-8fee-cda10d4db1ac');
INSERT INTO account_operation (id, amount, description, operation_date, type, bank_account_id) VALUES (69, 13942.77, 'Cash Deposit', '2026-04-17 19:56:31', 'CREDIT', 'acc-307534fe-ec82-4696-8fee-cda10d4db1ac');
INSERT INTO account_operation (id, amount, description, operation_date, type, bank_account_id) VALUES (70, 1736.76, 'Restaurant', '2026-01-09 19:56:31', 'DEBIT', 'acc-307534fe-ec82-4696-8fee-cda10d4db1ac');
INSERT INTO account_operation (id, amount, description, operation_date, type, bank_account_id) VALUES (71, 1533.93, 'Carrefour', '2026-04-16 19:56:31', 'DEBIT', 'acc-307534fe-ec82-4696-8fee-cda10d4db1ac');
INSERT INTO account_operation (id, amount, description, operation_date, type, bank_account_id) VALUES (72, 1900.43, 'BIM Store', '2025-12-08 19:56:31', 'DEBIT', 'acc-307534fe-ec82-4696-8fee-cda10d4db1ac');
INSERT INTO account_operation (id, amount, description, operation_date, type, bank_account_id) VALUES (73, 7594.16, 'Transfer Received', '2025-12-05 19:56:31', 'CREDIT', 'acc-307534fe-ec82-4696-8fee-cda10d4db1ac');
INSERT INTO account_operation (id, amount, description, operation_date, type, bank_account_id) VALUES (74, 136.62, 'Spotify', '2026-03-10 19:56:31', 'DEBIT', 'acc-307534fe-ec82-4696-8fee-cda10d4db1ac');
INSERT INTO account_operation (id, amount, description, operation_date, type, bank_account_id) VALUES (75, 6852.12, 'Dividend Payout', '2025-11-24 19:56:31', 'CREDIT', 'acc-307534fe-ec82-4696-8fee-cda10d4db1ac');
INSERT INTO account_operation (id, amount, description, operation_date, type, bank_account_id) VALUES (76, 3899.7, 'Transfer Received', '2026-02-26 19:56:31', 'CREDIT', 'acc-307534fe-ec82-4696-8fee-cda10d4db1ac');
INSERT INTO account_operation (id, amount, description, operation_date, type, bank_account_id) VALUES (77, 1354.29, 'LC Waikiki', '2026-03-14 19:56:31', 'DEBIT', 'acc-307534fe-ec82-4696-8fee-cda10d4db1ac');
INSERT INTO account_operation (id, amount, description, operation_date, type, bank_account_id) VALUES (78, 1910.25, 'Inwi', '2026-06-26 19:56:31', 'DEBIT', 'acc-307534fe-ec82-4696-8fee-cda10d4db1ac');
INSERT INTO account_operation (id, amount, description, operation_date, type, bank_account_id) VALUES (79, 117.62, 'ONEE Electricity', '2025-12-23 19:56:31', 'DEBIT', 'acc-307534fe-ec82-4696-8fee-cda10d4db1ac');
INSERT INTO account_operation (id, amount, description, operation_date, type, bank_account_id) VALUES (80, 1304.38, 'Marjane Supermarket', '2025-10-12 19:56:31', 'DEBIT', 'acc-307534fe-ec82-4696-8fee-cda10d4db1ac');
INSERT INTO account_operation (id, amount, description, operation_date, type, bank_account_id) VALUES (81, 906.02, 'Maroc Telecom', '2026-06-10 19:56:31', 'DEBIT', 'acc-307534fe-ec82-4696-8fee-cda10d4db1ac');
INSERT INTO account_operation (id, amount, description, operation_date, type, bank_account_id) VALUES (82, 750.2, 'ONEE Electricity', '2025-10-07 19:56:31', 'DEBIT', 'acc-307534fe-ec82-4696-8fee-cda10d4db1ac');
INSERT INTO account_operation (id, amount, description, operation_date, type, bank_account_id) VALUES (83, 1791.78, 'BIM Store', '2025-09-13 19:56:31', 'DEBIT', 'acc-307534fe-ec82-4696-8fee-cda10d4db1ac');
INSERT INTO account_operation (id, amount, description, operation_date, type, bank_account_id) VALUES (84, 9633.88, 'Freelance Payment', '2025-11-17 19:56:31', 'CREDIT', 'acc-307534fe-ec82-4696-8fee-cda10d4db1ac');
INSERT INTO account_operation (id, amount, description, operation_date, type, bank_account_id) VALUES (85, 1129.72, 'Pharmacy', '2026-02-08 19:56:31', 'DEBIT', 'acc-307534fe-ec82-4696-8fee-cda10d4db1ac');
INSERT INTO account_operation (id, amount, description, operation_date, type, bank_account_id) VALUES (86, 753.19, 'Redal', '2026-02-15 19:56:31', 'DEBIT', 'acc-307534fe-ec82-4696-8fee-cda10d4db1ac');
INSERT INTO account_operation (id, amount, description, operation_date, type, bank_account_id) VALUES (87, 1341.04, 'Netflix Subscription', '2025-08-27 19:56:31', 'DEBIT', 'acc-307534fe-ec82-4696-8fee-cda10d4db1ac');
INSERT INTO account_operation (id, amount, description, operation_date, type, bank_account_id) VALUES (88, 1520.79, 'Marjane Supermarket', '2026-04-28 19:56:31', 'DEBIT', 'acc-307534fe-ec82-4696-8fee-cda10d4db1ac');
INSERT INTO account_operation (id, amount, description, operation_date, type, bank_account_id) VALUES (89, 231.51, 'Inwi', '2025-11-10 19:56:31', 'DEBIT', 'acc-307534fe-ec82-4696-8fee-cda10d4db1ac');
INSERT INTO account_operation (id, amount, description, operation_date, type, bank_account_id) VALUES (90, 609.28, 'CTM Bus', '2026-01-15 19:56:31', 'DEBIT', 'acc-307534fe-ec82-4696-8fee-cda10d4db1ac');
INSERT INTO account_operation (id, amount, description, operation_date, type, bank_account_id) VALUES (91, 1557.26, 'Carrefour', '2026-03-10 19:56:31', 'DEBIT', 'acc-307534fe-ec82-4696-8fee-cda10d4db1ac');
INSERT INTO account_operation (id, amount, description, operation_date, type, bank_account_id) VALUES (92, 386.55, 'Marjane Supermarket', '2025-10-25 19:56:31', 'DEBIT', 'acc-307534fe-ec82-4696-8fee-cda10d4db1ac');
INSERT INTO bank_account (id, type, balance, created_at, customer_id, over_draft, interest_rate) VALUES ('acc-a96ff347-db42-492b-ae12-28d7337176c1', 'SAVE', 53451.37, '2025-10-18 19:56:31', 2, NULL, 1.96);
INSERT INTO account_operation (id, amount, description, operation_date, type, bank_account_id) VALUES (93, 34225.78, 'Initial Account Funding', '2025-10-18 19:56:31', 'CREDIT', 'acc-a96ff347-db42-492b-ae12-28d7337176c1');
INSERT INTO account_operation (id, amount, description, operation_date, type, bank_account_id) VALUES (94, 837.54, 'LC Waikiki', '2026-06-28 19:56:31', 'DEBIT', 'acc-a96ff347-db42-492b-ae12-28d7337176c1');
INSERT INTO account_operation (id, amount, description, operation_date, type, bank_account_id) VALUES (95, 24.67, 'ONEE Electricity', '2026-06-24 19:56:31', 'DEBIT', 'acc-a96ff347-db42-492b-ae12-28d7337176c1');
INSERT INTO account_operation (id, amount, description, operation_date, type, bank_account_id) VALUES (96, 1327.58, 'Marjane Supermarket', '2025-10-30 19:56:31', 'DEBIT', 'acc-a96ff347-db42-492b-ae12-28d7337176c1');
INSERT INTO account_operation (id, amount, description, operation_date, type, bank_account_id) VALUES (97, 737.16, 'Marjane Supermarket', '2026-06-14 19:56:31', 'DEBIT', 'acc-a96ff347-db42-492b-ae12-28d7337176c1');
INSERT INTO account_operation (id, amount, description, operation_date, type, bank_account_id) VALUES (98, 6355.68, 'Transfer Received', '2026-02-21 19:56:31', 'CREDIT', 'acc-a96ff347-db42-492b-ae12-28d7337176c1');
INSERT INTO account_operation (id, amount, description, operation_date, type, bank_account_id) VALUES (99, 214.91, 'LC Waikiki', '2026-06-25 19:56:31', 'DEBIT', 'acc-a96ff347-db42-492b-ae12-28d7337176c1');
INSERT INTO account_operation (id, amount, description, operation_date, type, bank_account_id) VALUES (100, 939.12, 'Decathlon', '2026-03-09 19:56:31', 'DEBIT', 'acc-a96ff347-db42-492b-ae12-28d7337176c1');
INSERT INTO account_operation (id, amount, description, operation_date, type, bank_account_id) VALUES (101, 371.78, 'Maroc Telecom', '2026-01-31 19:56:31', 'DEBIT', 'acc-a96ff347-db42-492b-ae12-28d7337176c1');
INSERT INTO account_operation (id, amount, description, operation_date, type, bank_account_id) VALUES (102, 14658.7, 'Cash Deposit', '2025-12-16 19:56:31', 'CREDIT', 'acc-a96ff347-db42-492b-ae12-28d7337176c1');
INSERT INTO account_operation (id, amount, description, operation_date, type, bank_account_id) VALUES (103, 1367.88, 'Local Cafe', '2025-11-06 19:56:31', 'DEBIT', 'acc-a96ff347-db42-492b-ae12-28d7337176c1');
INSERT INTO account_operation (id, amount, description, operation_date, type, bank_account_id) VALUES (104, 361.44, 'Decathlon', '2026-01-25 19:56:31', 'DEBIT', 'acc-a96ff347-db42-492b-ae12-28d7337176c1');
INSERT INTO account_operation (id, amount, description, operation_date, type, bank_account_id) VALUES (105, 856.95, 'Redal', '2025-12-17 19:56:31', 'DEBIT', 'acc-a96ff347-db42-492b-ae12-28d7337176c1');
INSERT INTO account_operation (id, amount, description, operation_date, type, bank_account_id) VALUES (106, 45.65, 'BIM Store', '2025-11-05 19:56:31', 'DEBIT', 'acc-a96ff347-db42-492b-ae12-28d7337176c1');
INSERT INTO account_operation (id, amount, description, operation_date, type, bank_account_id) VALUES (107, 993.6, 'Inwi', '2025-11-30 19:56:31', 'DEBIT', 'acc-a96ff347-db42-492b-ae12-28d7337176c1');
INSERT INTO account_operation (id, amount, description, operation_date, type, bank_account_id) VALUES (108, 78.83, 'Restaurant', '2025-12-27 19:56:31', 'DEBIT', 'acc-a96ff347-db42-492b-ae12-28d7337176c1');
INSERT INTO account_operation (id, amount, description, operation_date, type, bank_account_id) VALUES (109, 1164.22, 'Spotify', '2025-11-04 19:56:31', 'DEBIT', 'acc-a96ff347-db42-492b-ae12-28d7337176c1');
INSERT INTO account_operation (id, amount, description, operation_date, type, bank_account_id) VALUES (110, 1941.3, 'Amendis', '2026-04-07 19:56:31', 'DEBIT', 'acc-a96ff347-db42-492b-ae12-28d7337176c1');
INSERT INTO account_operation (id, amount, description, operation_date, type, bank_account_id) VALUES (111, 411.54, 'Netflix Subscription', '2026-01-29 19:56:31', 'DEBIT', 'acc-a96ff347-db42-492b-ae12-28d7337176c1');
INSERT INTO account_operation (id, amount, description, operation_date, type, bank_account_id) VALUES (112, 566.25, 'BIM Store', '2026-04-05 19:56:31', 'DEBIT', 'acc-a96ff347-db42-492b-ae12-28d7337176c1');
INSERT INTO account_operation (id, amount, description, operation_date, type, bank_account_id) VALUES (113, 452.9, 'ONCF Train', '2026-03-07 19:56:31', 'DEBIT', 'acc-a96ff347-db42-492b-ae12-28d7337176c1');
INSERT INTO account_operation (id, amount, description, operation_date, type, bank_account_id) VALUES (114, 224.71, 'CTM Bus', '2026-04-30 19:56:31', 'DEBIT', 'acc-a96ff347-db42-492b-ae12-28d7337176c1');
INSERT INTO account_operation (id, amount, description, operation_date, type, bank_account_id) VALUES (115, 13217.13, 'Freelance Payment', '2025-11-07 19:56:31', 'CREDIT', 'acc-a96ff347-db42-492b-ae12-28d7337176c1');
INSERT INTO account_operation (id, amount, description, operation_date, type, bank_account_id) VALUES (116, 110.93, 'Decathlon', '2026-04-02 19:56:31', 'DEBIT', 'acc-a96ff347-db42-492b-ae12-28d7337176c1');
INSERT INTO account_operation (id, amount, description, operation_date, type, bank_account_id) VALUES (117, 1976.96, 'Decathlon', '2026-06-11 19:56:31', 'DEBIT', 'acc-a96ff347-db42-492b-ae12-28d7337176c1');

INSERT INTO customer (id, name, email) VALUES (3, 'Hassan Tahiri', 'hassan.tahiri@gmail.com');
INSERT INTO bank_account (id, type, balance, created_at, customer_id, over_draft, interest_rate) VALUES ('acc-c10ee3fd-2c36-452b-ac24-ba74378f5545', 'CURR', 161979.35, '2026-04-03 19:56:31', 3, 1574.68, NULL);
INSERT INTO account_operation (id, amount, description, operation_date, type, bank_account_id) VALUES (118, 27902.13, 'Initial Account Funding', '2026-04-03 19:56:31', 'CREDIT', 'acc-c10ee3fd-2c36-452b-ac24-ba74378f5545');
INSERT INTO account_operation (id, amount, description, operation_date, type, bank_account_id) VALUES (119, 663.09, 'Decathlon', '2026-04-24 19:56:31', 'DEBIT', 'acc-c10ee3fd-2c36-452b-ac24-ba74378f5545');
INSERT INTO account_operation (id, amount, description, operation_date, type, bank_account_id) VALUES (120, 838.82, 'Orange', '2026-04-21 19:56:31', 'DEBIT', 'acc-c10ee3fd-2c36-452b-ac24-ba74378f5545');
INSERT INTO account_operation (id, amount, description, operation_date, type, bank_account_id) VALUES (121, 8605.36, 'Freelance Payment', '2026-06-08 19:56:31', 'CREDIT', 'acc-c10ee3fd-2c36-452b-ac24-ba74378f5545');
INSERT INTO account_operation (id, amount, description, operation_date, type, bank_account_id) VALUES (122, 13947.77, 'Salary Deposit', '2026-04-12 19:56:31', 'CREDIT', 'acc-c10ee3fd-2c36-452b-ac24-ba74378f5545');
INSERT INTO account_operation (id, amount, description, operation_date, type, bank_account_id) VALUES (123, 3872.31, 'Salary Deposit', '2026-05-08 19:56:31', 'CREDIT', 'acc-c10ee3fd-2c36-452b-ac24-ba74378f5545');
INSERT INTO account_operation (id, amount, description, operation_date, type, bank_account_id) VALUES (124, 48.71, 'Maroc Telecom', '2026-05-05 19:56:31', 'DEBIT', 'acc-c10ee3fd-2c36-452b-ac24-ba74378f5545');
INSERT INTO account_operation (id, amount, description, operation_date, type, bank_account_id) VALUES (125, 697.55, 'Marjane Supermarket', '2026-04-26 19:56:31', 'DEBIT', 'acc-c10ee3fd-2c36-452b-ac24-ba74378f5545');
INSERT INTO account_operation (id, amount, description, operation_date, type, bank_account_id) VALUES (126, 572.43, 'Orange', '2026-04-30 19:56:31', 'DEBIT', 'acc-c10ee3fd-2c36-452b-ac24-ba74378f5545');
INSERT INTO account_operation (id, amount, description, operation_date, type, bank_account_id) VALUES (127, 513.76, 'Pharmacy', '2026-06-02 19:56:31', 'DEBIT', 'acc-c10ee3fd-2c36-452b-ac24-ba74378f5545');
INSERT INTO account_operation (id, amount, description, operation_date, type, bank_account_id) VALUES (128, 1350.5, 'Marjane Supermarket', '2026-04-13 19:56:31', 'DEBIT', 'acc-c10ee3fd-2c36-452b-ac24-ba74378f5545');
INSERT INTO account_operation (id, amount, description, operation_date, type, bank_account_id) VALUES (129, 1899.02, 'Amendis', '2026-04-11 19:56:31', 'DEBIT', 'acc-c10ee3fd-2c36-452b-ac24-ba74378f5545');
INSERT INTO account_operation (id, amount, description, operation_date, type, bank_account_id) VALUES (130, 4279.94, 'Cash Deposit', '2026-06-13 19:56:31', 'CREDIT', 'acc-c10ee3fd-2c36-452b-ac24-ba74378f5545');
INSERT INTO account_operation (id, amount, description, operation_date, type, bank_account_id) VALUES (131, 1685.79, 'Inwi', '2026-05-06 19:56:31', 'DEBIT', 'acc-c10ee3fd-2c36-452b-ac24-ba74378f5545');
INSERT INTO account_operation (id, amount, description, operation_date, type, bank_account_id) VALUES (132, 2247.31, 'Salary Deposit', '2026-04-17 19:56:31', 'CREDIT', 'acc-c10ee3fd-2c36-452b-ac24-ba74378f5545');
INSERT INTO account_operation (id, amount, description, operation_date, type, bank_account_id) VALUES (133, 4073.5, 'Salary Deposit', '2026-06-28 19:56:31', 'CREDIT', 'acc-c10ee3fd-2c36-452b-ac24-ba74378f5545');
INSERT INTO account_operation (id, amount, description, operation_date, type, bank_account_id) VALUES (134, 14167.81, 'Transfer Received', '2026-06-02 19:56:31', 'CREDIT', 'acc-c10ee3fd-2c36-452b-ac24-ba74378f5545');
INSERT INTO account_operation (id, amount, description, operation_date, type, bank_account_id) VALUES (135, 6469.08, 'Transfer Received', '2026-06-14 19:56:31', 'CREDIT', 'acc-c10ee3fd-2c36-452b-ac24-ba74378f5545');
INSERT INTO account_operation (id, amount, description, operation_date, type, bank_account_id) VALUES (136, 381.74, 'Zara', '2026-06-01 19:56:31', 'DEBIT', 'acc-c10ee3fd-2c36-452b-ac24-ba74378f5545');
INSERT INTO account_operation (id, amount, description, operation_date, type, bank_account_id) VALUES (137, 8594.76, 'Salary Deposit', '2026-06-07 19:56:31', 'CREDIT', 'acc-c10ee3fd-2c36-452b-ac24-ba74378f5545');
INSERT INTO account_operation (id, amount, description, operation_date, type, bank_account_id) VALUES (138, 1368.96, 'Redal', '2026-06-28 19:56:31', 'DEBIT', 'acc-c10ee3fd-2c36-452b-ac24-ba74378f5545');
INSERT INTO account_operation (id, amount, description, operation_date, type, bank_account_id) VALUES (139, 6907.42, 'Salary Deposit', '2026-05-08 19:56:31', 'CREDIT', 'acc-c10ee3fd-2c36-452b-ac24-ba74378f5545');
INSERT INTO account_operation (id, amount, description, operation_date, type, bank_account_id) VALUES (140, 1227.02, 'Amendis', '2026-04-15 19:56:31', 'DEBIT', 'acc-c10ee3fd-2c36-452b-ac24-ba74378f5545');
INSERT INTO account_operation (id, amount, description, operation_date, type, bank_account_id) VALUES (141, 1782.23, 'Pharmacy', '2026-05-11 19:56:31', 'DEBIT', 'acc-c10ee3fd-2c36-452b-ac24-ba74378f5545');
INSERT INTO account_operation (id, amount, description, operation_date, type, bank_account_id) VALUES (142, 40.17, 'Maroc Telecom', '2026-04-25 19:56:31', 'DEBIT', 'acc-c10ee3fd-2c36-452b-ac24-ba74378f5545');
INSERT INTO account_operation (id, amount, description, operation_date, type, bank_account_id) VALUES (143, 12171.63, 'Cash Deposit', '2026-04-11 19:56:31', 'CREDIT', 'acc-c10ee3fd-2c36-452b-ac24-ba74378f5545');
INSERT INTO account_operation (id, amount, description, operation_date, type, bank_account_id) VALUES (144, 10843.33, 'Transfer Received', '2026-04-06 19:56:31', 'CREDIT', 'acc-c10ee3fd-2c36-452b-ac24-ba74378f5545');
INSERT INTO account_operation (id, amount, description, operation_date, type, bank_account_id) VALUES (145, 1739.5, 'CTM Bus', '2026-04-15 19:56:31', 'DEBIT', 'acc-c10ee3fd-2c36-452b-ac24-ba74378f5545');
INSERT INTO account_operation (id, amount, description, operation_date, type, bank_account_id) VALUES (146, 14373.47, 'Cash Deposit', '2026-06-17 19:56:31', 'CREDIT', 'acc-c10ee3fd-2c36-452b-ac24-ba74378f5545');
INSERT INTO account_operation (id, amount, description, operation_date, type, bank_account_id) VALUES (147, 564.06, 'Netflix Subscription', '2026-06-27 19:56:31', 'DEBIT', 'acc-c10ee3fd-2c36-452b-ac24-ba74378f5545');
INSERT INTO account_operation (id, amount, description, operation_date, type, bank_account_id) VALUES (148, 1783.77, 'Netflix Subscription', '2026-04-23 19:56:31', 'DEBIT', 'acc-c10ee3fd-2c36-452b-ac24-ba74378f5545');
INSERT INTO account_operation (id, amount, description, operation_date, type, bank_account_id) VALUES (149, 5957.15, 'Salary Deposit', '2026-06-16 19:56:31', 'CREDIT', 'acc-c10ee3fd-2c36-452b-ac24-ba74378f5545');
INSERT INTO account_operation (id, amount, description, operation_date, type, bank_account_id) VALUES (150, 992.07, 'Zara', '2026-06-17 19:56:31', 'DEBIT', 'acc-c10ee3fd-2c36-452b-ac24-ba74378f5545');
INSERT INTO account_operation (id, amount, description, operation_date, type, bank_account_id) VALUES (151, 11995.01, 'Dividend Payout', '2026-06-16 19:56:31', 'CREDIT', 'acc-c10ee3fd-2c36-452b-ac24-ba74378f5545');
INSERT INTO account_operation (id, amount, description, operation_date, type, bank_account_id) VALUES (152, 11001.83, 'Transfer Received', '2026-05-11 19:56:31', 'CREDIT', 'acc-c10ee3fd-2c36-452b-ac24-ba74378f5545');
INSERT INTO account_operation (id, amount, description, operation_date, type, bank_account_id) VALUES (153, 5408.83, 'Transfer Received', '2026-06-21 19:56:31', 'CREDIT', 'acc-c10ee3fd-2c36-452b-ac24-ba74378f5545');
INSERT INTO account_operation (id, amount, description, operation_date, type, bank_account_id) VALUES (154, 3478.58, 'Transfer Received', '2026-06-26 19:56:31', 'CREDIT', 'acc-c10ee3fd-2c36-452b-ac24-ba74378f5545');
INSERT INTO account_operation (id, amount, description, operation_date, type, bank_account_id) VALUES (155, 1498.1, 'Decathlon', '2026-04-15 19:56:31', 'DEBIT', 'acc-c10ee3fd-2c36-452b-ac24-ba74378f5545');
INSERT INTO account_operation (id, amount, description, operation_date, type, bank_account_id) VALUES (156, 1891.22, 'Zara', '2026-04-10 19:56:31', 'DEBIT', 'acc-c10ee3fd-2c36-452b-ac24-ba74378f5545');
INSERT INTO account_operation (id, amount, description, operation_date, type, bank_account_id) VALUES (157, 7220.64, 'Transfer Received', '2026-04-18 19:56:31', 'CREDIT', 'acc-c10ee3fd-2c36-452b-ac24-ba74378f5545');

INSERT INTO customer (id, name, email) VALUES (4, 'Youssef Lahlou', 'youssef.lahlou@gmail.com');
INSERT INTO bank_account (id, type, balance, created_at, customer_id, over_draft, interest_rate) VALUES ('acc-eb194315-6152-40ca-bd06-9d0d0023af97', 'CURR', 52718.42, '2025-07-14 19:56:31', 4, 7795.11, NULL);
INSERT INTO account_operation (id, amount, description, operation_date, type, bank_account_id) VALUES (158, 45172.66, 'Initial Account Funding', '2025-07-14 19:56:31', 'CREDIT', 'acc-eb194315-6152-40ca-bd06-9d0d0023af97');
INSERT INTO account_operation (id, amount, description, operation_date, type, bank_account_id) VALUES (159, 1866.73, 'Netflix Subscription', '2025-08-28 19:56:31', 'DEBIT', 'acc-eb194315-6152-40ca-bd06-9d0d0023af97');
INSERT INTO account_operation (id, amount, description, operation_date, type, bank_account_id) VALUES (160, 261.65, 'Restaurant', '2026-03-21 19:56:31', 'DEBIT', 'acc-eb194315-6152-40ca-bd06-9d0d0023af97');
INSERT INTO account_operation (id, amount, description, operation_date, type, bank_account_id) VALUES (161, 877.97, 'Spotify', '2025-10-26 19:56:31', 'DEBIT', 'acc-eb194315-6152-40ca-bd06-9d0d0023af97');
INSERT INTO account_operation (id, amount, description, operation_date, type, bank_account_id) VALUES (162, 938.36, 'Spotify', '2025-08-19 19:56:31', 'DEBIT', 'acc-eb194315-6152-40ca-bd06-9d0d0023af97');
INSERT INTO account_operation (id, amount, description, operation_date, type, bank_account_id) VALUES (163, 1052.54, 'BIM Store', '2025-08-05 19:56:31', 'DEBIT', 'acc-eb194315-6152-40ca-bd06-9d0d0023af97');
INSERT INTO account_operation (id, amount, description, operation_date, type, bank_account_id) VALUES (164, 7225.47, 'Salary Deposit', '2026-06-16 19:56:31', 'CREDIT', 'acc-eb194315-6152-40ca-bd06-9d0d0023af97');
INSERT INTO account_operation (id, amount, description, operation_date, type, bank_account_id) VALUES (165, 1494.55, 'Zara', '2026-04-04 19:56:31', 'DEBIT', 'acc-eb194315-6152-40ca-bd06-9d0d0023af97');
INSERT INTO account_operation (id, amount, description, operation_date, type, bank_account_id) VALUES (166, 523.16, 'Inwi', '2025-11-08 19:56:31', 'DEBIT', 'acc-eb194315-6152-40ca-bd06-9d0d0023af97');
INSERT INTO account_operation (id, amount, description, operation_date, type, bank_account_id) VALUES (167, 1547.83, 'Amendis', '2025-09-04 19:56:31', 'DEBIT', 'acc-eb194315-6152-40ca-bd06-9d0d0023af97');
INSERT INTO account_operation (id, amount, description, operation_date, type, bank_account_id) VALUES (168, 887.22, 'Amendis', '2026-06-25 19:56:31', 'DEBIT', 'acc-eb194315-6152-40ca-bd06-9d0d0023af97');
INSERT INTO account_operation (id, amount, description, operation_date, type, bank_account_id) VALUES (169, 217.49, 'Maroc Telecom', '2025-10-06 19:56:31', 'DEBIT', 'acc-eb194315-6152-40ca-bd06-9d0d0023af97');
INSERT INTO account_operation (id, amount, description, operation_date, type, bank_account_id) VALUES (170, 883.71, 'Netflix Subscription', '2025-11-09 19:56:31', 'DEBIT', 'acc-eb194315-6152-40ca-bd06-9d0d0023af97');
INSERT INTO account_operation (id, amount, description, operation_date, type, bank_account_id) VALUES (171, 3485.33, 'Freelance Payment', '2026-02-14 19:56:31', 'CREDIT', 'acc-eb194315-6152-40ca-bd06-9d0d0023af97');
INSERT INTO account_operation (id, amount, description, operation_date, type, bank_account_id) VALUES (172, 477.65, 'Maroc Telecom', '2026-04-18 19:56:31', 'DEBIT', 'acc-eb194315-6152-40ca-bd06-9d0d0023af97');
INSERT INTO account_operation (id, amount, description, operation_date, type, bank_account_id) VALUES (173, 1371.81, 'Carrefour', '2026-06-09 19:56:31', 'DEBIT', 'acc-eb194315-6152-40ca-bd06-9d0d0023af97');
INSERT INTO account_operation (id, amount, description, operation_date, type, bank_account_id) VALUES (174, 734.54, 'LC Waikiki', '2025-10-20 19:56:31', 'DEBIT', 'acc-eb194315-6152-40ca-bd06-9d0d0023af97');
INSERT INTO account_operation (id, amount, description, operation_date, type, bank_account_id) VALUES (175, 7041.18, 'Transfer Received', '2025-10-26 19:56:31', 'CREDIT', 'acc-eb194315-6152-40ca-bd06-9d0d0023af97');
INSERT INTO account_operation (id, amount, description, operation_date, type, bank_account_id) VALUES (176, 2227.05, 'Salary Deposit', '2025-11-06 19:56:31', 'CREDIT', 'acc-eb194315-6152-40ca-bd06-9d0d0023af97');
INSERT INTO account_operation (id, amount, description, operation_date, type, bank_account_id) VALUES (177, 1854.03, 'CTM Bus', '2026-05-26 19:56:31', 'DEBIT', 'acc-eb194315-6152-40ca-bd06-9d0d0023af97');
INSERT INTO account_operation (id, amount, description, operation_date, type, bank_account_id) VALUES (178, 604.3, 'Restaurant', '2026-02-17 19:56:31', 'DEBIT', 'acc-eb194315-6152-40ca-bd06-9d0d0023af97');
INSERT INTO account_operation (id, amount, description, operation_date, type, bank_account_id) VALUES (179, 813.68, 'ONEE Electricity', '2025-07-27 19:56:31', 'DEBIT', 'acc-eb194315-6152-40ca-bd06-9d0d0023af97');
INSERT INTO account_operation (id, amount, description, operation_date, type, bank_account_id) VALUES (180, 3973.95, 'Cash Deposit', '2025-12-16 19:56:31', 'CREDIT', 'acc-eb194315-6152-40ca-bd06-9d0d0023af97');
INSERT INTO bank_account (id, type, balance, created_at, customer_id, over_draft, interest_rate) VALUES ('acc-7e56cf32-a53b-49e7-a52f-127e4293fa44', 'CURR', 109575.47, '2025-12-14 19:56:31', 4, 8646.93, NULL);
INSERT INTO account_operation (id, amount, description, operation_date, type, bank_account_id) VALUES (181, 27968.43, 'Initial Account Funding', '2025-12-14 19:56:31', 'CREDIT', 'acc-7e56cf32-a53b-49e7-a52f-127e4293fa44');
INSERT INTO account_operation (id, amount, description, operation_date, type, bank_account_id) VALUES (182, 1131.45, 'Decathlon', '2026-05-27 19:56:31', 'DEBIT', 'acc-7e56cf32-a53b-49e7-a52f-127e4293fa44');
INSERT INTO account_operation (id, amount, description, operation_date, type, bank_account_id) VALUES (183, 693.61, 'Redal', '2026-01-22 19:56:31', 'DEBIT', 'acc-7e56cf32-a53b-49e7-a52f-127e4293fa44');
INSERT INTO account_operation (id, amount, description, operation_date, type, bank_account_id) VALUES (184, 86.24, 'Decathlon', '2026-02-24 19:56:31', 'DEBIT', 'acc-7e56cf32-a53b-49e7-a52f-127e4293fa44');
INSERT INTO account_operation (id, amount, description, operation_date, type, bank_account_id) VALUES (185, 1252.76, 'Dividend Payout', '2026-04-16 19:56:31', 'CREDIT', 'acc-7e56cf32-a53b-49e7-a52f-127e4293fa44');
INSERT INTO account_operation (id, amount, description, operation_date, type, bank_account_id) VALUES (186, 950.45, 'Decathlon', '2026-01-30 19:56:31', 'DEBIT', 'acc-7e56cf32-a53b-49e7-a52f-127e4293fa44');
INSERT INTO account_operation (id, amount, description, operation_date, type, bank_account_id) VALUES (187, 1064.33, 'Redal', '2026-05-24 19:56:31', 'DEBIT', 'acc-7e56cf32-a53b-49e7-a52f-127e4293fa44');
INSERT INTO account_operation (id, amount, description, operation_date, type, bank_account_id) VALUES (188, 1597.74, 'BIM Store', '2026-03-07 19:56:31', 'DEBIT', 'acc-7e56cf32-a53b-49e7-a52f-127e4293fa44');
INSERT INTO account_operation (id, amount, description, operation_date, type, bank_account_id) VALUES (189, 752.13, 'Inwi', '2026-05-18 19:56:31', 'DEBIT', 'acc-7e56cf32-a53b-49e7-a52f-127e4293fa44');
INSERT INTO account_operation (id, amount, description, operation_date, type, bank_account_id) VALUES (190, 910.67, 'Zara', '2026-05-02 19:56:31', 'DEBIT', 'acc-7e56cf32-a53b-49e7-a52f-127e4293fa44');
INSERT INTO account_operation (id, amount, description, operation_date, type, bank_account_id) VALUES (191, 340.47, 'Zara', '2025-12-17 19:56:31', 'DEBIT', 'acc-7e56cf32-a53b-49e7-a52f-127e4293fa44');
INSERT INTO account_operation (id, amount, description, operation_date, type, bank_account_id) VALUES (192, 3166.42, 'Transfer Received', '2026-01-13 19:56:31', 'CREDIT', 'acc-7e56cf32-a53b-49e7-a52f-127e4293fa44');
INSERT INTO account_operation (id, amount, description, operation_date, type, bank_account_id) VALUES (193, 1612.99, 'ONCF Train', '2026-05-14 19:56:31', 'DEBIT', 'acc-7e56cf32-a53b-49e7-a52f-127e4293fa44');
INSERT INTO account_operation (id, amount, description, operation_date, type, bank_account_id) VALUES (194, 13526.37, 'Dividend Payout', '2026-04-26 19:56:31', 'CREDIT', 'acc-7e56cf32-a53b-49e7-a52f-127e4293fa44');
INSERT INTO account_operation (id, amount, description, operation_date, type, bank_account_id) VALUES (195, 12849.34, 'Cash Deposit', '2026-06-19 19:56:31', 'CREDIT', 'acc-7e56cf32-a53b-49e7-a52f-127e4293fa44');
INSERT INTO account_operation (id, amount, description, operation_date, type, bank_account_id) VALUES (196, 10982.98, 'Dividend Payout', '2025-12-29 19:56:31', 'CREDIT', 'acc-7e56cf32-a53b-49e7-a52f-127e4293fa44');
INSERT INTO account_operation (id, amount, description, operation_date, type, bank_account_id) VALUES (197, 5024.91, 'Freelance Payment', '2026-04-20 19:56:31', 'CREDIT', 'acc-7e56cf32-a53b-49e7-a52f-127e4293fa44');
INSERT INTO account_operation (id, amount, description, operation_date, type, bank_account_id) VALUES (198, 6395.93, 'Freelance Payment', '2026-02-01 19:56:31', 'CREDIT', 'acc-7e56cf32-a53b-49e7-a52f-127e4293fa44');
INSERT INTO account_operation (id, amount, description, operation_date, type, bank_account_id) VALUES (199, 1015.04, 'Netflix Subscription', '2026-05-03 19:56:31', 'DEBIT', 'acc-7e56cf32-a53b-49e7-a52f-127e4293fa44');
INSERT INTO account_operation (id, amount, description, operation_date, type, bank_account_id) VALUES (200, 865.28, 'Local Cafe', '2026-06-22 19:56:31', 'DEBIT', 'acc-7e56cf32-a53b-49e7-a52f-127e4293fa44');
INSERT INTO account_operation (id, amount, description, operation_date, type, bank_account_id) VALUES (201, 826.28, 'Redal', '2026-03-14 19:56:31', 'DEBIT', 'acc-7e56cf32-a53b-49e7-a52f-127e4293fa44');
INSERT INTO account_operation (id, amount, description, operation_date, type, bank_account_id) VALUES (202, 1648.89, 'Local Cafe', '2026-01-17 19:56:31', 'DEBIT', 'acc-7e56cf32-a53b-49e7-a52f-127e4293fa44');
INSERT INTO account_operation (id, amount, description, operation_date, type, bank_account_id) VALUES (203, 3320.14, 'Dividend Payout', '2026-06-03 19:56:31', 'CREDIT', 'acc-7e56cf32-a53b-49e7-a52f-127e4293fa44');
INSERT INTO account_operation (id, amount, description, operation_date, type, bank_account_id) VALUES (204, 28.47, 'Restaurant', '2026-05-15 19:56:31', 'DEBIT', 'acc-7e56cf32-a53b-49e7-a52f-127e4293fa44');
INSERT INTO account_operation (id, amount, description, operation_date, type, bank_account_id) VALUES (205, 8398.94, 'Freelance Payment', '2026-04-08 19:56:31', 'CREDIT', 'acc-7e56cf32-a53b-49e7-a52f-127e4293fa44');
INSERT INTO account_operation (id, amount, description, operation_date, type, bank_account_id) VALUES (206, 4239.04, 'Cash Deposit', '2026-03-21 19:56:31', 'CREDIT', 'acc-7e56cf32-a53b-49e7-a52f-127e4293fa44');
INSERT INTO account_operation (id, amount, description, operation_date, type, bank_account_id) VALUES (207, 1640.56, 'Marjane Supermarket', '2026-06-20 19:56:31', 'DEBIT', 'acc-7e56cf32-a53b-49e7-a52f-127e4293fa44');
INSERT INTO account_operation (id, amount, description, operation_date, type, bank_account_id) VALUES (208, 1253.45, 'Freelance Payment', '2026-01-09 19:56:31', 'CREDIT', 'acc-7e56cf32-a53b-49e7-a52f-127e4293fa44');
INSERT INTO account_operation (id, amount, description, operation_date, type, bank_account_id) VALUES (209, 766.55, 'Amendis', '2026-01-09 19:56:31', 'DEBIT', 'acc-7e56cf32-a53b-49e7-a52f-127e4293fa44');
INSERT INTO account_operation (id, amount, description, operation_date, type, bank_account_id) VALUES (210, 615.06, 'Restaurant', '2026-02-04 19:56:31', 'DEBIT', 'acc-7e56cf32-a53b-49e7-a52f-127e4293fa44');
INSERT INTO account_operation (id, amount, description, operation_date, type, bank_account_id) VALUES (211, 1563.12, 'Spotify', '2026-04-13 19:56:31', 'DEBIT', 'acc-7e56cf32-a53b-49e7-a52f-127e4293fa44');
INSERT INTO account_operation (id, amount, description, operation_date, type, bank_account_id) VALUES (212, 719.74, 'LC Waikiki', '2026-03-13 19:56:31', 'DEBIT', 'acc-7e56cf32-a53b-49e7-a52f-127e4293fa44');
INSERT INTO account_operation (id, amount, description, operation_date, type, bank_account_id) VALUES (213, 12660.78, 'Cash Deposit', '2026-05-17 19:56:31', 'CREDIT', 'acc-7e56cf32-a53b-49e7-a52f-127e4293fa44');
INSERT INTO account_operation (id, amount, description, operation_date, type, bank_account_id) VALUES (214, 14165.43, 'Transfer Received', '2026-03-19 19:56:31', 'CREDIT', 'acc-7e56cf32-a53b-49e7-a52f-127e4293fa44');
INSERT INTO account_operation (id, amount, description, operation_date, type, bank_account_id) VALUES (215, 268.17, 'BIM Store', '2026-01-27 19:56:31', 'DEBIT', 'acc-7e56cf32-a53b-49e7-a52f-127e4293fa44');
INSERT INTO account_operation (id, amount, description, operation_date, type, bank_account_id) VALUES (216, 860.55, 'Orange', '2026-04-12 19:56:31', 'DEBIT', 'acc-7e56cf32-a53b-49e7-a52f-127e4293fa44');
INSERT INTO account_operation (id, amount, description, operation_date, type, bank_account_id) VALUES (217, 730.74, 'Spotify', '2026-06-08 19:56:31', 'DEBIT', 'acc-7e56cf32-a53b-49e7-a52f-127e4293fa44');
INSERT INTO account_operation (id, amount, description, operation_date, type, bank_account_id) VALUES (218, 1452.16, 'LC Waikiki', '2026-02-13 19:56:31', 'DEBIT', 'acc-7e56cf32-a53b-49e7-a52f-127e4293fa44');
INSERT INTO account_operation (id, amount, description, operation_date, type, bank_account_id) VALUES (219, 1487.18, 'Restaurant', '2026-06-20 19:56:31', 'DEBIT', 'acc-7e56cf32-a53b-49e7-a52f-127e4293fa44');
INSERT INTO account_operation (id, amount, description, operation_date, type, bank_account_id) VALUES (220, 1874.58, 'Freelance Payment', '2026-04-13 19:56:31', 'CREDIT', 'acc-7e56cf32-a53b-49e7-a52f-127e4293fa44');
INSERT INTO account_operation (id, amount, description, operation_date, type, bank_account_id) VALUES (221, 125.0, 'Maroc Telecom', '2026-02-10 19:56:31', 'DEBIT', 'acc-7e56cf32-a53b-49e7-a52f-127e4293fa44');
INSERT INTO account_operation (id, amount, description, operation_date, type, bank_account_id) VALUES (222, 1241.6, 'ONCF Train', '2026-02-06 19:56:31', 'DEBIT', 'acc-7e56cf32-a53b-49e7-a52f-127e4293fa44');
INSERT INTO account_operation (id, amount, description, operation_date, type, bank_account_id) VALUES (223, 1703.3, 'ONCF Train', '2026-03-02 19:56:31', 'DEBIT', 'acc-7e56cf32-a53b-49e7-a52f-127e4293fa44');
INSERT INTO account_operation (id, amount, description, operation_date, type, bank_account_id) VALUES (224, 9193.74, 'Freelance Payment', '2026-05-18 19:56:31', 'CREDIT', 'acc-7e56cf32-a53b-49e7-a52f-127e4293fa44');

INSERT INTO customer (id, name, email) VALUES (5, 'Khadija El Idrissi', 'khadija.el idrissi@gmail.com');
INSERT INTO bank_account (id, type, balance, created_at, customer_id, over_draft, interest_rate) VALUES ('acc-8991d70d-f812-4173-805b-2a94689bad4d', 'CURR', 62140.57, '2025-09-17 19:56:31', 5, 6150.91, NULL);
INSERT INTO account_operation (id, amount, description, operation_date, type, bank_account_id) VALUES (225, 30275.82, 'Initial Account Funding', '2025-09-17 19:56:31', 'CREDIT', 'acc-8991d70d-f812-4173-805b-2a94689bad4d');
INSERT INTO account_operation (id, amount, description, operation_date, type, bank_account_id) VALUES (226, 379.22, 'Restaurant', '2026-05-26 19:56:31', 'DEBIT', 'acc-8991d70d-f812-4173-805b-2a94689bad4d');
INSERT INTO account_operation (id, amount, description, operation_date, type, bank_account_id) VALUES (227, 1636.99, 'Inwi', '2026-04-19 19:56:31', 'DEBIT', 'acc-8991d70d-f812-4173-805b-2a94689bad4d');
INSERT INTO account_operation (id, amount, description, operation_date, type, bank_account_id) VALUES (228, 11870.95, 'Dividend Payout', '2026-05-30 19:56:31', 'CREDIT', 'acc-8991d70d-f812-4173-805b-2a94689bad4d');
INSERT INTO account_operation (id, amount, description, operation_date, type, bank_account_id) VALUES (229, 14569.6, 'Transfer Received', '2026-04-08 19:56:31', 'CREDIT', 'acc-8991d70d-f812-4173-805b-2a94689bad4d');
INSERT INTO account_operation (id, amount, description, operation_date, type, bank_account_id) VALUES (230, 5592.61, 'Cash Deposit', '2026-03-16 19:56:31', 'CREDIT', 'acc-8991d70d-f812-4173-805b-2a94689bad4d');
INSERT INTO account_operation (id, amount, description, operation_date, type, bank_account_id) VALUES (231, 1718.99, 'Pharmacy', '2026-06-03 19:56:31', 'DEBIT', 'acc-8991d70d-f812-4173-805b-2a94689bad4d');
INSERT INTO account_operation (id, amount, description, operation_date, type, bank_account_id) VALUES (232, 1773.32, 'Amendis', '2025-11-15 19:56:31', 'DEBIT', 'acc-8991d70d-f812-4173-805b-2a94689bad4d');
INSERT INTO account_operation (id, amount, description, operation_date, type, bank_account_id) VALUES (233, 191.04, 'Carrefour', '2026-03-30 19:56:31', 'DEBIT', 'acc-8991d70d-f812-4173-805b-2a94689bad4d');
INSERT INTO account_operation (id, amount, description, operation_date, type, bank_account_id) VALUES (234, 439.13, 'Zara', '2026-06-06 19:56:31', 'DEBIT', 'acc-8991d70d-f812-4173-805b-2a94689bad4d');
INSERT INTO account_operation (id, amount, description, operation_date, type, bank_account_id) VALUES (235, 1412.6, 'Pharmacy', '2026-02-03 19:56:31', 'DEBIT', 'acc-8991d70d-f812-4173-805b-2a94689bad4d');
INSERT INTO account_operation (id, amount, description, operation_date, type, bank_account_id) VALUES (236, 1524.08, 'Spotify', '2025-11-30 19:56:31', 'DEBIT', 'acc-8991d70d-f812-4173-805b-2a94689bad4d');
INSERT INTO account_operation (id, amount, description, operation_date, type, bank_account_id) VALUES (237, 1252.49, 'Local Cafe', '2026-02-28 19:56:31', 'DEBIT', 'acc-8991d70d-f812-4173-805b-2a94689bad4d');
INSERT INTO account_operation (id, amount, description, operation_date, type, bank_account_id) VALUES (238, 11440.84, 'Dividend Payout', '2025-09-22 19:56:31', 'CREDIT', 'acc-8991d70d-f812-4173-805b-2a94689bad4d');
INSERT INTO account_operation (id, amount, description, operation_date, type, bank_account_id) VALUES (239, 1065.92, 'Netflix Subscription', '2026-03-25 19:56:31', 'DEBIT', 'acc-8991d70d-f812-4173-805b-2a94689bad4d');
INSERT INTO account_operation (id, amount, description, operation_date, type, bank_account_id) VALUES (240, 215.47, 'Restaurant', '2026-01-10 19:56:31', 'DEBIT', 'acc-8991d70d-f812-4173-805b-2a94689bad4d');

INSERT INTO customer (id, name, email) VALUES (6, 'Mehdi Alaoui', 'mehdi.alaoui@gmail.com');
INSERT INTO bank_account (id, type, balance, created_at, customer_id, over_draft, interest_rate) VALUES ('acc-feed9577-37e8-43a8-a001-9cb0fb863fea', 'CURR', 70543.71, '2026-05-26 19:56:31', 6, 8630.32, NULL);
INSERT INTO account_operation (id, amount, description, operation_date, type, bank_account_id) VALUES (241, 43522.04, 'Initial Account Funding', '2026-05-26 19:56:31', 'CREDIT', 'acc-feed9577-37e8-43a8-a001-9cb0fb863fea');
INSERT INTO account_operation (id, amount, description, operation_date, type, bank_account_id) VALUES (242, 1031.54, 'Orange', '2026-06-04 19:56:31', 'DEBIT', 'acc-feed9577-37e8-43a8-a001-9cb0fb863fea');
INSERT INTO account_operation (id, amount, description, operation_date, type, bank_account_id) VALUES (243, 1067.74, 'BIM Store', '2026-06-09 19:56:31', 'DEBIT', 'acc-feed9577-37e8-43a8-a001-9cb0fb863fea');
INSERT INTO account_operation (id, amount, description, operation_date, type, bank_account_id) VALUES (244, 1619.32, 'Zara', '2026-06-10 19:56:31', 'DEBIT', 'acc-feed9577-37e8-43a8-a001-9cb0fb863fea');
INSERT INTO account_operation (id, amount, description, operation_date, type, bank_account_id) VALUES (245, 815.56, 'Maroc Telecom', '2026-06-24 19:56:31', 'DEBIT', 'acc-feed9577-37e8-43a8-a001-9cb0fb863fea');
INSERT INTO account_operation (id, amount, description, operation_date, type, bank_account_id) VALUES (246, 8650.89, 'Transfer Received', '2026-06-25 19:56:31', 'CREDIT', 'acc-feed9577-37e8-43a8-a001-9cb0fb863fea');
INSERT INTO account_operation (id, amount, description, operation_date, type, bank_account_id) VALUES (247, 11613.84, 'Freelance Payment', '2026-06-04 19:56:31', 'CREDIT', 'acc-feed9577-37e8-43a8-a001-9cb0fb863fea');
INSERT INTO account_operation (id, amount, description, operation_date, type, bank_account_id) VALUES (248, 145.65, 'Marjane Supermarket', '2026-06-13 19:56:31', 'DEBIT', 'acc-feed9577-37e8-43a8-a001-9cb0fb863fea');
INSERT INTO account_operation (id, amount, description, operation_date, type, bank_account_id) VALUES (249, 91.7, 'Local Cafe', '2026-06-13 19:56:31', 'DEBIT', 'acc-feed9577-37e8-43a8-a001-9cb0fb863fea');
INSERT INTO account_operation (id, amount, description, operation_date, type, bank_account_id) VALUES (250, 11.92, 'Orange', '2026-05-31 19:56:31', 'DEBIT', 'acc-feed9577-37e8-43a8-a001-9cb0fb863fea');
INSERT INTO account_operation (id, amount, description, operation_date, type, bank_account_id) VALUES (251, 3531.12, 'Freelance Payment', '2026-06-21 19:56:31', 'CREDIT', 'acc-feed9577-37e8-43a8-a001-9cb0fb863fea');
INSERT INTO account_operation (id, amount, description, operation_date, type, bank_account_id) VALUES (252, 1313.76, 'Netflix Subscription', '2026-06-14 19:56:31', 'DEBIT', 'acc-feed9577-37e8-43a8-a001-9cb0fb863fea');
INSERT INTO account_operation (id, amount, description, operation_date, type, bank_account_id) VALUES (253, 1301.24, 'Marjane Supermarket', '2026-06-15 19:56:31', 'DEBIT', 'acc-feed9577-37e8-43a8-a001-9cb0fb863fea');
INSERT INTO account_operation (id, amount, description, operation_date, type, bank_account_id) VALUES (254, 19.53, 'Amendis', '2026-06-01 19:56:31', 'DEBIT', 'acc-feed9577-37e8-43a8-a001-9cb0fb863fea');
INSERT INTO account_operation (id, amount, description, operation_date, type, bank_account_id) VALUES (255, 2665.64, 'Cash Deposit', '2026-05-27 19:56:31', 'CREDIT', 'acc-feed9577-37e8-43a8-a001-9cb0fb863fea');
INSERT INTO account_operation (id, amount, description, operation_date, type, bank_account_id) VALUES (256, 446.1, 'Redal', '2026-06-17 19:56:31', 'DEBIT', 'acc-feed9577-37e8-43a8-a001-9cb0fb863fea');
INSERT INTO account_operation (id, amount, description, operation_date, type, bank_account_id) VALUES (257, 736.04, 'Netflix Subscription', '2026-05-26 19:56:31', 'DEBIT', 'acc-feed9577-37e8-43a8-a001-9cb0fb863fea');
INSERT INTO account_operation (id, amount, description, operation_date, type, bank_account_id) VALUES (258, 824.65, 'Redal', '2026-06-27 19:56:31', 'DEBIT', 'acc-feed9577-37e8-43a8-a001-9cb0fb863fea');
INSERT INTO account_operation (id, amount, description, operation_date, type, bank_account_id) VALUES (259, 780.59, 'ONCF Train', '2026-06-16 19:56:31', 'DEBIT', 'acc-feed9577-37e8-43a8-a001-9cb0fb863fea');
INSERT INTO account_operation (id, amount, description, operation_date, type, bank_account_id) VALUES (260, 10765.52, 'Salary Deposit', '2026-05-31 19:56:31', 'CREDIT', 'acc-feed9577-37e8-43a8-a001-9cb0fb863fea');
INSERT INTO bank_account (id, type, balance, created_at, customer_id, over_draft, interest_rate) VALUES ('acc-cf7ec1c6-1cb9-49b4-9eef-fe02ea94835c', 'SAVE', 31603.97, '2025-12-23 19:56:31', 6, NULL, 2.9);
INSERT INTO account_operation (id, amount, description, operation_date, type, bank_account_id) VALUES (261, 12858.84, 'Initial Account Funding', '2025-12-23 19:56:31', 'CREDIT', 'acc-cf7ec1c6-1cb9-49b4-9eef-fe02ea94835c');
INSERT INTO account_operation (id, amount, description, operation_date, type, bank_account_id) VALUES (262, 1110.97, 'Marjane Supermarket', '2026-03-31 19:56:31', 'DEBIT', 'acc-cf7ec1c6-1cb9-49b4-9eef-fe02ea94835c');
INSERT INTO account_operation (id, amount, description, operation_date, type, bank_account_id) VALUES (263, 203.29, 'LC Waikiki', '2026-02-20 19:56:31', 'DEBIT', 'acc-cf7ec1c6-1cb9-49b4-9eef-fe02ea94835c');
INSERT INTO account_operation (id, amount, description, operation_date, type, bank_account_id) VALUES (264, 640.31, 'CTM Bus', '2026-01-19 19:56:31', 'DEBIT', 'acc-cf7ec1c6-1cb9-49b4-9eef-fe02ea94835c');
INSERT INTO account_operation (id, amount, description, operation_date, type, bank_account_id) VALUES (265, 1726.18, 'Marjane Supermarket', '2026-04-25 19:56:31', 'DEBIT', 'acc-cf7ec1c6-1cb9-49b4-9eef-fe02ea94835c');
INSERT INTO account_operation (id, amount, description, operation_date, type, bank_account_id) VALUES (266, 1157.51, 'Local Cafe', '2026-04-16 19:56:31', 'DEBIT', 'acc-cf7ec1c6-1cb9-49b4-9eef-fe02ea94835c');
INSERT INTO account_operation (id, amount, description, operation_date, type, bank_account_id) VALUES (267, 1316.55, 'Redal', '2026-02-01 19:56:31', 'DEBIT', 'acc-cf7ec1c6-1cb9-49b4-9eef-fe02ea94835c');
INSERT INTO account_operation (id, amount, description, operation_date, type, bank_account_id) VALUES (268, 1421.85, 'Zara', '2026-03-16 19:56:31', 'DEBIT', 'acc-cf7ec1c6-1cb9-49b4-9eef-fe02ea94835c');
INSERT INTO account_operation (id, amount, description, operation_date, type, bank_account_id) VALUES (269, 1932.72, 'Inwi', '2026-03-24 19:56:31', 'DEBIT', 'acc-cf7ec1c6-1cb9-49b4-9eef-fe02ea94835c');
INSERT INTO account_operation (id, amount, description, operation_date, type, bank_account_id) VALUES (270, 644.78, 'Restaurant', '2026-01-26 19:56:31', 'DEBIT', 'acc-cf7ec1c6-1cb9-49b4-9eef-fe02ea94835c');
INSERT INTO account_operation (id, amount, description, operation_date, type, bank_account_id) VALUES (271, 1712.8, 'Netflix Subscription', '2026-04-03 19:56:31', 'DEBIT', 'acc-cf7ec1c6-1cb9-49b4-9eef-fe02ea94835c');
INSERT INTO account_operation (id, amount, description, operation_date, type, bank_account_id) VALUES (272, 1024.87, 'BIM Store', '2026-03-11 19:56:31', 'DEBIT', 'acc-cf7ec1c6-1cb9-49b4-9eef-fe02ea94835c');
INSERT INTO account_operation (id, amount, description, operation_date, type, bank_account_id) VALUES (273, 687.72, 'Zara', '2026-06-16 19:56:31', 'DEBIT', 'acc-cf7ec1c6-1cb9-49b4-9eef-fe02ea94835c');
INSERT INTO account_operation (id, amount, description, operation_date, type, bank_account_id) VALUES (274, 321.61, 'Netflix Subscription', '2026-01-19 19:56:31', 'DEBIT', 'acc-cf7ec1c6-1cb9-49b4-9eef-fe02ea94835c');
INSERT INTO account_operation (id, amount, description, operation_date, type, bank_account_id) VALUES (275, 1393.69, 'Netflix Subscription', '2026-01-22 19:56:31', 'DEBIT', 'acc-cf7ec1c6-1cb9-49b4-9eef-fe02ea94835c');
INSERT INTO account_operation (id, amount, description, operation_date, type, bank_account_id) VALUES (276, 1578.78, 'Zara', '2026-02-23 19:56:31', 'DEBIT', 'acc-cf7ec1c6-1cb9-49b4-9eef-fe02ea94835c');
INSERT INTO account_operation (id, amount, description, operation_date, type, bank_account_id) VALUES (277, 1395.55, 'ONCF Train', '2025-12-30 19:56:31', 'DEBIT', 'acc-cf7ec1c6-1cb9-49b4-9eef-fe02ea94835c');
INSERT INTO account_operation (id, amount, description, operation_date, type, bank_account_id) VALUES (278, 54.71, 'BIM Store', '2026-05-21 19:56:31', 'DEBIT', 'acc-cf7ec1c6-1cb9-49b4-9eef-fe02ea94835c');
INSERT INTO account_operation (id, amount, description, operation_date, type, bank_account_id) VALUES (279, 5468.92, 'Salary Deposit', '2026-02-21 19:56:31', 'CREDIT', 'acc-cf7ec1c6-1cb9-49b4-9eef-fe02ea94835c');
INSERT INTO account_operation (id, amount, description, operation_date, type, bank_account_id) VALUES (280, 216.73, 'Carrefour', '2026-03-19 19:56:31', 'DEBIT', 'acc-cf7ec1c6-1cb9-49b4-9eef-fe02ea94835c');
INSERT INTO account_operation (id, amount, description, operation_date, type, bank_account_id) VALUES (281, 1805.87, 'Freelance Payment', '2026-02-12 19:56:31', 'CREDIT', 'acc-cf7ec1c6-1cb9-49b4-9eef-fe02ea94835c');
INSERT INTO account_operation (id, amount, description, operation_date, type, bank_account_id) VALUES (282, 1970.41, 'Carrefour', '2026-06-28 19:56:31', 'DEBIT', 'acc-cf7ec1c6-1cb9-49b4-9eef-fe02ea94835c');
INSERT INTO account_operation (id, amount, description, operation_date, type, bank_account_id) VALUES (283, 637.03, 'Pharmacy', '2025-12-31 19:56:31', 'DEBIT', 'acc-cf7ec1c6-1cb9-49b4-9eef-fe02ea94835c');
INSERT INTO account_operation (id, amount, description, operation_date, type, bank_account_id) VALUES (284, 10081.8, 'Salary Deposit', '2026-03-30 19:56:31', 'CREDIT', 'acc-cf7ec1c6-1cb9-49b4-9eef-fe02ea94835c');
INSERT INTO account_operation (id, amount, description, operation_date, type, bank_account_id) VALUES (285, 11736.54, 'Cash Deposit', '2026-02-26 19:56:31', 'CREDIT', 'acc-cf7ec1c6-1cb9-49b4-9eef-fe02ea94835c');
INSERT INTO account_operation (id, amount, description, operation_date, type, bank_account_id) VALUES (286, 1442.52, 'Pharmacy', '2026-02-17 19:56:31', 'DEBIT', 'acc-cf7ec1c6-1cb9-49b4-9eef-fe02ea94835c');
INSERT INTO account_operation (id, amount, description, operation_date, type, bank_account_id) VALUES (287, 6962.04, 'Salary Deposit', '2026-04-18 19:56:31', 'CREDIT', 'acc-cf7ec1c6-1cb9-49b4-9eef-fe02ea94835c');
INSERT INTO account_operation (id, amount, description, operation_date, type, bank_account_id) VALUES (288, 700.27, 'Decathlon', '2026-04-27 19:56:31', 'DEBIT', 'acc-cf7ec1c6-1cb9-49b4-9eef-fe02ea94835c');
INSERT INTO account_operation (id, amount, description, operation_date, type, bank_account_id) VALUES (289, 1097.69, 'Decathlon', '2026-01-24 19:56:31', 'DEBIT', 'acc-cf7ec1c6-1cb9-49b4-9eef-fe02ea94835c');
INSERT INTO account_operation (id, amount, description, operation_date, type, bank_account_id) VALUES (290, 1762.89, 'Amendis', '2026-04-10 19:56:31', 'DEBIT', 'acc-cf7ec1c6-1cb9-49b4-9eef-fe02ea94835c');
INSERT INTO account_operation (id, amount, description, operation_date, type, bank_account_id) VALUES (291, 1592.01, 'Inwi', '2026-06-16 19:56:31', 'DEBIT', 'acc-cf7ec1c6-1cb9-49b4-9eef-fe02ea94835c');
INSERT INTO account_operation (id, amount, description, operation_date, type, bank_account_id) VALUES (292, 14142.44, 'Salary Deposit', '2026-01-01 19:56:31', 'CREDIT', 'acc-cf7ec1c6-1cb9-49b4-9eef-fe02ea94835c');
INSERT INTO account_operation (id, amount, description, operation_date, type, bank_account_id) VALUES (293, 138.25, 'Restaurant', '2026-05-17 19:56:31', 'DEBIT', 'acc-cf7ec1c6-1cb9-49b4-9eef-fe02ea94835c');
INSERT INTO account_operation (id, amount, description, operation_date, type, bank_account_id) VALUES (294, 1748.2, 'Maroc Telecom', '2026-01-18 19:56:31', 'DEBIT', 'acc-cf7ec1c6-1cb9-49b4-9eef-fe02ea94835c');
INSERT INTO account_operation (id, amount, description, operation_date, type, bank_account_id) VALUES (295, 1822.59, 'Orange', '2026-06-28 19:56:31', 'DEBIT', 'acc-cf7ec1c6-1cb9-49b4-9eef-fe02ea94835c');

INSERT INTO customer (id, name, email) VALUES (7, 'Meryem Benali', 'meryem.benali@gmail.com');
INSERT INTO bank_account (id, type, balance, created_at, customer_id, over_draft, interest_rate) VALUES ('acc-bf0484f5-cab3-4691-a19e-148c0c9be09c', 'CURR', 89426.01, '2025-12-13 19:56:31', 7, 6039.27, NULL);
INSERT INTO account_operation (id, amount, description, operation_date, type, bank_account_id) VALUES (296, 30987.29, 'Initial Account Funding', '2025-12-13 19:56:31', 'CREDIT', 'acc-bf0484f5-cab3-4691-a19e-148c0c9be09c');
INSERT INTO account_operation (id, amount, description, operation_date, type, bank_account_id) VALUES (297, 1459.08, 'ONEE Electricity', '2026-06-08 19:56:31', 'DEBIT', 'acc-bf0484f5-cab3-4691-a19e-148c0c9be09c');
INSERT INTO account_operation (id, amount, description, operation_date, type, bank_account_id) VALUES (298, 576.52, 'ONCF Train', '2026-02-17 19:56:31', 'DEBIT', 'acc-bf0484f5-cab3-4691-a19e-148c0c9be09c');
INSERT INTO account_operation (id, amount, description, operation_date, type, bank_account_id) VALUES (299, 11556.92, 'Salary Deposit', '2026-01-19 19:56:31', 'CREDIT', 'acc-bf0484f5-cab3-4691-a19e-148c0c9be09c');
INSERT INTO account_operation (id, amount, description, operation_date, type, bank_account_id) VALUES (300, 8515.41, 'Dividend Payout', '2026-05-18 19:56:31', 'CREDIT', 'acc-bf0484f5-cab3-4691-a19e-148c0c9be09c');
INSERT INTO account_operation (id, amount, description, operation_date, type, bank_account_id) VALUES (301, 1239.16, 'Local Cafe', '2026-03-14 19:56:31', 'DEBIT', 'acc-bf0484f5-cab3-4691-a19e-148c0c9be09c');
INSERT INTO account_operation (id, amount, description, operation_date, type, bank_account_id) VALUES (302, 299.99, 'Pharmacy', '2026-01-26 19:56:31', 'DEBIT', 'acc-bf0484f5-cab3-4691-a19e-148c0c9be09c');
INSERT INTO account_operation (id, amount, description, operation_date, type, bank_account_id) VALUES (303, 1118.65, 'Maroc Telecom', '2026-01-10 19:56:31', 'DEBIT', 'acc-bf0484f5-cab3-4691-a19e-148c0c9be09c');
INSERT INTO account_operation (id, amount, description, operation_date, type, bank_account_id) VALUES (304, 6066.99, 'Dividend Payout', '2026-01-16 19:56:31', 'CREDIT', 'acc-bf0484f5-cab3-4691-a19e-148c0c9be09c');
INSERT INTO account_operation (id, amount, description, operation_date, type, bank_account_id) VALUES (305, 1608.13, 'Spotify', '2025-12-25 19:56:31', 'DEBIT', 'acc-bf0484f5-cab3-4691-a19e-148c0c9be09c');
INSERT INTO account_operation (id, amount, description, operation_date, type, bank_account_id) VALUES (306, 4432.77, 'Transfer Received', '2026-04-30 19:56:31', 'CREDIT', 'acc-bf0484f5-cab3-4691-a19e-148c0c9be09c');
INSERT INTO account_operation (id, amount, description, operation_date, type, bank_account_id) VALUES (307, 671.16, 'ONCF Train', '2026-01-29 19:56:31', 'DEBIT', 'acc-bf0484f5-cab3-4691-a19e-148c0c9be09c');
INSERT INTO account_operation (id, amount, description, operation_date, type, bank_account_id) VALUES (308, 4782.08, 'Transfer Received', '2026-02-09 19:56:31', 'CREDIT', 'acc-bf0484f5-cab3-4691-a19e-148c0c9be09c');
INSERT INTO account_operation (id, amount, description, operation_date, type, bank_account_id) VALUES (309, 10271.28, 'Dividend Payout', '2025-12-23 19:56:31', 'CREDIT', 'acc-bf0484f5-cab3-4691-a19e-148c0c9be09c');
INSERT INTO account_operation (id, amount, description, operation_date, type, bank_account_id) VALUES (310, 239.93, 'ONEE Electricity', '2026-04-17 19:56:31', 'DEBIT', 'acc-bf0484f5-cab3-4691-a19e-148c0c9be09c');
INSERT INTO account_operation (id, amount, description, operation_date, type, bank_account_id) VALUES (311, 9733.19, 'Cash Deposit', '2026-03-11 19:56:31', 'CREDIT', 'acc-bf0484f5-cab3-4691-a19e-148c0c9be09c');
INSERT INTO account_operation (id, amount, description, operation_date, type, bank_account_id) VALUES (312, 801.78, 'ONCF Train', '2026-03-26 19:56:31', 'DEBIT', 'acc-bf0484f5-cab3-4691-a19e-148c0c9be09c');
INSERT INTO account_operation (id, amount, description, operation_date, type, bank_account_id) VALUES (313, 4511.83, 'Salary Deposit', '2026-05-20 19:56:31', 'CREDIT', 'acc-bf0484f5-cab3-4691-a19e-148c0c9be09c');
INSERT INTO account_operation (id, amount, description, operation_date, type, bank_account_id) VALUES (314, 1680.61, 'Carrefour', '2026-01-26 19:56:31', 'DEBIT', 'acc-bf0484f5-cab3-4691-a19e-148c0c9be09c');
INSERT INTO account_operation (id, amount, description, operation_date, type, bank_account_id) VALUES (315, 9454.32, 'Salary Deposit', '2026-03-28 19:56:31', 'CREDIT', 'acc-bf0484f5-cab3-4691-a19e-148c0c9be09c');
INSERT INTO account_operation (id, amount, description, operation_date, type, bank_account_id) VALUES (316, 902.82, 'Amendis', '2026-06-01 19:56:31', 'DEBIT', 'acc-bf0484f5-cab3-4691-a19e-148c0c9be09c');
INSERT INTO account_operation (id, amount, description, operation_date, type, bank_account_id) VALUES (317, 919.22, 'Spotify', '2026-06-17 19:56:31', 'DEBIT', 'acc-bf0484f5-cab3-4691-a19e-148c0c9be09c');
INSERT INTO account_operation (id, amount, description, operation_date, type, bank_account_id) VALUES (318, 9978.27, 'Cash Deposit', '2025-12-29 19:56:31', 'CREDIT', 'acc-bf0484f5-cab3-4691-a19e-148c0c9be09c');
INSERT INTO account_operation (id, amount, description, operation_date, type, bank_account_id) VALUES (319, 1411.31, 'Pharmacy', '2026-04-12 19:56:31', 'DEBIT', 'acc-bf0484f5-cab3-4691-a19e-148c0c9be09c');
INSERT INTO account_operation (id, amount, description, operation_date, type, bank_account_id) VALUES (320, 91.48, 'ONEE Electricity', '2026-04-11 19:56:31', 'DEBIT', 'acc-bf0484f5-cab3-4691-a19e-148c0c9be09c');
INSERT INTO account_operation (id, amount, description, operation_date, type, bank_account_id) VALUES (321, 38.08, 'Local Cafe', '2026-06-05 19:56:31', 'DEBIT', 'acc-bf0484f5-cab3-4691-a19e-148c0c9be09c');
INSERT INTO account_operation (id, amount, description, operation_date, type, bank_account_id) VALUES (322, 1024.99, 'BIM Store', '2026-06-13 19:56:31', 'DEBIT', 'acc-bf0484f5-cab3-4691-a19e-148c0c9be09c');
INSERT INTO account_operation (id, amount, description, operation_date, type, bank_account_id) VALUES (323, 1064.88, 'Netflix Subscription', '2026-04-07 19:56:31', 'DEBIT', 'acc-bf0484f5-cab3-4691-a19e-148c0c9be09c');
INSERT INTO account_operation (id, amount, description, operation_date, type, bank_account_id) VALUES (324, 1665.31, 'Maroc Telecom', '2025-12-25 19:56:31', 'DEBIT', 'acc-bf0484f5-cab3-4691-a19e-148c0c9be09c');
INSERT INTO account_operation (id, amount, description, operation_date, type, bank_account_id) VALUES (325, 1918.28, 'Inwi', '2026-01-18 19:56:31', 'DEBIT', 'acc-bf0484f5-cab3-4691-a19e-148c0c9be09c');
INSERT INTO account_operation (id, amount, description, operation_date, type, bank_account_id) VALUES (326, 829.57, 'Marjane Supermarket', '2025-12-16 19:56:31', 'DEBIT', 'acc-bf0484f5-cab3-4691-a19e-148c0c9be09c');
INSERT INTO account_operation (id, amount, description, operation_date, type, bank_account_id) VALUES (327, 1303.39, 'Inwi', '2026-06-24 19:56:31', 'DEBIT', 'acc-bf0484f5-cab3-4691-a19e-148c0c9be09c');

INSERT INTO customer (id, name, email) VALUES (8, 'Ayoub Benali', 'ayoub.benali@gmail.com');
INSERT INTO bank_account (id, type, balance, created_at, customer_id, over_draft, interest_rate) VALUES ('acc-1f285bb5-973e-43fb-bfa8-3c40df560761', 'SAVE', 26754.71, '2026-03-23 19:56:31', 8, NULL, 1.7);
INSERT INTO account_operation (id, amount, description, operation_date, type, bank_account_id) VALUES (328, 15450.41, 'Initial Account Funding', '2026-03-23 19:56:31', 'CREDIT', 'acc-1f285bb5-973e-43fb-bfa8-3c40df560761');
INSERT INTO account_operation (id, amount, description, operation_date, type, bank_account_id) VALUES (329, 360.6, 'Decathlon', '2026-04-21 19:56:31', 'DEBIT', 'acc-1f285bb5-973e-43fb-bfa8-3c40df560761');
INSERT INTO account_operation (id, amount, description, operation_date, type, bank_account_id) VALUES (330, 780.85, 'Amendis', '2026-04-06 19:56:31', 'DEBIT', 'acc-1f285bb5-973e-43fb-bfa8-3c40df560761');
INSERT INTO account_operation (id, amount, description, operation_date, type, bank_account_id) VALUES (331, 1081.76, 'ONEE Electricity', '2026-06-02 19:56:31', 'DEBIT', 'acc-1f285bb5-973e-43fb-bfa8-3c40df560761');
INSERT INTO account_operation (id, amount, description, operation_date, type, bank_account_id) VALUES (332, 837.85, 'Redal', '2026-03-24 19:56:31', 'DEBIT', 'acc-1f285bb5-973e-43fb-bfa8-3c40df560761');
INSERT INTO account_operation (id, amount, description, operation_date, type, bank_account_id) VALUES (333, 1955.33, 'Transfer Received', '2026-04-10 19:56:31', 'CREDIT', 'acc-1f285bb5-973e-43fb-bfa8-3c40df560761');
INSERT INTO account_operation (id, amount, description, operation_date, type, bank_account_id) VALUES (334, 1581.17, 'Restaurant', '2026-05-08 19:56:31', 'DEBIT', 'acc-1f285bb5-973e-43fb-bfa8-3c40df560761');
INSERT INTO account_operation (id, amount, description, operation_date, type, bank_account_id) VALUES (335, 12925.25, 'Dividend Payout', '2026-04-21 19:56:31', 'CREDIT', 'acc-1f285bb5-973e-43fb-bfa8-3c40df560761');
INSERT INTO account_operation (id, amount, description, operation_date, type, bank_account_id) VALUES (336, 963.96, 'Carrefour', '2026-04-04 19:56:31', 'DEBIT', 'acc-1f285bb5-973e-43fb-bfa8-3c40df560761');
INSERT INTO account_operation (id, amount, description, operation_date, type, bank_account_id) VALUES (337, 1783.48, 'Local Cafe', '2026-05-03 19:56:31', 'DEBIT', 'acc-1f285bb5-973e-43fb-bfa8-3c40df560761');
INSERT INTO account_operation (id, amount, description, operation_date, type, bank_account_id) VALUES (338, 6913.22, 'Transfer Received', '2026-05-25 19:56:31', 'CREDIT', 'acc-1f285bb5-973e-43fb-bfa8-3c40df560761');
INSERT INTO account_operation (id, amount, description, operation_date, type, bank_account_id) VALUES (339, 355.08, 'CTM Bus', '2026-06-01 19:56:31', 'DEBIT', 'acc-1f285bb5-973e-43fb-bfa8-3c40df560761');
INSERT INTO account_operation (id, amount, description, operation_date, type, bank_account_id) VALUES (340, 236.56, 'Orange', '2026-06-15 19:56:31', 'DEBIT', 'acc-1f285bb5-973e-43fb-bfa8-3c40df560761');
INSERT INTO account_operation (id, amount, description, operation_date, type, bank_account_id) VALUES (341, 1086.25, 'Pharmacy', '2026-05-08 19:56:31', 'DEBIT', 'acc-1f285bb5-973e-43fb-bfa8-3c40df560761');
INSERT INTO account_operation (id, amount, description, operation_date, type, bank_account_id) VALUES (342, 1421.94, 'Local Cafe', '2026-06-10 19:56:31', 'DEBIT', 'acc-1f285bb5-973e-43fb-bfa8-3c40df560761');
INSERT INTO bank_account (id, type, balance, created_at, customer_id, over_draft, interest_rate) VALUES ('acc-e53b6e68-b70f-40a3-b15e-2032c31ca904', 'SAVE', 72154.01, '2025-11-22 19:56:31', 8, NULL, 2.2);
INSERT INTO account_operation (id, amount, description, operation_date, type, bank_account_id) VALUES (343, 49520.96, 'Initial Account Funding', '2025-11-22 19:56:31', 'CREDIT', 'acc-e53b6e68-b70f-40a3-b15e-2032c31ca904');
INSERT INTO account_operation (id, amount, description, operation_date, type, bank_account_id) VALUES (344, 832.28, 'ONCF Train', '2025-11-29 19:56:31', 'DEBIT', 'acc-e53b6e68-b70f-40a3-b15e-2032c31ca904');
INSERT INTO account_operation (id, amount, description, operation_date, type, bank_account_id) VALUES (345, 234.99, 'Carrefour', '2026-06-15 19:56:31', 'DEBIT', 'acc-e53b6e68-b70f-40a3-b15e-2032c31ca904');
INSERT INTO account_operation (id, amount, description, operation_date, type, bank_account_id) VALUES (346, 361.61, 'Redal', '2026-06-14 19:56:31', 'DEBIT', 'acc-e53b6e68-b70f-40a3-b15e-2032c31ca904');
INSERT INTO account_operation (id, amount, description, operation_date, type, bank_account_id) VALUES (347, 1614.4, 'CTM Bus', '2026-06-26 19:56:31', 'DEBIT', 'acc-e53b6e68-b70f-40a3-b15e-2032c31ca904');
INSERT INTO account_operation (id, amount, description, operation_date, type, bank_account_id) VALUES (348, 9542.18, 'Transfer Received', '2026-02-15 19:56:31', 'CREDIT', 'acc-e53b6e68-b70f-40a3-b15e-2032c31ca904');
INSERT INTO account_operation (id, amount, description, operation_date, type, bank_account_id) VALUES (349, 1983.6, 'Maroc Telecom', '2026-06-23 19:56:31', 'DEBIT', 'acc-e53b6e68-b70f-40a3-b15e-2032c31ca904');
INSERT INTO account_operation (id, amount, description, operation_date, type, bank_account_id) VALUES (350, 6593.58, 'Transfer Received', '2026-05-13 19:56:31', 'CREDIT', 'acc-e53b6e68-b70f-40a3-b15e-2032c31ca904');
INSERT INTO account_operation (id, amount, description, operation_date, type, bank_account_id) VALUES (351, 7229.94, 'Freelance Payment', '2026-06-01 19:56:31', 'CREDIT', 'acc-e53b6e68-b70f-40a3-b15e-2032c31ca904');
INSERT INTO account_operation (id, amount, description, operation_date, type, bank_account_id) VALUES (352, 5637.72, 'Freelance Payment', '2026-03-10 19:56:31', 'CREDIT', 'acc-e53b6e68-b70f-40a3-b15e-2032c31ca904');
INSERT INTO account_operation (id, amount, description, operation_date, type, bank_account_id) VALUES (353, 708.05, 'BIM Store', '2026-02-16 19:56:31', 'DEBIT', 'acc-e53b6e68-b70f-40a3-b15e-2032c31ca904');
INSERT INTO account_operation (id, amount, description, operation_date, type, bank_account_id) VALUES (354, 1682.52, 'BIM Store', '2026-06-26 19:56:31', 'DEBIT', 'acc-e53b6e68-b70f-40a3-b15e-2032c31ca904');
INSERT INTO account_operation (id, amount, description, operation_date, type, bank_account_id) VALUES (355, 5223.88, 'Freelance Payment', '2026-06-26 19:56:31', 'CREDIT', 'acc-e53b6e68-b70f-40a3-b15e-2032c31ca904');
INSERT INTO account_operation (id, amount, description, operation_date, type, bank_account_id) VALUES (356, 1440.89, 'Orange', '2025-12-12 19:56:31', 'DEBIT', 'acc-e53b6e68-b70f-40a3-b15e-2032c31ca904');
INSERT INTO account_operation (id, amount, description, operation_date, type, bank_account_id) VALUES (357, 123.24, 'Carrefour', '2026-04-25 19:56:31', 'DEBIT', 'acc-e53b6e68-b70f-40a3-b15e-2032c31ca904');
INSERT INTO account_operation (id, amount, description, operation_date, type, bank_account_id) VALUES (358, 666.52, 'Amendis', '2026-03-01 19:56:31', 'DEBIT', 'acc-e53b6e68-b70f-40a3-b15e-2032c31ca904');
INSERT INTO account_operation (id, amount, description, operation_date, type, bank_account_id) VALUES (359, 1946.15, 'Redal', '2026-03-20 19:56:31', 'DEBIT', 'acc-e53b6e68-b70f-40a3-b15e-2032c31ca904');

INSERT INTO customer (id, name, email) VALUES (9, 'Fatima Zahra Lahlou', 'fatima.zahra.lahlou@gmail.com');
INSERT INTO bank_account (id, type, balance, created_at, customer_id, over_draft, interest_rate) VALUES ('acc-bea4c475-abc8-4b7e-ad0e-4c94aa63577e', 'CURR', 85326.45, '2025-07-18 19:56:31', 9, 6608.18, NULL);
INSERT INTO account_operation (id, amount, description, operation_date, type, bank_account_id) VALUES (360, 46211.34, 'Initial Account Funding', '2025-07-18 19:56:31', 'CREDIT', 'acc-bea4c475-abc8-4b7e-ad0e-4c94aa63577e');
INSERT INTO account_operation (id, amount, description, operation_date, type, bank_account_id) VALUES (361, 920.18, 'Carrefour', '2026-02-10 19:56:31', 'DEBIT', 'acc-bea4c475-abc8-4b7e-ad0e-4c94aa63577e');
INSERT INTO account_operation (id, amount, description, operation_date, type, bank_account_id) VALUES (362, 309.9, 'Orange', '2026-05-27 19:56:31', 'DEBIT', 'acc-bea4c475-abc8-4b7e-ad0e-4c94aa63577e');
INSERT INTO account_operation (id, amount, description, operation_date, type, bank_account_id) VALUES (363, 1897.89, 'LC Waikiki', '2025-11-18 19:56:31', 'DEBIT', 'acc-bea4c475-abc8-4b7e-ad0e-4c94aa63577e');
INSERT INTO account_operation (id, amount, description, operation_date, type, bank_account_id) VALUES (364, 1171.3, 'Decathlon', '2025-12-31 19:56:31', 'DEBIT', 'acc-bea4c475-abc8-4b7e-ad0e-4c94aa63577e');
INSERT INTO account_operation (id, amount, description, operation_date, type, bank_account_id) VALUES (365, 210.24, 'LC Waikiki', '2026-03-14 19:56:31', 'DEBIT', 'acc-bea4c475-abc8-4b7e-ad0e-4c94aa63577e');
INSERT INTO account_operation (id, amount, description, operation_date, type, bank_account_id) VALUES (366, 374.21, 'Local Cafe', '2026-06-23 19:56:31', 'DEBIT', 'acc-bea4c475-abc8-4b7e-ad0e-4c94aa63577e');
INSERT INTO account_operation (id, amount, description, operation_date, type, bank_account_id) VALUES (367, 10652.1, 'Transfer Received', '2025-10-15 19:56:31', 'CREDIT', 'acc-bea4c475-abc8-4b7e-ad0e-4c94aa63577e');
INSERT INTO account_operation (id, amount, description, operation_date, type, bank_account_id) VALUES (368, 5351.17, 'Cash Deposit', '2026-05-22 19:56:31', 'CREDIT', 'acc-bea4c475-abc8-4b7e-ad0e-4c94aa63577e');
INSERT INTO account_operation (id, amount, description, operation_date, type, bank_account_id) VALUES (369, 5208.06, 'Dividend Payout', '2025-12-12 19:56:31', 'CREDIT', 'acc-bea4c475-abc8-4b7e-ad0e-4c94aa63577e');
INSERT INTO account_operation (id, amount, description, operation_date, type, bank_account_id) VALUES (370, 1218.26, 'Zara', '2026-03-05 19:56:31', 'DEBIT', 'acc-bea4c475-abc8-4b7e-ad0e-4c94aa63577e');
INSERT INTO account_operation (id, amount, description, operation_date, type, bank_account_id) VALUES (371, 362.25, 'Zara', '2026-02-08 19:56:31', 'DEBIT', 'acc-bea4c475-abc8-4b7e-ad0e-4c94aa63577e');
INSERT INTO account_operation (id, amount, description, operation_date, type, bank_account_id) VALUES (372, 732.52, 'ONEE Electricity', '2026-01-03 19:56:31', 'DEBIT', 'acc-bea4c475-abc8-4b7e-ad0e-4c94aa63577e');
INSERT INTO account_operation (id, amount, description, operation_date, type, bank_account_id) VALUES (373, 3179.51, 'Cash Deposit', '2026-04-11 19:56:31', 'CREDIT', 'acc-bea4c475-abc8-4b7e-ad0e-4c94aa63577e');
INSERT INTO account_operation (id, amount, description, operation_date, type, bank_account_id) VALUES (374, 10497.32, 'Salary Deposit', '2026-05-27 19:56:31', 'CREDIT', 'acc-bea4c475-abc8-4b7e-ad0e-4c94aa63577e');
INSERT INTO account_operation (id, amount, description, operation_date, type, bank_account_id) VALUES (375, 1638.83, 'CTM Bus', '2025-08-24 19:56:31', 'DEBIT', 'acc-bea4c475-abc8-4b7e-ad0e-4c94aa63577e');
INSERT INTO account_operation (id, amount, description, operation_date, type, bank_account_id) VALUES (376, 10678.42, 'Salary Deposit', '2026-04-21 19:56:31', 'CREDIT', 'acc-bea4c475-abc8-4b7e-ad0e-4c94aa63577e');
INSERT INTO account_operation (id, amount, description, operation_date, type, bank_account_id) VALUES (377, 4571.86, 'Dividend Payout', '2026-05-05 19:56:31', 'CREDIT', 'acc-bea4c475-abc8-4b7e-ad0e-4c94aa63577e');
INSERT INTO account_operation (id, amount, description, operation_date, type, bank_account_id) VALUES (378, 339.05, 'Spotify', '2025-12-24 19:56:31', 'DEBIT', 'acc-bea4c475-abc8-4b7e-ad0e-4c94aa63577e');
INSERT INTO account_operation (id, amount, description, operation_date, type, bank_account_id) VALUES (379, 1848.7, 'BIM Store', '2025-08-31 19:56:31', 'DEBIT', 'acc-bea4c475-abc8-4b7e-ad0e-4c94aa63577e');
INSERT INTO bank_account (id, type, balance, created_at, customer_id, over_draft, interest_rate) VALUES ('acc-7d6d3cc0-8a8e-4850-9eb1-e02feb0b6fca', 'SAVE', 136823.73, '2025-09-05 19:56:31', 9, NULL, 2.13);
INSERT INTO account_operation (id, amount, description, operation_date, type, bank_account_id) VALUES (380, 43430.53, 'Initial Account Funding', '2025-09-05 19:56:31', 'CREDIT', 'acc-7d6d3cc0-8a8e-4850-9eb1-e02feb0b6fca');
INSERT INTO account_operation (id, amount, description, operation_date, type, bank_account_id) VALUES (381, 568.98, 'Pharmacy', '2025-11-08 19:56:31', 'DEBIT', 'acc-7d6d3cc0-8a8e-4850-9eb1-e02feb0b6fca');
INSERT INTO account_operation (id, amount, description, operation_date, type, bank_account_id) VALUES (382, 5316.96, 'Dividend Payout', '2026-02-17 19:56:31', 'CREDIT', 'acc-7d6d3cc0-8a8e-4850-9eb1-e02feb0b6fca');
INSERT INTO account_operation (id, amount, description, operation_date, type, bank_account_id) VALUES (383, 26.1, 'BIM Store', '2026-03-14 19:56:31', 'DEBIT', 'acc-7d6d3cc0-8a8e-4850-9eb1-e02feb0b6fca');
INSERT INTO account_operation (id, amount, description, operation_date, type, bank_account_id) VALUES (384, 945.57, 'Carrefour', '2026-06-29 19:56:31', 'DEBIT', 'acc-7d6d3cc0-8a8e-4850-9eb1-e02feb0b6fca');
INSERT INTO account_operation (id, amount, description, operation_date, type, bank_account_id) VALUES (385, 2142.75, 'Dividend Payout', '2026-01-29 19:56:31', 'CREDIT', 'acc-7d6d3cc0-8a8e-4850-9eb1-e02feb0b6fca');
INSERT INTO account_operation (id, amount, description, operation_date, type, bank_account_id) VALUES (386, 1591.98, 'Inwi', '2025-09-19 19:56:31', 'DEBIT', 'acc-7d6d3cc0-8a8e-4850-9eb1-e02feb0b6fca');
INSERT INTO account_operation (id, amount, description, operation_date, type, bank_account_id) VALUES (387, 1169.53, 'Redal', '2025-09-06 19:56:31', 'DEBIT', 'acc-7d6d3cc0-8a8e-4850-9eb1-e02feb0b6fca');
INSERT INTO account_operation (id, amount, description, operation_date, type, bank_account_id) VALUES (388, 1710.0, 'BIM Store', '2025-11-20 19:56:31', 'DEBIT', 'acc-7d6d3cc0-8a8e-4850-9eb1-e02feb0b6fca');
INSERT INTO account_operation (id, amount, description, operation_date, type, bank_account_id) VALUES (389, 1737.76, 'Orange', '2026-05-29 19:56:31', 'DEBIT', 'acc-7d6d3cc0-8a8e-4850-9eb1-e02feb0b6fca');
INSERT INTO account_operation (id, amount, description, operation_date, type, bank_account_id) VALUES (390, 7556.58, 'Cash Deposit', '2026-03-21 19:56:31', 'CREDIT', 'acc-7d6d3cc0-8a8e-4850-9eb1-e02feb0b6fca');
INSERT INTO account_operation (id, amount, description, operation_date, type, bank_account_id) VALUES (391, 208.01, 'Amendis', '2025-12-26 19:56:31', 'DEBIT', 'acc-7d6d3cc0-8a8e-4850-9eb1-e02feb0b6fca');
INSERT INTO account_operation (id, amount, description, operation_date, type, bank_account_id) VALUES (392, 8952.34, 'Freelance Payment', '2026-05-02 19:56:31', 'CREDIT', 'acc-7d6d3cc0-8a8e-4850-9eb1-e02feb0b6fca');
INSERT INTO account_operation (id, amount, description, operation_date, type, bank_account_id) VALUES (393, 1548.81, 'ONCF Train', '2025-09-06 19:56:31', 'DEBIT', 'acc-7d6d3cc0-8a8e-4850-9eb1-e02feb0b6fca');
INSERT INTO account_operation (id, amount, description, operation_date, type, bank_account_id) VALUES (394, 11671.23, 'Dividend Payout', '2025-12-12 19:56:31', 'CREDIT', 'acc-7d6d3cc0-8a8e-4850-9eb1-e02feb0b6fca');
INSERT INTO account_operation (id, amount, description, operation_date, type, bank_account_id) VALUES (395, 872.22, 'Decathlon', '2025-12-28 19:56:31', 'DEBIT', 'acc-7d6d3cc0-8a8e-4850-9eb1-e02feb0b6fca');
INSERT INTO account_operation (id, amount, description, operation_date, type, bank_account_id) VALUES (396, 1614.26, 'ONCF Train', '2026-02-16 19:56:31', 'DEBIT', 'acc-7d6d3cc0-8a8e-4850-9eb1-e02feb0b6fca');
INSERT INTO account_operation (id, amount, description, operation_date, type, bank_account_id) VALUES (397, 7446.3, 'Salary Deposit', '2026-05-15 19:56:31', 'CREDIT', 'acc-7d6d3cc0-8a8e-4850-9eb1-e02feb0b6fca');
INSERT INTO account_operation (id, amount, description, operation_date, type, bank_account_id) VALUES (398, 10964.21, 'Transfer Received', '2026-03-06 19:56:31', 'CREDIT', 'acc-7d6d3cc0-8a8e-4850-9eb1-e02feb0b6fca');
INSERT INTO account_operation (id, amount, description, operation_date, type, bank_account_id) VALUES (399, 1652.28, 'LC Waikiki', '2026-01-04 19:56:31', 'DEBIT', 'acc-7d6d3cc0-8a8e-4850-9eb1-e02feb0b6fca');
INSERT INTO account_operation (id, amount, description, operation_date, type, bank_account_id) VALUES (400, 1774.44, 'Orange', '2026-04-04 19:56:31', 'DEBIT', 'acc-7d6d3cc0-8a8e-4850-9eb1-e02feb0b6fca');
INSERT INTO account_operation (id, amount, description, operation_date, type, bank_account_id) VALUES (401, 788.0, 'Pharmacy', '2026-05-15 19:56:31', 'DEBIT', 'acc-7d6d3cc0-8a8e-4850-9eb1-e02feb0b6fca');
INSERT INTO account_operation (id, amount, description, operation_date, type, bank_account_id) VALUES (402, 12893.47, 'Cash Deposit', '2025-11-16 19:56:31', 'CREDIT', 'acc-7d6d3cc0-8a8e-4850-9eb1-e02feb0b6fca');
INSERT INTO account_operation (id, amount, description, operation_date, type, bank_account_id) VALUES (403, 12632.07, 'Transfer Received', '2026-02-16 19:56:31', 'CREDIT', 'acc-7d6d3cc0-8a8e-4850-9eb1-e02feb0b6fca');
INSERT INTO account_operation (id, amount, description, operation_date, type, bank_account_id) VALUES (404, 590.45, 'Decathlon', '2025-12-25 19:56:31', 'DEBIT', 'acc-7d6d3cc0-8a8e-4850-9eb1-e02feb0b6fca');
INSERT INTO account_operation (id, amount, description, operation_date, type, bank_account_id) VALUES (405, 4035.22, 'Freelance Payment', '2026-03-21 19:56:31', 'CREDIT', 'acc-7d6d3cc0-8a8e-4850-9eb1-e02feb0b6fca');
INSERT INTO account_operation (id, amount, description, operation_date, type, bank_account_id) VALUES (406, 1309.44, 'Zara', '2026-01-12 19:56:31', 'DEBIT', 'acc-7d6d3cc0-8a8e-4850-9eb1-e02feb0b6fca');
INSERT INTO account_operation (id, amount, description, operation_date, type, bank_account_id) VALUES (407, 14836.21, 'Cash Deposit', '2026-02-08 19:56:31', 'CREDIT', 'acc-7d6d3cc0-8a8e-4850-9eb1-e02feb0b6fca');
INSERT INTO account_operation (id, amount, description, operation_date, type, bank_account_id) VALUES (408, 275.11, 'Redal', '2025-10-07 19:56:31', 'DEBIT', 'acc-7d6d3cc0-8a8e-4850-9eb1-e02feb0b6fca');
INSERT INTO account_operation (id, amount, description, operation_date, type, bank_account_id) VALUES (409, 1654.23, 'Carrefour', '2026-02-26 19:56:31', 'DEBIT', 'acc-7d6d3cc0-8a8e-4850-9eb1-e02feb0b6fca');
INSERT INTO account_operation (id, amount, description, operation_date, type, bank_account_id) VALUES (410, 11842.51, 'Freelance Payment', '2025-09-16 19:56:31', 'CREDIT', 'acc-7d6d3cc0-8a8e-4850-9eb1-e02feb0b6fca');
INSERT INTO account_operation (id, amount, description, operation_date, type, bank_account_id) VALUES (411, 825.26, 'Redal', '2026-01-17 19:56:31', 'DEBIT', 'acc-7d6d3cc0-8a8e-4850-9eb1-e02feb0b6fca');
INSERT INTO account_operation (id, amount, description, operation_date, type, bank_account_id) VALUES (412, 3965.78, 'Transfer Received', '2026-01-28 19:56:31', 'CREDIT', 'acc-7d6d3cc0-8a8e-4850-9eb1-e02feb0b6fca');
INSERT INTO bank_account (id, type, balance, created_at, customer_id, over_draft, interest_rate) VALUES ('acc-eb976326-723a-4da5-8d3f-5b358281de55', 'SAVE', 70263.1, '2026-03-02 19:56:31', 9, NULL, 4.16);
INSERT INTO account_operation (id, amount, description, operation_date, type, bank_account_id) VALUES (413, 33795.42, 'Initial Account Funding', '2026-03-02 19:56:31', 'CREDIT', 'acc-eb976326-723a-4da5-8d3f-5b358281de55');
INSERT INTO account_operation (id, amount, description, operation_date, type, bank_account_id) VALUES (414, 595.69, 'Pharmacy', '2026-04-27 19:56:31', 'DEBIT', 'acc-eb976326-723a-4da5-8d3f-5b358281de55');
INSERT INTO account_operation (id, amount, description, operation_date, type, bank_account_id) VALUES (415, 7361.19, 'Transfer Received', '2026-05-03 19:56:31', 'CREDIT', 'acc-eb976326-723a-4da5-8d3f-5b358281de55');
INSERT INTO account_operation (id, amount, description, operation_date, type, bank_account_id) VALUES (416, 1539.48, 'Orange', '2026-06-02 19:56:31', 'DEBIT', 'acc-eb976326-723a-4da5-8d3f-5b358281de55');
INSERT INTO account_operation (id, amount, description, operation_date, type, bank_account_id) VALUES (417, 1540.61, 'Spotify', '2026-05-28 19:56:31', 'DEBIT', 'acc-eb976326-723a-4da5-8d3f-5b358281de55');
INSERT INTO account_operation (id, amount, description, operation_date, type, bank_account_id) VALUES (418, 3305.64, 'Freelance Payment', '2026-03-08 19:56:31', 'CREDIT', 'acc-eb976326-723a-4da5-8d3f-5b358281de55');
INSERT INTO account_operation (id, amount, description, operation_date, type, bank_account_id) VALUES (419, 1145.33, 'Transfer Received', '2026-06-24 19:56:31', 'CREDIT', 'acc-eb976326-723a-4da5-8d3f-5b358281de55');
INSERT INTO account_operation (id, amount, description, operation_date, type, bank_account_id) VALUES (420, 13860.62, 'Salary Deposit', '2026-06-18 19:56:31', 'CREDIT', 'acc-eb976326-723a-4da5-8d3f-5b358281de55');
INSERT INTO account_operation (id, amount, description, operation_date, type, bank_account_id) VALUES (421, 425.32, 'BIM Store', '2026-06-28 19:56:31', 'DEBIT', 'acc-eb976326-723a-4da5-8d3f-5b358281de55');
INSERT INTO account_operation (id, amount, description, operation_date, type, bank_account_id) VALUES (422, 6581.95, 'Freelance Payment', '2026-06-01 19:56:31', 'CREDIT', 'acc-eb976326-723a-4da5-8d3f-5b358281de55');
INSERT INTO account_operation (id, amount, description, operation_date, type, bank_account_id) VALUES (423, 3119.38, 'Cash Deposit', '2026-05-17 19:56:31', 'CREDIT', 'acc-eb976326-723a-4da5-8d3f-5b358281de55');
INSERT INTO account_operation (id, amount, description, operation_date, type, bank_account_id) VALUES (424, 4781.11, 'Freelance Payment', '2026-06-13 19:56:31', 'CREDIT', 'acc-eb976326-723a-4da5-8d3f-5b358281de55');
INSERT INTO account_operation (id, amount, description, operation_date, type, bank_account_id) VALUES (425, 2876.8, 'Salary Deposit', '2026-04-04 19:56:31', 'CREDIT', 'acc-eb976326-723a-4da5-8d3f-5b358281de55');
INSERT INTO account_operation (id, amount, description, operation_date, type, bank_account_id) VALUES (426, 1097.41, 'Spotify', '2026-04-30 19:56:31', 'DEBIT', 'acc-eb976326-723a-4da5-8d3f-5b358281de55');
INSERT INTO account_operation (id, amount, description, operation_date, type, bank_account_id) VALUES (427, 1624.72, 'ONEE Electricity', '2026-04-22 19:56:31', 'DEBIT', 'acc-eb976326-723a-4da5-8d3f-5b358281de55');
INSERT INTO account_operation (id, amount, description, operation_date, type, bank_account_id) VALUES (428, 1834.84, 'CTM Bus', '2026-03-07 19:56:31', 'DEBIT', 'acc-eb976326-723a-4da5-8d3f-5b358281de55');
INSERT INTO account_operation (id, amount, description, operation_date, type, bank_account_id) VALUES (429, 399.29, 'Decathlon', '2026-05-21 19:56:31', 'DEBIT', 'acc-eb976326-723a-4da5-8d3f-5b358281de55');
INSERT INTO account_operation (id, amount, description, operation_date, type, bank_account_id) VALUES (430, 1854.79, 'Orange', '2026-06-19 19:56:31', 'DEBIT', 'acc-eb976326-723a-4da5-8d3f-5b358281de55');
INSERT INTO account_operation (id, amount, description, operation_date, type, bank_account_id) VALUES (431, 1891.05, 'Freelance Payment', '2026-04-05 19:56:31', 'CREDIT', 'acc-eb976326-723a-4da5-8d3f-5b358281de55');
INSERT INTO account_operation (id, amount, description, operation_date, type, bank_account_id) VALUES (432, 477.7, 'Inwi', '2026-03-13 19:56:31', 'DEBIT', 'acc-eb976326-723a-4da5-8d3f-5b358281de55');
INSERT INTO account_operation (id, amount, description, operation_date, type, bank_account_id) VALUES (433, 359.63, 'ONEE Electricity', '2026-06-23 19:56:31', 'DEBIT', 'acc-eb976326-723a-4da5-8d3f-5b358281de55');
INSERT INTO account_operation (id, amount, description, operation_date, type, bank_account_id) VALUES (434, 1709.32, 'Decathlon', '2026-04-14 19:56:31', 'DEBIT', 'acc-eb976326-723a-4da5-8d3f-5b358281de55');
INSERT INTO account_operation (id, amount, description, operation_date, type, bank_account_id) VALUES (435, 783.02, 'Inwi', '2026-03-27 19:56:31', 'DEBIT', 'acc-eb976326-723a-4da5-8d3f-5b358281de55');
INSERT INTO account_operation (id, amount, description, operation_date, type, bank_account_id) VALUES (436, 9250.09, 'Dividend Payout', '2026-03-13 19:56:31', 'CREDIT', 'acc-eb976326-723a-4da5-8d3f-5b358281de55');
INSERT INTO account_operation (id, amount, description, operation_date, type, bank_account_id) VALUES (437, 1231.07, 'Amendis', '2026-05-29 19:56:31', 'DEBIT', 'acc-eb976326-723a-4da5-8d3f-5b358281de55');
INSERT INTO account_operation (id, amount, description, operation_date, type, bank_account_id) VALUES (438, 281.36, 'Decathlon', '2026-05-24 19:56:31', 'DEBIT', 'acc-eb976326-723a-4da5-8d3f-5b358281de55');
INSERT INTO account_operation (id, amount, description, operation_date, type, bank_account_id) VALUES (439, 1948.05, 'Local Cafe', '2026-03-26 19:56:31', 'DEBIT', 'acc-eb976326-723a-4da5-8d3f-5b358281de55');
INSERT INTO account_operation (id, amount, description, operation_date, type, bank_account_id) VALUES (440, 1974.82, 'Marjane Supermarket', '2026-05-04 19:56:31', 'DEBIT', 'acc-eb976326-723a-4da5-8d3f-5b358281de55');
INSERT INTO account_operation (id, amount, description, operation_date, type, bank_account_id) VALUES (441, 5017.99, 'Freelance Payment', '2026-03-06 19:56:31', 'CREDIT', 'acc-eb976326-723a-4da5-8d3f-5b358281de55');
INSERT INTO account_operation (id, amount, description, operation_date, type, bank_account_id) VALUES (442, 374.12, 'Inwi', '2026-05-17 19:56:31', 'DEBIT', 'acc-eb976326-723a-4da5-8d3f-5b358281de55');
INSERT INTO account_operation (id, amount, description, operation_date, type, bank_account_id) VALUES (443, 1745.35, 'Local Cafe', '2026-03-05 19:56:31', 'DEBIT', 'acc-eb976326-723a-4da5-8d3f-5b358281de55');
INSERT INTO account_operation (id, amount, description, operation_date, type, bank_account_id) VALUES (444, 926.88, 'LC Waikiki', '2026-06-06 19:56:31', 'DEBIT', 'acc-eb976326-723a-4da5-8d3f-5b358281de55');

INSERT INTO customer (id, name, email) VALUES (10, 'Fatima Zahra Tahiri', 'fatima.zahra.tahiri@gmail.com');
INSERT INTO bank_account (id, type, balance, created_at, customer_id, over_draft, interest_rate) VALUES ('acc-a1088b97-e208-43ef-b3f9-e03666264651', 'CURR', 110134.91, '2025-08-04 19:56:31', 10, 5257.92, NULL);
INSERT INTO account_operation (id, amount, description, operation_date, type, bank_account_id) VALUES (445, 33436.11, 'Initial Account Funding', '2025-08-04 19:56:31', 'CREDIT', 'acc-a1088b97-e208-43ef-b3f9-e03666264651');
INSERT INTO account_operation (id, amount, description, operation_date, type, bank_account_id) VALUES (446, 1666.09, 'Carrefour', '2026-02-05 19:56:31', 'DEBIT', 'acc-a1088b97-e208-43ef-b3f9-e03666264651');
INSERT INTO account_operation (id, amount, description, operation_date, type, bank_account_id) VALUES (447, 4018.0, 'Cash Deposit', '2025-09-13 19:56:31', 'CREDIT', 'acc-a1088b97-e208-43ef-b3f9-e03666264651');
INSERT INTO account_operation (id, amount, description, operation_date, type, bank_account_id) VALUES (448, 7071.3, 'Transfer Received', '2026-06-12 19:56:31', 'CREDIT', 'acc-a1088b97-e208-43ef-b3f9-e03666264651');
INSERT INTO account_operation (id, amount, description, operation_date, type, bank_account_id) VALUES (449, 7912.55, 'Salary Deposit', '2025-11-23 19:56:31', 'CREDIT', 'acc-a1088b97-e208-43ef-b3f9-e03666264651');
INSERT INTO account_operation (id, amount, description, operation_date, type, bank_account_id) VALUES (450, 1917.57, 'Local Cafe', '2025-10-13 19:56:31', 'DEBIT', 'acc-a1088b97-e208-43ef-b3f9-e03666264651');
INSERT INTO account_operation (id, amount, description, operation_date, type, bank_account_id) VALUES (451, 1219.37, 'LC Waikiki', '2026-04-08 19:56:31', 'DEBIT', 'acc-a1088b97-e208-43ef-b3f9-e03666264651');
INSERT INTO account_operation (id, amount, description, operation_date, type, bank_account_id) VALUES (452, 7313.67, 'Cash Deposit', '2025-08-21 19:56:31', 'CREDIT', 'acc-a1088b97-e208-43ef-b3f9-e03666264651');
INSERT INTO account_operation (id, amount, description, operation_date, type, bank_account_id) VALUES (453, 12098.9, 'Salary Deposit', '2026-04-06 19:56:31', 'CREDIT', 'acc-a1088b97-e208-43ef-b3f9-e03666264651');
INSERT INTO account_operation (id, amount, description, operation_date, type, bank_account_id) VALUES (454, 654.14, 'Amendis', '2025-12-06 19:56:31', 'DEBIT', 'acc-a1088b97-e208-43ef-b3f9-e03666264651');
INSERT INTO account_operation (id, amount, description, operation_date, type, bank_account_id) VALUES (455, 14439.49, 'Salary Deposit', '2025-12-17 19:56:31', 'CREDIT', 'acc-a1088b97-e208-43ef-b3f9-e03666264651');
INSERT INTO account_operation (id, amount, description, operation_date, type, bank_account_id) VALUES (456, 663.58, 'Amendis', '2025-12-16 19:56:31', 'DEBIT', 'acc-a1088b97-e208-43ef-b3f9-e03666264651');
INSERT INTO account_operation (id, amount, description, operation_date, type, bank_account_id) VALUES (457, 1547.03, 'Netflix Subscription', '2025-12-23 19:56:31', 'DEBIT', 'acc-a1088b97-e208-43ef-b3f9-e03666264651');
INSERT INTO account_operation (id, amount, description, operation_date, type, bank_account_id) VALUES (458, 1108.39, 'Spotify', '2026-02-28 19:56:31', 'DEBIT', 'acc-a1088b97-e208-43ef-b3f9-e03666264651');
INSERT INTO account_operation (id, amount, description, operation_date, type, bank_account_id) VALUES (459, 650.31, 'Amendis', '2025-10-28 19:56:31', 'DEBIT', 'acc-a1088b97-e208-43ef-b3f9-e03666264651');
INSERT INTO account_operation (id, amount, description, operation_date, type, bank_account_id) VALUES (460, 388.64, 'Restaurant', '2026-03-01 19:56:31', 'DEBIT', 'acc-a1088b97-e208-43ef-b3f9-e03666264651');
INSERT INTO account_operation (id, amount, description, operation_date, type, bank_account_id) VALUES (461, 1013.28, 'Spotify', '2026-06-23 19:56:31', 'DEBIT', 'acc-a1088b97-e208-43ef-b3f9-e03666264651');
INSERT INTO account_operation (id, amount, description, operation_date, type, bank_account_id) VALUES (462, 1491.79, 'Maroc Telecom', '2025-10-18 19:56:31', 'DEBIT', 'acc-a1088b97-e208-43ef-b3f9-e03666264651');
INSERT INTO account_operation (id, amount, description, operation_date, type, bank_account_id) VALUES (463, 7338.8, 'Transfer Received', '2026-02-08 19:56:31', 'CREDIT', 'acc-a1088b97-e208-43ef-b3f9-e03666264651');
INSERT INTO account_operation (id, amount, description, operation_date, type, bank_account_id) VALUES (464, 1574.05, 'Pharmacy', '2025-11-30 19:56:31', 'DEBIT', 'acc-a1088b97-e208-43ef-b3f9-e03666264651');
INSERT INTO account_operation (id, amount, description, operation_date, type, bank_account_id) VALUES (465, 2249.81, 'Cash Deposit', '2026-04-28 19:56:31', 'CREDIT', 'acc-a1088b97-e208-43ef-b3f9-e03666264651');
INSERT INTO account_operation (id, amount, description, operation_date, type, bank_account_id) VALUES (466, 4780.97, 'Dividend Payout', '2025-11-16 19:56:31', 'CREDIT', 'acc-a1088b97-e208-43ef-b3f9-e03666264651');
INSERT INTO account_operation (id, amount, description, operation_date, type, bank_account_id) VALUES (467, 599.55, 'LC Waikiki', '2025-11-26 19:56:31', 'DEBIT', 'acc-a1088b97-e208-43ef-b3f9-e03666264651');
INSERT INTO account_operation (id, amount, description, operation_date, type, bank_account_id) VALUES (468, 8678.52, 'Transfer Received', '2026-04-02 19:56:31', 'CREDIT', 'acc-a1088b97-e208-43ef-b3f9-e03666264651');
INSERT INTO account_operation (id, amount, description, operation_date, type, bank_account_id) VALUES (469, 744.98, 'Restaurant', '2026-05-26 19:56:31', 'DEBIT', 'acc-a1088b97-e208-43ef-b3f9-e03666264651');
INSERT INTO account_operation (id, amount, description, operation_date, type, bank_account_id) VALUES (470, 1159.44, 'ONCF Train', '2025-10-13 19:56:31', 'DEBIT', 'acc-a1088b97-e208-43ef-b3f9-e03666264651');
INSERT INTO account_operation (id, amount, description, operation_date, type, bank_account_id) VALUES (471, 1061.22, 'Carrefour', '2026-05-11 19:56:31', 'DEBIT', 'acc-a1088b97-e208-43ef-b3f9-e03666264651');
INSERT INTO account_operation (id, amount, description, operation_date, type, bank_account_id) VALUES (472, 264.06, 'ONEE Electricity', '2026-05-03 19:56:31', 'DEBIT', 'acc-a1088b97-e208-43ef-b3f9-e03666264651');
INSERT INTO account_operation (id, amount, description, operation_date, type, bank_account_id) VALUES (473, 2034.38, 'Dividend Payout', '2026-02-07 19:56:31', 'CREDIT', 'acc-a1088b97-e208-43ef-b3f9-e03666264651');
INSERT INTO account_operation (id, amount, description, operation_date, type, bank_account_id) VALUES (474, 888.58, 'BIM Store', '2025-09-18 19:56:31', 'DEBIT', 'acc-a1088b97-e208-43ef-b3f9-e03666264651');
INSERT INTO account_operation (id, amount, description, operation_date, type, bank_account_id) VALUES (475, 438.04, 'Restaurant', '2026-02-25 19:56:31', 'DEBIT', 'acc-a1088b97-e208-43ef-b3f9-e03666264651');
INSERT INTO account_operation (id, amount, description, operation_date, type, bank_account_id) VALUES (476, 324.15, 'Zara', '2025-12-22 19:56:31', 'DEBIT', 'acc-a1088b97-e208-43ef-b3f9-e03666264651');
INSERT INTO account_operation (id, amount, description, operation_date, type, bank_account_id) VALUES (477, 1790.99, 'Cash Deposit', '2026-05-24 19:56:31', 'CREDIT', 'acc-a1088b97-e208-43ef-b3f9-e03666264651');
INSERT INTO account_operation (id, amount, description, operation_date, type, bank_account_id) VALUES (478, 1221.16, 'Redal', '2025-10-17 19:56:31', 'DEBIT', 'acc-a1088b97-e208-43ef-b3f9-e03666264651');
INSERT INTO account_operation (id, amount, description, operation_date, type, bank_account_id) VALUES (479, 576.98, 'Inwi', '2026-02-20 19:56:31', 'DEBIT', 'acc-a1088b97-e208-43ef-b3f9-e03666264651');
INSERT INTO account_operation (id, amount, description, operation_date, type, bank_account_id) VALUES (480, 12458.33, 'Freelance Payment', '2026-05-10 19:56:31', 'CREDIT', 'acc-a1088b97-e208-43ef-b3f9-e03666264651');
INSERT INTO account_operation (id, amount, description, operation_date, type, bank_account_id) VALUES (481, 1526.65, 'ONCF Train', '2026-04-19 19:56:31', 'DEBIT', 'acc-a1088b97-e208-43ef-b3f9-e03666264651');
INSERT INTO account_operation (id, amount, description, operation_date, type, bank_account_id) VALUES (482, 779.87, 'Pharmacy', '2025-10-21 19:56:31', 'DEBIT', 'acc-a1088b97-e208-43ef-b3f9-e03666264651');
INSERT INTO account_operation (id, amount, description, operation_date, type, bank_account_id) VALUES (483, 13228.03, 'Salary Deposit', '2026-01-14 19:56:31', 'CREDIT', 'acc-a1088b97-e208-43ef-b3f9-e03666264651');
INSERT INTO account_operation (id, amount, description, operation_date, type, bank_account_id) VALUES (484, 343.42, 'Orange', '2025-09-06 19:56:31', 'DEBIT', 'acc-a1088b97-e208-43ef-b3f9-e03666264651');
INSERT INTO account_operation (id, amount, description, operation_date, type, bank_account_id) VALUES (485, 1252.17, 'Inwi', '2025-09-11 19:56:31', 'DEBIT', 'acc-a1088b97-e208-43ef-b3f9-e03666264651');
INSERT INTO account_operation (id, amount, description, operation_date, type, bank_account_id) VALUES (486, 842.55, 'Pharmacy', '2025-12-14 19:56:31', 'DEBIT', 'acc-a1088b97-e208-43ef-b3f9-e03666264651');
INSERT INTO account_operation (id, amount, description, operation_date, type, bank_account_id) VALUES (487, 1436.7, 'BIM Store', '2026-02-10 19:56:31', 'DEBIT', 'acc-a1088b97-e208-43ef-b3f9-e03666264651');
INSERT INTO account_operation (id, amount, description, operation_date, type, bank_account_id) VALUES (488, 12.83, 'Inwi', '2026-04-18 19:56:31', 'DEBIT', 'acc-a1088b97-e208-43ef-b3f9-e03666264651');
INSERT INTO account_operation (id, amount, description, operation_date, type, bank_account_id) VALUES (489, 1944.51, 'Marjane Supermarket', '2026-03-25 19:56:31', 'DEBIT', 'acc-a1088b97-e208-43ef-b3f9-e03666264651');
INSERT INTO account_operation (id, amount, description, operation_date, type, bank_account_id) VALUES (490, 2093.34, 'Dividend Payout', '2026-01-08 19:56:31', 'CREDIT', 'acc-a1088b97-e208-43ef-b3f9-e03666264651');
INSERT INTO account_operation (id, amount, description, operation_date, type, bank_account_id) VALUES (491, 1497.18, 'LC Waikiki', '2025-10-27 19:56:31', 'DEBIT', 'acc-a1088b97-e208-43ef-b3f9-e03666264651');
INSERT INTO bank_account (id, type, balance, created_at, customer_id, over_draft, interest_rate) VALUES ('acc-2a122a96-ef9e-4f79-9a01-81454e7b8e5b', 'SAVE', 76633.94, '2026-01-07 19:56:31', 10, NULL, 4.63);
INSERT INTO account_operation (id, amount, description, operation_date, type, bank_account_id) VALUES (492, 26004.12, 'Initial Account Funding', '2026-01-07 19:56:31', 'CREDIT', 'acc-2a122a96-ef9e-4f79-9a01-81454e7b8e5b');
INSERT INTO account_operation (id, amount, description, operation_date, type, bank_account_id) VALUES (493, 9610.55, 'Transfer Received', '2026-02-22 19:56:31', 'CREDIT', 'acc-2a122a96-ef9e-4f79-9a01-81454e7b8e5b');
INSERT INTO account_operation (id, amount, description, operation_date, type, bank_account_id) VALUES (494, 5244.57, 'Salary Deposit', '2026-03-01 19:56:31', 'CREDIT', 'acc-2a122a96-ef9e-4f79-9a01-81454e7b8e5b');
INSERT INTO account_operation (id, amount, description, operation_date, type, bank_account_id) VALUES (495, 13033.2, 'Dividend Payout', '2026-06-28 19:56:31', 'CREDIT', 'acc-2a122a96-ef9e-4f79-9a01-81454e7b8e5b');
INSERT INTO account_operation (id, amount, description, operation_date, type, bank_account_id) VALUES (496, 8486.35, 'Freelance Payment', '2026-02-07 19:56:31', 'CREDIT', 'acc-2a122a96-ef9e-4f79-9a01-81454e7b8e5b');
INSERT INTO account_operation (id, amount, description, operation_date, type, bank_account_id) VALUES (497, 1106.59, 'Maroc Telecom', '2026-01-14 19:56:31', 'DEBIT', 'acc-2a122a96-ef9e-4f79-9a01-81454e7b8e5b');
INSERT INTO account_operation (id, amount, description, operation_date, type, bank_account_id) VALUES (498, 1298.19, 'CTM Bus', '2026-04-24 19:56:31', 'DEBIT', 'acc-2a122a96-ef9e-4f79-9a01-81454e7b8e5b');
INSERT INTO account_operation (id, amount, description, operation_date, type, bank_account_id) VALUES (499, 382.57, 'Redal', '2026-02-23 19:56:31', 'DEBIT', 'acc-2a122a96-ef9e-4f79-9a01-81454e7b8e5b');
INSERT INTO account_operation (id, amount, description, operation_date, type, bank_account_id) VALUES (500, 60.4, 'Local Cafe', '2026-01-25 19:56:31', 'DEBIT', 'acc-2a122a96-ef9e-4f79-9a01-81454e7b8e5b');
INSERT INTO account_operation (id, amount, description, operation_date, type, bank_account_id) VALUES (501, 1646.46, 'BIM Store', '2026-04-04 19:56:31', 'DEBIT', 'acc-2a122a96-ef9e-4f79-9a01-81454e7b8e5b');
INSERT INTO account_operation (id, amount, description, operation_date, type, bank_account_id) VALUES (502, 810.45, 'Netflix Subscription', '2026-01-08 19:56:31', 'DEBIT', 'acc-2a122a96-ef9e-4f79-9a01-81454e7b8e5b');
INSERT INTO account_operation (id, amount, description, operation_date, type, bank_account_id) VALUES (503, 6286.14, 'Cash Deposit', '2026-03-28 19:56:31', 'CREDIT', 'acc-2a122a96-ef9e-4f79-9a01-81454e7b8e5b');
INSERT INTO account_operation (id, amount, description, operation_date, type, bank_account_id) VALUES (504, 6146.53, 'Freelance Payment', '2026-02-18 19:56:31', 'CREDIT', 'acc-2a122a96-ef9e-4f79-9a01-81454e7b8e5b');
INSERT INTO account_operation (id, amount, description, operation_date, type, bank_account_id) VALUES (505, 536.1, 'Zara', '2026-03-23 19:56:31', 'DEBIT', 'acc-2a122a96-ef9e-4f79-9a01-81454e7b8e5b');
INSERT INTO account_operation (id, amount, description, operation_date, type, bank_account_id) VALUES (506, 590.18, 'BIM Store', '2026-04-12 19:56:31', 'DEBIT', 'acc-2a122a96-ef9e-4f79-9a01-81454e7b8e5b');
INSERT INTO account_operation (id, amount, description, operation_date, type, bank_account_id) VALUES (507, 881.42, 'Marjane Supermarket', '2026-02-12 19:56:31', 'DEBIT', 'acc-2a122a96-ef9e-4f79-9a01-81454e7b8e5b');
INSERT INTO account_operation (id, amount, description, operation_date, type, bank_account_id) VALUES (508, 10578.28, 'Transfer Received', '2026-03-03 19:56:31', 'CREDIT', 'acc-2a122a96-ef9e-4f79-9a01-81454e7b8e5b');
INSERT INTO account_operation (id, amount, description, operation_date, type, bank_account_id) VALUES (509, 1443.44, 'Amendis', '2026-04-26 19:56:31', 'DEBIT', 'acc-2a122a96-ef9e-4f79-9a01-81454e7b8e5b');

INSERT INTO customer (id, name, email) VALUES (11, 'Salma Tazi', 'salma.tazi@gmail.com');
INSERT INTO bank_account (id, type, balance, created_at, customer_id, over_draft, interest_rate) VALUES ('acc-effcb4c3-9cf4-43ec-9770-cdcc3d715fa2', 'CURR', 70218.7, '2025-12-04 19:56:31', 11, 1988.12, NULL);
INSERT INTO account_operation (id, amount, description, operation_date, type, bank_account_id) VALUES (510, 28438.87, 'Initial Account Funding', '2025-12-04 19:56:31', 'CREDIT', 'acc-effcb4c3-9cf4-43ec-9770-cdcc3d715fa2');
INSERT INTO account_operation (id, amount, description, operation_date, type, bank_account_id) VALUES (511, 8075.2, 'Freelance Payment', '2026-05-10 19:56:31', 'CREDIT', 'acc-effcb4c3-9cf4-43ec-9770-cdcc3d715fa2');
INSERT INTO account_operation (id, amount, description, operation_date, type, bank_account_id) VALUES (512, 1057.92, 'BIM Store', '2026-01-07 19:56:31', 'DEBIT', 'acc-effcb4c3-9cf4-43ec-9770-cdcc3d715fa2');
INSERT INTO account_operation (id, amount, description, operation_date, type, bank_account_id) VALUES (513, 1855.04, 'Redal', '2026-04-20 19:56:31', 'DEBIT', 'acc-effcb4c3-9cf4-43ec-9770-cdcc3d715fa2');
INSERT INTO account_operation (id, amount, description, operation_date, type, bank_account_id) VALUES (514, 415.12, 'Orange', '2026-04-20 19:56:31', 'DEBIT', 'acc-effcb4c3-9cf4-43ec-9770-cdcc3d715fa2');
INSERT INTO account_operation (id, amount, description, operation_date, type, bank_account_id) VALUES (515, 1696.89, 'Spotify', '2026-04-07 19:56:31', 'DEBIT', 'acc-effcb4c3-9cf4-43ec-9770-cdcc3d715fa2');
INSERT INTO account_operation (id, amount, description, operation_date, type, bank_account_id) VALUES (516, 13756.98, 'Transfer Received', '2026-06-17 19:56:31', 'CREDIT', 'acc-effcb4c3-9cf4-43ec-9770-cdcc3d715fa2');
INSERT INTO account_operation (id, amount, description, operation_date, type, bank_account_id) VALUES (517, 484.17, 'Maroc Telecom', '2026-03-21 19:56:31', 'DEBIT', 'acc-effcb4c3-9cf4-43ec-9770-cdcc3d715fa2');
INSERT INTO account_operation (id, amount, description, operation_date, type, bank_account_id) VALUES (518, 420.36, 'ONCF Train', '2026-02-11 19:56:31', 'DEBIT', 'acc-effcb4c3-9cf4-43ec-9770-cdcc3d715fa2');
INSERT INTO account_operation (id, amount, description, operation_date, type, bank_account_id) VALUES (519, 1234.52, 'Zara', '2026-05-31 19:56:31', 'DEBIT', 'acc-effcb4c3-9cf4-43ec-9770-cdcc3d715fa2');
INSERT INTO account_operation (id, amount, description, operation_date, type, bank_account_id) VALUES (520, 1099.74, 'Redal', '2025-12-23 19:56:31', 'DEBIT', 'acc-effcb4c3-9cf4-43ec-9770-cdcc3d715fa2');
INSERT INTO account_operation (id, amount, description, operation_date, type, bank_account_id) VALUES (521, 300.43, 'Local Cafe', '2026-01-25 19:56:31', 'DEBIT', 'acc-effcb4c3-9cf4-43ec-9770-cdcc3d715fa2');
INSERT INTO account_operation (id, amount, description, operation_date, type, bank_account_id) VALUES (522, 1949.39, 'Netflix Subscription', '2025-12-29 19:56:31', 'DEBIT', 'acc-effcb4c3-9cf4-43ec-9770-cdcc3d715fa2');
INSERT INTO account_operation (id, amount, description, operation_date, type, bank_account_id) VALUES (523, 14026.95, 'Freelance Payment', '2025-12-21 19:56:31', 'CREDIT', 'acc-effcb4c3-9cf4-43ec-9770-cdcc3d715fa2');
INSERT INTO account_operation (id, amount, description, operation_date, type, bank_account_id) VALUES (524, 1938.92, 'Inwi', '2025-12-25 19:56:31', 'DEBIT', 'acc-effcb4c3-9cf4-43ec-9770-cdcc3d715fa2');
INSERT INTO account_operation (id, amount, description, operation_date, type, bank_account_id) VALUES (525, 1341.1, 'Amendis', '2026-05-12 19:56:31', 'DEBIT', 'acc-effcb4c3-9cf4-43ec-9770-cdcc3d715fa2');
INSERT INTO account_operation (id, amount, description, operation_date, type, bank_account_id) VALUES (526, 480.29, 'ONCF Train', '2026-03-05 19:56:31', 'DEBIT', 'acc-effcb4c3-9cf4-43ec-9770-cdcc3d715fa2');
INSERT INTO account_operation (id, amount, description, operation_date, type, bank_account_id) VALUES (527, 1133.46, 'Marjane Supermarket', '2026-04-25 19:56:31', 'DEBIT', 'acc-effcb4c3-9cf4-43ec-9770-cdcc3d715fa2');
INSERT INTO account_operation (id, amount, description, operation_date, type, bank_account_id) VALUES (528, 29.43, 'Decathlon', '2026-04-19 19:56:31', 'DEBIT', 'acc-effcb4c3-9cf4-43ec-9770-cdcc3d715fa2');
INSERT INTO account_operation (id, amount, description, operation_date, type, bank_account_id) VALUES (529, 236.7, 'Restaurant', '2026-01-23 19:56:31', 'DEBIT', 'acc-effcb4c3-9cf4-43ec-9770-cdcc3d715fa2');
INSERT INTO account_operation (id, amount, description, operation_date, type, bank_account_id) VALUES (530, 8541.8, 'Dividend Payout', '2026-04-15 19:56:31', 'CREDIT', 'acc-effcb4c3-9cf4-43ec-9770-cdcc3d715fa2');
INSERT INTO account_operation (id, amount, description, operation_date, type, bank_account_id) VALUES (531, 13702.27, 'Dividend Payout', '2026-01-02 19:56:31', 'CREDIT', 'acc-effcb4c3-9cf4-43ec-9770-cdcc3d715fa2');
INSERT INTO account_operation (id, amount, description, operation_date, type, bank_account_id) VALUES (532, 1905.95, 'LC Waikiki', '2026-03-14 19:56:31', 'DEBIT', 'acc-effcb4c3-9cf4-43ec-9770-cdcc3d715fa2');
INSERT INTO account_operation (id, amount, description, operation_date, type, bank_account_id) VALUES (533, 130.33, 'Redal', '2026-04-28 19:56:31', 'DEBIT', 'acc-effcb4c3-9cf4-43ec-9770-cdcc3d715fa2');
INSERT INTO account_operation (id, amount, description, operation_date, type, bank_account_id) VALUES (534, 1934.46, 'ONCF Train', '2026-05-17 19:56:31', 'DEBIT', 'acc-effcb4c3-9cf4-43ec-9770-cdcc3d715fa2');
INSERT INTO account_operation (id, amount, description, operation_date, type, bank_account_id) VALUES (535, 454.76, 'Restaurant', '2026-05-07 19:56:31', 'DEBIT', 'acc-effcb4c3-9cf4-43ec-9770-cdcc3d715fa2');
INSERT INTO account_operation (id, amount, description, operation_date, type, bank_account_id) VALUES (536, 98.0, 'Marjane Supermarket', '2026-02-09 19:56:31', 'DEBIT', 'acc-effcb4c3-9cf4-43ec-9770-cdcc3d715fa2');
INSERT INTO account_operation (id, amount, description, operation_date, type, bank_account_id) VALUES (537, 1333.73, 'ONEE Electricity', '2025-12-09 19:56:31', 'DEBIT', 'acc-effcb4c3-9cf4-43ec-9770-cdcc3d715fa2');
INSERT INTO account_operation (id, amount, description, operation_date, type, bank_account_id) VALUES (538, 671.87, 'Maroc Telecom', '2026-05-05 19:56:31', 'DEBIT', 'acc-effcb4c3-9cf4-43ec-9770-cdcc3d715fa2');
INSERT INTO account_operation (id, amount, description, operation_date, type, bank_account_id) VALUES (539, 5512.28, 'Salary Deposit', '2026-04-27 19:56:31', 'CREDIT', 'acc-effcb4c3-9cf4-43ec-9770-cdcc3d715fa2');
INSERT INTO account_operation (id, amount, description, operation_date, type, bank_account_id) VALUES (540, 1166.9, 'Freelance Payment', '2026-04-28 19:56:31', 'CREDIT', 'acc-effcb4c3-9cf4-43ec-9770-cdcc3d715fa2');
INSERT INTO account_operation (id, amount, description, operation_date, type, bank_account_id) VALUES (541, 695.63, 'ONEE Electricity', '2026-05-30 19:56:31', 'DEBIT', 'acc-effcb4c3-9cf4-43ec-9770-cdcc3d715fa2');
INSERT INTO account_operation (id, amount, description, operation_date, type, bank_account_id) VALUES (542, 325.17, 'Orange', '2026-01-29 19:56:31', 'DEBIT', 'acc-effcb4c3-9cf4-43ec-9770-cdcc3d715fa2');
INSERT INTO account_operation (id, amount, description, operation_date, type, bank_account_id) VALUES (543, 4488.55, 'Freelance Payment', '2026-06-13 19:56:31', 'CREDIT', 'acc-effcb4c3-9cf4-43ec-9770-cdcc3d715fa2');
INSERT INTO account_operation (id, amount, description, operation_date, type, bank_account_id) VALUES (544, 645.98, 'Inwi', '2026-05-11 19:56:31', 'DEBIT', 'acc-effcb4c3-9cf4-43ec-9770-cdcc3d715fa2');
INSERT INTO account_operation (id, amount, description, operation_date, type, bank_account_id) VALUES (545, 930.61, 'ONEE Electricity', '2026-01-01 19:56:31', 'DEBIT', 'acc-effcb4c3-9cf4-43ec-9770-cdcc3d715fa2');
INSERT INTO account_operation (id, amount, description, operation_date, type, bank_account_id) VALUES (546, 346.86, 'Decathlon', '2026-03-27 19:56:31', 'DEBIT', 'acc-effcb4c3-9cf4-43ec-9770-cdcc3d715fa2');
INSERT INTO account_operation (id, amount, description, operation_date, type, bank_account_id) VALUES (547, 1506.75, 'Zara', '2026-05-06 19:56:31', 'DEBIT', 'acc-effcb4c3-9cf4-43ec-9770-cdcc3d715fa2');
INSERT INTO account_operation (id, amount, description, operation_date, type, bank_account_id) VALUES (548, 1172.94, 'Decathlon', '2026-02-24 19:56:31', 'DEBIT', 'acc-effcb4c3-9cf4-43ec-9770-cdcc3d715fa2');
INSERT INTO account_operation (id, amount, description, operation_date, type, bank_account_id) VALUES (549, 1261.94, 'Amendis', '2026-02-26 19:56:31', 'DEBIT', 'acc-effcb4c3-9cf4-43ec-9770-cdcc3d715fa2');
INSERT INTO account_operation (id, amount, description, operation_date, type, bank_account_id) VALUES (550, 1770.53, 'Restaurant', '2026-04-28 19:56:31', 'DEBIT', 'acc-effcb4c3-9cf4-43ec-9770-cdcc3d715fa2');
INSERT INTO account_operation (id, amount, description, operation_date, type, bank_account_id) VALUES (551, 3367.89, 'Salary Deposit', '2026-04-04 19:56:31', 'CREDIT', 'acc-effcb4c3-9cf4-43ec-9770-cdcc3d715fa2');
INSERT INTO bank_account (id, type, balance, created_at, customer_id, over_draft, interest_rate) VALUES ('acc-1944829c-6125-499a-b80c-d799d72de457', 'CURR', 68156.69, '2025-10-16 19:56:31', 11, 8274.05, NULL);
INSERT INTO account_operation (id, amount, description, operation_date, type, bank_account_id) VALUES (552, 19856.45, 'Initial Account Funding', '2025-10-16 19:56:31', 'CREDIT', 'acc-1944829c-6125-499a-b80c-d799d72de457');
INSERT INTO account_operation (id, amount, description, operation_date, type, bank_account_id) VALUES (553, 1391.31, 'Redal', '2025-12-30 19:56:31', 'DEBIT', 'acc-1944829c-6125-499a-b80c-d799d72de457');
INSERT INTO account_operation (id, amount, description, operation_date, type, bank_account_id) VALUES (554, 3021.72, 'Transfer Received', '2025-10-18 19:56:31', 'CREDIT', 'acc-1944829c-6125-499a-b80c-d799d72de457');
INSERT INTO account_operation (id, amount, description, operation_date, type, bank_account_id) VALUES (555, 895.15, 'Marjane Supermarket', '2026-04-16 19:56:31', 'DEBIT', 'acc-1944829c-6125-499a-b80c-d799d72de457');
INSERT INTO account_operation (id, amount, description, operation_date, type, bank_account_id) VALUES (556, 211.98, 'Amendis', '2026-04-18 19:56:31', 'DEBIT', 'acc-1944829c-6125-499a-b80c-d799d72de457');
INSERT INTO account_operation (id, amount, description, operation_date, type, bank_account_id) VALUES (557, 370.04, 'Amendis', '2026-04-22 19:56:31', 'DEBIT', 'acc-1944829c-6125-499a-b80c-d799d72de457');
INSERT INTO account_operation (id, amount, description, operation_date, type, bank_account_id) VALUES (558, 12333.43, 'Dividend Payout', '2026-05-20 19:56:31', 'CREDIT', 'acc-1944829c-6125-499a-b80c-d799d72de457');
INSERT INTO account_operation (id, amount, description, operation_date, type, bank_account_id) VALUES (559, 14161.85, 'Salary Deposit', '2026-05-07 19:56:31', 'CREDIT', 'acc-1944829c-6125-499a-b80c-d799d72de457');
INSERT INTO account_operation (id, amount, description, operation_date, type, bank_account_id) VALUES (560, 602.89, 'Restaurant', '2026-02-10 19:56:31', 'DEBIT', 'acc-1944829c-6125-499a-b80c-d799d72de457');
INSERT INTO account_operation (id, amount, description, operation_date, type, bank_account_id) VALUES (561, 624.02, 'ONEE Electricity', '2026-01-24 19:56:31', 'DEBIT', 'acc-1944829c-6125-499a-b80c-d799d72de457');
INSERT INTO account_operation (id, amount, description, operation_date, type, bank_account_id) VALUES (562, 1209.71, 'LC Waikiki', '2026-01-31 19:56:31', 'DEBIT', 'acc-1944829c-6125-499a-b80c-d799d72de457');
INSERT INTO account_operation (id, amount, description, operation_date, type, bank_account_id) VALUES (563, 405.08, 'Marjane Supermarket', '2026-03-06 19:56:31', 'DEBIT', 'acc-1944829c-6125-499a-b80c-d799d72de457');
INSERT INTO account_operation (id, amount, description, operation_date, type, bank_account_id) VALUES (564, 913.43, 'ONCF Train', '2025-12-15 19:56:31', 'DEBIT', 'acc-1944829c-6125-499a-b80c-d799d72de457');
INSERT INTO account_operation (id, amount, description, operation_date, type, bank_account_id) VALUES (565, 1134.68, 'ONEE Electricity', '2026-01-29 19:56:31', 'DEBIT', 'acc-1944829c-6125-499a-b80c-d799d72de457');
INSERT INTO account_operation (id, amount, description, operation_date, type, bank_account_id) VALUES (566, 324.07, 'Inwi', '2025-12-06 19:56:31', 'DEBIT', 'acc-1944829c-6125-499a-b80c-d799d72de457');
INSERT INTO account_operation (id, amount, description, operation_date, type, bank_account_id) VALUES (567, 54.91, 'Spotify', '2026-03-05 19:56:31', 'DEBIT', 'acc-1944829c-6125-499a-b80c-d799d72de457');
INSERT INTO account_operation (id, amount, description, operation_date, type, bank_account_id) VALUES (568, 3463.43, 'Cash Deposit', '2026-02-12 19:56:31', 'CREDIT', 'acc-1944829c-6125-499a-b80c-d799d72de457');
INSERT INTO account_operation (id, amount, description, operation_date, type, bank_account_id) VALUES (569, 4424.53, 'Freelance Payment', '2026-06-21 19:56:31', 'CREDIT', 'acc-1944829c-6125-499a-b80c-d799d72de457');
INSERT INTO account_operation (id, amount, description, operation_date, type, bank_account_id) VALUES (570, 1348.93, 'Maroc Telecom', '2026-01-26 19:56:31', 'DEBIT', 'acc-1944829c-6125-499a-b80c-d799d72de457');
INSERT INTO account_operation (id, amount, description, operation_date, type, bank_account_id) VALUES (571, 10299.68, 'Cash Deposit', '2025-10-21 19:56:31', 'CREDIT', 'acc-1944829c-6125-499a-b80c-d799d72de457');
INSERT INTO account_operation (id, amount, description, operation_date, type, bank_account_id) VALUES (572, 13265.51, 'Dividend Payout', '2026-01-09 19:56:31', 'CREDIT', 'acc-1944829c-6125-499a-b80c-d799d72de457');
INSERT INTO account_operation (id, amount, description, operation_date, type, bank_account_id) VALUES (573, 718.66, 'Marjane Supermarket', '2025-11-14 19:56:31', 'DEBIT', 'acc-1944829c-6125-499a-b80c-d799d72de457');
INSERT INTO account_operation (id, amount, description, operation_date, type, bank_account_id) VALUES (574, 1727.36, 'Spotify', '2025-12-17 19:56:31', 'DEBIT', 'acc-1944829c-6125-499a-b80c-d799d72de457');
INSERT INTO account_operation (id, amount, description, operation_date, type, bank_account_id) VALUES (575, 737.69, 'Netflix Subscription', '2025-12-10 19:56:31', 'DEBIT', 'acc-1944829c-6125-499a-b80c-d799d72de457');
INSERT INTO bank_account (id, type, balance, created_at, customer_id, over_draft, interest_rate) VALUES ('acc-8023f268-8ca4-441f-a57d-a6c60d06ec54', 'SAVE', 85387.57, '2026-04-06 19:56:31', 11, NULL, 2.92);
INSERT INTO account_operation (id, amount, description, operation_date, type, bank_account_id) VALUES (576, 43185.85, 'Initial Account Funding', '2026-04-06 19:56:31', 'CREDIT', 'acc-8023f268-8ca4-441f-a57d-a6c60d06ec54');
INSERT INTO account_operation (id, amount, description, operation_date, type, bank_account_id) VALUES (577, 13954.5, 'Freelance Payment', '2026-04-30 19:56:31', 'CREDIT', 'acc-8023f268-8ca4-441f-a57d-a6c60d06ec54');
INSERT INTO account_operation (id, amount, description, operation_date, type, bank_account_id) VALUES (578, 1770.99, 'Local Cafe', '2026-06-05 19:56:31', 'DEBIT', 'acc-8023f268-8ca4-441f-a57d-a6c60d06ec54');
INSERT INTO account_operation (id, amount, description, operation_date, type, bank_account_id) VALUES (579, 1578.99, 'Inwi', '2026-04-30 19:56:31', 'DEBIT', 'acc-8023f268-8ca4-441f-a57d-a6c60d06ec54');
INSERT INTO account_operation (id, amount, description, operation_date, type, bank_account_id) VALUES (580, 1845.52, 'Orange', '2026-04-09 19:56:31', 'DEBIT', 'acc-8023f268-8ca4-441f-a57d-a6c60d06ec54');
INSERT INTO account_operation (id, amount, description, operation_date, type, bank_account_id) VALUES (581, 1037.13, 'Netflix Subscription', '2026-04-22 19:56:31', 'DEBIT', 'acc-8023f268-8ca4-441f-a57d-a6c60d06ec54');
INSERT INTO account_operation (id, amount, description, operation_date, type, bank_account_id) VALUES (582, 1752.13, 'Zara', '2026-05-28 19:56:31', 'DEBIT', 'acc-8023f268-8ca4-441f-a57d-a6c60d06ec54');
INSERT INTO account_operation (id, amount, description, operation_date, type, bank_account_id) VALUES (583, 10647.43, 'Dividend Payout', '2026-04-19 19:56:31', 'CREDIT', 'acc-8023f268-8ca4-441f-a57d-a6c60d06ec54');
INSERT INTO account_operation (id, amount, description, operation_date, type, bank_account_id) VALUES (584, 1289.34, 'Restaurant', '2026-05-29 19:56:31', 'DEBIT', 'acc-8023f268-8ca4-441f-a57d-a6c60d06ec54');
INSERT INTO account_operation (id, amount, description, operation_date, type, bank_account_id) VALUES (585, 900.08, 'CTM Bus', '2026-06-26 19:56:31', 'DEBIT', 'acc-8023f268-8ca4-441f-a57d-a6c60d06ec54');
INSERT INTO account_operation (id, amount, description, operation_date, type, bank_account_id) VALUES (586, 1372.5, 'BIM Store', '2026-05-15 19:56:31', 'DEBIT', 'acc-8023f268-8ca4-441f-a57d-a6c60d06ec54');
INSERT INTO account_operation (id, amount, description, operation_date, type, bank_account_id) VALUES (587, 910.34, 'Marjane Supermarket', '2026-04-09 19:56:31', 'DEBIT', 'acc-8023f268-8ca4-441f-a57d-a6c60d06ec54');
INSERT INTO account_operation (id, amount, description, operation_date, type, bank_account_id) VALUES (588, 32.19, 'ONEE Electricity', '2026-04-18 19:56:31', 'DEBIT', 'acc-8023f268-8ca4-441f-a57d-a6c60d06ec54');
INSERT INTO account_operation (id, amount, description, operation_date, type, bank_account_id) VALUES (589, 611.04, 'Pharmacy', '2026-06-07 19:56:31', 'DEBIT', 'acc-8023f268-8ca4-441f-a57d-a6c60d06ec54');
INSERT INTO account_operation (id, amount, description, operation_date, type, bank_account_id) VALUES (590, 1041.86, 'Inwi', '2026-05-14 19:56:31', 'DEBIT', 'acc-8023f268-8ca4-441f-a57d-a6c60d06ec54');
INSERT INTO account_operation (id, amount, description, operation_date, type, bank_account_id) VALUES (591, 8638.45, 'Freelance Payment', '2026-05-25 19:56:31', 'CREDIT', 'acc-8023f268-8ca4-441f-a57d-a6c60d06ec54');
INSERT INTO account_operation (id, amount, description, operation_date, type, bank_account_id) VALUES (592, 1058.05, 'Spotify', '2026-05-09 19:56:31', 'DEBIT', 'acc-8023f268-8ca4-441f-a57d-a6c60d06ec54');
INSERT INTO account_operation (id, amount, description, operation_date, type, bank_account_id) VALUES (593, 450.82, 'Carrefour', '2026-06-01 19:56:31', 'DEBIT', 'acc-8023f268-8ca4-441f-a57d-a6c60d06ec54');
INSERT INTO account_operation (id, amount, description, operation_date, type, bank_account_id) VALUES (594, 2265.38, 'Freelance Payment', '2026-05-20 19:56:31', 'CREDIT', 'acc-8023f268-8ca4-441f-a57d-a6c60d06ec54');
INSERT INTO account_operation (id, amount, description, operation_date, type, bank_account_id) VALUES (595, 4213.89, 'Salary Deposit', '2026-04-28 19:56:31', 'CREDIT', 'acc-8023f268-8ca4-441f-a57d-a6c60d06ec54');
INSERT INTO account_operation (id, amount, description, operation_date, type, bank_account_id) VALUES (596, 1697.69, 'CTM Bus', '2026-05-24 19:56:31', 'DEBIT', 'acc-8023f268-8ca4-441f-a57d-a6c60d06ec54');
INSERT INTO account_operation (id, amount, description, operation_date, type, bank_account_id) VALUES (597, 1427.42, 'Spotify', '2026-04-29 19:56:31', 'DEBIT', 'acc-8023f268-8ca4-441f-a57d-a6c60d06ec54');
INSERT INTO account_operation (id, amount, description, operation_date, type, bank_account_id) VALUES (598, 1062.84, 'Inwi', '2026-05-27 19:56:31', 'DEBIT', 'acc-8023f268-8ca4-441f-a57d-a6c60d06ec54');
INSERT INTO account_operation (id, amount, description, operation_date, type, bank_account_id) VALUES (599, 704.06, 'Spotify', '2026-06-19 19:56:31', 'DEBIT', 'acc-8023f268-8ca4-441f-a57d-a6c60d06ec54');
INSERT INTO account_operation (id, amount, description, operation_date, type, bank_account_id) VALUES (600, 1650.27, 'CTM Bus', '2026-06-21 19:56:31', 'DEBIT', 'acc-8023f268-8ca4-441f-a57d-a6c60d06ec54');
INSERT INTO account_operation (id, amount, description, operation_date, type, bank_account_id) VALUES (601, 1968.6, 'Pharmacy', '2026-04-12 19:56:31', 'DEBIT', 'acc-8023f268-8ca4-441f-a57d-a6c60d06ec54');
INSERT INTO account_operation (id, amount, description, operation_date, type, bank_account_id) VALUES (602, 14380.32, 'Dividend Payout', '2026-06-20 19:56:31', 'CREDIT', 'acc-8023f268-8ca4-441f-a57d-a6c60d06ec54');
INSERT INTO account_operation (id, amount, description, operation_date, type, bank_account_id) VALUES (603, 7120.63, 'Transfer Received', '2026-05-05 19:56:31', 'CREDIT', 'acc-8023f268-8ca4-441f-a57d-a6c60d06ec54');
INSERT INTO account_operation (id, amount, description, operation_date, type, bank_account_id) VALUES (604, 1855.1, 'BIM Store', '2026-06-18 19:56:31', 'DEBIT', 'acc-8023f268-8ca4-441f-a57d-a6c60d06ec54');
INSERT INTO account_operation (id, amount, description, operation_date, type, bank_account_id) VALUES (605, 10462.17, 'Transfer Received', '2026-05-16 19:56:31', 'CREDIT', 'acc-8023f268-8ca4-441f-a57d-a6c60d06ec54');
INSERT INTO account_operation (id, amount, description, operation_date, type, bank_account_id) VALUES (606, 1303.81, 'Decathlon', '2026-06-19 19:56:31', 'DEBIT', 'acc-8023f268-8ca4-441f-a57d-a6c60d06ec54');
INSERT INTO account_operation (id, amount, description, operation_date, type, bank_account_id) VALUES (607, 1423.17, 'BIM Store', '2026-06-08 19:56:31', 'DEBIT', 'acc-8023f268-8ca4-441f-a57d-a6c60d06ec54');
INSERT INTO account_operation (id, amount, description, operation_date, type, bank_account_id) VALUES (608, 39.19, 'Zara', '2026-04-08 19:56:31', 'DEBIT', 'acc-8023f268-8ca4-441f-a57d-a6c60d06ec54');
INSERT INTO account_operation (id, amount, description, operation_date, type, bank_account_id) VALUES (609, 697.92, 'Inwi', '2026-05-04 19:56:31', 'DEBIT', 'acc-8023f268-8ca4-441f-a57d-a6c60d06ec54');

INSERT INTO customer (id, name, email) VALUES (12, 'Amina Tahiri', 'amina.tahiri@gmail.com');
INSERT INTO bank_account (id, type, balance, created_at, customer_id, over_draft, interest_rate) VALUES ('acc-e8780730-78b7-49cc-b739-fbc209f4741e', 'CURR', 88108.67, '2026-01-29 19:56:31', 12, 8489.31, NULL);
INSERT INTO account_operation (id, amount, description, operation_date, type, bank_account_id) VALUES (610, 46657.63, 'Initial Account Funding', '2026-01-29 19:56:31', 'CREDIT', 'acc-e8780730-78b7-49cc-b739-fbc209f4741e');
INSERT INTO account_operation (id, amount, description, operation_date, type, bank_account_id) VALUES (611, 880.58, 'Amendis', '2026-01-29 19:56:31', 'DEBIT', 'acc-e8780730-78b7-49cc-b739-fbc209f4741e');
INSERT INTO account_operation (id, amount, description, operation_date, type, bank_account_id) VALUES (612, 670.76, 'Restaurant', '2026-03-06 19:56:31', 'DEBIT', 'acc-e8780730-78b7-49cc-b739-fbc209f4741e');
INSERT INTO account_operation (id, amount, description, operation_date, type, bank_account_id) VALUES (613, 679.32, 'BIM Store', '2026-02-16 19:56:31', 'DEBIT', 'acc-e8780730-78b7-49cc-b739-fbc209f4741e');
INSERT INTO account_operation (id, amount, description, operation_date, type, bank_account_id) VALUES (614, 1612.6, 'Decathlon', '2026-02-10 19:56:31', 'DEBIT', 'acc-e8780730-78b7-49cc-b739-fbc209f4741e');
INSERT INTO account_operation (id, amount, description, operation_date, type, bank_account_id) VALUES (615, 1839.04, 'Orange', '2026-03-22 19:56:31', 'DEBIT', 'acc-e8780730-78b7-49cc-b739-fbc209f4741e');
INSERT INTO account_operation (id, amount, description, operation_date, type, bank_account_id) VALUES (616, 12481.89, 'Freelance Payment', '2026-04-03 19:56:31', 'CREDIT', 'acc-e8780730-78b7-49cc-b739-fbc209f4741e');
INSERT INTO account_operation (id, amount, description, operation_date, type, bank_account_id) VALUES (617, 4753.74, 'Freelance Payment', '2026-02-21 19:56:31', 'CREDIT', 'acc-e8780730-78b7-49cc-b739-fbc209f4741e');
INSERT INTO account_operation (id, amount, description, operation_date, type, bank_account_id) VALUES (618, 1444.76, 'Marjane Supermarket', '2026-04-30 19:56:31', 'DEBIT', 'acc-e8780730-78b7-49cc-b739-fbc209f4741e');
INSERT INTO account_operation (id, amount, description, operation_date, type, bank_account_id) VALUES (619, 13783.64, 'Salary Deposit', '2026-05-31 19:56:31', 'CREDIT', 'acc-e8780730-78b7-49cc-b739-fbc209f4741e');
INSERT INTO account_operation (id, amount, description, operation_date, type, bank_account_id) VALUES (620, 321.96, 'Orange', '2026-03-23 19:56:31', 'DEBIT', 'acc-e8780730-78b7-49cc-b739-fbc209f4741e');
INSERT INTO account_operation (id, amount, description, operation_date, type, bank_account_id) VALUES (621, 1923.34, 'Marjane Supermarket', '2026-06-26 19:56:31', 'DEBIT', 'acc-e8780730-78b7-49cc-b739-fbc209f4741e');
INSERT INTO account_operation (id, amount, description, operation_date, type, bank_account_id) VALUES (622, 900.72, 'Local Cafe', '2026-02-08 19:56:31', 'DEBIT', 'acc-e8780730-78b7-49cc-b739-fbc209f4741e');
INSERT INTO account_operation (id, amount, description, operation_date, type, bank_account_id) VALUES (623, 9834.27, 'Cash Deposit', '2026-02-20 19:56:31', 'CREDIT', 'acc-e8780730-78b7-49cc-b739-fbc209f4741e');
INSERT INTO account_operation (id, amount, description, operation_date, type, bank_account_id) VALUES (624, 449.88, 'ONEE Electricity', '2026-04-20 19:56:31', 'DEBIT', 'acc-e8780730-78b7-49cc-b739-fbc209f4741e');
INSERT INTO account_operation (id, amount, description, operation_date, type, bank_account_id) VALUES (625, 231.31, 'Local Cafe', '2026-04-03 19:56:31', 'DEBIT', 'acc-e8780730-78b7-49cc-b739-fbc209f4741e');
INSERT INTO account_operation (id, amount, description, operation_date, type, bank_account_id) VALUES (626, 1464.83, 'Maroc Telecom', '2026-02-26 19:56:31', 'DEBIT', 'acc-e8780730-78b7-49cc-b739-fbc209f4741e');
INSERT INTO account_operation (id, amount, description, operation_date, type, bank_account_id) VALUES (627, 637.82, 'Maroc Telecom', '2026-04-05 19:56:31', 'DEBIT', 'acc-e8780730-78b7-49cc-b739-fbc209f4741e');
INSERT INTO account_operation (id, amount, description, operation_date, type, bank_account_id) VALUES (628, 12278.69, 'Transfer Received', '2026-02-04 19:56:31', 'CREDIT', 'acc-e8780730-78b7-49cc-b739-fbc209f4741e');
INSERT INTO account_operation (id, amount, description, operation_date, type, bank_account_id) VALUES (629, 1578.38, 'CTM Bus', '2026-03-10 19:56:31', 'DEBIT', 'acc-e8780730-78b7-49cc-b739-fbc209f4741e');
INSERT INTO account_operation (id, amount, description, operation_date, type, bank_account_id) VALUES (630, 1714.01, 'Redal', '2026-03-17 19:56:31', 'DEBIT', 'acc-e8780730-78b7-49cc-b739-fbc209f4741e');
INSERT INTO account_operation (id, amount, description, operation_date, type, bank_account_id) VALUES (631, 885.63, 'Marjane Supermarket', '2026-05-25 19:56:31', 'DEBIT', 'acc-e8780730-78b7-49cc-b739-fbc209f4741e');
INSERT INTO account_operation (id, amount, description, operation_date, type, bank_account_id) VALUES (632, 4125.03, 'Cash Deposit', '2026-05-23 19:56:31', 'CREDIT', 'acc-e8780730-78b7-49cc-b739-fbc209f4741e');
INSERT INTO account_operation (id, amount, description, operation_date, type, bank_account_id) VALUES (633, 1822.24, 'Marjane Supermarket', '2026-03-02 19:56:31', 'DEBIT', 'acc-e8780730-78b7-49cc-b739-fbc209f4741e');
INSERT INTO account_operation (id, amount, description, operation_date, type, bank_account_id) VALUES (634, 1601.76, 'Redal', '2026-01-29 19:56:31', 'DEBIT', 'acc-e8780730-78b7-49cc-b739-fbc209f4741e');
INSERT INTO account_operation (id, amount, description, operation_date, type, bank_account_id) VALUES (635, 1855.75, 'ONEE Electricity', '2026-02-12 19:56:31', 'DEBIT', 'acc-e8780730-78b7-49cc-b739-fbc209f4741e');
INSERT INTO account_operation (id, amount, description, operation_date, type, bank_account_id) VALUES (636, 1013.53, 'CTM Bus', '2026-02-24 19:56:31', 'DEBIT', 'acc-e8780730-78b7-49cc-b739-fbc209f4741e');
INSERT INTO account_operation (id, amount, description, operation_date, type, bank_account_id) VALUES (637, 14700.09, 'Transfer Received', '2026-04-26 19:56:31', 'CREDIT', 'acc-e8780730-78b7-49cc-b739-fbc209f4741e');
INSERT INTO account_operation (id, amount, description, operation_date, type, bank_account_id) VALUES (638, 919.57, 'Marjane Supermarket', '2026-06-12 19:56:31', 'DEBIT', 'acc-e8780730-78b7-49cc-b739-fbc209f4741e');
INSERT INTO account_operation (id, amount, description, operation_date, type, bank_account_id) VALUES (639, 2530.28, 'Cash Deposit', '2026-06-27 19:56:31', 'CREDIT', 'acc-e8780730-78b7-49cc-b739-fbc209f4741e');
INSERT INTO account_operation (id, amount, description, operation_date, type, bank_account_id) VALUES (640, 520.77, 'Pharmacy', '2026-06-25 19:56:31', 'DEBIT', 'acc-e8780730-78b7-49cc-b739-fbc209f4741e');
INSERT INTO account_operation (id, amount, description, operation_date, type, bank_account_id) VALUES (641, 930.4, 'Inwi', '2026-02-22 19:56:31', 'DEBIT', 'acc-e8780730-78b7-49cc-b739-fbc209f4741e');
INSERT INTO account_operation (id, amount, description, operation_date, type, bank_account_id) VALUES (642, 1476.53, 'Amendis', '2026-02-08 19:56:31', 'DEBIT', 'acc-e8780730-78b7-49cc-b739-fbc209f4741e');
INSERT INTO account_operation (id, amount, description, operation_date, type, bank_account_id) VALUES (643, 1935.42, 'Inwi', '2026-04-01 19:56:31', 'DEBIT', 'acc-e8780730-78b7-49cc-b739-fbc209f4741e');
INSERT INTO account_operation (id, amount, description, operation_date, type, bank_account_id) VALUES (644, 1374.73, 'ONEE Electricity', '2026-03-31 19:56:31', 'DEBIT', 'acc-e8780730-78b7-49cc-b739-fbc209f4741e');
INSERT INTO account_operation (id, amount, description, operation_date, type, bank_account_id) VALUES (645, 638.27, 'Decathlon', '2026-05-10 19:56:31', 'DEBIT', 'acc-e8780730-78b7-49cc-b739-fbc209f4741e');
INSERT INTO account_operation (id, amount, description, operation_date, type, bank_account_id) VALUES (646, 1712.68, 'Carrefour', '2026-03-01 19:56:31', 'DEBIT', 'acc-e8780730-78b7-49cc-b739-fbc209f4741e');

INSERT INTO customer (id, name, email) VALUES (13, 'Sanae Tazi', 'sanae.tazi@gmail.com');
INSERT INTO bank_account (id, type, balance, created_at, customer_id, over_draft, interest_rate) VALUES ('acc-76e1520e-b575-49a3-b56a-98b5fbc58dbf', 'SAVE', 49631.07, '2025-10-20 19:56:31', 13, NULL, 4.15);
INSERT INTO account_operation (id, amount, description, operation_date, type, bank_account_id) VALUES (647, 29481.38, 'Initial Account Funding', '2025-10-20 19:56:31', 'CREDIT', 'acc-76e1520e-b575-49a3-b56a-98b5fbc58dbf');
INSERT INTO account_operation (id, amount, description, operation_date, type, bank_account_id) VALUES (648, 14152.0, 'Transfer Received', '2026-04-01 19:56:31', 'CREDIT', 'acc-76e1520e-b575-49a3-b56a-98b5fbc58dbf');
INSERT INTO account_operation (id, amount, description, operation_date, type, bank_account_id) VALUES (649, 1215.67, 'Pharmacy', '2026-06-21 19:56:31', 'DEBIT', 'acc-76e1520e-b575-49a3-b56a-98b5fbc58dbf');
INSERT INTO account_operation (id, amount, description, operation_date, type, bank_account_id) VALUES (650, 615.28, 'Restaurant', '2025-12-06 19:56:31', 'DEBIT', 'acc-76e1520e-b575-49a3-b56a-98b5fbc58dbf');
INSERT INTO account_operation (id, amount, description, operation_date, type, bank_account_id) VALUES (651, 717.24, 'Netflix Subscription', '2026-06-19 19:56:31', 'DEBIT', 'acc-76e1520e-b575-49a3-b56a-98b5fbc58dbf');
INSERT INTO account_operation (id, amount, description, operation_date, type, bank_account_id) VALUES (652, 1256.13, 'LC Waikiki', '2026-03-18 19:56:31', 'DEBIT', 'acc-76e1520e-b575-49a3-b56a-98b5fbc58dbf');
INSERT INTO account_operation (id, amount, description, operation_date, type, bank_account_id) VALUES (653, 427.29, 'LC Waikiki', '2025-11-02 19:56:31', 'DEBIT', 'acc-76e1520e-b575-49a3-b56a-98b5fbc58dbf');
INSERT INTO account_operation (id, amount, description, operation_date, type, bank_account_id) VALUES (654, 4961.43, 'Cash Deposit', '2026-02-14 19:56:31', 'CREDIT', 'acc-76e1520e-b575-49a3-b56a-98b5fbc58dbf');
INSERT INTO account_operation (id, amount, description, operation_date, type, bank_account_id) VALUES (655, 1976.8, 'Orange', '2025-11-14 19:56:31', 'DEBIT', 'acc-76e1520e-b575-49a3-b56a-98b5fbc58dbf');
INSERT INTO account_operation (id, amount, description, operation_date, type, bank_account_id) VALUES (656, 1527.01, 'Netflix Subscription', '2026-04-06 19:56:31', 'DEBIT', 'acc-76e1520e-b575-49a3-b56a-98b5fbc58dbf');
INSERT INTO account_operation (id, amount, description, operation_date, type, bank_account_id) VALUES (657, 1773.06, 'ONEE Electricity', '2026-03-25 19:56:31', 'DEBIT', 'acc-76e1520e-b575-49a3-b56a-98b5fbc58dbf');
INSERT INTO account_operation (id, amount, description, operation_date, type, bank_account_id) VALUES (658, 260.52, 'Inwi', '2025-12-28 19:56:31', 'DEBIT', 'acc-76e1520e-b575-49a3-b56a-98b5fbc58dbf');
INSERT INTO account_operation (id, amount, description, operation_date, type, bank_account_id) VALUES (659, 1988.43, 'BIM Store', '2026-01-22 19:56:31', 'DEBIT', 'acc-76e1520e-b575-49a3-b56a-98b5fbc58dbf');
INSERT INTO account_operation (id, amount, description, operation_date, type, bank_account_id) VALUES (660, 12130.93, 'Dividend Payout', '2026-03-22 19:56:31', 'CREDIT', 'acc-76e1520e-b575-49a3-b56a-98b5fbc58dbf');
INSERT INTO account_operation (id, amount, description, operation_date, type, bank_account_id) VALUES (661, 1253.62, 'Inwi', '2026-03-26 19:56:31', 'DEBIT', 'acc-76e1520e-b575-49a3-b56a-98b5fbc58dbf');
INSERT INTO account_operation (id, amount, description, operation_date, type, bank_account_id) VALUES (662, 1461.03, 'Pharmacy', '2026-04-13 19:56:31', 'DEBIT', 'acc-76e1520e-b575-49a3-b56a-98b5fbc58dbf');
INSERT INTO account_operation (id, amount, description, operation_date, type, bank_account_id) VALUES (663, 130.29, 'Netflix Subscription', '2026-04-11 19:56:31', 'DEBIT', 'acc-76e1520e-b575-49a3-b56a-98b5fbc58dbf');
INSERT INTO account_operation (id, amount, description, operation_date, type, bank_account_id) VALUES (664, 3507.7, 'Cash Deposit', '2026-02-23 19:56:31', 'CREDIT', 'acc-76e1520e-b575-49a3-b56a-98b5fbc58dbf');
INSERT INTO bank_account (id, type, balance, created_at, customer_id, over_draft, interest_rate) VALUES ('acc-b3067fab-fb6b-4c99-b2ba-8da0833eeaee', 'SAVE', 111636.67, '2026-05-25 19:56:31', 13, NULL, 3.84);
INSERT INTO account_operation (id, amount, description, operation_date, type, bank_account_id) VALUES (665, 48131.09, 'Initial Account Funding', '2026-05-25 19:56:31', 'CREDIT', 'acc-b3067fab-fb6b-4c99-b2ba-8da0833eeaee');
INSERT INTO account_operation (id, amount, description, operation_date, type, bank_account_id) VALUES (666, 691.96, 'Zara', '2026-06-13 19:56:31', 'DEBIT', 'acc-b3067fab-fb6b-4c99-b2ba-8da0833eeaee');
INSERT INTO account_operation (id, amount, description, operation_date, type, bank_account_id) VALUES (667, 1237.9, 'Amendis', '2026-06-15 19:56:31', 'DEBIT', 'acc-b3067fab-fb6b-4c99-b2ba-8da0833eeaee');
INSERT INTO account_operation (id, amount, description, operation_date, type, bank_account_id) VALUES (668, 1771.67, 'Pharmacy', '2026-06-24 19:56:31', 'DEBIT', 'acc-b3067fab-fb6b-4c99-b2ba-8da0833eeaee');
INSERT INTO account_operation (id, amount, description, operation_date, type, bank_account_id) VALUES (669, 1899.83, 'Decathlon', '2026-06-07 19:56:31', 'DEBIT', 'acc-b3067fab-fb6b-4c99-b2ba-8da0833eeaee');
INSERT INTO account_operation (id, amount, description, operation_date, type, bank_account_id) VALUES (670, 989.52, 'Spotify', '2026-06-17 19:56:31', 'DEBIT', 'acc-b3067fab-fb6b-4c99-b2ba-8da0833eeaee');
INSERT INTO account_operation (id, amount, description, operation_date, type, bank_account_id) VALUES (671, 13020.18, 'Cash Deposit', '2026-05-29 19:56:31', 'CREDIT', 'acc-b3067fab-fb6b-4c99-b2ba-8da0833eeaee');
INSERT INTO account_operation (id, amount, description, operation_date, type, bank_account_id) VALUES (672, 538.05, 'Carrefour', '2026-06-17 19:56:31', 'DEBIT', 'acc-b3067fab-fb6b-4c99-b2ba-8da0833eeaee');
INSERT INTO account_operation (id, amount, description, operation_date, type, bank_account_id) VALUES (673, 1293.84, 'Orange', '2026-05-26 19:56:31', 'DEBIT', 'acc-b3067fab-fb6b-4c99-b2ba-8da0833eeaee');
INSERT INTO account_operation (id, amount, description, operation_date, type, bank_account_id) VALUES (674, 1176.52, 'CTM Bus', '2026-06-27 19:56:31', 'DEBIT', 'acc-b3067fab-fb6b-4c99-b2ba-8da0833eeaee');
INSERT INTO account_operation (id, amount, description, operation_date, type, bank_account_id) VALUES (675, 1452.0, 'Decathlon', '2026-06-19 19:56:31', 'DEBIT', 'acc-b3067fab-fb6b-4c99-b2ba-8da0833eeaee');
INSERT INTO account_operation (id, amount, description, operation_date, type, bank_account_id) VALUES (676, 243.63, 'Pharmacy', '2026-06-05 19:56:31', 'DEBIT', 'acc-b3067fab-fb6b-4c99-b2ba-8da0833eeaee');
INSERT INTO account_operation (id, amount, description, operation_date, type, bank_account_id) VALUES (677, 2220.09, 'Cash Deposit', '2026-06-12 19:56:31', 'CREDIT', 'acc-b3067fab-fb6b-4c99-b2ba-8da0833eeaee');
INSERT INTO account_operation (id, amount, description, operation_date, type, bank_account_id) VALUES (678, 2380.78, 'Cash Deposit', '2026-06-12 19:56:31', 'CREDIT', 'acc-b3067fab-fb6b-4c99-b2ba-8da0833eeaee');
INSERT INTO account_operation (id, amount, description, operation_date, type, bank_account_id) VALUES (679, 110.98, 'Decathlon', '2026-06-12 19:56:31', 'DEBIT', 'acc-b3067fab-fb6b-4c99-b2ba-8da0833eeaee');
INSERT INTO account_operation (id, amount, description, operation_date, type, bank_account_id) VALUES (680, 8394.76, 'Dividend Payout', '2026-05-29 19:56:31', 'CREDIT', 'acc-b3067fab-fb6b-4c99-b2ba-8da0833eeaee');
INSERT INTO account_operation (id, amount, description, operation_date, type, bank_account_id) VALUES (681, 428.46, 'Marjane Supermarket', '2026-06-26 19:56:31', 'DEBIT', 'acc-b3067fab-fb6b-4c99-b2ba-8da0833eeaee');
INSERT INTO account_operation (id, amount, description, operation_date, type, bank_account_id) VALUES (682, 1119.68, 'Decathlon', '2026-06-04 19:56:31', 'DEBIT', 'acc-b3067fab-fb6b-4c99-b2ba-8da0833eeaee');
INSERT INTO account_operation (id, amount, description, operation_date, type, bank_account_id) VALUES (683, 12227.27, 'Freelance Payment', '2026-06-04 19:56:31', 'CREDIT', 'acc-b3067fab-fb6b-4c99-b2ba-8da0833eeaee');
INSERT INTO account_operation (id, amount, description, operation_date, type, bank_account_id) VALUES (684, 7174.39, 'Salary Deposit', '2026-06-13 19:56:31', 'CREDIT', 'acc-b3067fab-fb6b-4c99-b2ba-8da0833eeaee');
INSERT INTO account_operation (id, amount, description, operation_date, type, bank_account_id) VALUES (685, 1085.64, 'Zara', '2026-06-05 19:56:31', 'DEBIT', 'acc-b3067fab-fb6b-4c99-b2ba-8da0833eeaee');
INSERT INTO account_operation (id, amount, description, operation_date, type, bank_account_id) VALUES (686, 1601.35, 'BIM Store', '2026-05-26 19:56:31', 'DEBIT', 'acc-b3067fab-fb6b-4c99-b2ba-8da0833eeaee');
INSERT INTO account_operation (id, amount, description, operation_date, type, bank_account_id) VALUES (687, 649.04, 'Restaurant', '2026-06-01 19:56:31', 'DEBIT', 'acc-b3067fab-fb6b-4c99-b2ba-8da0833eeaee');
INSERT INTO account_operation (id, amount, description, operation_date, type, bank_account_id) VALUES (688, 171.57, 'Restaurant', '2026-05-30 19:56:31', 'DEBIT', 'acc-b3067fab-fb6b-4c99-b2ba-8da0833eeaee');
INSERT INTO account_operation (id, amount, description, operation_date, type, bank_account_id) VALUES (689, 795.32, 'Pharmacy', '2026-06-02 19:56:31', 'DEBIT', 'acc-b3067fab-fb6b-4c99-b2ba-8da0833eeaee');
INSERT INTO account_operation (id, amount, description, operation_date, type, bank_account_id) VALUES (690, 1388.85, 'Spotify', '2026-06-03 19:56:31', 'DEBIT', 'acc-b3067fab-fb6b-4c99-b2ba-8da0833eeaee');
INSERT INTO account_operation (id, amount, description, operation_date, type, bank_account_id) VALUES (691, 573.46, 'ONCF Train', '2026-05-29 19:56:31', 'DEBIT', 'acc-b3067fab-fb6b-4c99-b2ba-8da0833eeaee');
INSERT INTO account_operation (id, amount, description, operation_date, type, bank_account_id) VALUES (692, 1603.58, 'Local Cafe', '2026-06-01 19:56:31', 'DEBIT', 'acc-b3067fab-fb6b-4c99-b2ba-8da0833eeaee');
INSERT INTO account_operation (id, amount, description, operation_date, type, bank_account_id) VALUES (693, 422.5, 'LC Waikiki', '2026-06-28 19:56:31', 'DEBIT', 'acc-b3067fab-fb6b-4c99-b2ba-8da0833eeaee');
INSERT INTO account_operation (id, amount, description, operation_date, type, bank_account_id) VALUES (694, 428.36, 'Restaurant', '2026-06-25 19:56:31', 'DEBIT', 'acc-b3067fab-fb6b-4c99-b2ba-8da0833eeaee');
INSERT INTO account_operation (id, amount, description, operation_date, type, bank_account_id) VALUES (695, 1658.61, 'ONEE Electricity', '2026-06-25 19:56:31', 'DEBIT', 'acc-b3067fab-fb6b-4c99-b2ba-8da0833eeaee');
INSERT INTO account_operation (id, amount, description, operation_date, type, bank_account_id) VALUES (696, 671.15, 'Decathlon', '2026-06-19 19:56:31', 'DEBIT', 'acc-b3067fab-fb6b-4c99-b2ba-8da0833eeaee');
INSERT INTO account_operation (id, amount, description, operation_date, type, bank_account_id) VALUES (697, 7955.69, 'Dividend Payout', '2026-05-27 19:56:31', 'CREDIT', 'acc-b3067fab-fb6b-4c99-b2ba-8da0833eeaee');
INSERT INTO account_operation (id, amount, description, operation_date, type, bank_account_id) VALUES (698, 1510.83, 'ONEE Electricity', '2026-05-28 19:56:31', 'DEBIT', 'acc-b3067fab-fb6b-4c99-b2ba-8da0833eeaee');
INSERT INTO account_operation (id, amount, description, operation_date, type, bank_account_id) VALUES (699, 56.08, 'Pharmacy', '2026-06-09 19:56:31', 'DEBIT', 'acc-b3067fab-fb6b-4c99-b2ba-8da0833eeaee');
INSERT INTO account_operation (id, amount, description, operation_date, type, bank_account_id) VALUES (700, 1802.14, 'LC Waikiki', '2026-06-26 19:56:31', 'DEBIT', 'acc-b3067fab-fb6b-4c99-b2ba-8da0833eeaee');
INSERT INTO account_operation (id, amount, description, operation_date, type, bank_account_id) VALUES (701, 682.72, 'Redal', '2026-06-15 19:56:31', 'DEBIT', 'acc-b3067fab-fb6b-4c99-b2ba-8da0833eeaee');
INSERT INTO account_operation (id, amount, description, operation_date, type, bank_account_id) VALUES (702, 14461.14, 'Cash Deposit', '2026-06-15 19:56:31', 'CREDIT', 'acc-b3067fab-fb6b-4c99-b2ba-8da0833eeaee');
INSERT INTO account_operation (id, amount, description, operation_date, type, bank_account_id) VALUES (703, 1090.26, 'Maroc Telecom', '2026-06-07 19:56:31', 'DEBIT', 'acc-b3067fab-fb6b-4c99-b2ba-8da0833eeaee');
INSERT INTO account_operation (id, amount, description, operation_date, type, bank_account_id) VALUES (704, 100.96, 'Marjane Supermarket', '2026-06-20 19:56:31', 'DEBIT', 'acc-b3067fab-fb6b-4c99-b2ba-8da0833eeaee');
INSERT INTO account_operation (id, amount, description, operation_date, type, bank_account_id) VALUES (705, 7863.27, 'Freelance Payment', '2026-06-12 19:56:31', 'CREDIT', 'acc-b3067fab-fb6b-4c99-b2ba-8da0833eeaee');
INSERT INTO account_operation (id, amount, description, operation_date, type, bank_account_id) VALUES (706, 1228.54, 'Marjane Supermarket', '2026-05-28 19:56:31', 'DEBIT', 'acc-b3067fab-fb6b-4c99-b2ba-8da0833eeaee');
INSERT INTO account_operation (id, amount, description, operation_date, type, bank_account_id) VALUES (707, 1337.78, 'Spotify', '2026-06-05 19:56:31', 'DEBIT', 'acc-b3067fab-fb6b-4c99-b2ba-8da0833eeaee');
INSERT INTO account_operation (id, amount, description, operation_date, type, bank_account_id) VALUES (708, 13543.16, 'Cash Deposit', '2026-06-13 19:56:31', 'CREDIT', 'acc-b3067fab-fb6b-4c99-b2ba-8da0833eeaee');
INSERT INTO account_operation (id, amount, description, operation_date, type, bank_account_id) VALUES (709, 25.0, 'ONCF Train', '2026-06-29 19:56:31', 'DEBIT', 'acc-b3067fab-fb6b-4c99-b2ba-8da0833eeaee');
INSERT INTO account_operation (id, amount, description, operation_date, type, bank_account_id) VALUES (710, 6295.87, 'Freelance Payment', '2026-06-22 19:56:31', 'CREDIT', 'acc-b3067fab-fb6b-4c99-b2ba-8da0833eeaee');
INSERT INTO account_operation (id, amount, description, operation_date, type, bank_account_id) VALUES (711, 193.24, 'Inwi', '2026-06-27 19:56:31', 'DEBIT', 'acc-b3067fab-fb6b-4c99-b2ba-8da0833eeaee');

INSERT INTO customer (id, name, email) VALUES (14, 'Omar Mansouri', 'omar.mansouri@gmail.com');
INSERT INTO bank_account (id, type, balance, created_at, customer_id, over_draft, interest_rate) VALUES ('acc-6479c1e2-943b-48ed-a052-0f309990fbf0', 'SAVE', 56709.63, '2025-09-25 19:56:31', 14, NULL, 2.49);
INSERT INTO account_operation (id, amount, description, operation_date, type, bank_account_id) VALUES (712, 41587.92, 'Initial Account Funding', '2025-09-25 19:56:31', 'CREDIT', 'acc-6479c1e2-943b-48ed-a052-0f309990fbf0');
INSERT INTO account_operation (id, amount, description, operation_date, type, bank_account_id) VALUES (713, 852.23, 'BIM Store', '2026-04-19 19:56:31', 'DEBIT', 'acc-6479c1e2-943b-48ed-a052-0f309990fbf0');
INSERT INTO account_operation (id, amount, description, operation_date, type, bank_account_id) VALUES (714, 733.39, 'ONEE Electricity', '2025-10-14 19:56:31', 'DEBIT', 'acc-6479c1e2-943b-48ed-a052-0f309990fbf0');
INSERT INTO account_operation (id, amount, description, operation_date, type, bank_account_id) VALUES (715, 327.62, 'Carrefour', '2026-05-01 19:56:31', 'DEBIT', 'acc-6479c1e2-943b-48ed-a052-0f309990fbf0');
INSERT INTO account_operation (id, amount, description, operation_date, type, bank_account_id) VALUES (716, 12857.6, 'Freelance Payment', '2025-10-23 19:56:31', 'CREDIT', 'acc-6479c1e2-943b-48ed-a052-0f309990fbf0');
INSERT INTO account_operation (id, amount, description, operation_date, type, bank_account_id) VALUES (717, 1247.49, 'Netflix Subscription', '2025-11-05 19:56:31', 'DEBIT', 'acc-6479c1e2-943b-48ed-a052-0f309990fbf0');
INSERT INTO account_operation (id, amount, description, operation_date, type, bank_account_id) VALUES (718, 26.88, 'Amendis', '2026-04-02 19:56:31', 'DEBIT', 'acc-6479c1e2-943b-48ed-a052-0f309990fbf0');
INSERT INTO account_operation (id, amount, description, operation_date, type, bank_account_id) VALUES (719, 510.82, 'Redal', '2026-04-05 19:56:31', 'DEBIT', 'acc-6479c1e2-943b-48ed-a052-0f309990fbf0');
INSERT INTO account_operation (id, amount, description, operation_date, type, bank_account_id) VALUES (720, 10385.71, 'Cash Deposit', '2025-11-06 19:56:31', 'CREDIT', 'acc-6479c1e2-943b-48ed-a052-0f309990fbf0');
INSERT INTO account_operation (id, amount, description, operation_date, type, bank_account_id) VALUES (721, 41.65, 'Restaurant', '2026-01-20 19:56:31', 'DEBIT', 'acc-6479c1e2-943b-48ed-a052-0f309990fbf0');
INSERT INTO account_operation (id, amount, description, operation_date, type, bank_account_id) VALUES (722, 2017.53, 'Cash Deposit', '2026-06-14 19:56:31', 'CREDIT', 'acc-6479c1e2-943b-48ed-a052-0f309990fbf0');
INSERT INTO account_operation (id, amount, description, operation_date, type, bank_account_id) VALUES (723, 991.69, 'Redal', '2026-03-16 19:56:31', 'DEBIT', 'acc-6479c1e2-943b-48ed-a052-0f309990fbf0');
INSERT INTO account_operation (id, amount, description, operation_date, type, bank_account_id) VALUES (724, 1738.53, 'Redal', '2026-06-25 19:56:31', 'DEBIT', 'acc-6479c1e2-943b-48ed-a052-0f309990fbf0');
INSERT INTO account_operation (id, amount, description, operation_date, type, bank_account_id) VALUES (725, 1703.67, 'ONEE Electricity', '2025-10-28 19:56:31', 'DEBIT', 'acc-6479c1e2-943b-48ed-a052-0f309990fbf0');
INSERT INTO account_operation (id, amount, description, operation_date, type, bank_account_id) VALUES (726, 1965.16, 'Carrefour', '2026-03-04 19:56:31', 'DEBIT', 'acc-6479c1e2-943b-48ed-a052-0f309990fbf0');
INSERT INTO bank_account (id, type, balance, created_at, customer_id, over_draft, interest_rate) VALUES ('acc-e5f00142-20b1-4a9c-a72c-aed3fc2e0f1f', 'SAVE', 26118.53, '2026-01-10 19:56:31', 14, NULL, 2.93);
INSERT INTO account_operation (id, amount, description, operation_date, type, bank_account_id) VALUES (727, 6855.75, 'Initial Account Funding', '2026-01-10 19:56:31', 'CREDIT', 'acc-e5f00142-20b1-4a9c-a72c-aed3fc2e0f1f');
INSERT INTO account_operation (id, amount, description, operation_date, type, bank_account_id) VALUES (728, 355.08, 'ONEE Electricity', '2026-02-09 19:56:31', 'DEBIT', 'acc-e5f00142-20b1-4a9c-a72c-aed3fc2e0f1f');
INSERT INTO account_operation (id, amount, description, operation_date, type, bank_account_id) VALUES (729, 1504.9, 'Zara', '2026-03-07 19:56:31', 'DEBIT', 'acc-e5f00142-20b1-4a9c-a72c-aed3fc2e0f1f');
INSERT INTO account_operation (id, amount, description, operation_date, type, bank_account_id) VALUES (730, 486.59, 'Carrefour', '2026-05-14 19:56:31', 'DEBIT', 'acc-e5f00142-20b1-4a9c-a72c-aed3fc2e0f1f');
INSERT INTO account_operation (id, amount, description, operation_date, type, bank_account_id) VALUES (731, 8132.42, 'Cash Deposit', '2026-03-13 19:56:31', 'CREDIT', 'acc-e5f00142-20b1-4a9c-a72c-aed3fc2e0f1f');
INSERT INTO account_operation (id, amount, description, operation_date, type, bank_account_id) VALUES (732, 1139.92, 'Inwi', '2026-05-16 19:56:31', 'DEBIT', 'acc-e5f00142-20b1-4a9c-a72c-aed3fc2e0f1f');
INSERT INTO account_operation (id, amount, description, operation_date, type, bank_account_id) VALUES (733, 1236.44, 'ONEE Electricity', '2026-06-07 19:56:31', 'DEBIT', 'acc-e5f00142-20b1-4a9c-a72c-aed3fc2e0f1f');
INSERT INTO account_operation (id, amount, description, operation_date, type, bank_account_id) VALUES (734, 195.93, 'Restaurant', '2026-06-07 19:56:31', 'DEBIT', 'acc-e5f00142-20b1-4a9c-a72c-aed3fc2e0f1f');
INSERT INTO account_operation (id, amount, description, operation_date, type, bank_account_id) VALUES (735, 400.27, 'BIM Store', '2026-03-13 19:56:31', 'DEBIT', 'acc-e5f00142-20b1-4a9c-a72c-aed3fc2e0f1f');
INSERT INTO account_operation (id, amount, description, operation_date, type, bank_account_id) VALUES (736, 4801.4, 'Transfer Received', '2026-03-08 19:56:31', 'CREDIT', 'acc-e5f00142-20b1-4a9c-a72c-aed3fc2e0f1f');
INSERT INTO account_operation (id, amount, description, operation_date, type, bank_account_id) VALUES (737, 1717.7, 'Zara', '2026-01-29 19:56:31', 'DEBIT', 'acc-e5f00142-20b1-4a9c-a72c-aed3fc2e0f1f');
INSERT INTO account_operation (id, amount, description, operation_date, type, bank_account_id) VALUES (738, 1678.93, 'Spotify', '2026-06-24 19:56:31', 'DEBIT', 'acc-e5f00142-20b1-4a9c-a72c-aed3fc2e0f1f');
INSERT INTO account_operation (id, amount, description, operation_date, type, bank_account_id) VALUES (739, 1956.3, 'Maroc Telecom', '2026-03-16 19:56:31', 'DEBIT', 'acc-e5f00142-20b1-4a9c-a72c-aed3fc2e0f1f');
INSERT INTO account_operation (id, amount, description, operation_date, type, bank_account_id) VALUES (740, 1325.51, 'Carrefour', '2026-05-14 19:56:31', 'DEBIT', 'acc-e5f00142-20b1-4a9c-a72c-aed3fc2e0f1f');
INSERT INTO account_operation (id, amount, description, operation_date, type, bank_account_id) VALUES (741, 198.52, 'Decathlon', '2026-04-14 19:56:31', 'DEBIT', 'acc-e5f00142-20b1-4a9c-a72c-aed3fc2e0f1f');
INSERT INTO account_operation (id, amount, description, operation_date, type, bank_account_id) VALUES (742, 590.52, 'Netflix Subscription', '2026-04-04 19:56:31', 'DEBIT', 'acc-e5f00142-20b1-4a9c-a72c-aed3fc2e0f1f');
INSERT INTO account_operation (id, amount, description, operation_date, type, bank_account_id) VALUES (743, 1282.89, 'Decathlon', '2026-01-16 19:56:31', 'DEBIT', 'acc-e5f00142-20b1-4a9c-a72c-aed3fc2e0f1f');
INSERT INTO account_operation (id, amount, description, operation_date, type, bank_account_id) VALUES (744, 1536.12, 'Pharmacy', '2026-05-06 19:56:31', 'DEBIT', 'acc-e5f00142-20b1-4a9c-a72c-aed3fc2e0f1f');
INSERT INTO account_operation (id, amount, description, operation_date, type, bank_account_id) VALUES (745, 1786.88, 'Spotify', '2026-03-02 19:56:31', 'DEBIT', 'acc-e5f00142-20b1-4a9c-a72c-aed3fc2e0f1f');
INSERT INTO account_operation (id, amount, description, operation_date, type, bank_account_id) VALUES (746, 852.22, 'Orange', '2026-05-22 19:56:31', 'DEBIT', 'acc-e5f00142-20b1-4a9c-a72c-aed3fc2e0f1f');
INSERT INTO account_operation (id, amount, description, operation_date, type, bank_account_id) VALUES (747, 1551.93, 'ONCF Train', '2026-02-24 19:56:31', 'DEBIT', 'acc-e5f00142-20b1-4a9c-a72c-aed3fc2e0f1f');
INSERT INTO account_operation (id, amount, description, operation_date, type, bank_account_id) VALUES (748, 1093.96, 'Redal', '2026-03-09 19:56:31', 'DEBIT', 'acc-e5f00142-20b1-4a9c-a72c-aed3fc2e0f1f');
INSERT INTO account_operation (id, amount, description, operation_date, type, bank_account_id) VALUES (749, 1522.03, 'Restaurant', '2026-06-05 19:56:31', 'DEBIT', 'acc-e5f00142-20b1-4a9c-a72c-aed3fc2e0f1f');
INSERT INTO account_operation (id, amount, description, operation_date, type, bank_account_id) VALUES (750, 823.62, 'BIM Store', '2026-01-26 19:56:31', 'DEBIT', 'acc-e5f00142-20b1-4a9c-a72c-aed3fc2e0f1f');
INSERT INTO account_operation (id, amount, description, operation_date, type, bank_account_id) VALUES (751, 161.02, 'ONCF Train', '2026-05-31 19:56:31', 'DEBIT', 'acc-e5f00142-20b1-4a9c-a72c-aed3fc2e0f1f');
INSERT INTO account_operation (id, amount, description, operation_date, type, bank_account_id) VALUES (752, 8001.83, 'Transfer Received', '2026-06-29 19:56:31', 'CREDIT', 'acc-e5f00142-20b1-4a9c-a72c-aed3fc2e0f1f');
INSERT INTO account_operation (id, amount, description, operation_date, type, bank_account_id) VALUES (753, 657.56, 'Maroc Telecom', '2026-03-28 19:56:31', 'DEBIT', 'acc-e5f00142-20b1-4a9c-a72c-aed3fc2e0f1f');
INSERT INTO account_operation (id, amount, description, operation_date, type, bank_account_id) VALUES (754, 11803.67, 'Cash Deposit', '2026-06-18 19:56:31', 'CREDIT', 'acc-e5f00142-20b1-4a9c-a72c-aed3fc2e0f1f');
INSERT INTO account_operation (id, amount, description, operation_date, type, bank_account_id) VALUES (755, 540.17, 'BIM Store', '2026-02-01 19:56:31', 'DEBIT', 'acc-e5f00142-20b1-4a9c-a72c-aed3fc2e0f1f');
INSERT INTO account_operation (id, amount, description, operation_date, type, bank_account_id) VALUES (756, 546.48, 'Marjane Supermarket', '2026-03-29 19:56:31', 'DEBIT', 'acc-e5f00142-20b1-4a9c-a72c-aed3fc2e0f1f');
INSERT INTO account_operation (id, amount, description, operation_date, type, bank_account_id) VALUES (757, 1044.69, 'Maroc Telecom', '2026-06-29 19:56:31', 'DEBIT', 'acc-e5f00142-20b1-4a9c-a72c-aed3fc2e0f1f');
INSERT INTO account_operation (id, amount, description, operation_date, type, bank_account_id) VALUES (758, 1995.47, 'Amendis', '2026-06-19 19:56:31', 'DEBIT', 'acc-e5f00142-20b1-4a9c-a72c-aed3fc2e0f1f');
INSERT INTO account_operation (id, amount, description, operation_date, type, bank_account_id) VALUES (759, 1177.32, 'Spotify', '2026-06-17 19:56:31', 'DEBIT', 'acc-e5f00142-20b1-4a9c-a72c-aed3fc2e0f1f');
INSERT INTO account_operation (id, amount, description, operation_date, type, bank_account_id) VALUES (760, 624.69, 'Marjane Supermarket', '2026-03-30 19:56:31', 'DEBIT', 'acc-e5f00142-20b1-4a9c-a72c-aed3fc2e0f1f');
INSERT INTO account_operation (id, amount, description, operation_date, type, bank_account_id) VALUES (761, 641.24, 'ONEE Electricity', '2026-06-23 19:56:31', 'DEBIT', 'acc-e5f00142-20b1-4a9c-a72c-aed3fc2e0f1f');
INSERT INTO account_operation (id, amount, description, operation_date, type, bank_account_id) VALUES (762, 1241.88, 'Pharmacy', '2026-06-20 19:56:31', 'DEBIT', 'acc-e5f00142-20b1-4a9c-a72c-aed3fc2e0f1f');
INSERT INTO account_operation (id, amount, description, operation_date, type, bank_account_id) VALUES (763, 1832.04, 'Restaurant', '2026-04-03 19:56:31', 'DEBIT', 'acc-e5f00142-20b1-4a9c-a72c-aed3fc2e0f1f');
INSERT INTO account_operation (id, amount, description, operation_date, type, bank_account_id) VALUES (764, 1956.78, 'Restaurant', '2026-05-06 19:56:31', 'DEBIT', 'acc-e5f00142-20b1-4a9c-a72c-aed3fc2e0f1f');
INSERT INTO account_operation (id, amount, description, operation_date, type, bank_account_id) VALUES (765, 599.38, 'Orange', '2026-01-28 19:56:31', 'DEBIT', 'acc-e5f00142-20b1-4a9c-a72c-aed3fc2e0f1f');
INSERT INTO account_operation (id, amount, description, operation_date, type, bank_account_id) VALUES (766, 13060.92, 'Dividend Payout', '2026-01-25 19:56:31', 'CREDIT', 'acc-e5f00142-20b1-4a9c-a72c-aed3fc2e0f1f');
INSERT INTO account_operation (id, amount, description, operation_date, type, bank_account_id) VALUES (767, 9717.52, 'Cash Deposit', '2026-05-01 19:56:31', 'CREDIT', 'acc-e5f00142-20b1-4a9c-a72c-aed3fc2e0f1f');
INSERT INTO bank_account (id, type, balance, created_at, customer_id, over_draft, interest_rate) VALUES ('acc-66dc7c5e-d37f-41a5-9846-1201fcf6c05e', 'CURR', 30296.98, '2025-11-16 19:56:31', 14, 5082.76, NULL);
INSERT INTO account_operation (id, amount, description, operation_date, type, bank_account_id) VALUES (768, 30385.19, 'Initial Account Funding', '2025-11-16 19:56:31', 'CREDIT', 'acc-66dc7c5e-d37f-41a5-9846-1201fcf6c05e');
INSERT INTO account_operation (id, amount, description, operation_date, type, bank_account_id) VALUES (769, 1751.64, 'Amendis', '2025-12-11 19:56:31', 'DEBIT', 'acc-66dc7c5e-d37f-41a5-9846-1201fcf6c05e');
INSERT INTO account_operation (id, amount, description, operation_date, type, bank_account_id) VALUES (770, 1306.97, 'Restaurant', '2026-02-22 19:56:31', 'DEBIT', 'acc-66dc7c5e-d37f-41a5-9846-1201fcf6c05e');
INSERT INTO account_operation (id, amount, description, operation_date, type, bank_account_id) VALUES (771, 1829.04, 'Maroc Telecom', '2026-04-01 19:56:31', 'DEBIT', 'acc-66dc7c5e-d37f-41a5-9846-1201fcf6c05e');
INSERT INTO account_operation (id, amount, description, operation_date, type, bank_account_id) VALUES (772, 1082.56, 'Zara', '2025-12-21 19:56:31', 'DEBIT', 'acc-66dc7c5e-d37f-41a5-9846-1201fcf6c05e');
INSERT INTO account_operation (id, amount, description, operation_date, type, bank_account_id) VALUES (773, 61.61, 'Spotify', '2026-02-24 19:56:31', 'DEBIT', 'acc-66dc7c5e-d37f-41a5-9846-1201fcf6c05e');
INSERT INTO account_operation (id, amount, description, operation_date, type, bank_account_id) VALUES (774, 636.2, 'Pharmacy', '2025-12-23 19:56:31', 'DEBIT', 'acc-66dc7c5e-d37f-41a5-9846-1201fcf6c05e');
INSERT INTO account_operation (id, amount, description, operation_date, type, bank_account_id) VALUES (775, 1748.81, 'Marjane Supermarket', '2026-01-29 19:56:31', 'DEBIT', 'acc-66dc7c5e-d37f-41a5-9846-1201fcf6c05e');
INSERT INTO account_operation (id, amount, description, operation_date, type, bank_account_id) VALUES (776, 11624.7, 'Salary Deposit', '2026-01-29 19:56:31', 'CREDIT', 'acc-66dc7c5e-d37f-41a5-9846-1201fcf6c05e');
INSERT INTO account_operation (id, amount, description, operation_date, type, bank_account_id) VALUES (777, 1289.25, 'ONCF Train', '2026-02-27 19:56:31', 'DEBIT', 'acc-66dc7c5e-d37f-41a5-9846-1201fcf6c05e');
INSERT INTO account_operation (id, amount, description, operation_date, type, bank_account_id) VALUES (778, 1832.24, 'BIM Store', '2026-05-11 19:56:31', 'DEBIT', 'acc-66dc7c5e-d37f-41a5-9846-1201fcf6c05e');
INSERT INTO account_operation (id, amount, description, operation_date, type, bank_account_id) VALUES (779, 1438.27, 'Decathlon', '2026-06-11 19:56:31', 'DEBIT', 'acc-66dc7c5e-d37f-41a5-9846-1201fcf6c05e');
INSERT INTO account_operation (id, amount, description, operation_date, type, bank_account_id) VALUES (780, 728.14, 'Inwi', '2025-12-21 19:56:31', 'DEBIT', 'acc-66dc7c5e-d37f-41a5-9846-1201fcf6c05e');
INSERT INTO account_operation (id, amount, description, operation_date, type, bank_account_id) VALUES (781, 984.84, 'LC Waikiki', '2026-05-12 19:56:31', 'DEBIT', 'acc-66dc7c5e-d37f-41a5-9846-1201fcf6c05e');
INSERT INTO account_operation (id, amount, description, operation_date, type, bank_account_id) VALUES (782, 1464.32, 'LC Waikiki', '2026-04-18 19:56:31', 'DEBIT', 'acc-66dc7c5e-d37f-41a5-9846-1201fcf6c05e');
INSERT INTO account_operation (id, amount, description, operation_date, type, bank_account_id) VALUES (783, 1873.27, 'Orange', '2026-05-21 19:56:31', 'DEBIT', 'acc-66dc7c5e-d37f-41a5-9846-1201fcf6c05e');
INSERT INTO account_operation (id, amount, description, operation_date, type, bank_account_id) VALUES (784, 1125.61, 'Amendis', '2026-06-21 19:56:31', 'DEBIT', 'acc-66dc7c5e-d37f-41a5-9846-1201fcf6c05e');
INSERT INTO account_operation (id, amount, description, operation_date, type, bank_account_id) VALUES (785, 970.52, 'Redal', '2025-12-15 19:56:31', 'DEBIT', 'acc-66dc7c5e-d37f-41a5-9846-1201fcf6c05e');
INSERT INTO account_operation (id, amount, description, operation_date, type, bank_account_id) VALUES (786, 660.69, 'Marjane Supermarket', '2025-11-27 19:56:31', 'DEBIT', 'acc-66dc7c5e-d37f-41a5-9846-1201fcf6c05e');
INSERT INTO account_operation (id, amount, description, operation_date, type, bank_account_id) VALUES (787, 1023.07, 'Maroc Telecom', '2025-11-28 19:56:31', 'DEBIT', 'acc-66dc7c5e-d37f-41a5-9846-1201fcf6c05e');
INSERT INTO account_operation (id, amount, description, operation_date, type, bank_account_id) VALUES (788, 12322.6, 'Cash Deposit', '2026-06-12 19:56:31', 'CREDIT', 'acc-66dc7c5e-d37f-41a5-9846-1201fcf6c05e');
INSERT INTO account_operation (id, amount, description, operation_date, type, bank_account_id) VALUES (789, 1114.93, 'CTM Bus', '2026-02-17 19:56:31', 'DEBIT', 'acc-66dc7c5e-d37f-41a5-9846-1201fcf6c05e');
INSERT INTO account_operation (id, amount, description, operation_date, type, bank_account_id) VALUES (790, 1113.53, 'Inwi', '2026-01-16 19:56:31', 'DEBIT', 'acc-66dc7c5e-d37f-41a5-9846-1201fcf6c05e');

INSERT INTO customer (id, name, email) VALUES (15, 'Hamza Benali', 'hamza.benali@gmail.com');
INSERT INTO bank_account (id, type, balance, created_at, customer_id, over_draft, interest_rate) VALUES ('acc-45dd2c49-52af-4e88-b2cc-49bd7b328fbc', 'CURR', 32034.76, '2025-08-24 19:56:31', 15, 3920.95, NULL);
INSERT INTO account_operation (id, amount, description, operation_date, type, bank_account_id) VALUES (791, 13503.44, 'Initial Account Funding', '2025-08-24 19:56:31', 'CREDIT', 'acc-45dd2c49-52af-4e88-b2cc-49bd7b328fbc');
INSERT INTO account_operation (id, amount, description, operation_date, type, bank_account_id) VALUES (792, 1064.55, 'Redal', '2025-09-02 19:56:31', 'DEBIT', 'acc-45dd2c49-52af-4e88-b2cc-49bd7b328fbc');
INSERT INTO account_operation (id, amount, description, operation_date, type, bank_account_id) VALUES (793, 1053.63, 'Amendis', '2026-01-21 19:56:31', 'DEBIT', 'acc-45dd2c49-52af-4e88-b2cc-49bd7b328fbc');
INSERT INTO account_operation (id, amount, description, operation_date, type, bank_account_id) VALUES (794, 1132.48, 'Pharmacy', '2026-02-05 19:56:31', 'DEBIT', 'acc-45dd2c49-52af-4e88-b2cc-49bd7b328fbc');
INSERT INTO account_operation (id, amount, description, operation_date, type, bank_account_id) VALUES (795, 1656.43, 'Inwi', '2026-03-11 19:56:31', 'DEBIT', 'acc-45dd2c49-52af-4e88-b2cc-49bd7b328fbc');
INSERT INTO account_operation (id, amount, description, operation_date, type, bank_account_id) VALUES (796, 7251.08, 'Cash Deposit', '2026-06-09 19:56:31', 'CREDIT', 'acc-45dd2c49-52af-4e88-b2cc-49bd7b328fbc');
INSERT INTO account_operation (id, amount, description, operation_date, type, bank_account_id) VALUES (797, 221.69, 'Marjane Supermarket', '2025-09-07 19:56:31', 'DEBIT', 'acc-45dd2c49-52af-4e88-b2cc-49bd7b328fbc');
INSERT INTO account_operation (id, amount, description, operation_date, type, bank_account_id) VALUES (798, 6048.89, 'Salary Deposit', '2026-06-09 19:56:31', 'CREDIT', 'acc-45dd2c49-52af-4e88-b2cc-49bd7b328fbc');
INSERT INTO account_operation (id, amount, description, operation_date, type, bank_account_id) VALUES (799, 779.19, 'Zara', '2025-11-27 19:56:31', 'DEBIT', 'acc-45dd2c49-52af-4e88-b2cc-49bd7b328fbc');
INSERT INTO account_operation (id, amount, description, operation_date, type, bank_account_id) VALUES (800, 8235.92, 'Dividend Payout', '2025-11-12 19:56:31', 'CREDIT', 'acc-45dd2c49-52af-4e88-b2cc-49bd7b328fbc');
INSERT INTO account_operation (id, amount, description, operation_date, type, bank_account_id) VALUES (801, 4299.11, 'Freelance Payment', '2026-04-20 19:56:31', 'CREDIT', 'acc-45dd2c49-52af-4e88-b2cc-49bd7b328fbc');
INSERT INTO account_operation (id, amount, description, operation_date, type, bank_account_id) VALUES (802, 3570.07, 'Cash Deposit', '2025-09-27 19:56:31', 'CREDIT', 'acc-45dd2c49-52af-4e88-b2cc-49bd7b328fbc');
INSERT INTO account_operation (id, amount, description, operation_date, type, bank_account_id) VALUES (803, 1642.07, 'Restaurant', '2025-09-04 19:56:31', 'DEBIT', 'acc-45dd2c49-52af-4e88-b2cc-49bd7b328fbc');
INSERT INTO account_operation (id, amount, description, operation_date, type, bank_account_id) VALUES (804, 746.8, 'Maroc Telecom', '2026-06-18 19:56:31', 'DEBIT', 'acc-45dd2c49-52af-4e88-b2cc-49bd7b328fbc');
INSERT INTO account_operation (id, amount, description, operation_date, type, bank_account_id) VALUES (805, 986.75, 'Orange', '2026-03-04 19:56:31', 'DEBIT', 'acc-45dd2c49-52af-4e88-b2cc-49bd7b328fbc');
INSERT INTO account_operation (id, amount, description, operation_date, type, bank_account_id) VALUES (806, 59.03, 'BIM Store', '2026-03-21 19:56:31', 'DEBIT', 'acc-45dd2c49-52af-4e88-b2cc-49bd7b328fbc');
INSERT INTO account_operation (id, amount, description, operation_date, type, bank_account_id) VALUES (807, 291.64, 'Amendis', '2025-08-25 19:56:31', 'DEBIT', 'acc-45dd2c49-52af-4e88-b2cc-49bd7b328fbc');
INSERT INTO account_operation (id, amount, description, operation_date, type, bank_account_id) VALUES (808, 1720.14, 'Decathlon', '2025-10-29 19:56:31', 'DEBIT', 'acc-45dd2c49-52af-4e88-b2cc-49bd7b328fbc');
INSERT INTO account_operation (id, amount, description, operation_date, type, bank_account_id) VALUES (809, 1556.97, 'Pharmacy', '2025-10-26 19:56:31', 'DEBIT', 'acc-45dd2c49-52af-4e88-b2cc-49bd7b328fbc');
INSERT INTO account_operation (id, amount, description, operation_date, type, bank_account_id) VALUES (810, 139.85, 'Carrefour', '2026-06-12 19:56:31', 'DEBIT', 'acc-45dd2c49-52af-4e88-b2cc-49bd7b328fbc');
INSERT INTO account_operation (id, amount, description, operation_date, type, bank_account_id) VALUES (811, 761.86, 'Carrefour', '2026-05-22 19:56:31', 'DEBIT', 'acc-45dd2c49-52af-4e88-b2cc-49bd7b328fbc');
INSERT INTO account_operation (id, amount, description, operation_date, type, bank_account_id) VALUES (812, 1016.65, 'Redal', '2026-03-13 19:56:31', 'DEBIT', 'acc-45dd2c49-52af-4e88-b2cc-49bd7b328fbc');
INSERT INTO account_operation (id, amount, description, operation_date, type, bank_account_id) VALUES (813, 789.82, 'BIM Store', '2026-04-22 19:56:31', 'DEBIT', 'acc-45dd2c49-52af-4e88-b2cc-49bd7b328fbc');
INSERT INTO account_operation (id, amount, description, operation_date, type, bank_account_id) VALUES (814, 1597.77, 'Inwi', '2026-04-10 19:56:31', 'DEBIT', 'acc-45dd2c49-52af-4e88-b2cc-49bd7b328fbc');
INSERT INTO account_operation (id, amount, description, operation_date, type, bank_account_id) VALUES (815, 1870.62, 'LC Waikiki', '2025-11-23 19:56:31', 'DEBIT', 'acc-45dd2c49-52af-4e88-b2cc-49bd7b328fbc');
INSERT INTO account_operation (id, amount, description, operation_date, type, bank_account_id) VALUES (816, 646.09, 'BIM Store', '2025-11-12 19:56:31', 'DEBIT', 'acc-45dd2c49-52af-4e88-b2cc-49bd7b328fbc');
INSERT INTO account_operation (id, amount, description, operation_date, type, bank_account_id) VALUES (817, 778.25, 'LC Waikiki', '2026-06-28 19:56:31', 'DEBIT', 'acc-45dd2c49-52af-4e88-b2cc-49bd7b328fbc');
INSERT INTO account_operation (id, amount, description, operation_date, type, bank_account_id) VALUES (818, 11352.12, 'Freelance Payment', '2026-03-15 19:56:31', 'CREDIT', 'acc-45dd2c49-52af-4e88-b2cc-49bd7b328fbc');
INSERT INTO account_operation (id, amount, description, operation_date, type, bank_account_id) VALUES (819, 962.59, 'Marjane Supermarket', '2025-08-24 19:56:31', 'DEBIT', 'acc-45dd2c49-52af-4e88-b2cc-49bd7b328fbc');
INSERT INTO account_operation (id, amount, description, operation_date, type, bank_account_id) VALUES (820, 2991.21, 'Cash Deposit', '2026-04-20 19:56:31', 'CREDIT', 'acc-45dd2c49-52af-4e88-b2cc-49bd7b328fbc');
INSERT INTO account_operation (id, amount, description, operation_date, type, bank_account_id) VALUES (821, 108.03, 'CTM Bus', '2026-01-17 19:56:31', 'DEBIT', 'acc-45dd2c49-52af-4e88-b2cc-49bd7b328fbc');
INSERT INTO account_operation (id, amount, description, operation_date, type, bank_account_id) VALUES (822, 1382.76, 'Local Cafe', '2026-06-02 19:56:31', 'DEBIT', 'acc-45dd2c49-52af-4e88-b2cc-49bd7b328fbc');
INSERT INTO account_operation (id, amount, description, operation_date, type, bank_account_id) VALUES (823, 633.65, 'Netflix Subscription', '2026-03-21 19:56:31', 'DEBIT', 'acc-45dd2c49-52af-4e88-b2cc-49bd7b328fbc');
INSERT INTO account_operation (id, amount, description, operation_date, type, bank_account_id) VALUES (824, 1293.31, 'Freelance Payment', '2026-01-11 19:56:31', 'CREDIT', 'acc-45dd2c49-52af-4e88-b2cc-49bd7b328fbc');
INSERT INTO account_operation (id, amount, description, operation_date, type, bank_account_id) VALUES (825, 454.43, 'Pharmacy', '2025-09-18 19:56:31', 'DEBIT', 'acc-45dd2c49-52af-4e88-b2cc-49bd7b328fbc');
INSERT INTO account_operation (id, amount, description, operation_date, type, bank_account_id) VALUES (826, 891.85, 'Local Cafe', '2025-12-22 19:56:31', 'DEBIT', 'acc-45dd2c49-52af-4e88-b2cc-49bd7b328fbc');
INSERT INTO account_operation (id, amount, description, operation_date, type, bank_account_id) VALUES (827, 1564.8, 'Inwi', '2025-10-17 19:56:31', 'DEBIT', 'acc-45dd2c49-52af-4e88-b2cc-49bd7b328fbc');
INSERT INTO bank_account (id, type, balance, created_at, customer_id, over_draft, interest_rate) VALUES ('acc-7bf1b8bd-f1ff-42cc-8616-67d48c6b23c7', 'CURR', 77360.81, '2026-05-20 19:56:31', 15, 2123.92, NULL);
INSERT INTO account_operation (id, amount, description, operation_date, type, bank_account_id) VALUES (828, 10995.21, 'Initial Account Funding', '2026-05-20 19:56:31', 'CREDIT', 'acc-7bf1b8bd-f1ff-42cc-8616-67d48c6b23c7');
INSERT INTO account_operation (id, amount, description, operation_date, type, bank_account_id) VALUES (829, 1546.08, 'Marjane Supermarket', '2026-05-23 19:56:31', 'DEBIT', 'acc-7bf1b8bd-f1ff-42cc-8616-67d48c6b23c7');
INSERT INTO account_operation (id, amount, description, operation_date, type, bank_account_id) VALUES (830, 573.35, 'Spotify', '2026-06-23 19:56:31', 'DEBIT', 'acc-7bf1b8bd-f1ff-42cc-8616-67d48c6b23c7');
INSERT INTO account_operation (id, amount, description, operation_date, type, bank_account_id) VALUES (831, 1152.7, 'Local Cafe', '2026-05-20 19:56:31', 'DEBIT', 'acc-7bf1b8bd-f1ff-42cc-8616-67d48c6b23c7');
INSERT INTO account_operation (id, amount, description, operation_date, type, bank_account_id) VALUES (832, 277.04, 'Carrefour', '2026-06-05 19:56:31', 'DEBIT', 'acc-7bf1b8bd-f1ff-42cc-8616-67d48c6b23c7');
INSERT INTO account_operation (id, amount, description, operation_date, type, bank_account_id) VALUES (833, 1496.6, 'Amendis', '2026-05-24 19:56:31', 'DEBIT', 'acc-7bf1b8bd-f1ff-42cc-8616-67d48c6b23c7');
INSERT INTO account_operation (id, amount, description, operation_date, type, bank_account_id) VALUES (834, 456.96, 'Restaurant', '2026-05-27 19:56:31', 'DEBIT', 'acc-7bf1b8bd-f1ff-42cc-8616-67d48c6b23c7');
INSERT INTO account_operation (id, amount, description, operation_date, type, bank_account_id) VALUES (835, 947.9, 'Netflix Subscription', '2026-06-10 19:56:31', 'DEBIT', 'acc-7bf1b8bd-f1ff-42cc-8616-67d48c6b23c7');
INSERT INTO account_operation (id, amount, description, operation_date, type, bank_account_id) VALUES (836, 1812.92, 'BIM Store', '2026-06-22 19:56:31', 'DEBIT', 'acc-7bf1b8bd-f1ff-42cc-8616-67d48c6b23c7');
INSERT INTO account_operation (id, amount, description, operation_date, type, bank_account_id) VALUES (837, 13452.14, 'Transfer Received', '2026-06-13 19:56:31', 'CREDIT', 'acc-7bf1b8bd-f1ff-42cc-8616-67d48c6b23c7');
INSERT INTO account_operation (id, amount, description, operation_date, type, bank_account_id) VALUES (838, 12251.24, 'Salary Deposit', '2026-06-06 19:56:31', 'CREDIT', 'acc-7bf1b8bd-f1ff-42cc-8616-67d48c6b23c7');
INSERT INTO account_operation (id, amount, description, operation_date, type, bank_account_id) VALUES (839, 387.53, 'ONEE Electricity', '2026-06-27 19:56:31', 'DEBIT', 'acc-7bf1b8bd-f1ff-42cc-8616-67d48c6b23c7');
INSERT INTO account_operation (id, amount, description, operation_date, type, bank_account_id) VALUES (840, 1477.87, 'Local Cafe', '2026-06-26 19:56:31', 'DEBIT', 'acc-7bf1b8bd-f1ff-42cc-8616-67d48c6b23c7');
INSERT INTO account_operation (id, amount, description, operation_date, type, bank_account_id) VALUES (841, 2145.07, 'Transfer Received', '2026-06-13 19:56:31', 'CREDIT', 'acc-7bf1b8bd-f1ff-42cc-8616-67d48c6b23c7');
INSERT INTO account_operation (id, amount, description, operation_date, type, bank_account_id) VALUES (842, 12810.36, 'Salary Deposit', '2026-06-29 19:56:31', 'CREDIT', 'acc-7bf1b8bd-f1ff-42cc-8616-67d48c6b23c7');
INSERT INTO account_operation (id, amount, description, operation_date, type, bank_account_id) VALUES (843, 11994.35, 'Dividend Payout', '2026-06-17 19:56:31', 'CREDIT', 'acc-7bf1b8bd-f1ff-42cc-8616-67d48c6b23c7');
INSERT INTO account_operation (id, amount, description, operation_date, type, bank_account_id) VALUES (844, 2094.61, 'Freelance Payment', '2026-06-06 19:56:31', 'CREDIT', 'acc-7bf1b8bd-f1ff-42cc-8616-67d48c6b23c7');
INSERT INTO account_operation (id, amount, description, operation_date, type, bank_account_id) VALUES (845, 3790.96, 'Transfer Received', '2026-06-03 19:56:31', 'CREDIT', 'acc-7bf1b8bd-f1ff-42cc-8616-67d48c6b23c7');
INSERT INTO account_operation (id, amount, description, operation_date, type, bank_account_id) VALUES (846, 10965.14, 'Transfer Received', '2026-06-10 19:56:31', 'CREDIT', 'acc-7bf1b8bd-f1ff-42cc-8616-67d48c6b23c7');
INSERT INTO account_operation (id, amount, description, operation_date, type, bank_account_id) VALUES (847, 281.99, 'ONCF Train', '2026-06-03 19:56:31', 'DEBIT', 'acc-7bf1b8bd-f1ff-42cc-8616-67d48c6b23c7');
INSERT INTO account_operation (id, amount, description, operation_date, type, bank_account_id) VALUES (848, 154.66, 'Redal', '2026-05-23 19:56:31', 'DEBIT', 'acc-7bf1b8bd-f1ff-42cc-8616-67d48c6b23c7');
INSERT INTO account_operation (id, amount, description, operation_date, type, bank_account_id) VALUES (849, 4661.44, 'Freelance Payment', '2026-05-28 19:56:31', 'CREDIT', 'acc-7bf1b8bd-f1ff-42cc-8616-67d48c6b23c7');
INSERT INTO account_operation (id, amount, description, operation_date, type, bank_account_id) VALUES (850, 101.73, 'BIM Store', '2026-06-10 19:56:31', 'DEBIT', 'acc-7bf1b8bd-f1ff-42cc-8616-67d48c6b23c7');
INSERT INTO account_operation (id, amount, description, operation_date, type, bank_account_id) VALUES (851, 1629.61, 'CTM Bus', '2026-06-12 19:56:31', 'DEBIT', 'acc-7bf1b8bd-f1ff-42cc-8616-67d48c6b23c7');
INSERT INTO account_operation (id, amount, description, operation_date, type, bank_account_id) VALUES (852, 1934.13, 'Marjane Supermarket', '2026-05-21 19:56:31', 'DEBIT', 'acc-7bf1b8bd-f1ff-42cc-8616-67d48c6b23c7');
INSERT INTO account_operation (id, amount, description, operation_date, type, bank_account_id) VALUES (853, 1889.99, 'ONEE Electricity', '2026-06-25 19:56:31', 'DEBIT', 'acc-7bf1b8bd-f1ff-42cc-8616-67d48c6b23c7');
INSERT INTO account_operation (id, amount, description, operation_date, type, bank_account_id) VALUES (854, 1914.16, 'Orange', '2026-06-05 19:56:31', 'DEBIT', 'acc-7bf1b8bd-f1ff-42cc-8616-67d48c6b23c7');
INSERT INTO account_operation (id, amount, description, operation_date, type, bank_account_id) VALUES (855, 10235.51, 'Freelance Payment', '2026-06-15 19:56:31', 'CREDIT', 'acc-7bf1b8bd-f1ff-42cc-8616-67d48c6b23c7');

INSERT INTO customer (id, name, email) VALUES (16, 'Tariq Bennis', 'tariq.bennis@gmail.com');
INSERT INTO bank_account (id, type, balance, created_at, customer_id, over_draft, interest_rate) VALUES ('acc-ad841244-c208-4ac2-8bf3-3d8b7926019e', 'CURR', 138013.14, '2025-07-05 19:56:31', 16, 1610.94, NULL);
INSERT INTO account_operation (id, amount, description, operation_date, type, bank_account_id) VALUES (856, 8668.27, 'Initial Account Funding', '2025-07-05 19:56:31', 'CREDIT', 'acc-ad841244-c208-4ac2-8bf3-3d8b7926019e');
INSERT INTO account_operation (id, amount, description, operation_date, type, bank_account_id) VALUES (857, 813.43, 'LC Waikiki', '2025-09-11 19:56:31', 'DEBIT', 'acc-ad841244-c208-4ac2-8bf3-3d8b7926019e');
INSERT INTO account_operation (id, amount, description, operation_date, type, bank_account_id) VALUES (858, 760.0, 'Restaurant', '2026-05-20 19:56:31', 'DEBIT', 'acc-ad841244-c208-4ac2-8bf3-3d8b7926019e');
INSERT INTO account_operation (id, amount, description, operation_date, type, bank_account_id) VALUES (859, 108.64, 'ONCF Train', '2025-07-28 19:56:31', 'DEBIT', 'acc-ad841244-c208-4ac2-8bf3-3d8b7926019e');
INSERT INTO account_operation (id, amount, description, operation_date, type, bank_account_id) VALUES (860, 5797.38, 'Salary Deposit', '2026-01-25 19:56:31', 'CREDIT', 'acc-ad841244-c208-4ac2-8bf3-3d8b7926019e');
INSERT INTO account_operation (id, amount, description, operation_date, type, bank_account_id) VALUES (861, 1354.81, 'Orange', '2026-01-22 19:56:31', 'DEBIT', 'acc-ad841244-c208-4ac2-8bf3-3d8b7926019e');
INSERT INTO account_operation (id, amount, description, operation_date, type, bank_account_id) VALUES (862, 10682.28, 'Transfer Received', '2025-11-02 19:56:31', 'CREDIT', 'acc-ad841244-c208-4ac2-8bf3-3d8b7926019e');
INSERT INTO account_operation (id, amount, description, operation_date, type, bank_account_id) VALUES (863, 1273.11, 'Pharmacy', '2025-09-28 19:56:31', 'DEBIT', 'acc-ad841244-c208-4ac2-8bf3-3d8b7926019e');
INSERT INTO account_operation (id, amount, description, operation_date, type, bank_account_id) VALUES (864, 1716.27, 'Pharmacy', '2026-02-13 19:56:31', 'DEBIT', 'acc-ad841244-c208-4ac2-8bf3-3d8b7926019e');
INSERT INTO account_operation (id, amount, description, operation_date, type, bank_account_id) VALUES (865, 12446.24, 'Transfer Received', '2025-09-10 19:56:31', 'CREDIT', 'acc-ad841244-c208-4ac2-8bf3-3d8b7926019e');
INSERT INTO account_operation (id, amount, description, operation_date, type, bank_account_id) VALUES (866, 1538.61, 'Local Cafe', '2025-09-27 19:56:31', 'DEBIT', 'acc-ad841244-c208-4ac2-8bf3-3d8b7926019e');
INSERT INTO account_operation (id, amount, description, operation_date, type, bank_account_id) VALUES (867, 1812.3, 'LC Waikiki', '2026-03-13 19:56:31', 'DEBIT', 'acc-ad841244-c208-4ac2-8bf3-3d8b7926019e');
INSERT INTO account_operation (id, amount, description, operation_date, type, bank_account_id) VALUES (868, 6234.63, 'Salary Deposit', '2025-09-06 19:56:31', 'CREDIT', 'acc-ad841244-c208-4ac2-8bf3-3d8b7926019e');
INSERT INTO account_operation (id, amount, description, operation_date, type, bank_account_id) VALUES (869, 7448.49, 'Freelance Payment', '2026-05-06 19:56:31', 'CREDIT', 'acc-ad841244-c208-4ac2-8bf3-3d8b7926019e');
INSERT INTO account_operation (id, amount, description, operation_date, type, bank_account_id) VALUES (870, 11891.32, 'Freelance Payment', '2026-05-14 19:56:31', 'CREDIT', 'acc-ad841244-c208-4ac2-8bf3-3d8b7926019e');
INSERT INTO account_operation (id, amount, description, operation_date, type, bank_account_id) VALUES (871, 9278.02, 'Freelance Payment', '2026-01-16 19:56:31', 'CREDIT', 'acc-ad841244-c208-4ac2-8bf3-3d8b7926019e');
INSERT INTO account_operation (id, amount, description, operation_date, type, bank_account_id) VALUES (872, 7107.48, 'Transfer Received', '2026-03-26 19:56:31', 'CREDIT', 'acc-ad841244-c208-4ac2-8bf3-3d8b7926019e');
INSERT INTO account_operation (id, amount, description, operation_date, type, bank_account_id) VALUES (873, 911.13, 'LC Waikiki', '2025-09-16 19:56:31', 'DEBIT', 'acc-ad841244-c208-4ac2-8bf3-3d8b7926019e');
INSERT INTO account_operation (id, amount, description, operation_date, type, bank_account_id) VALUES (874, 10473.16, 'Salary Deposit', '2026-01-10 19:56:31', 'CREDIT', 'acc-ad841244-c208-4ac2-8bf3-3d8b7926019e');
INSERT INTO account_operation (id, amount, description, operation_date, type, bank_account_id) VALUES (875, 599.69, 'ONEE Electricity', '2025-11-06 19:56:31', 'DEBIT', 'acc-ad841244-c208-4ac2-8bf3-3d8b7926019e');
INSERT INTO account_operation (id, amount, description, operation_date, type, bank_account_id) VALUES (876, 4218.02, 'Freelance Payment', '2026-05-09 19:56:31', 'CREDIT', 'acc-ad841244-c208-4ac2-8bf3-3d8b7926019e');
INSERT INTO account_operation (id, amount, description, operation_date, type, bank_account_id) VALUES (877, 88.84, 'CTM Bus', '2025-08-02 19:56:31', 'DEBIT', 'acc-ad841244-c208-4ac2-8bf3-3d8b7926019e');
INSERT INTO account_operation (id, amount, description, operation_date, type, bank_account_id) VALUES (878, 10105.67, 'Freelance Payment', '2026-04-07 19:56:31', 'CREDIT', 'acc-ad841244-c208-4ac2-8bf3-3d8b7926019e');
INSERT INTO account_operation (id, amount, description, operation_date, type, bank_account_id) VALUES (879, 13146.12, 'Salary Deposit', '2026-02-25 19:56:31', 'CREDIT', 'acc-ad841244-c208-4ac2-8bf3-3d8b7926019e');
INSERT INTO account_operation (id, amount, description, operation_date, type, bank_account_id) VALUES (880, 816.67, 'Decathlon', '2026-02-24 19:56:31', 'DEBIT', 'acc-ad841244-c208-4ac2-8bf3-3d8b7926019e');
INSERT INTO account_operation (id, amount, description, operation_date, type, bank_account_id) VALUES (881, 28.5, 'CTM Bus', '2026-06-25 19:56:31', 'DEBIT', 'acc-ad841244-c208-4ac2-8bf3-3d8b7926019e');
INSERT INTO account_operation (id, amount, description, operation_date, type, bank_account_id) VALUES (882, 1482.07, 'Redal', '2026-05-02 19:56:31', 'DEBIT', 'acc-ad841244-c208-4ac2-8bf3-3d8b7926019e');
INSERT INTO account_operation (id, amount, description, operation_date, type, bank_account_id) VALUES (883, 7711.66, 'Cash Deposit', '2025-11-05 19:56:31', 'CREDIT', 'acc-ad841244-c208-4ac2-8bf3-3d8b7926019e');
INSERT INTO account_operation (id, amount, description, operation_date, type, bank_account_id) VALUES (884, 1537.11, 'Zara', '2026-03-11 19:56:31', 'DEBIT', 'acc-ad841244-c208-4ac2-8bf3-3d8b7926019e');
INSERT INTO account_operation (id, amount, description, operation_date, type, bank_account_id) VALUES (885, 9700.55, 'Cash Deposit', '2026-01-14 19:56:31', 'CREDIT', 'acc-ad841244-c208-4ac2-8bf3-3d8b7926019e');
INSERT INTO account_operation (id, amount, description, operation_date, type, bank_account_id) VALUES (886, 132.01, 'Marjane Supermarket', '2026-02-16 19:56:31', 'DEBIT', 'acc-ad841244-c208-4ac2-8bf3-3d8b7926019e');
INSERT INTO account_operation (id, amount, description, operation_date, type, bank_account_id) VALUES (887, 7254.57, 'Freelance Payment', '2026-02-18 19:56:31', 'CREDIT', 'acc-ad841244-c208-4ac2-8bf3-3d8b7926019e');
INSERT INTO account_operation (id, amount, description, operation_date, type, bank_account_id) VALUES (888, 783.3, 'ONEE Electricity', '2025-07-13 19:56:31', 'DEBIT', 'acc-ad841244-c208-4ac2-8bf3-3d8b7926019e');
INSERT INTO account_operation (id, amount, description, operation_date, type, bank_account_id) VALUES (889, 496.37, 'Restaurant', '2025-10-16 19:56:31', 'DEBIT', 'acc-ad841244-c208-4ac2-8bf3-3d8b7926019e');
INSERT INTO account_operation (id, amount, description, operation_date, type, bank_account_id) VALUES (890, 53.27, 'Pharmacy', '2025-10-10 19:56:31', 'DEBIT', 'acc-ad841244-c208-4ac2-8bf3-3d8b7926019e');
INSERT INTO account_operation (id, amount, description, operation_date, type, bank_account_id) VALUES (891, 6959.93, 'Freelance Payment', '2025-12-09 19:56:31', 'CREDIT', 'acc-ad841244-c208-4ac2-8bf3-3d8b7926019e');
INSERT INTO account_operation (id, amount, description, operation_date, type, bank_account_id) VALUES (892, 16.32, 'ONEE Electricity', '2026-06-07 19:56:31', 'DEBIT', 'acc-ad841244-c208-4ac2-8bf3-3d8b7926019e');
INSERT INTO account_operation (id, amount, description, operation_date, type, bank_account_id) VALUES (893, 1740.55, 'CTM Bus', '2026-02-05 19:56:31', 'DEBIT', 'acc-ad841244-c208-4ac2-8bf3-3d8b7926019e');
INSERT INTO account_operation (id, amount, description, operation_date, type, bank_account_id) VALUES (894, 439.14, 'Zara', '2025-12-19 19:56:31', 'DEBIT', 'acc-ad841244-c208-4ac2-8bf3-3d8b7926019e');
INSERT INTO account_operation (id, amount, description, operation_date, type, bank_account_id) VALUES (895, 3494.62, 'Dividend Payout', '2025-08-09 19:56:31', 'CREDIT', 'acc-ad841244-c208-4ac2-8bf3-3d8b7926019e');
INSERT INTO account_operation (id, amount, description, operation_date, type, bank_account_id) VALUES (896, 6017.48, 'Dividend Payout', '2026-02-16 19:56:31', 'CREDIT', 'acc-ad841244-c208-4ac2-8bf3-3d8b7926019e');
INSERT INTO account_operation (id, amount, description, operation_date, type, bank_account_id) VALUES (897, 789.29, 'Inwi', '2025-12-29 19:56:31', 'DEBIT', 'acc-ad841244-c208-4ac2-8bf3-3d8b7926019e');
INSERT INTO account_operation (id, amount, description, operation_date, type, bank_account_id) VALUES (898, 1331.32, 'Spotify', '2025-07-30 19:56:31', 'DEBIT', 'acc-ad841244-c208-4ac2-8bf3-3d8b7926019e');
INSERT INTO bank_account (id, type, balance, created_at, customer_id, over_draft, interest_rate) VALUES ('acc-27fd430c-6084-47ea-9148-3ce908159b00', 'SAVE', 74017.79, '2026-01-01 19:56:31', 16, NULL, 3.91);
INSERT INTO account_operation (id, amount, description, operation_date, type, bank_account_id) VALUES (899, 9607.76, 'Initial Account Funding', '2026-01-01 19:56:31', 'CREDIT', 'acc-27fd430c-6084-47ea-9148-3ce908159b00');
INSERT INTO account_operation (id, amount, description, operation_date, type, bank_account_id) VALUES (900, 13407.71, 'Dividend Payout', '2026-04-24 19:56:31', 'CREDIT', 'acc-27fd430c-6084-47ea-9148-3ce908159b00');
INSERT INTO account_operation (id, amount, description, operation_date, type, bank_account_id) VALUES (901, 10573.29, 'Dividend Payout', '2026-03-15 19:56:31', 'CREDIT', 'acc-27fd430c-6084-47ea-9148-3ce908159b00');
INSERT INTO account_operation (id, amount, description, operation_date, type, bank_account_id) VALUES (902, 8910.89, 'Cash Deposit', '2026-05-23 19:56:31', 'CREDIT', 'acc-27fd430c-6084-47ea-9148-3ce908159b00');
INSERT INTO account_operation (id, amount, description, operation_date, type, bank_account_id) VALUES (903, 13798.55, 'Cash Deposit', '2026-04-14 19:56:31', 'CREDIT', 'acc-27fd430c-6084-47ea-9148-3ce908159b00');
INSERT INTO account_operation (id, amount, description, operation_date, type, bank_account_id) VALUES (904, 707.29, 'Decathlon', '2026-03-01 19:56:31', 'DEBIT', 'acc-27fd430c-6084-47ea-9148-3ce908159b00');
INSERT INTO account_operation (id, amount, description, operation_date, type, bank_account_id) VALUES (905, 2854.91, 'Transfer Received', '2026-06-18 19:56:31', 'CREDIT', 'acc-27fd430c-6084-47ea-9148-3ce908159b00');
INSERT INTO account_operation (id, amount, description, operation_date, type, bank_account_id) VALUES (906, 11723.53, 'Transfer Received', '2026-02-20 19:56:31', 'CREDIT', 'acc-27fd430c-6084-47ea-9148-3ce908159b00');
INSERT INTO account_operation (id, amount, description, operation_date, type, bank_account_id) VALUES (907, 1715.48, 'Marjane Supermarket', '2026-04-16 19:56:31', 'DEBIT', 'acc-27fd430c-6084-47ea-9148-3ce908159b00');
INSERT INTO account_operation (id, amount, description, operation_date, type, bank_account_id) VALUES (908, 1977.03, 'ONCF Train', '2026-02-22 19:56:31', 'DEBIT', 'acc-27fd430c-6084-47ea-9148-3ce908159b00');
INSERT INTO account_operation (id, amount, description, operation_date, type, bank_account_id) VALUES (909, 297.3, 'Local Cafe', '2026-02-25 19:56:31', 'DEBIT', 'acc-27fd430c-6084-47ea-9148-3ce908159b00');
INSERT INTO account_operation (id, amount, description, operation_date, type, bank_account_id) VALUES (910, 1283.13, 'Pharmacy', '2026-03-24 19:56:31', 'DEBIT', 'acc-27fd430c-6084-47ea-9148-3ce908159b00');
INSERT INTO account_operation (id, amount, description, operation_date, type, bank_account_id) VALUES (911, 1450.3, 'Netflix Subscription', '2026-06-15 19:56:31', 'DEBIT', 'acc-27fd430c-6084-47ea-9148-3ce908159b00');
INSERT INTO account_operation (id, amount, description, operation_date, type, bank_account_id) VALUES (912, 491.63, 'Redal', '2026-03-15 19:56:31', 'DEBIT', 'acc-27fd430c-6084-47ea-9148-3ce908159b00');
INSERT INTO account_operation (id, amount, description, operation_date, type, bank_account_id) VALUES (913, 1410.61, 'Carrefour', '2026-02-08 19:56:31', 'DEBIT', 'acc-27fd430c-6084-47ea-9148-3ce908159b00');
INSERT INTO account_operation (id, amount, description, operation_date, type, bank_account_id) VALUES (914, 225.51, 'Carrefour', '2026-02-04 19:56:31', 'DEBIT', 'acc-27fd430c-6084-47ea-9148-3ce908159b00');
INSERT INTO account_operation (id, amount, description, operation_date, type, bank_account_id) VALUES (915, 1242.72, 'Amendis', '2026-04-05 19:56:31', 'DEBIT', 'acc-27fd430c-6084-47ea-9148-3ce908159b00');
INSERT INTO account_operation (id, amount, description, operation_date, type, bank_account_id) VALUES (916, 838.74, 'Local Cafe', '2026-01-16 19:56:31', 'DEBIT', 'acc-27fd430c-6084-47ea-9148-3ce908159b00');
INSERT INTO account_operation (id, amount, description, operation_date, type, bank_account_id) VALUES (917, 169.81, 'Decathlon', '2026-06-12 19:56:31', 'DEBIT', 'acc-27fd430c-6084-47ea-9148-3ce908159b00');
INSERT INTO account_operation (id, amount, description, operation_date, type, bank_account_id) VALUES (918, 78.77, 'Spotify', '2026-05-28 19:56:31', 'DEBIT', 'acc-27fd430c-6084-47ea-9148-3ce908159b00');
INSERT INTO account_operation (id, amount, description, operation_date, type, bank_account_id) VALUES (919, 472.71, 'Maroc Telecom', '2026-06-14 19:56:31', 'DEBIT', 'acc-27fd430c-6084-47ea-9148-3ce908159b00');
INSERT INTO account_operation (id, amount, description, operation_date, type, bank_account_id) VALUES (920, 943.61, 'Spotify', '2026-04-06 19:56:31', 'DEBIT', 'acc-27fd430c-6084-47ea-9148-3ce908159b00');
INSERT INTO account_operation (id, amount, description, operation_date, type, bank_account_id) VALUES (921, 708.81, 'LC Waikiki', '2026-05-22 19:56:31', 'DEBIT', 'acc-27fd430c-6084-47ea-9148-3ce908159b00');
INSERT INTO account_operation (id, amount, description, operation_date, type, bank_account_id) VALUES (922, 536.93, 'Spotify', '2026-04-16 19:56:31', 'DEBIT', 'acc-27fd430c-6084-47ea-9148-3ce908159b00');
INSERT INTO account_operation (id, amount, description, operation_date, type, bank_account_id) VALUES (923, 1625.17, 'ONCF Train', '2026-04-05 19:56:31', 'DEBIT', 'acc-27fd430c-6084-47ea-9148-3ce908159b00');
INSERT INTO account_operation (id, amount, description, operation_date, type, bank_account_id) VALUES (924, 1624.09, 'Redal', '2026-02-25 19:56:31', 'DEBIT', 'acc-27fd430c-6084-47ea-9148-3ce908159b00');
INSERT INTO account_operation (id, amount, description, operation_date, type, bank_account_id) VALUES (925, 222.39, 'Zara', '2026-06-06 19:56:31', 'DEBIT', 'acc-27fd430c-6084-47ea-9148-3ce908159b00');
INSERT INTO account_operation (id, amount, description, operation_date, type, bank_account_id) VALUES (926, 1371.84, 'LC Waikiki', '2026-04-14 19:56:31', 'DEBIT', 'acc-27fd430c-6084-47ea-9148-3ce908159b00');
INSERT INTO account_operation (id, amount, description, operation_date, type, bank_account_id) VALUES (927, 9573.75, 'Transfer Received', '2026-04-12 19:56:31', 'CREDIT', 'acc-27fd430c-6084-47ea-9148-3ce908159b00');
INSERT INTO account_operation (id, amount, description, operation_date, type, bank_account_id) VALUES (928, 9954.91, 'Freelance Payment', '2026-02-07 19:56:31', 'CREDIT', 'acc-27fd430c-6084-47ea-9148-3ce908159b00');
INSERT INTO account_operation (id, amount, description, operation_date, type, bank_account_id) VALUES (929, 1983.16, 'Maroc Telecom', '2026-05-08 19:56:31', 'DEBIT', 'acc-27fd430c-6084-47ea-9148-3ce908159b00');
INSERT INTO account_operation (id, amount, description, operation_date, type, bank_account_id) VALUES (930, 9145.98, 'Dividend Payout', '2026-04-08 19:56:31', 'CREDIT', 'acc-27fd430c-6084-47ea-9148-3ce908159b00');
INSERT INTO account_operation (id, amount, description, operation_date, type, bank_account_id) VALUES (931, 1127.94, 'Amendis', '2026-03-29 19:56:31', 'DEBIT', 'acc-27fd430c-6084-47ea-9148-3ce908159b00');
INSERT INTO account_operation (id, amount, description, operation_date, type, bank_account_id) VALUES (932, 949.56, 'Local Cafe', '2026-02-14 19:56:31', 'DEBIT', 'acc-27fd430c-6084-47ea-9148-3ce908159b00');
INSERT INTO account_operation (id, amount, description, operation_date, type, bank_account_id) VALUES (933, 648.2, 'ONCF Train', '2026-01-08 19:56:31', 'DEBIT', 'acc-27fd430c-6084-47ea-9148-3ce908159b00');
INSERT INTO account_operation (id, amount, description, operation_date, type, bank_account_id) VALUES (934, 1203.26, 'ONEE Electricity', '2026-01-29 19:56:31', 'DEBIT', 'acc-27fd430c-6084-47ea-9148-3ce908159b00');
INSERT INTO account_operation (id, amount, description, operation_date, type, bank_account_id) VALUES (935, 944.6, 'Spotify', '2026-03-26 19:56:31', 'DEBIT', 'acc-27fd430c-6084-47ea-9148-3ce908159b00');
INSERT INTO account_operation (id, amount, description, operation_date, type, bank_account_id) VALUES (936, 677.68, 'Netflix Subscription', '2026-04-14 19:56:31', 'DEBIT', 'acc-27fd430c-6084-47ea-9148-3ce908159b00');
INSERT INTO account_operation (id, amount, description, operation_date, type, bank_account_id) VALUES (937, 4293.34, 'Cash Deposit', '2026-02-21 19:56:31', 'CREDIT', 'acc-27fd430c-6084-47ea-9148-3ce908159b00');
INSERT INTO account_operation (id, amount, description, operation_date, type, bank_account_id) VALUES (938, 1505.41, 'Orange', '2026-04-27 19:56:31', 'DEBIT', 'acc-27fd430c-6084-47ea-9148-3ce908159b00');
INSERT INTO account_operation (id, amount, description, operation_date, type, bank_account_id) VALUES (939, 1393.15, 'Restaurant', '2026-02-24 19:56:31', 'DEBIT', 'acc-27fd430c-6084-47ea-9148-3ce908159b00');
INSERT INTO bank_account (id, type, balance, created_at, customer_id, over_draft, interest_rate) VALUES ('acc-e9b50043-a034-45d7-bb89-fce688627348', 'SAVE', 52964.39, '2026-02-01 19:56:31', 16, NULL, 4.89);
INSERT INTO account_operation (id, amount, description, operation_date, type, bank_account_id) VALUES (940, 43412.72, 'Initial Account Funding', '2026-02-01 19:56:31', 'CREDIT', 'acc-e9b50043-a034-45d7-bb89-fce688627348');
INSERT INTO account_operation (id, amount, description, operation_date, type, bank_account_id) VALUES (941, 376.39, 'Amendis', '2026-03-07 19:56:31', 'DEBIT', 'acc-e9b50043-a034-45d7-bb89-fce688627348');
INSERT INTO account_operation (id, amount, description, operation_date, type, bank_account_id) VALUES (942, 264.32, 'Maroc Telecom', '2026-02-15 19:56:31', 'DEBIT', 'acc-e9b50043-a034-45d7-bb89-fce688627348');
INSERT INTO account_operation (id, amount, description, operation_date, type, bank_account_id) VALUES (943, 63.96, 'LC Waikiki', '2026-02-18 19:56:31', 'DEBIT', 'acc-e9b50043-a034-45d7-bb89-fce688627348');
INSERT INTO account_operation (id, amount, description, operation_date, type, bank_account_id) VALUES (944, 174.35, 'Inwi', '2026-06-19 19:56:31', 'DEBIT', 'acc-e9b50043-a034-45d7-bb89-fce688627348');
INSERT INTO account_operation (id, amount, description, operation_date, type, bank_account_id) VALUES (945, 1192.06, 'Redal', '2026-02-03 19:56:31', 'DEBIT', 'acc-e9b50043-a034-45d7-bb89-fce688627348');
INSERT INTO account_operation (id, amount, description, operation_date, type, bank_account_id) VALUES (946, 4461.11, 'Salary Deposit', '2026-03-15 19:56:31', 'CREDIT', 'acc-e9b50043-a034-45d7-bb89-fce688627348');
INSERT INTO account_operation (id, amount, description, operation_date, type, bank_account_id) VALUES (947, 1152.48, 'ONCF Train', '2026-04-17 19:56:31', 'DEBIT', 'acc-e9b50043-a034-45d7-bb89-fce688627348');
INSERT INTO account_operation (id, amount, description, operation_date, type, bank_account_id) VALUES (948, 922.35, 'BIM Store', '2026-03-15 19:56:31', 'DEBIT', 'acc-e9b50043-a034-45d7-bb89-fce688627348');
INSERT INTO account_operation (id, amount, description, operation_date, type, bank_account_id) VALUES (949, 1685.57, 'Orange', '2026-03-27 19:56:31', 'DEBIT', 'acc-e9b50043-a034-45d7-bb89-fce688627348');
INSERT INTO account_operation (id, amount, description, operation_date, type, bank_account_id) VALUES (950, 5392.36, 'Transfer Received', '2026-04-05 19:56:31', 'CREDIT', 'acc-e9b50043-a034-45d7-bb89-fce688627348');
INSERT INTO account_operation (id, amount, description, operation_date, type, bank_account_id) VALUES (951, 5580.25, 'Salary Deposit', '2026-05-15 19:56:31', 'CREDIT', 'acc-e9b50043-a034-45d7-bb89-fce688627348');
INSERT INTO account_operation (id, amount, description, operation_date, type, bank_account_id) VALUES (952, 50.57, 'ONCF Train', '2026-04-30 19:56:31', 'DEBIT', 'acc-e9b50043-a034-45d7-bb89-fce688627348');

INSERT INTO customer (id, name, email) VALUES (17, 'Sanae Alaoui', 'sanae.alaoui@gmail.com');
INSERT INTO bank_account (id, type, balance, created_at, customer_id, over_draft, interest_rate) VALUES ('acc-2aa7a3ba-f8d7-490a-8ed4-e8d1db4549d6', 'SAVE', 120728.98, '2026-03-20 19:56:31', 17, NULL, 2.8);
INSERT INTO account_operation (id, amount, description, operation_date, type, bank_account_id) VALUES (953, 47433.17, 'Initial Account Funding', '2026-03-20 19:56:31', 'CREDIT', 'acc-2aa7a3ba-f8d7-490a-8ed4-e8d1db4549d6');
INSERT INTO account_operation (id, amount, description, operation_date, type, bank_account_id) VALUES (954, 14333.16, 'Dividend Payout', '2026-04-08 19:56:31', 'CREDIT', 'acc-2aa7a3ba-f8d7-490a-8ed4-e8d1db4549d6');
INSERT INTO account_operation (id, amount, description, operation_date, type, bank_account_id) VALUES (955, 6817.76, 'Freelance Payment', '2026-06-28 19:56:31', 'CREDIT', 'acc-2aa7a3ba-f8d7-490a-8ed4-e8d1db4549d6');
INSERT INTO account_operation (id, amount, description, operation_date, type, bank_account_id) VALUES (956, 221.65, 'ONEE Electricity', '2026-05-12 19:56:31', 'DEBIT', 'acc-2aa7a3ba-f8d7-490a-8ed4-e8d1db4549d6');
INSERT INTO account_operation (id, amount, description, operation_date, type, bank_account_id) VALUES (957, 7208.09, 'Cash Deposit', '2026-04-27 19:56:31', 'CREDIT', 'acc-2aa7a3ba-f8d7-490a-8ed4-e8d1db4549d6');
INSERT INTO account_operation (id, amount, description, operation_date, type, bank_account_id) VALUES (958, 1953.12, 'Local Cafe', '2026-05-18 19:56:31', 'DEBIT', 'acc-2aa7a3ba-f8d7-490a-8ed4-e8d1db4549d6');
INSERT INTO account_operation (id, amount, description, operation_date, type, bank_account_id) VALUES (959, 9210.91, 'Transfer Received', '2026-04-25 19:56:31', 'CREDIT', 'acc-2aa7a3ba-f8d7-490a-8ed4-e8d1db4549d6');
INSERT INTO account_operation (id, amount, description, operation_date, type, bank_account_id) VALUES (960, 1198.09, 'Maroc Telecom', '2026-05-18 19:56:31', 'DEBIT', 'acc-2aa7a3ba-f8d7-490a-8ed4-e8d1db4549d6');
INSERT INTO account_operation (id, amount, description, operation_date, type, bank_account_id) VALUES (961, 1096.68, 'ONCF Train', '2026-06-21 19:56:31', 'DEBIT', 'acc-2aa7a3ba-f8d7-490a-8ed4-e8d1db4549d6');
INSERT INTO account_operation (id, amount, description, operation_date, type, bank_account_id) VALUES (962, 14230.82, 'Salary Deposit', '2026-05-30 19:56:31', 'CREDIT', 'acc-2aa7a3ba-f8d7-490a-8ed4-e8d1db4549d6');
INSERT INTO account_operation (id, amount, description, operation_date, type, bank_account_id) VALUES (963, 1724.14, 'Marjane Supermarket', '2026-04-05 19:56:31', 'DEBIT', 'acc-2aa7a3ba-f8d7-490a-8ed4-e8d1db4549d6');
INSERT INTO account_operation (id, amount, description, operation_date, type, bank_account_id) VALUES (964, 638.04, 'LC Waikiki', '2026-03-28 19:56:31', 'DEBIT', 'acc-2aa7a3ba-f8d7-490a-8ed4-e8d1db4549d6');
INSERT INTO account_operation (id, amount, description, operation_date, type, bank_account_id) VALUES (965, 720.3, 'Restaurant', '2026-04-21 19:56:31', 'DEBIT', 'acc-2aa7a3ba-f8d7-490a-8ed4-e8d1db4549d6');
INSERT INTO account_operation (id, amount, description, operation_date, type, bank_account_id) VALUES (966, 1694.75, 'BIM Store', '2026-05-24 19:56:31', 'DEBIT', 'acc-2aa7a3ba-f8d7-490a-8ed4-e8d1db4549d6');
INSERT INTO account_operation (id, amount, description, operation_date, type, bank_account_id) VALUES (967, 56.23, 'LC Waikiki', '2026-03-31 19:56:31', 'DEBIT', 'acc-2aa7a3ba-f8d7-490a-8ed4-e8d1db4549d6');
INSERT INTO account_operation (id, amount, description, operation_date, type, bank_account_id) VALUES (968, 1062.66, 'Pharmacy', '2026-04-27 19:56:31', 'DEBIT', 'acc-2aa7a3ba-f8d7-490a-8ed4-e8d1db4549d6');
INSERT INTO account_operation (id, amount, description, operation_date, type, bank_account_id) VALUES (969, 1249.66, 'Redal', '2026-06-06 19:56:31', 'DEBIT', 'acc-2aa7a3ba-f8d7-490a-8ed4-e8d1db4549d6');
INSERT INTO account_operation (id, amount, description, operation_date, type, bank_account_id) VALUES (970, 5785.9, 'Freelance Payment', '2026-06-23 19:56:31', 'CREDIT', 'acc-2aa7a3ba-f8d7-490a-8ed4-e8d1db4549d6');
INSERT INTO account_operation (id, amount, description, operation_date, type, bank_account_id) VALUES (971, 396.78, 'Carrefour', '2026-05-18 19:56:31', 'DEBIT', 'acc-2aa7a3ba-f8d7-490a-8ed4-e8d1db4549d6');
INSERT INTO account_operation (id, amount, description, operation_date, type, bank_account_id) VALUES (972, 8460.19, 'Salary Deposit', '2026-04-26 19:56:31', 'CREDIT', 'acc-2aa7a3ba-f8d7-490a-8ed4-e8d1db4549d6');
INSERT INTO account_operation (id, amount, description, operation_date, type, bank_account_id) VALUES (973, 2237.09, 'Salary Deposit', '2026-06-17 19:56:31', 'CREDIT', 'acc-2aa7a3ba-f8d7-490a-8ed4-e8d1db4549d6');
INSERT INTO account_operation (id, amount, description, operation_date, type, bank_account_id) VALUES (974, 709.29, 'Zara', '2026-03-26 19:56:31', 'DEBIT', 'acc-2aa7a3ba-f8d7-490a-8ed4-e8d1db4549d6');
INSERT INTO account_operation (id, amount, description, operation_date, type, bank_account_id) VALUES (975, 1070.05, 'Amendis', '2026-06-26 19:56:31', 'DEBIT', 'acc-2aa7a3ba-f8d7-490a-8ed4-e8d1db4549d6');
INSERT INTO account_operation (id, amount, description, operation_date, type, bank_account_id) VALUES (976, 5311.2, 'Freelance Payment', '2026-05-15 19:56:31', 'CREDIT', 'acc-2aa7a3ba-f8d7-490a-8ed4-e8d1db4549d6');
INSERT INTO account_operation (id, amount, description, operation_date, type, bank_account_id) VALUES (977, 1320.69, 'Spotify', '2026-05-03 19:56:31', 'DEBIT', 'acc-2aa7a3ba-f8d7-490a-8ed4-e8d1db4549d6');
INSERT INTO account_operation (id, amount, description, operation_date, type, bank_account_id) VALUES (978, 1796.75, 'ONEE Electricity', '2026-05-29 19:56:31', 'DEBIT', 'acc-2aa7a3ba-f8d7-490a-8ed4-e8d1db4549d6');
INSERT INTO account_operation (id, amount, description, operation_date, type, bank_account_id) VALUES (979, 753.08, 'Inwi', '2026-05-19 19:56:31', 'DEBIT', 'acc-2aa7a3ba-f8d7-490a-8ed4-e8d1db4549d6');
INSERT INTO account_operation (id, amount, description, operation_date, type, bank_account_id) VALUES (980, 362.29, 'BIM Store', '2026-05-01 19:56:31', 'DEBIT', 'acc-2aa7a3ba-f8d7-490a-8ed4-e8d1db4549d6');
INSERT INTO account_operation (id, amount, description, operation_date, type, bank_account_id) VALUES (981, 11843.53, 'Transfer Received', '2026-04-25 19:56:31', 'CREDIT', 'acc-2aa7a3ba-f8d7-490a-8ed4-e8d1db4549d6');
INSERT INTO account_operation (id, amount, description, operation_date, type, bank_account_id) VALUES (982, 5917.99, 'Salary Deposit', '2026-05-31 19:56:31', 'CREDIT', 'acc-2aa7a3ba-f8d7-490a-8ed4-e8d1db4549d6');
INSERT INTO account_operation (id, amount, description, operation_date, type, bank_account_id) VALUES (983, 36.58, 'Decathlon', '2026-06-23 19:56:31', 'DEBIT', 'acc-2aa7a3ba-f8d7-490a-8ed4-e8d1db4549d6');

INSERT INTO customer (id, name, email) VALUES (18, 'Khadija Benali', 'khadija.benali@gmail.com');
INSERT INTO bank_account (id, type, balance, created_at, customer_id, over_draft, interest_rate) VALUES ('acc-27f6cfde-6829-4bcb-b178-692b593bf960', 'CURR', 125223.1, '2025-09-08 19:56:31', 18, 1230.35, NULL);
INSERT INTO account_operation (id, amount, description, operation_date, type, bank_account_id) VALUES (984, 45867.43, 'Initial Account Funding', '2025-09-08 19:56:31', 'CREDIT', 'acc-27f6cfde-6829-4bcb-b178-692b593bf960');
INSERT INTO account_operation (id, amount, description, operation_date, type, bank_account_id) VALUES (985, 9789.26, 'Freelance Payment', '2026-05-27 19:56:31', 'CREDIT', 'acc-27f6cfde-6829-4bcb-b178-692b593bf960');
INSERT INTO account_operation (id, amount, description, operation_date, type, bank_account_id) VALUES (986, 1313.11, 'Amendis', '2025-09-09 19:56:31', 'DEBIT', 'acc-27f6cfde-6829-4bcb-b178-692b593bf960');
INSERT INTO account_operation (id, amount, description, operation_date, type, bank_account_id) VALUES (987, 1637.54, 'Maroc Telecom', '2026-06-12 19:56:31', 'DEBIT', 'acc-27f6cfde-6829-4bcb-b178-692b593bf960');
INSERT INTO account_operation (id, amount, description, operation_date, type, bank_account_id) VALUES (988, 3771.72, 'Salary Deposit', '2025-12-09 19:56:31', 'CREDIT', 'acc-27f6cfde-6829-4bcb-b178-692b593bf960');
INSERT INTO account_operation (id, amount, description, operation_date, type, bank_account_id) VALUES (989, 43.11, 'Inwi', '2025-12-04 19:56:31', 'DEBIT', 'acc-27f6cfde-6829-4bcb-b178-692b593bf960');
INSERT INTO account_operation (id, amount, description, operation_date, type, bank_account_id) VALUES (990, 771.45, 'BIM Store', '2026-01-30 19:56:31', 'DEBIT', 'acc-27f6cfde-6829-4bcb-b178-692b593bf960');
INSERT INTO account_operation (id, amount, description, operation_date, type, bank_account_id) VALUES (991, 1715.3, 'Amendis', '2025-11-10 19:56:31', 'DEBIT', 'acc-27f6cfde-6829-4bcb-b178-692b593bf960');
INSERT INTO account_operation (id, amount, description, operation_date, type, bank_account_id) VALUES (992, 312.5, 'Orange', '2026-03-28 19:56:31', 'DEBIT', 'acc-27f6cfde-6829-4bcb-b178-692b593bf960');
INSERT INTO account_operation (id, amount, description, operation_date, type, bank_account_id) VALUES (993, 273.81, 'ONEE Electricity', '2026-03-22 19:56:31', 'DEBIT', 'acc-27f6cfde-6829-4bcb-b178-692b593bf960');
INSERT INTO account_operation (id, amount, description, operation_date, type, bank_account_id) VALUES (994, 1975.08, 'Netflix Subscription', '2025-09-29 19:56:31', 'DEBIT', 'acc-27f6cfde-6829-4bcb-b178-692b593bf960');
INSERT INTO account_operation (id, amount, description, operation_date, type, bank_account_id) VALUES (995, 1409.21, 'Orange', '2026-03-25 19:56:31', 'DEBIT', 'acc-27f6cfde-6829-4bcb-b178-692b593bf960');
INSERT INTO account_operation (id, amount, description, operation_date, type, bank_account_id) VALUES (996, 1544.02, 'Amendis', '2025-11-11 19:56:31', 'DEBIT', 'acc-27f6cfde-6829-4bcb-b178-692b593bf960');
INSERT INTO account_operation (id, amount, description, operation_date, type, bank_account_id) VALUES (997, 1957.64, 'ONCF Train', '2026-05-05 19:56:31', 'DEBIT', 'acc-27f6cfde-6829-4bcb-b178-692b593bf960');
INSERT INTO account_operation (id, amount, description, operation_date, type, bank_account_id) VALUES (998, 859.79, 'Local Cafe', '2026-06-17 19:56:31', 'DEBIT', 'acc-27f6cfde-6829-4bcb-b178-692b593bf960');
INSERT INTO account_operation (id, amount, description, operation_date, type, bank_account_id) VALUES (999, 419.2, 'Carrefour', '2026-06-20 19:56:31', 'DEBIT', 'acc-27f6cfde-6829-4bcb-b178-692b593bf960');
INSERT INTO account_operation (id, amount, description, operation_date, type, bank_account_id) VALUES (1000, 8349.81, 'Dividend Payout', '2026-02-04 19:56:31', 'CREDIT', 'acc-27f6cfde-6829-4bcb-b178-692b593bf960');
INSERT INTO account_operation (id, amount, description, operation_date, type, bank_account_id) VALUES (1001, 60.56, 'Restaurant', '2026-03-06 19:56:31', 'DEBIT', 'acc-27f6cfde-6829-4bcb-b178-692b593bf960');
INSERT INTO account_operation (id, amount, description, operation_date, type, bank_account_id) VALUES (1002, 782.93, 'Orange', '2026-04-12 19:56:31', 'DEBIT', 'acc-27f6cfde-6829-4bcb-b178-692b593bf960');
INSERT INTO account_operation (id, amount, description, operation_date, type, bank_account_id) VALUES (1003, 14056.16, 'Dividend Payout', '2026-03-09 19:56:31', 'CREDIT', 'acc-27f6cfde-6829-4bcb-b178-692b593bf960');
INSERT INTO account_operation (id, amount, description, operation_date, type, bank_account_id) VALUES (1004, 1790.35, 'Redal', '2026-04-29 19:56:31', 'DEBIT', 'acc-27f6cfde-6829-4bcb-b178-692b593bf960');
INSERT INTO account_operation (id, amount, description, operation_date, type, bank_account_id) VALUES (1005, 1731.87, 'ONEE Electricity', '2026-06-28 19:56:31', 'DEBIT', 'acc-27f6cfde-6829-4bcb-b178-692b593bf960');
INSERT INTO account_operation (id, amount, description, operation_date, type, bank_account_id) VALUES (1006, 803.54, 'LC Waikiki', '2026-04-21 19:56:31', 'DEBIT', 'acc-27f6cfde-6829-4bcb-b178-692b593bf960');
INSERT INTO account_operation (id, amount, description, operation_date, type, bank_account_id) VALUES (1007, 8810.47, 'Salary Deposit', '2026-01-14 19:56:31', 'CREDIT', 'acc-27f6cfde-6829-4bcb-b178-692b593bf960');
INSERT INTO account_operation (id, amount, description, operation_date, type, bank_account_id) VALUES (1008, 14035.67, 'Cash Deposit', '2025-09-19 19:56:31', 'CREDIT', 'acc-27f6cfde-6829-4bcb-b178-692b593bf960');
INSERT INTO account_operation (id, amount, description, operation_date, type, bank_account_id) VALUES (1009, 450.52, 'Local Cafe', '2025-12-27 19:56:31', 'DEBIT', 'acc-27f6cfde-6829-4bcb-b178-692b593bf960');
INSERT INTO account_operation (id, amount, description, operation_date, type, bank_account_id) VALUES (1010, 465.39, 'Local Cafe', '2026-01-17 19:56:31', 'DEBIT', 'acc-27f6cfde-6829-4bcb-b178-692b593bf960');
INSERT INTO account_operation (id, amount, description, operation_date, type, bank_account_id) VALUES (1011, 1590.3, 'Decathlon', '2025-10-15 19:56:31', 'DEBIT', 'acc-27f6cfde-6829-4bcb-b178-692b593bf960');
INSERT INTO account_operation (id, amount, description, operation_date, type, bank_account_id) VALUES (1012, 12863.28, 'Transfer Received', '2025-12-11 19:56:31', 'CREDIT', 'acc-27f6cfde-6829-4bcb-b178-692b593bf960');
INSERT INTO account_operation (id, amount, description, operation_date, type, bank_account_id) VALUES (1013, 788.62, 'Carrefour', '2025-09-18 19:56:31', 'DEBIT', 'acc-27f6cfde-6829-4bcb-b178-692b593bf960');
INSERT INTO account_operation (id, amount, description, operation_date, type, bank_account_id) VALUES (1014, 1248.22, 'ONCF Train', '2026-02-21 19:56:31', 'DEBIT', 'acc-27f6cfde-6829-4bcb-b178-692b593bf960');
INSERT INTO account_operation (id, amount, description, operation_date, type, bank_account_id) VALUES (1015, 6373.05, 'Transfer Received', '2026-03-14 19:56:31', 'CREDIT', 'acc-27f6cfde-6829-4bcb-b178-692b593bf960');
INSERT INTO account_operation (id, amount, description, operation_date, type, bank_account_id) VALUES (1016, 11638.95, 'Freelance Payment', '2025-09-11 19:56:31', 'CREDIT', 'acc-27f6cfde-6829-4bcb-b178-692b593bf960');
INSERT INTO account_operation (id, amount, description, operation_date, type, bank_account_id) VALUES (1017, 89.71, 'LC Waikiki', '2026-03-22 19:56:31', 'DEBIT', 'acc-27f6cfde-6829-4bcb-b178-692b593bf960');
INSERT INTO account_operation (id, amount, description, operation_date, type, bank_account_id) VALUES (1018, 406.0, 'Restaurant', '2026-03-13 19:56:31', 'DEBIT', 'acc-27f6cfde-6829-4bcb-b178-692b593bf960');
INSERT INTO account_operation (id, amount, description, operation_date, type, bank_account_id) VALUES (1019, 1813.12, 'Restaurant', '2026-01-04 19:56:31', 'DEBIT', 'acc-27f6cfde-6829-4bcb-b178-692b593bf960');
INSERT INTO account_operation (id, amount, description, operation_date, type, bank_account_id) VALUES (1020, 1758.74, 'Redal', '2026-04-16 19:56:31', 'DEBIT', 'acc-27f6cfde-6829-4bcb-b178-692b593bf960');
INSERT INTO account_operation (id, amount, description, operation_date, type, bank_account_id) VALUES (1021, 7418.97, 'Transfer Received', '2026-02-01 19:56:31', 'CREDIT', 'acc-27f6cfde-6829-4bcb-b178-692b593bf960');
INSERT INTO account_operation (id, amount, description, operation_date, type, bank_account_id) VALUES (1022, 7626.48, 'Freelance Payment', '2026-03-22 19:56:31', 'CREDIT', 'acc-27f6cfde-6829-4bcb-b178-692b593bf960');
INSERT INTO account_operation (id, amount, description, operation_date, type, bank_account_id) VALUES (1023, 358.46, 'Spotify', '2026-02-19 19:56:31', 'DEBIT', 'acc-27f6cfde-6829-4bcb-b178-692b593bf960');
INSERT INTO account_operation (id, amount, description, operation_date, type, bank_account_id) VALUES (1024, 1821.56, 'Orange', '2025-11-19 19:56:31', 'DEBIT', 'acc-27f6cfde-6829-4bcb-b178-692b593bf960');
INSERT INTO account_operation (id, amount, description, operation_date, type, bank_account_id) VALUES (1025, 4749.91, 'Dividend Payout', '2026-01-02 19:56:31', 'CREDIT', 'acc-27f6cfde-6829-4bcb-b178-692b593bf960');
INSERT INTO account_operation (id, amount, description, operation_date, type, bank_account_id) VALUES (1026, 1127.9, 'Restaurant', '2026-05-24 19:56:31', 'DEBIT', 'acc-27f6cfde-6829-4bcb-b178-692b593bf960');
INSERT INTO account_operation (id, amount, description, operation_date, type, bank_account_id) VALUES (1027, 69.6, 'Inwi', '2026-05-05 19:56:31', 'DEBIT', 'acc-27f6cfde-6829-4bcb-b178-692b593bf960');
INSERT INTO account_operation (id, amount, description, operation_date, type, bank_account_id) VALUES (1028, 6399.87, 'Salary Deposit', '2025-10-19 19:56:31', 'CREDIT', 'acc-27f6cfde-6829-4bcb-b178-692b593bf960');
INSERT INTO account_operation (id, amount, description, operation_date, type, bank_account_id) VALUES (1029, 1852.76, 'Redal', '2025-10-03 19:56:31', 'DEBIT', 'acc-27f6cfde-6829-4bcb-b178-692b593bf960');
INSERT INTO account_operation (id, amount, description, operation_date, type, bank_account_id) VALUES (1030, 688.6, 'CTM Bus', '2026-06-15 19:56:31', 'DEBIT', 'acc-27f6cfde-6829-4bcb-b178-692b593bf960');
INSERT INTO account_operation (id, amount, description, operation_date, type, bank_account_id) VALUES (1031, 1737.12, 'Decathlon', '2026-01-25 19:56:31', 'DEBIT', 'acc-27f6cfde-6829-4bcb-b178-692b593bf960');
INSERT INTO account_operation (id, amount, description, operation_date, type, bank_account_id) VALUES (1032, 271.53, 'Local Cafe', '2025-11-24 19:56:31', 'DEBIT', 'acc-27f6cfde-6829-4bcb-b178-692b593bf960');
INSERT INTO account_operation (id, amount, description, operation_date, type, bank_account_id) VALUES (1033, 588.77, 'Zara', '2026-02-21 19:56:31', 'DEBIT', 'acc-27f6cfde-6829-4bcb-b178-692b593bf960');

INSERT INTO customer (id, name, email) VALUES (19, 'Nadia Bennis', 'nadia.bennis@gmail.com');
INSERT INTO bank_account (id, type, balance, created_at, customer_id, over_draft, interest_rate) VALUES ('acc-e80a9ba5-2d23-4637-8681-f7a16784e604', 'SAVE', 39788.61, '2025-08-16 19:56:31', 19, NULL, 3.28);
INSERT INTO account_operation (id, amount, description, operation_date, type, bank_account_id) VALUES (1034, 30465.3, 'Initial Account Funding', '2025-08-16 19:56:31', 'CREDIT', 'acc-e80a9ba5-2d23-4637-8681-f7a16784e604');
INSERT INTO account_operation (id, amount, description, operation_date, type, bank_account_id) VALUES (1035, 226.06, 'Local Cafe', '2025-11-25 19:56:31', 'DEBIT', 'acc-e80a9ba5-2d23-4637-8681-f7a16784e604');
INSERT INTO account_operation (id, amount, description, operation_date, type, bank_account_id) VALUES (1036, 1628.31, 'Inwi', '2026-03-20 19:56:31', 'DEBIT', 'acc-e80a9ba5-2d23-4637-8681-f7a16784e604');
INSERT INTO account_operation (id, amount, description, operation_date, type, bank_account_id) VALUES (1037, 1845.22, 'Restaurant', '2026-03-08 19:56:31', 'DEBIT', 'acc-e80a9ba5-2d23-4637-8681-f7a16784e604');
INSERT INTO account_operation (id, amount, description, operation_date, type, bank_account_id) VALUES (1038, 1083.74, 'Local Cafe', '2026-01-20 19:56:31', 'DEBIT', 'acc-e80a9ba5-2d23-4637-8681-f7a16784e604');
INSERT INTO account_operation (id, amount, description, operation_date, type, bank_account_id) VALUES (1039, 1826.03, 'Pharmacy', '2026-05-06 19:56:31', 'DEBIT', 'acc-e80a9ba5-2d23-4637-8681-f7a16784e604');
INSERT INTO account_operation (id, amount, description, operation_date, type, bank_account_id) VALUES (1040, 1863.58, 'CTM Bus', '2026-02-22 19:56:31', 'DEBIT', 'acc-e80a9ba5-2d23-4637-8681-f7a16784e604');
INSERT INTO account_operation (id, amount, description, operation_date, type, bank_account_id) VALUES (1041, 1823.2, 'ONEE Electricity', '2025-12-24 19:56:31', 'DEBIT', 'acc-e80a9ba5-2d23-4637-8681-f7a16784e604');
INSERT INTO account_operation (id, amount, description, operation_date, type, bank_account_id) VALUES (1042, 4425.46, 'Dividend Payout', '2026-04-11 19:56:31', 'CREDIT', 'acc-e80a9ba5-2d23-4637-8681-f7a16784e604');
INSERT INTO account_operation (id, amount, description, operation_date, type, bank_account_id) VALUES (1043, 568.24, 'Inwi', '2026-04-13 19:56:31', 'DEBIT', 'acc-e80a9ba5-2d23-4637-8681-f7a16784e604');
INSERT INTO account_operation (id, amount, description, operation_date, type, bank_account_id) VALUES (1044, 692.29, 'Carrefour', '2026-03-08 19:56:31', 'DEBIT', 'acc-e80a9ba5-2d23-4637-8681-f7a16784e604');
INSERT INTO account_operation (id, amount, description, operation_date, type, bank_account_id) VALUES (1045, 4324.33, 'Cash Deposit', '2026-01-03 19:56:31', 'CREDIT', 'acc-e80a9ba5-2d23-4637-8681-f7a16784e604');
INSERT INTO account_operation (id, amount, description, operation_date, type, bank_account_id) VALUES (1046, 282.07, 'Inwi', '2025-09-24 19:56:31', 'DEBIT', 'acc-e80a9ba5-2d23-4637-8681-f7a16784e604');
INSERT INTO account_operation (id, amount, description, operation_date, type, bank_account_id) VALUES (1047, 76.87, 'Redal', '2025-12-29 19:56:31', 'DEBIT', 'acc-e80a9ba5-2d23-4637-8681-f7a16784e604');
INSERT INTO account_operation (id, amount, description, operation_date, type, bank_account_id) VALUES (1048, 939.63, 'Decathlon', '2026-03-14 19:56:31', 'DEBIT', 'acc-e80a9ba5-2d23-4637-8681-f7a16784e604');
INSERT INTO account_operation (id, amount, description, operation_date, type, bank_account_id) VALUES (1049, 6909.48, 'Transfer Received', '2026-02-07 19:56:31', 'CREDIT', 'acc-e80a9ba5-2d23-4637-8681-f7a16784e604');
INSERT INTO account_operation (id, amount, description, operation_date, type, bank_account_id) VALUES (1050, 1567.66, 'Spotify', '2026-03-24 19:56:31', 'DEBIT', 'acc-e80a9ba5-2d23-4637-8681-f7a16784e604');
INSERT INTO account_operation (id, amount, description, operation_date, type, bank_account_id) VALUES (1051, 114.61, 'Decathlon', '2025-10-29 19:56:31', 'DEBIT', 'acc-e80a9ba5-2d23-4637-8681-f7a16784e604');
INSERT INTO account_operation (id, amount, description, operation_date, type, bank_account_id) VALUES (1052, 1306.94, 'ONCF Train', '2025-09-11 19:56:31', 'DEBIT', 'acc-e80a9ba5-2d23-4637-8681-f7a16784e604');
INSERT INTO account_operation (id, amount, description, operation_date, type, bank_account_id) VALUES (1053, 1811.09, 'Salary Deposit', '2026-05-19 19:56:31', 'CREDIT', 'acc-e80a9ba5-2d23-4637-8681-f7a16784e604');
INSERT INTO account_operation (id, amount, description, operation_date, type, bank_account_id) VALUES (1054, 1150.59, 'Marjane Supermarket', '2025-12-06 19:56:31', 'DEBIT', 'acc-e80a9ba5-2d23-4637-8681-f7a16784e604');
INSERT INTO account_operation (id, amount, description, operation_date, type, bank_account_id) VALUES (1055, 1490.08, 'Carrefour', '2025-12-03 19:56:31', 'DEBIT', 'acc-e80a9ba5-2d23-4637-8681-f7a16784e604');
INSERT INTO account_operation (id, amount, description, operation_date, type, bank_account_id) VALUES (1056, 1043.17, 'ONEE Electricity', '2026-02-14 19:56:31', 'DEBIT', 'acc-e80a9ba5-2d23-4637-8681-f7a16784e604');
INSERT INTO account_operation (id, amount, description, operation_date, type, bank_account_id) VALUES (1057, 11381.24, 'Freelance Payment', '2025-12-02 19:56:31', 'CREDIT', 'acc-e80a9ba5-2d23-4637-8681-f7a16784e604');
INSERT INTO bank_account (id, type, balance, created_at, customer_id, over_draft, interest_rate) VALUES ('acc-30331ea1-6d53-4cf0-bf24-1d28b0a2f565', 'SAVE', 100805.06, '2026-05-20 19:56:31', 19, NULL, 4.67);
INSERT INTO account_operation (id, amount, description, operation_date, type, bank_account_id) VALUES (1058, 33608.59, 'Initial Account Funding', '2026-05-20 19:56:31', 'CREDIT', 'acc-30331ea1-6d53-4cf0-bf24-1d28b0a2f565');
INSERT INTO account_operation (id, amount, description, operation_date, type, bank_account_id) VALUES (1059, 395.82, 'BIM Store', '2026-05-29 19:56:31', 'DEBIT', 'acc-30331ea1-6d53-4cf0-bf24-1d28b0a2f565');
INSERT INTO account_operation (id, amount, description, operation_date, type, bank_account_id) VALUES (1060, 190.75, 'BIM Store', '2026-06-04 19:56:31', 'DEBIT', 'acc-30331ea1-6d53-4cf0-bf24-1d28b0a2f565');
INSERT INTO account_operation (id, amount, description, operation_date, type, bank_account_id) VALUES (1061, 12080.52, 'Salary Deposit', '2026-06-10 19:56:31', 'CREDIT', 'acc-30331ea1-6d53-4cf0-bf24-1d28b0a2f565');
INSERT INTO account_operation (id, amount, description, operation_date, type, bank_account_id) VALUES (1062, 284.77, 'Zara', '2026-06-02 19:56:31', 'DEBIT', 'acc-30331ea1-6d53-4cf0-bf24-1d28b0a2f565');
INSERT INTO account_operation (id, amount, description, operation_date, type, bank_account_id) VALUES (1063, 863.04, 'Orange', '2026-06-22 19:56:31', 'DEBIT', 'acc-30331ea1-6d53-4cf0-bf24-1d28b0a2f565');
INSERT INTO account_operation (id, amount, description, operation_date, type, bank_account_id) VALUES (1064, 670.64, 'Netflix Subscription', '2026-05-26 19:56:31', 'DEBIT', 'acc-30331ea1-6d53-4cf0-bf24-1d28b0a2f565');
INSERT INTO account_operation (id, amount, description, operation_date, type, bank_account_id) VALUES (1065, 950.64, 'Carrefour', '2026-06-06 19:56:31', 'DEBIT', 'acc-30331ea1-6d53-4cf0-bf24-1d28b0a2f565');
INSERT INTO account_operation (id, amount, description, operation_date, type, bank_account_id) VALUES (1066, 621.96, 'Redal', '2026-06-29 19:56:31', 'DEBIT', 'acc-30331ea1-6d53-4cf0-bf24-1d28b0a2f565');
INSERT INTO account_operation (id, amount, description, operation_date, type, bank_account_id) VALUES (1067, 2008.57, 'Freelance Payment', '2026-05-30 19:56:31', 'CREDIT', 'acc-30331ea1-6d53-4cf0-bf24-1d28b0a2f565');
INSERT INTO account_operation (id, amount, description, operation_date, type, bank_account_id) VALUES (1068, 3271.48, 'Transfer Received', '2026-06-14 19:56:31', 'CREDIT', 'acc-30331ea1-6d53-4cf0-bf24-1d28b0a2f565');
INSERT INTO account_operation (id, amount, description, operation_date, type, bank_account_id) VALUES (1069, 1073.29, 'Maroc Telecom', '2026-05-29 19:56:31', 'DEBIT', 'acc-30331ea1-6d53-4cf0-bf24-1d28b0a2f565');
INSERT INTO account_operation (id, amount, description, operation_date, type, bank_account_id) VALUES (1070, 4047.04, 'Dividend Payout', '2026-06-06 19:56:31', 'CREDIT', 'acc-30331ea1-6d53-4cf0-bf24-1d28b0a2f565');
INSERT INTO account_operation (id, amount, description, operation_date, type, bank_account_id) VALUES (1071, 9780.69, 'Transfer Received', '2026-06-03 19:56:31', 'CREDIT', 'acc-30331ea1-6d53-4cf0-bf24-1d28b0a2f565');
INSERT INTO account_operation (id, amount, description, operation_date, type, bank_account_id) VALUES (1072, 1844.4, 'Restaurant', '2026-06-01 19:56:31', 'DEBIT', 'acc-30331ea1-6d53-4cf0-bf24-1d28b0a2f565');
INSERT INTO account_operation (id, amount, description, operation_date, type, bank_account_id) VALUES (1073, 3308.6, 'Dividend Payout', '2026-06-20 19:56:31', 'CREDIT', 'acc-30331ea1-6d53-4cf0-bf24-1d28b0a2f565');
INSERT INTO account_operation (id, amount, description, operation_date, type, bank_account_id) VALUES (1074, 1842.34, 'Local Cafe', '2026-06-24 19:56:31', 'DEBIT', 'acc-30331ea1-6d53-4cf0-bf24-1d28b0a2f565');
INSERT INTO account_operation (id, amount, description, operation_date, type, bank_account_id) VALUES (1075, 1655.69, 'Transfer Received', '2026-06-12 19:56:31', 'CREDIT', 'acc-30331ea1-6d53-4cf0-bf24-1d28b0a2f565');
INSERT INTO account_operation (id, amount, description, operation_date, type, bank_account_id) VALUES (1076, 917.21, 'LC Waikiki', '2026-06-23 19:56:31', 'DEBIT', 'acc-30331ea1-6d53-4cf0-bf24-1d28b0a2f565');
INSERT INTO account_operation (id, amount, description, operation_date, type, bank_account_id) VALUES (1077, 198.44, 'CTM Bus', '2026-05-29 19:56:31', 'DEBIT', 'acc-30331ea1-6d53-4cf0-bf24-1d28b0a2f565');
INSERT INTO account_operation (id, amount, description, operation_date, type, bank_account_id) VALUES (1078, 4839.68, 'Freelance Payment', '2026-05-22 19:56:31', 'CREDIT', 'acc-30331ea1-6d53-4cf0-bf24-1d28b0a2f565');
INSERT INTO account_operation (id, amount, description, operation_date, type, bank_account_id) VALUES (1079, 10973.59, 'Dividend Payout', '2026-06-19 19:56:31', 'CREDIT', 'acc-30331ea1-6d53-4cf0-bf24-1d28b0a2f565');
INSERT INTO account_operation (id, amount, description, operation_date, type, bank_account_id) VALUES (1080, 1508.76, 'Redal', '2026-05-21 19:56:31', 'DEBIT', 'acc-30331ea1-6d53-4cf0-bf24-1d28b0a2f565');
INSERT INTO account_operation (id, amount, description, operation_date, type, bank_account_id) VALUES (1081, 786.63, 'Local Cafe', '2026-05-25 19:56:31', 'DEBIT', 'acc-30331ea1-6d53-4cf0-bf24-1d28b0a2f565');
INSERT INTO account_operation (id, amount, description, operation_date, type, bank_account_id) VALUES (1082, 1513.52, 'ONCF Train', '2026-06-01 19:56:31', 'DEBIT', 'acc-30331ea1-6d53-4cf0-bf24-1d28b0a2f565');
INSERT INTO account_operation (id, amount, description, operation_date, type, bank_account_id) VALUES (1083, 17.2, 'Orange', '2026-06-17 19:56:31', 'DEBIT', 'acc-30331ea1-6d53-4cf0-bf24-1d28b0a2f565');
INSERT INTO account_operation (id, amount, description, operation_date, type, bank_account_id) VALUES (1084, 134.32, 'Netflix Subscription', '2026-06-13 19:56:31', 'DEBIT', 'acc-30331ea1-6d53-4cf0-bf24-1d28b0a2f565');
INSERT INTO account_operation (id, amount, description, operation_date, type, bank_account_id) VALUES (1085, 14566.06, 'Transfer Received', '2026-06-11 19:56:31', 'CREDIT', 'acc-30331ea1-6d53-4cf0-bf24-1d28b0a2f565');
INSERT INTO account_operation (id, amount, description, operation_date, type, bank_account_id) VALUES (1086, 1779.29, 'Amendis', '2026-06-17 19:56:31', 'DEBIT', 'acc-30331ea1-6d53-4cf0-bf24-1d28b0a2f565');
INSERT INTO account_operation (id, amount, description, operation_date, type, bank_account_id) VALUES (1087, 1689.52, 'Marjane Supermarket', '2026-06-05 19:56:31', 'DEBIT', 'acc-30331ea1-6d53-4cf0-bf24-1d28b0a2f565');
INSERT INTO account_operation (id, amount, description, operation_date, type, bank_account_id) VALUES (1088, 1077.06, 'ONEE Electricity', '2026-06-28 19:56:31', 'DEBIT', 'acc-30331ea1-6d53-4cf0-bf24-1d28b0a2f565');
INSERT INTO account_operation (id, amount, description, operation_date, type, bank_account_id) VALUES (1089, 1418.34, 'Redal', '2026-06-26 19:56:31', 'DEBIT', 'acc-30331ea1-6d53-4cf0-bf24-1d28b0a2f565');
INSERT INTO account_operation (id, amount, description, operation_date, type, bank_account_id) VALUES (1090, 419.7, 'LC Waikiki', '2026-06-12 19:56:31', 'DEBIT', 'acc-30331ea1-6d53-4cf0-bf24-1d28b0a2f565');
INSERT INTO account_operation (id, amount, description, operation_date, type, bank_account_id) VALUES (1091, 1350.84, 'Spotify', '2026-06-25 19:56:31', 'DEBIT', 'acc-30331ea1-6d53-4cf0-bf24-1d28b0a2f565');
INSERT INTO account_operation (id, amount, description, operation_date, type, bank_account_id) VALUES (1092, 449.2, 'Maroc Telecom', '2026-06-25 19:56:31', 'DEBIT', 'acc-30331ea1-6d53-4cf0-bf24-1d28b0a2f565');
INSERT INTO account_operation (id, amount, description, operation_date, type, bank_account_id) VALUES (1093, 1013.91, 'ONCF Train', '2026-06-19 19:56:31', 'DEBIT', 'acc-30331ea1-6d53-4cf0-bf24-1d28b0a2f565');
INSERT INTO account_operation (id, amount, description, operation_date, type, bank_account_id) VALUES (1094, 14833.26, 'Cash Deposit', '2026-06-03 19:56:31', 'CREDIT', 'acc-30331ea1-6d53-4cf0-bf24-1d28b0a2f565');
INSERT INTO account_operation (id, amount, description, operation_date, type, bank_account_id) VALUES (1095, 1765.34, 'ONEE Electricity', '2026-05-20 19:56:31', 'DEBIT', 'acc-30331ea1-6d53-4cf0-bf24-1d28b0a2f565');
INSERT INTO account_operation (id, amount, description, operation_date, type, bank_account_id) VALUES (1096, 11701.8, 'Transfer Received', '2026-05-20 19:56:31', 'CREDIT', 'acc-30331ea1-6d53-4cf0-bf24-1d28b0a2f565');
INSERT INTO account_operation (id, amount, description, operation_date, type, bank_account_id) VALUES (1097, 1093.58, 'BIM Store', '2026-06-11 19:56:31', 'DEBIT', 'acc-30331ea1-6d53-4cf0-bf24-1d28b0a2f565');

INSERT INTO customer (id, name, email) VALUES (20, 'Youssef Tahiri', 'youssef.tahiri@gmail.com');
INSERT INTO bank_account (id, type, balance, created_at, customer_id, over_draft, interest_rate) VALUES ('acc-bbdd135d-22c4-4f4c-865f-1d5bf79ce1b5', 'CURR', 111889.7, '2025-07-02 19:56:31', 20, 6958.19, NULL);
INSERT INTO account_operation (id, amount, description, operation_date, type, bank_account_id) VALUES (1098, 5954.81, 'Initial Account Funding', '2025-07-02 19:56:31', 'CREDIT', 'acc-bbdd135d-22c4-4f4c-865f-1d5bf79ce1b5');
INSERT INTO account_operation (id, amount, description, operation_date, type, bank_account_id) VALUES (1099, 10972.19, 'Dividend Payout', '2026-02-26 19:56:31', 'CREDIT', 'acc-bbdd135d-22c4-4f4c-865f-1d5bf79ce1b5');
INSERT INTO account_operation (id, amount, description, operation_date, type, bank_account_id) VALUES (1100, 1872.34, 'Maroc Telecom', '2025-10-14 19:56:31', 'DEBIT', 'acc-bbdd135d-22c4-4f4c-865f-1d5bf79ce1b5');
INSERT INTO account_operation (id, amount, description, operation_date, type, bank_account_id) VALUES (1101, 1959.44, 'Decathlon', '2025-08-05 19:56:31', 'DEBIT', 'acc-bbdd135d-22c4-4f4c-865f-1d5bf79ce1b5');
INSERT INTO account_operation (id, amount, description, operation_date, type, bank_account_id) VALUES (1102, 1119.17, 'Spotify', '2025-07-31 19:56:31', 'DEBIT', 'acc-bbdd135d-22c4-4f4c-865f-1d5bf79ce1b5');
INSERT INTO account_operation (id, amount, description, operation_date, type, bank_account_id) VALUES (1103, 14690.42, 'Transfer Received', '2026-05-08 19:56:31', 'CREDIT', 'acc-bbdd135d-22c4-4f4c-865f-1d5bf79ce1b5');
INSERT INTO account_operation (id, amount, description, operation_date, type, bank_account_id) VALUES (1104, 349.9, 'Spotify', '2025-11-25 19:56:31', 'DEBIT', 'acc-bbdd135d-22c4-4f4c-865f-1d5bf79ce1b5');
INSERT INTO account_operation (id, amount, description, operation_date, type, bank_account_id) VALUES (1105, 632.39, 'Netflix Subscription', '2026-03-19 19:56:31', 'DEBIT', 'acc-bbdd135d-22c4-4f4c-865f-1d5bf79ce1b5');
INSERT INTO account_operation (id, amount, description, operation_date, type, bank_account_id) VALUES (1106, 1629.47, 'Inwi', '2025-09-29 19:56:31', 'DEBIT', 'acc-bbdd135d-22c4-4f4c-865f-1d5bf79ce1b5');
INSERT INTO account_operation (id, amount, description, operation_date, type, bank_account_id) VALUES (1107, 315.49, 'Zara', '2025-09-01 19:56:31', 'DEBIT', 'acc-bbdd135d-22c4-4f4c-865f-1d5bf79ce1b5');
INSERT INTO account_operation (id, amount, description, operation_date, type, bank_account_id) VALUES (1108, 383.04, 'ONCF Train', '2025-09-13 19:56:31', 'DEBIT', 'acc-bbdd135d-22c4-4f4c-865f-1d5bf79ce1b5');
INSERT INTO account_operation (id, amount, description, operation_date, type, bank_account_id) VALUES (1109, 403.39, 'Carrefour', '2026-04-26 19:56:31', 'DEBIT', 'acc-bbdd135d-22c4-4f4c-865f-1d5bf79ce1b5');
INSERT INTO account_operation (id, amount, description, operation_date, type, bank_account_id) VALUES (1110, 1472.18, 'Netflix Subscription', '2025-08-14 19:56:31', 'DEBIT', 'acc-bbdd135d-22c4-4f4c-865f-1d5bf79ce1b5');
INSERT INTO account_operation (id, amount, description, operation_date, type, bank_account_id) VALUES (1111, 1231.55, 'Marjane Supermarket', '2025-09-08 19:56:31', 'DEBIT', 'acc-bbdd135d-22c4-4f4c-865f-1d5bf79ce1b5');
INSERT INTO account_operation (id, amount, description, operation_date, type, bank_account_id) VALUES (1112, 968.11, 'Local Cafe', '2025-07-16 19:56:31', 'DEBIT', 'acc-bbdd135d-22c4-4f4c-865f-1d5bf79ce1b5');
INSERT INTO account_operation (id, amount, description, operation_date, type, bank_account_id) VALUES (1113, 715.91, 'Local Cafe', '2026-06-23 19:56:31', 'DEBIT', 'acc-bbdd135d-22c4-4f4c-865f-1d5bf79ce1b5');
INSERT INTO account_operation (id, amount, description, operation_date, type, bank_account_id) VALUES (1114, 2524.1, 'Dividend Payout', '2025-10-16 19:56:31', 'CREDIT', 'acc-bbdd135d-22c4-4f4c-865f-1d5bf79ce1b5');
INSERT INTO account_operation (id, amount, description, operation_date, type, bank_account_id) VALUES (1115, 14884.56, 'Freelance Payment', '2025-07-22 19:56:31', 'CREDIT', 'acc-bbdd135d-22c4-4f4c-865f-1d5bf79ce1b5');
INSERT INTO account_operation (id, amount, description, operation_date, type, bank_account_id) VALUES (1116, 434.74, 'Restaurant', '2026-03-28 19:56:31', 'DEBIT', 'acc-bbdd135d-22c4-4f4c-865f-1d5bf79ce1b5');
INSERT INTO account_operation (id, amount, description, operation_date, type, bank_account_id) VALUES (1117, 7653.8, 'Cash Deposit', '2025-11-18 19:56:31', 'CREDIT', 'acc-bbdd135d-22c4-4f4c-865f-1d5bf79ce1b5');
INSERT INTO account_operation (id, amount, description, operation_date, type, bank_account_id) VALUES (1118, 80.33, 'Zara', '2026-05-16 19:56:31', 'DEBIT', 'acc-bbdd135d-22c4-4f4c-865f-1d5bf79ce1b5');
INSERT INTO account_operation (id, amount, description, operation_date, type, bank_account_id) VALUES (1119, 10347.9, 'Freelance Payment', '2025-07-08 19:56:31', 'CREDIT', 'acc-bbdd135d-22c4-4f4c-865f-1d5bf79ce1b5');
INSERT INTO account_operation (id, amount, description, operation_date, type, bank_account_id) VALUES (1120, 78.46, 'Zara', '2026-01-05 19:56:31', 'DEBIT', 'acc-bbdd135d-22c4-4f4c-865f-1d5bf79ce1b5');
INSERT INTO account_operation (id, amount, description, operation_date, type, bank_account_id) VALUES (1121, 6618.74, 'Cash Deposit', '2026-06-02 19:56:31', 'CREDIT', 'acc-bbdd135d-22c4-4f4c-865f-1d5bf79ce1b5');
INSERT INTO account_operation (id, amount, description, operation_date, type, bank_account_id) VALUES (1122, 1095.8, 'Inwi', '2026-03-19 19:56:31', 'DEBIT', 'acc-bbdd135d-22c4-4f4c-865f-1d5bf79ce1b5');
INSERT INTO account_operation (id, amount, description, operation_date, type, bank_account_id) VALUES (1123, 1730.47, 'ONEE Electricity', '2025-09-25 19:56:31', 'DEBIT', 'acc-bbdd135d-22c4-4f4c-865f-1d5bf79ce1b5');
INSERT INTO account_operation (id, amount, description, operation_date, type, bank_account_id) VALUES (1124, 1196.54, 'Spotify', '2026-02-11 19:56:31', 'DEBIT', 'acc-bbdd135d-22c4-4f4c-865f-1d5bf79ce1b5');
INSERT INTO account_operation (id, amount, description, operation_date, type, bank_account_id) VALUES (1125, 13063.98, 'Salary Deposit', '2025-10-16 19:56:31', 'CREDIT', 'acc-bbdd135d-22c4-4f4c-865f-1d5bf79ce1b5');
INSERT INTO account_operation (id, amount, description, operation_date, type, bank_account_id) VALUES (1126, 31.43, 'Netflix Subscription', '2026-04-18 19:56:31', 'DEBIT', 'acc-bbdd135d-22c4-4f4c-865f-1d5bf79ce1b5');
INSERT INTO account_operation (id, amount, description, operation_date, type, bank_account_id) VALUES (1127, 1852.6, 'Amendis', '2026-03-30 19:56:31', 'DEBIT', 'acc-bbdd135d-22c4-4f4c-865f-1d5bf79ce1b5');
INSERT INTO account_operation (id, amount, description, operation_date, type, bank_account_id) VALUES (1128, 75.46, 'Amendis', '2026-03-04 19:56:31', 'DEBIT', 'acc-bbdd135d-22c4-4f4c-865f-1d5bf79ce1b5');
INSERT INTO account_operation (id, amount, description, operation_date, type, bank_account_id) VALUES (1129, 6653.79, 'Dividend Payout', '2025-11-15 19:56:31', 'CREDIT', 'acc-bbdd135d-22c4-4f4c-865f-1d5bf79ce1b5');
INSERT INTO account_operation (id, amount, description, operation_date, type, bank_account_id) VALUES (1130, 145.94, 'Marjane Supermarket', '2026-03-17 19:56:31', 'DEBIT', 'acc-bbdd135d-22c4-4f4c-865f-1d5bf79ce1b5');
INSERT INTO account_operation (id, amount, description, operation_date, type, bank_account_id) VALUES (1131, 14975.37, 'Cash Deposit', '2026-06-27 19:56:31', 'CREDIT', 'acc-bbdd135d-22c4-4f4c-865f-1d5bf79ce1b5');
INSERT INTO account_operation (id, amount, description, operation_date, type, bank_account_id) VALUES (1132, 291.48, 'BIM Store', '2025-09-21 19:56:31', 'DEBIT', 'acc-bbdd135d-22c4-4f4c-865f-1d5bf79ce1b5');
INSERT INTO account_operation (id, amount, description, operation_date, type, bank_account_id) VALUES (1133, 1375.51, 'ONCF Train', '2026-06-17 19:56:31', 'DEBIT', 'acc-bbdd135d-22c4-4f4c-865f-1d5bf79ce1b5');
INSERT INTO account_operation (id, amount, description, operation_date, type, bank_account_id) VALUES (1134, 6403.67, 'Dividend Payout', '2026-02-13 19:56:31', 'CREDIT', 'acc-bbdd135d-22c4-4f4c-865f-1d5bf79ce1b5');
INSERT INTO account_operation (id, amount, description, operation_date, type, bank_account_id) VALUES (1135, 14812.04, 'Cash Deposit', '2026-03-02 19:56:31', 'CREDIT', 'acc-bbdd135d-22c4-4f4c-865f-1d5bf79ce1b5');
INSERT INTO account_operation (id, amount, description, operation_date, type, bank_account_id) VALUES (1136, 8306.61, 'Freelance Payment', '2026-03-26 19:56:31', 'CREDIT', 'acc-bbdd135d-22c4-4f4c-865f-1d5bf79ce1b5');
INSERT INTO account_operation (id, amount, description, operation_date, type, bank_account_id) VALUES (1137, 1587.61, 'Maroc Telecom', '2025-10-18 19:56:31', 'DEBIT', 'acc-bbdd135d-22c4-4f4c-865f-1d5bf79ce1b5');
INSERT INTO account_operation (id, amount, description, operation_date, type, bank_account_id) VALUES (1138, 1428.65, 'Inwi', '2025-11-11 19:56:31', 'DEBIT', 'acc-bbdd135d-22c4-4f4c-865f-1d5bf79ce1b5');
INSERT INTO account_operation (id, amount, description, operation_date, type, bank_account_id) VALUES (1139, 1514.88, 'ONEE Electricity', '2025-10-10 19:56:31', 'DEBIT', 'acc-bbdd135d-22c4-4f4c-865f-1d5bf79ce1b5');
INSERT INTO bank_account (id, type, balance, created_at, customer_id, over_draft, interest_rate) VALUES ('acc-851ba5e3-5e77-4720-99d9-e29b0e60663d', 'CURR', 898.65, '2025-07-16 19:56:31', 20, 5338.39, NULL);
INSERT INTO account_operation (id, amount, description, operation_date, type, bank_account_id) VALUES (1140, 9731.32, 'Initial Account Funding', '2025-07-16 19:56:31', 'CREDIT', 'acc-851ba5e3-5e77-4720-99d9-e29b0e60663d');
INSERT INTO account_operation (id, amount, description, operation_date, type, bank_account_id) VALUES (1141, 1544.23, 'Marjane Supermarket', '2025-12-10 19:56:31', 'DEBIT', 'acc-851ba5e3-5e77-4720-99d9-e29b0e60663d');
INSERT INTO account_operation (id, amount, description, operation_date, type, bank_account_id) VALUES (1142, 214.99, 'Spotify', '2025-08-06 19:56:31', 'DEBIT', 'acc-851ba5e3-5e77-4720-99d9-e29b0e60663d');
INSERT INTO account_operation (id, amount, description, operation_date, type, bank_account_id) VALUES (1143, 106.42, 'Marjane Supermarket', '2026-04-11 19:56:31', 'DEBIT', 'acc-851ba5e3-5e77-4720-99d9-e29b0e60663d');
INSERT INTO account_operation (id, amount, description, operation_date, type, bank_account_id) VALUES (1144, 649.55, 'Maroc Telecom', '2025-11-16 19:56:31', 'DEBIT', 'acc-851ba5e3-5e77-4720-99d9-e29b0e60663d');
INSERT INTO account_operation (id, amount, description, operation_date, type, bank_account_id) VALUES (1145, 1228.7, 'LC Waikiki', '2026-04-12 19:56:31', 'DEBIT', 'acc-851ba5e3-5e77-4720-99d9-e29b0e60663d');
INSERT INTO account_operation (id, amount, description, operation_date, type, bank_account_id) VALUES (1146, 772.6, 'Orange', '2025-08-24 19:56:31', 'DEBIT', 'acc-851ba5e3-5e77-4720-99d9-e29b0e60663d');
INSERT INTO account_operation (id, amount, description, operation_date, type, bank_account_id) VALUES (1147, 1570.57, 'Orange', '2025-09-22 19:56:31', 'DEBIT', 'acc-851ba5e3-5e77-4720-99d9-e29b0e60663d');
INSERT INTO account_operation (id, amount, description, operation_date, type, bank_account_id) VALUES (1148, 1537.38, 'Dividend Payout', '2026-04-15 19:56:31', 'CREDIT', 'acc-851ba5e3-5e77-4720-99d9-e29b0e60663d');
INSERT INTO account_operation (id, amount, description, operation_date, type, bank_account_id) VALUES (1149, 1919.17, 'ONEE Electricity', '2025-07-27 19:56:31', 'DEBIT', 'acc-851ba5e3-5e77-4720-99d9-e29b0e60663d');
INSERT INTO account_operation (id, amount, description, operation_date, type, bank_account_id) VALUES (1150, 1693.08, 'Marjane Supermarket', '2026-05-09 19:56:31', 'DEBIT', 'acc-851ba5e3-5e77-4720-99d9-e29b0e60663d');
INSERT INTO account_operation (id, amount, description, operation_date, type, bank_account_id) VALUES (1151, 553.19, 'CTM Bus', '2025-09-28 19:56:31', 'DEBIT', 'acc-851ba5e3-5e77-4720-99d9-e29b0e60663d');
INSERT INTO account_operation (id, amount, description, operation_date, type, bank_account_id) VALUES (1152, 746.53, 'Amendis', '2025-10-05 19:56:31', 'DEBIT', 'acc-851ba5e3-5e77-4720-99d9-e29b0e60663d');
INSERT INTO account_operation (id, amount, description, operation_date, type, bank_account_id) VALUES (1153, 24.62, 'CTM Bus', '2025-12-12 19:56:31', 'DEBIT', 'acc-851ba5e3-5e77-4720-99d9-e29b0e60663d');
INSERT INTO account_operation (id, amount, description, operation_date, type, bank_account_id) VALUES (1154, 4829.25, 'Cash Deposit', '2026-05-05 19:56:31', 'CREDIT', 'acc-851ba5e3-5e77-4720-99d9-e29b0e60663d');
INSERT INTO account_operation (id, amount, description, operation_date, type, bank_account_id) VALUES (1155, 651.13, 'ONEE Electricity', '2025-10-28 19:56:31', 'DEBIT', 'acc-851ba5e3-5e77-4720-99d9-e29b0e60663d');
INSERT INTO account_operation (id, amount, description, operation_date, type, bank_account_id) VALUES (1156, 1135.46, 'LC Waikiki', '2026-01-02 19:56:31', 'DEBIT', 'acc-851ba5e3-5e77-4720-99d9-e29b0e60663d');
INSERT INTO account_operation (id, amount, description, operation_date, type, bank_account_id) VALUES (1157, 2962.95, 'Transfer Received', '2026-05-29 19:56:31', 'CREDIT', 'acc-851ba5e3-5e77-4720-99d9-e29b0e60663d');
INSERT INTO account_operation (id, amount, description, operation_date, type, bank_account_id) VALUES (1158, 301.44, 'Carrefour', '2025-09-15 19:56:31', 'DEBIT', 'acc-851ba5e3-5e77-4720-99d9-e29b0e60663d');
INSERT INTO account_operation (id, amount, description, operation_date, type, bank_account_id) VALUES (1159, 1528.49, 'Pharmacy', '2026-04-03 19:56:31', 'DEBIT', 'acc-851ba5e3-5e77-4720-99d9-e29b0e60663d');
INSERT INTO account_operation (id, amount, description, operation_date, type, bank_account_id) VALUES (1160, 1682.99, 'ONCF Train', '2026-05-03 19:56:31', 'DEBIT', 'acc-851ba5e3-5e77-4720-99d9-e29b0e60663d');
INSERT INTO account_operation (id, amount, description, operation_date, type, bank_account_id) VALUES (1161, 307.52, 'Carrefour', '2026-04-15 19:56:31', 'DEBIT', 'acc-851ba5e3-5e77-4720-99d9-e29b0e60663d');
INSERT INTO account_operation (id, amount, description, operation_date, type, bank_account_id) VALUES (1162, 958.96, 'ONEE Electricity', '2025-08-05 19:56:31', 'DEBIT', 'acc-851ba5e3-5e77-4720-99d9-e29b0e60663d');
INSERT INTO account_operation (id, amount, description, operation_date, type, bank_account_id) VALUES (1163, 572.61, 'BIM Store', '2025-11-21 19:56:31', 'DEBIT', 'acc-851ba5e3-5e77-4720-99d9-e29b0e60663d');
INSERT INTO bank_account (id, type, balance, created_at, customer_id, over_draft, interest_rate) VALUES ('acc-de6373e5-e6a9-47f8-8aaa-f3067edec20a', 'SAVE', 53606.07, '2025-12-27 19:56:31', 20, NULL, 2.38);
INSERT INTO account_operation (id, amount, description, operation_date, type, bank_account_id) VALUES (1164, 43481.35, 'Initial Account Funding', '2025-12-27 19:56:31', 'CREDIT', 'acc-de6373e5-e6a9-47f8-8aaa-f3067edec20a');
INSERT INTO account_operation (id, amount, description, operation_date, type, bank_account_id) VALUES (1165, 1331.32, 'Redal', '2026-06-26 19:56:31', 'DEBIT', 'acc-de6373e5-e6a9-47f8-8aaa-f3067edec20a');
INSERT INTO account_operation (id, amount, description, operation_date, type, bank_account_id) VALUES (1166, 1298.7, 'ONEE Electricity', '2026-05-28 19:56:31', 'DEBIT', 'acc-de6373e5-e6a9-47f8-8aaa-f3067edec20a');
INSERT INTO account_operation (id, amount, description, operation_date, type, bank_account_id) VALUES (1167, 10081.91, 'Dividend Payout', '2026-03-07 19:56:31', 'CREDIT', 'acc-de6373e5-e6a9-47f8-8aaa-f3067edec20a');
INSERT INTO account_operation (id, amount, description, operation_date, type, bank_account_id) VALUES (1168, 1897.83, 'Inwi', '2026-02-09 19:56:31', 'DEBIT', 'acc-de6373e5-e6a9-47f8-8aaa-f3067edec20a');
INSERT INTO account_operation (id, amount, description, operation_date, type, bank_account_id) VALUES (1169, 1106.64, 'Decathlon', '2026-03-20 19:56:31', 'DEBIT', 'acc-de6373e5-e6a9-47f8-8aaa-f3067edec20a');
INSERT INTO account_operation (id, amount, description, operation_date, type, bank_account_id) VALUES (1170, 969.39, 'LC Waikiki', '2026-05-16 19:56:31', 'DEBIT', 'acc-de6373e5-e6a9-47f8-8aaa-f3067edec20a');
INSERT INTO account_operation (id, amount, description, operation_date, type, bank_account_id) VALUES (1171, 8984.63, 'Transfer Received', '2026-03-18 19:56:31', 'CREDIT', 'acc-de6373e5-e6a9-47f8-8aaa-f3067edec20a');
INSERT INTO account_operation (id, amount, description, operation_date, type, bank_account_id) VALUES (1172, 1262.87, 'LC Waikiki', '2026-03-25 19:56:31', 'DEBIT', 'acc-de6373e5-e6a9-47f8-8aaa-f3067edec20a');
INSERT INTO account_operation (id, amount, description, operation_date, type, bank_account_id) VALUES (1173, 943.07, 'LC Waikiki', '2026-06-21 19:56:31', 'DEBIT', 'acc-de6373e5-e6a9-47f8-8aaa-f3067edec20a');
INSERT INTO account_operation (id, amount, description, operation_date, type, bank_account_id) VALUES (1174, 43.34, 'Pharmacy', '2026-01-03 19:56:31', 'DEBIT', 'acc-de6373e5-e6a9-47f8-8aaa-f3067edec20a');
INSERT INTO account_operation (id, amount, description, operation_date, type, bank_account_id) VALUES (1175, 88.66, 'ONEE Electricity', '2026-02-16 19:56:31', 'DEBIT', 'acc-de6373e5-e6a9-47f8-8aaa-f3067edec20a');

INSERT INTO customer (id, name, email) VALUES (21, 'Karim El Fassi', 'karim.el fassi@gmail.com');
INSERT INTO bank_account (id, type, balance, created_at, customer_id, over_draft, interest_rate) VALUES ('acc-7cd83253-1ea3-4f93-bab0-075cf6a06a9e', 'SAVE', 52962.31, '2026-02-26 19:56:31', 21, NULL, 2.64);
INSERT INTO account_operation (id, amount, description, operation_date, type, bank_account_id) VALUES (1176, 33618.52, 'Initial Account Funding', '2026-02-26 19:56:31', 'CREDIT', 'acc-7cd83253-1ea3-4f93-bab0-075cf6a06a9e');
INSERT INTO account_operation (id, amount, description, operation_date, type, bank_account_id) VALUES (1177, 1006.34, 'Decathlon', '2026-06-17 19:56:31', 'DEBIT', 'acc-7cd83253-1ea3-4f93-bab0-075cf6a06a9e');
INSERT INTO account_operation (id, amount, description, operation_date, type, bank_account_id) VALUES (1178, 1550.61, 'Local Cafe', '2026-05-02 19:56:31', 'DEBIT', 'acc-7cd83253-1ea3-4f93-bab0-075cf6a06a9e');
INSERT INTO account_operation (id, amount, description, operation_date, type, bank_account_id) VALUES (1179, 943.64, 'Restaurant', '2026-03-01 19:56:31', 'DEBIT', 'acc-7cd83253-1ea3-4f93-bab0-075cf6a06a9e');
INSERT INTO account_operation (id, amount, description, operation_date, type, bank_account_id) VALUES (1180, 5593.56, 'Freelance Payment', '2026-04-14 19:56:31', 'CREDIT', 'acc-7cd83253-1ea3-4f93-bab0-075cf6a06a9e');
INSERT INTO account_operation (id, amount, description, operation_date, type, bank_account_id) VALUES (1181, 177.98, 'Carrefour', '2026-04-21 19:56:31', 'DEBIT', 'acc-7cd83253-1ea3-4f93-bab0-075cf6a06a9e');
INSERT INTO account_operation (id, amount, description, operation_date, type, bank_account_id) VALUES (1182, 541.2, 'Restaurant', '2026-05-08 19:56:31', 'DEBIT', 'acc-7cd83253-1ea3-4f93-bab0-075cf6a06a9e');
INSERT INTO account_operation (id, amount, description, operation_date, type, bank_account_id) VALUES (1183, 851.94, 'Pharmacy', '2026-03-19 19:56:31', 'DEBIT', 'acc-7cd83253-1ea3-4f93-bab0-075cf6a06a9e');
INSERT INTO account_operation (id, amount, description, operation_date, type, bank_account_id) VALUES (1184, 575.28, 'BIM Store', '2026-04-21 19:56:31', 'DEBIT', 'acc-7cd83253-1ea3-4f93-bab0-075cf6a06a9e');
INSERT INTO account_operation (id, amount, description, operation_date, type, bank_account_id) VALUES (1185, 1331.78, 'CTM Bus', '2026-06-07 19:56:31', 'DEBIT', 'acc-7cd83253-1ea3-4f93-bab0-075cf6a06a9e');
INSERT INTO account_operation (id, amount, description, operation_date, type, bank_account_id) VALUES (1186, 585.92, 'Restaurant', '2026-03-29 19:56:31', 'DEBIT', 'acc-7cd83253-1ea3-4f93-bab0-075cf6a06a9e');
INSERT INTO account_operation (id, amount, description, operation_date, type, bank_account_id) VALUES (1187, 13009.6, 'Salary Deposit', '2026-04-09 19:56:31', 'CREDIT', 'acc-7cd83253-1ea3-4f93-bab0-075cf6a06a9e');
INSERT INTO account_operation (id, amount, description, operation_date, type, bank_account_id) VALUES (1188, 566.41, 'Inwi', '2026-06-23 19:56:31', 'DEBIT', 'acc-7cd83253-1ea3-4f93-bab0-075cf6a06a9e');
INSERT INTO account_operation (id, amount, description, operation_date, type, bank_account_id) VALUES (1189, 8871.73, 'Cash Deposit', '2026-03-14 19:56:31', 'CREDIT', 'acc-7cd83253-1ea3-4f93-bab0-075cf6a06a9e');
INSERT INTO bank_account (id, type, balance, created_at, customer_id, over_draft, interest_rate) VALUES ('acc-1011939c-57ae-4e21-9a14-635efa57b8c7', 'SAVE', 52619.07, '2025-11-05 19:56:31', 21, NULL, 2.51);
INSERT INTO account_operation (id, amount, description, operation_date, type, bank_account_id) VALUES (1190, 34358.35, 'Initial Account Funding', '2025-11-05 19:56:31', 'CREDIT', 'acc-1011939c-57ae-4e21-9a14-635efa57b8c7');
INSERT INTO account_operation (id, amount, description, operation_date, type, bank_account_id) VALUES (1191, 1472.3, 'Maroc Telecom', '2026-03-30 19:56:31', 'DEBIT', 'acc-1011939c-57ae-4e21-9a14-635efa57b8c7');
INSERT INTO account_operation (id, amount, description, operation_date, type, bank_account_id) VALUES (1192, 209.08, 'ONCF Train', '2026-02-05 19:56:31', 'DEBIT', 'acc-1011939c-57ae-4e21-9a14-635efa57b8c7');
INSERT INTO account_operation (id, amount, description, operation_date, type, bank_account_id) VALUES (1193, 1742.19, 'Zara', '2025-12-14 19:56:31', 'DEBIT', 'acc-1011939c-57ae-4e21-9a14-635efa57b8c7');
INSERT INTO account_operation (id, amount, description, operation_date, type, bank_account_id) VALUES (1194, 1125.1, 'LC Waikiki', '2025-12-21 19:56:31', 'DEBIT', 'acc-1011939c-57ae-4e21-9a14-635efa57b8c7');
INSERT INTO account_operation (id, amount, description, operation_date, type, bank_account_id) VALUES (1195, 94.36, 'Decathlon', '2026-03-19 19:56:31', 'DEBIT', 'acc-1011939c-57ae-4e21-9a14-635efa57b8c7');
INSERT INTO account_operation (id, amount, description, operation_date, type, bank_account_id) VALUES (1196, 437.03, 'Orange', '2026-01-24 19:56:31', 'DEBIT', 'acc-1011939c-57ae-4e21-9a14-635efa57b8c7');
INSERT INTO account_operation (id, amount, description, operation_date, type, bank_account_id) VALUES (1197, 11029.3, 'Transfer Received', '2026-01-02 19:56:31', 'CREDIT', 'acc-1011939c-57ae-4e21-9a14-635efa57b8c7');
INSERT INTO account_operation (id, amount, description, operation_date, type, bank_account_id) VALUES (1198, 1900.19, 'Amendis', '2026-01-13 19:56:31', 'DEBIT', 'acc-1011939c-57ae-4e21-9a14-635efa57b8c7');
INSERT INTO account_operation (id, amount, description, operation_date, type, bank_account_id) VALUES (1199, 4900.04, 'Dividend Payout', '2026-02-27 19:56:31', 'CREDIT', 'acc-1011939c-57ae-4e21-9a14-635efa57b8c7');
INSERT INTO account_operation (id, amount, description, operation_date, type, bank_account_id) VALUES (1200, 13501.48, 'Freelance Payment', '2026-04-16 19:56:31', 'CREDIT', 'acc-1011939c-57ae-4e21-9a14-635efa57b8c7');
INSERT INTO account_operation (id, amount, description, operation_date, type, bank_account_id) VALUES (1201, 1961.34, 'Cash Deposit', '2025-12-15 19:56:31', 'CREDIT', 'acc-1011939c-57ae-4e21-9a14-635efa57b8c7');
INSERT INTO account_operation (id, amount, description, operation_date, type, bank_account_id) VALUES (1202, 1843.69, 'BIM Store', '2025-12-08 19:56:31', 'DEBIT', 'acc-1011939c-57ae-4e21-9a14-635efa57b8c7');
INSERT INTO account_operation (id, amount, description, operation_date, type, bank_account_id) VALUES (1203, 1351.4, 'Inwi', '2026-06-29 19:56:31', 'DEBIT', 'acc-1011939c-57ae-4e21-9a14-635efa57b8c7');
INSERT INTO account_operation (id, amount, description, operation_date, type, bank_account_id) VALUES (1204, 1805.8, 'Maroc Telecom', '2026-01-11 19:56:31', 'DEBIT', 'acc-1011939c-57ae-4e21-9a14-635efa57b8c7');
INSERT INTO account_operation (id, amount, description, operation_date, type, bank_account_id) VALUES (1205, 210.36, 'ONCF Train', '2026-05-28 19:56:31', 'DEBIT', 'acc-1011939c-57ae-4e21-9a14-635efa57b8c7');
INSERT INTO account_operation (id, amount, description, operation_date, type, bank_account_id) VALUES (1206, 939.94, 'Pharmacy', '2025-11-23 19:56:31', 'DEBIT', 'acc-1011939c-57ae-4e21-9a14-635efa57b8c7');
INSERT INTO bank_account (id, type, balance, created_at, customer_id, over_draft, interest_rate) VALUES ('acc-408f1ab9-cde6-4dae-923b-e051d6219e4d', 'CURR', 70005.83, '2025-07-31 19:56:31', 21, 6274.74, NULL);
INSERT INTO account_operation (id, amount, description, operation_date, type, bank_account_id) VALUES (1207, 26346.91, 'Initial Account Funding', '2025-07-31 19:56:31', 'CREDIT', 'acc-408f1ab9-cde6-4dae-923b-e051d6219e4d');
INSERT INTO account_operation (id, amount, description, operation_date, type, bank_account_id) VALUES (1208, 12668.43, 'Cash Deposit', '2025-11-02 19:56:31', 'CREDIT', 'acc-408f1ab9-cde6-4dae-923b-e051d6219e4d');
INSERT INTO account_operation (id, amount, description, operation_date, type, bank_account_id) VALUES (1209, 758.53, 'Zara', '2026-04-25 19:56:31', 'DEBIT', 'acc-408f1ab9-cde6-4dae-923b-e051d6219e4d');
INSERT INTO account_operation (id, amount, description, operation_date, type, bank_account_id) VALUES (1210, 1092.99, 'Orange', '2026-06-01 19:56:31', 'DEBIT', 'acc-408f1ab9-cde6-4dae-923b-e051d6219e4d');
INSERT INTO account_operation (id, amount, description, operation_date, type, bank_account_id) VALUES (1211, 695.37, 'Inwi', '2025-08-22 19:56:31', 'DEBIT', 'acc-408f1ab9-cde6-4dae-923b-e051d6219e4d');
INSERT INTO account_operation (id, amount, description, operation_date, type, bank_account_id) VALUES (1212, 5311.27, 'Transfer Received', '2026-03-29 19:56:31', 'CREDIT', 'acc-408f1ab9-cde6-4dae-923b-e051d6219e4d');
INSERT INTO account_operation (id, amount, description, operation_date, type, bank_account_id) VALUES (1213, 12080.08, 'Cash Deposit', '2025-10-03 19:56:31', 'CREDIT', 'acc-408f1ab9-cde6-4dae-923b-e051d6219e4d');
INSERT INTO account_operation (id, amount, description, operation_date, type, bank_account_id) VALUES (1214, 12104.3, 'Freelance Payment', '2026-01-31 19:56:31', 'CREDIT', 'acc-408f1ab9-cde6-4dae-923b-e051d6219e4d');
INSERT INTO account_operation (id, amount, description, operation_date, type, bank_account_id) VALUES (1215, 1923.93, 'Salary Deposit', '2026-01-23 19:56:31', 'CREDIT', 'acc-408f1ab9-cde6-4dae-923b-e051d6219e4d');
INSERT INTO account_operation (id, amount, description, operation_date, type, bank_account_id) VALUES (1216, 392.02, 'Restaurant', '2025-11-01 19:56:31', 'DEBIT', 'acc-408f1ab9-cde6-4dae-923b-e051d6219e4d');
INSERT INTO account_operation (id, amount, description, operation_date, type, bank_account_id) VALUES (1217, 1035.69, 'Spotify', '2026-03-07 19:56:31', 'DEBIT', 'acc-408f1ab9-cde6-4dae-923b-e051d6219e4d');
INSERT INTO account_operation (id, amount, description, operation_date, type, bank_account_id) VALUES (1218, 1526.97, 'Amendis', '2026-01-25 19:56:31', 'DEBIT', 'acc-408f1ab9-cde6-4dae-923b-e051d6219e4d');
INSERT INTO account_operation (id, amount, description, operation_date, type, bank_account_id) VALUES (1219, 1742.64, 'Orange', '2025-09-30 19:56:31', 'DEBIT', 'acc-408f1ab9-cde6-4dae-923b-e051d6219e4d');
INSERT INTO account_operation (id, amount, description, operation_date, type, bank_account_id) VALUES (1220, 1935.87, 'Netflix Subscription', '2026-02-27 19:56:31', 'DEBIT', 'acc-408f1ab9-cde6-4dae-923b-e051d6219e4d');
INSERT INTO account_operation (id, amount, description, operation_date, type, bank_account_id) VALUES (1221, 1843.69, 'ONCF Train', '2026-01-12 19:56:31', 'DEBIT', 'acc-408f1ab9-cde6-4dae-923b-e051d6219e4d');
INSERT INTO account_operation (id, amount, description, operation_date, type, bank_account_id) VALUES (1222, 1695.38, 'Decathlon', '2026-05-11 19:56:31', 'DEBIT', 'acc-408f1ab9-cde6-4dae-923b-e051d6219e4d');
INSERT INTO account_operation (id, amount, description, operation_date, type, bank_account_id) VALUES (1223, 4599.38, 'Dividend Payout', '2026-02-03 19:56:31', 'CREDIT', 'acc-408f1ab9-cde6-4dae-923b-e051d6219e4d');
INSERT INTO account_operation (id, amount, description, operation_date, type, bank_account_id) VALUES (1224, 976.11, 'ONCF Train', '2025-08-08 19:56:31', 'DEBIT', 'acc-408f1ab9-cde6-4dae-923b-e051d6219e4d');
INSERT INTO account_operation (id, amount, description, operation_date, type, bank_account_id) VALUES (1225, 12257.39, 'Freelance Payment', '2026-01-21 19:56:31', 'CREDIT', 'acc-408f1ab9-cde6-4dae-923b-e051d6219e4d');
INSERT INTO account_operation (id, amount, description, operation_date, type, bank_account_id) VALUES (1226, 912.12, 'Inwi', '2026-01-27 19:56:31', 'DEBIT', 'acc-408f1ab9-cde6-4dae-923b-e051d6219e4d');
INSERT INTO account_operation (id, amount, description, operation_date, type, bank_account_id) VALUES (1227, 1784.56, 'Maroc Telecom', '2025-12-24 19:56:31', 'DEBIT', 'acc-408f1ab9-cde6-4dae-923b-e051d6219e4d');
INSERT INTO account_operation (id, amount, description, operation_date, type, bank_account_id) VALUES (1228, 1027.47, 'Inwi', '2026-02-21 19:56:31', 'DEBIT', 'acc-408f1ab9-cde6-4dae-923b-e051d6219e4d');
INSERT INTO account_operation (id, amount, description, operation_date, type, bank_account_id) VALUES (1229, 1276.44, 'Transfer Received', '2025-09-09 19:56:31', 'CREDIT', 'acc-408f1ab9-cde6-4dae-923b-e051d6219e4d');
INSERT INTO account_operation (id, amount, description, operation_date, type, bank_account_id) VALUES (1230, 1142.89, 'Marjane Supermarket', '2026-02-08 19:56:31', 'DEBIT', 'acc-408f1ab9-cde6-4dae-923b-e051d6219e4d');

INSERT INTO customer (id, name, email) VALUES (22, 'Tariq Bennis', 'tariq.bennis@gmail.com');
INSERT INTO bank_account (id, type, balance, created_at, customer_id, over_draft, interest_rate) VALUES ('acc-c9ab6595-ed1f-4da5-997f-1df26e203df4', 'CURR', 88508.2, '2026-05-13 19:56:31', 22, 2848.08, NULL);
INSERT INTO account_operation (id, amount, description, operation_date, type, bank_account_id) VALUES (1231, 24583.12, 'Initial Account Funding', '2026-05-13 19:56:31', 'CREDIT', 'acc-c9ab6595-ed1f-4da5-997f-1df26e203df4');
INSERT INTO account_operation (id, amount, description, operation_date, type, bank_account_id) VALUES (1232, 765.49, 'Local Cafe', '2026-05-15 19:56:31', 'DEBIT', 'acc-c9ab6595-ed1f-4da5-997f-1df26e203df4');
INSERT INTO account_operation (id, amount, description, operation_date, type, bank_account_id) VALUES (1233, 1307.07, 'Transfer Received', '2026-05-27 19:56:31', 'CREDIT', 'acc-c9ab6595-ed1f-4da5-997f-1df26e203df4');
INSERT INTO account_operation (id, amount, description, operation_date, type, bank_account_id) VALUES (1234, 14214.67, 'Transfer Received', '2026-06-17 19:56:31', 'CREDIT', 'acc-c9ab6595-ed1f-4da5-997f-1df26e203df4');
INSERT INTO account_operation (id, amount, description, operation_date, type, bank_account_id) VALUES (1235, 3991.79, 'Dividend Payout', '2026-06-19 19:56:31', 'CREDIT', 'acc-c9ab6595-ed1f-4da5-997f-1df26e203df4');
INSERT INTO account_operation (id, amount, description, operation_date, type, bank_account_id) VALUES (1236, 356.68, 'Carrefour', '2026-05-16 19:56:31', 'DEBIT', 'acc-c9ab6595-ed1f-4da5-997f-1df26e203df4');
INSERT INTO account_operation (id, amount, description, operation_date, type, bank_account_id) VALUES (1237, 1259.37, 'BIM Store', '2026-05-21 19:56:31', 'DEBIT', 'acc-c9ab6595-ed1f-4da5-997f-1df26e203df4');
INSERT INTO account_operation (id, amount, description, operation_date, type, bank_account_id) VALUES (1238, 11651.31, 'Transfer Received', '2026-05-23 19:56:31', 'CREDIT', 'acc-c9ab6595-ed1f-4da5-997f-1df26e203df4');
INSERT INTO account_operation (id, amount, description, operation_date, type, bank_account_id) VALUES (1239, 396.53, 'Marjane Supermarket', '2026-05-27 19:56:31', 'DEBIT', 'acc-c9ab6595-ed1f-4da5-997f-1df26e203df4');
INSERT INTO account_operation (id, amount, description, operation_date, type, bank_account_id) VALUES (1240, 1982.06, 'Marjane Supermarket', '2026-05-17 19:56:31', 'DEBIT', 'acc-c9ab6595-ed1f-4da5-997f-1df26e203df4');
INSERT INTO account_operation (id, amount, description, operation_date, type, bank_account_id) VALUES (1241, 8722.66, 'Dividend Payout', '2026-05-28 19:56:31', 'CREDIT', 'acc-c9ab6595-ed1f-4da5-997f-1df26e203df4');
INSERT INTO account_operation (id, amount, description, operation_date, type, bank_account_id) VALUES (1242, 738.81, 'LC Waikiki', '2026-06-07 19:56:31', 'DEBIT', 'acc-c9ab6595-ed1f-4da5-997f-1df26e203df4');
INSERT INTO account_operation (id, amount, description, operation_date, type, bank_account_id) VALUES (1243, 6266.71, 'Cash Deposit', '2026-06-05 19:56:31', 'CREDIT', 'acc-c9ab6595-ed1f-4da5-997f-1df26e203df4');
INSERT INTO account_operation (id, amount, description, operation_date, type, bank_account_id) VALUES (1244, 1519.01, 'Amendis', '2026-06-02 19:56:31', 'DEBIT', 'acc-c9ab6595-ed1f-4da5-997f-1df26e203df4');
INSERT INTO account_operation (id, amount, description, operation_date, type, bank_account_id) VALUES (1245, 1428.47, 'Redal', '2026-06-15 19:56:31', 'DEBIT', 'acc-c9ab6595-ed1f-4da5-997f-1df26e203df4');
INSERT INTO account_operation (id, amount, description, operation_date, type, bank_account_id) VALUES (1246, 4634.3, 'Salary Deposit', '2026-05-20 19:56:31', 'CREDIT', 'acc-c9ab6595-ed1f-4da5-997f-1df26e203df4');
INSERT INTO account_operation (id, amount, description, operation_date, type, bank_account_id) VALUES (1247, 4425.32, 'Salary Deposit', '2026-06-22 19:56:31', 'CREDIT', 'acc-c9ab6595-ed1f-4da5-997f-1df26e203df4');
INSERT INTO account_operation (id, amount, description, operation_date, type, bank_account_id) VALUES (1248, 1258.18, 'Restaurant', '2026-05-19 19:56:31', 'DEBIT', 'acc-c9ab6595-ed1f-4da5-997f-1df26e203df4');
INSERT INTO account_operation (id, amount, description, operation_date, type, bank_account_id) VALUES (1249, 505.22, 'Local Cafe', '2026-05-23 19:56:31', 'DEBIT', 'acc-c9ab6595-ed1f-4da5-997f-1df26e203df4');
INSERT INTO account_operation (id, amount, description, operation_date, type, bank_account_id) VALUES (1250, 916.5, 'Decathlon', '2026-06-06 19:56:31', 'DEBIT', 'acc-c9ab6595-ed1f-4da5-997f-1df26e203df4');
INSERT INTO account_operation (id, amount, description, operation_date, type, bank_account_id) VALUES (1251, 350.37, 'LC Waikiki', '2026-05-15 19:56:31', 'DEBIT', 'acc-c9ab6595-ed1f-4da5-997f-1df26e203df4');
INSERT INTO account_operation (id, amount, description, operation_date, type, bank_account_id) VALUES (1252, 130.64, 'Decathlon', '2026-06-20 19:56:31', 'DEBIT', 'acc-c9ab6595-ed1f-4da5-997f-1df26e203df4');
INSERT INTO account_operation (id, amount, description, operation_date, type, bank_account_id) VALUES (1253, 593.73, 'Maroc Telecom', '2026-06-19 19:56:31', 'DEBIT', 'acc-c9ab6595-ed1f-4da5-997f-1df26e203df4');
INSERT INTO account_operation (id, amount, description, operation_date, type, bank_account_id) VALUES (1254, 1812.97, 'Marjane Supermarket', '2026-05-24 19:56:31', 'DEBIT', 'acc-c9ab6595-ed1f-4da5-997f-1df26e203df4');
INSERT INTO account_operation (id, amount, description, operation_date, type, bank_account_id) VALUES (1255, 128.39, 'Inwi', '2026-06-25 19:56:31', 'DEBIT', 'acc-c9ab6595-ed1f-4da5-997f-1df26e203df4');
INSERT INTO account_operation (id, amount, description, operation_date, type, bank_account_id) VALUES (1256, 979.71, 'Maroc Telecom', '2026-05-14 19:56:31', 'DEBIT', 'acc-c9ab6595-ed1f-4da5-997f-1df26e203df4');
INSERT INTO account_operation (id, amount, description, operation_date, type, bank_account_id) VALUES (1257, 7181.03, 'Cash Deposit', '2026-06-16 19:56:31', 'CREDIT', 'acc-c9ab6595-ed1f-4da5-997f-1df26e203df4');
INSERT INTO account_operation (id, amount, description, operation_date, type, bank_account_id) VALUES (1258, 14333.75, 'Freelance Payment', '2026-05-28 19:56:31', 'CREDIT', 'acc-c9ab6595-ed1f-4da5-997f-1df26e203df4');
INSERT INTO account_operation (id, amount, description, operation_date, type, bank_account_id) VALUES (1259, 1297.27, 'Amendis', '2026-05-13 19:56:31', 'DEBIT', 'acc-c9ab6595-ed1f-4da5-997f-1df26e203df4');
INSERT INTO account_operation (id, amount, description, operation_date, type, bank_account_id) VALUES (1260, 743.94, 'Maroc Telecom', '2026-06-02 19:56:31', 'DEBIT', 'acc-c9ab6595-ed1f-4da5-997f-1df26e203df4');
INSERT INTO account_operation (id, amount, description, operation_date, type, bank_account_id) VALUES (1261, 613.74, 'BIM Store', '2026-06-03 19:56:31', 'DEBIT', 'acc-c9ab6595-ed1f-4da5-997f-1df26e203df4');
INSERT INTO account_operation (id, amount, description, operation_date, type, bank_account_id) VALUES (1262, 4973.55, 'Cash Deposit', '2026-06-23 19:56:31', 'CREDIT', 'acc-c9ab6595-ed1f-4da5-997f-1df26e203df4');
INSERT INTO bank_account (id, type, balance, created_at, customer_id, over_draft, interest_rate) VALUES ('acc-01469e55-cfca-47b2-b78e-cb13f36c6c2a', 'SAVE', 71637.5, '2025-12-05 19:56:31', 22, NULL, 3.26);
INSERT INTO account_operation (id, amount, description, operation_date, type, bank_account_id) VALUES (1263, 12017.09, 'Initial Account Funding', '2025-12-05 19:56:31', 'CREDIT', 'acc-01469e55-cfca-47b2-b78e-cb13f36c6c2a');
INSERT INTO account_operation (id, amount, description, operation_date, type, bank_account_id) VALUES (1264, 5672.92, 'Cash Deposit', '2026-01-31 19:56:31', 'CREDIT', 'acc-01469e55-cfca-47b2-b78e-cb13f36c6c2a');
INSERT INTO account_operation (id, amount, description, operation_date, type, bank_account_id) VALUES (1265, 475.17, 'Local Cafe', '2026-06-19 19:56:31', 'DEBIT', 'acc-01469e55-cfca-47b2-b78e-cb13f36c6c2a');
INSERT INTO account_operation (id, amount, description, operation_date, type, bank_account_id) VALUES (1266, 268.78, 'BIM Store', '2026-03-26 19:56:31', 'DEBIT', 'acc-01469e55-cfca-47b2-b78e-cb13f36c6c2a');
INSERT INTO account_operation (id, amount, description, operation_date, type, bank_account_id) VALUES (1267, 421.4, 'Zara', '2026-06-18 19:56:31', 'DEBIT', 'acc-01469e55-cfca-47b2-b78e-cb13f36c6c2a');
INSERT INTO account_operation (id, amount, description, operation_date, type, bank_account_id) VALUES (1268, 388.16, 'Orange', '2026-01-16 19:56:31', 'DEBIT', 'acc-01469e55-cfca-47b2-b78e-cb13f36c6c2a');
INSERT INTO account_operation (id, amount, description, operation_date, type, bank_account_id) VALUES (1269, 6744.05, 'Salary Deposit', '2026-06-06 19:56:31', 'CREDIT', 'acc-01469e55-cfca-47b2-b78e-cb13f36c6c2a');
INSERT INTO account_operation (id, amount, description, operation_date, type, bank_account_id) VALUES (1270, 453.7, 'Local Cafe', '2026-02-09 19:56:31', 'DEBIT', 'acc-01469e55-cfca-47b2-b78e-cb13f36c6c2a');
INSERT INTO account_operation (id, amount, description, operation_date, type, bank_account_id) VALUES (1271, 1930.71, 'Spotify', '2026-04-02 19:56:31', 'DEBIT', 'acc-01469e55-cfca-47b2-b78e-cb13f36c6c2a');
INSERT INTO account_operation (id, amount, description, operation_date, type, bank_account_id) VALUES (1272, 1866.89, 'Restaurant', '2026-06-17 19:56:31', 'DEBIT', 'acc-01469e55-cfca-47b2-b78e-cb13f36c6c2a');
INSERT INTO account_operation (id, amount, description, operation_date, type, bank_account_id) VALUES (1273, 12501.63, 'Salary Deposit', '2026-05-10 19:56:31', 'CREDIT', 'acc-01469e55-cfca-47b2-b78e-cb13f36c6c2a');
INSERT INTO account_operation (id, amount, description, operation_date, type, bank_account_id) VALUES (1274, 12488.59, 'Salary Deposit', '2026-06-08 19:56:31', 'CREDIT', 'acc-01469e55-cfca-47b2-b78e-cb13f36c6c2a');
INSERT INTO account_operation (id, amount, description, operation_date, type, bank_account_id) VALUES (1275, 1435.78, 'LC Waikiki', '2026-03-07 19:56:31', 'DEBIT', 'acc-01469e55-cfca-47b2-b78e-cb13f36c6c2a');
INSERT INTO account_operation (id, amount, description, operation_date, type, bank_account_id) VALUES (1276, 1857.98, 'Inwi', '2026-03-27 19:56:31', 'DEBIT', 'acc-01469e55-cfca-47b2-b78e-cb13f36c6c2a');
INSERT INTO account_operation (id, amount, description, operation_date, type, bank_account_id) VALUES (1277, 3553.96, 'Transfer Received', '2026-03-16 19:56:31', 'CREDIT', 'acc-01469e55-cfca-47b2-b78e-cb13f36c6c2a');
INSERT INTO account_operation (id, amount, description, operation_date, type, bank_account_id) VALUES (1278, 1090.28, 'Zara', '2026-03-30 19:56:31', 'DEBIT', 'acc-01469e55-cfca-47b2-b78e-cb13f36c6c2a');
INSERT INTO account_operation (id, amount, description, operation_date, type, bank_account_id) VALUES (1279, 973.52, 'ONCF Train', '2026-01-03 19:56:31', 'DEBIT', 'acc-01469e55-cfca-47b2-b78e-cb13f36c6c2a');
INSERT INTO account_operation (id, amount, description, operation_date, type, bank_account_id) VALUES (1280, 1750.08, 'Redal', '2025-12-17 19:56:31', 'DEBIT', 'acc-01469e55-cfca-47b2-b78e-cb13f36c6c2a');
INSERT INTO account_operation (id, amount, description, operation_date, type, bank_account_id) VALUES (1281, 251.14, 'BIM Store', '2026-06-14 19:56:31', 'DEBIT', 'acc-01469e55-cfca-47b2-b78e-cb13f36c6c2a');
INSERT INTO account_operation (id, amount, description, operation_date, type, bank_account_id) VALUES (1282, 4011.5, 'Freelance Payment', '2026-04-04 19:56:31', 'CREDIT', 'acc-01469e55-cfca-47b2-b78e-cb13f36c6c2a');
INSERT INTO account_operation (id, amount, description, operation_date, type, bank_account_id) VALUES (1283, 768.7, 'Amendis', '2026-03-14 19:56:31', 'DEBIT', 'acc-01469e55-cfca-47b2-b78e-cb13f36c6c2a');
INSERT INTO account_operation (id, amount, description, operation_date, type, bank_account_id) VALUES (1284, 14125.16, 'Freelance Payment', '2026-01-05 19:56:31', 'CREDIT', 'acc-01469e55-cfca-47b2-b78e-cb13f36c6c2a');
INSERT INTO account_operation (id, amount, description, operation_date, type, bank_account_id) VALUES (1285, 1846.39, 'Transfer Received', '2026-06-07 19:56:31', 'CREDIT', 'acc-01469e55-cfca-47b2-b78e-cb13f36c6c2a');
INSERT INTO account_operation (id, amount, description, operation_date, type, bank_account_id) VALUES (1286, 1140.24, 'CTM Bus', '2026-02-01 19:56:31', 'DEBIT', 'acc-01469e55-cfca-47b2-b78e-cb13f36c6c2a');
INSERT INTO account_operation (id, amount, description, operation_date, type, bank_account_id) VALUES (1287, 491.16, 'Pharmacy', '2026-06-19 19:56:31', 'DEBIT', 'acc-01469e55-cfca-47b2-b78e-cb13f36c6c2a');
INSERT INTO account_operation (id, amount, description, operation_date, type, bank_account_id) VALUES (1288, 13568.15, 'Freelance Payment', '2026-06-09 19:56:31', 'CREDIT', 'acc-01469e55-cfca-47b2-b78e-cb13f36c6c2a');
INSERT INTO account_operation (id, amount, description, operation_date, type, bank_account_id) VALUES (1289, 1227.52, 'Transfer Received', '2026-03-09 19:56:31', 'CREDIT', 'acc-01469e55-cfca-47b2-b78e-cb13f36c6c2a');
INSERT INTO account_operation (id, amount, description, operation_date, type, bank_account_id) VALUES (1290, 477.01, 'Carrefour', '2026-02-22 19:56:31', 'DEBIT', 'acc-01469e55-cfca-47b2-b78e-cb13f36c6c2a');
INSERT INTO account_operation (id, amount, description, operation_date, type, bank_account_id) VALUES (1291, 78.76, 'Redal', '2026-02-23 19:56:31', 'DEBIT', 'acc-01469e55-cfca-47b2-b78e-cb13f36c6c2a');

INSERT INTO customer (id, name, email) VALUES (23, 'Sanae El Idrissi', 'sanae.el idrissi@gmail.com');
INSERT INTO bank_account (id, type, balance, created_at, customer_id, over_draft, interest_rate) VALUES ('acc-1c3104c5-c606-4645-a87c-bca126352f18', 'SAVE', 76732.22, '2026-03-20 19:56:31', 23, NULL, 2.06);
INSERT INTO account_operation (id, amount, description, operation_date, type, bank_account_id) VALUES (1292, 39358.07, 'Initial Account Funding', '2026-03-20 19:56:31', 'CREDIT', 'acc-1c3104c5-c606-4645-a87c-bca126352f18');
INSERT INTO account_operation (id, amount, description, operation_date, type, bank_account_id) VALUES (1293, 928.04, 'Local Cafe', '2026-05-28 19:56:31', 'DEBIT', 'acc-1c3104c5-c606-4645-a87c-bca126352f18');
INSERT INTO account_operation (id, amount, description, operation_date, type, bank_account_id) VALUES (1294, 11344.34, 'Dividend Payout', '2026-05-02 19:56:31', 'CREDIT', 'acc-1c3104c5-c606-4645-a87c-bca126352f18');
INSERT INTO account_operation (id, amount, description, operation_date, type, bank_account_id) VALUES (1295, 215.29, 'Local Cafe', '2026-04-06 19:56:31', 'DEBIT', 'acc-1c3104c5-c606-4645-a87c-bca126352f18');
INSERT INTO account_operation (id, amount, description, operation_date, type, bank_account_id) VALUES (1296, 1926.82, 'Amendis', '2026-05-01 19:56:31', 'DEBIT', 'acc-1c3104c5-c606-4645-a87c-bca126352f18');
INSERT INTO account_operation (id, amount, description, operation_date, type, bank_account_id) VALUES (1297, 5150.53, 'Transfer Received', '2026-04-14 19:56:31', 'CREDIT', 'acc-1c3104c5-c606-4645-a87c-bca126352f18');
INSERT INTO account_operation (id, amount, description, operation_date, type, bank_account_id) VALUES (1298, 541.91, 'Carrefour', '2026-05-10 19:56:31', 'DEBIT', 'acc-1c3104c5-c606-4645-a87c-bca126352f18');
INSERT INTO account_operation (id, amount, description, operation_date, type, bank_account_id) VALUES (1299, 163.0, 'Amendis', '2026-06-20 19:56:31', 'DEBIT', 'acc-1c3104c5-c606-4645-a87c-bca126352f18');
INSERT INTO account_operation (id, amount, description, operation_date, type, bank_account_id) VALUES (1300, 427.52, 'Carrefour', '2026-06-29 19:56:31', 'DEBIT', 'acc-1c3104c5-c606-4645-a87c-bca126352f18');
INSERT INTO account_operation (id, amount, description, operation_date, type, bank_account_id) VALUES (1301, 767.33, 'Netflix Subscription', '2026-05-05 19:56:31', 'DEBIT', 'acc-1c3104c5-c606-4645-a87c-bca126352f18');
INSERT INTO account_operation (id, amount, description, operation_date, type, bank_account_id) VALUES (1302, 3053.89, 'Dividend Payout', '2026-03-27 19:56:31', 'CREDIT', 'acc-1c3104c5-c606-4645-a87c-bca126352f18');
INSERT INTO account_operation (id, amount, description, operation_date, type, bank_account_id) VALUES (1303, 4217.82, 'Transfer Received', '2026-05-25 19:56:31', 'CREDIT', 'acc-1c3104c5-c606-4645-a87c-bca126352f18');
INSERT INTO account_operation (id, amount, description, operation_date, type, bank_account_id) VALUES (1304, 1098.96, 'ONEE Electricity', '2026-03-23 19:56:31', 'DEBIT', 'acc-1c3104c5-c606-4645-a87c-bca126352f18');
INSERT INTO account_operation (id, amount, description, operation_date, type, bank_account_id) VALUES (1305, 25.99, 'Pharmacy', '2026-03-30 19:56:31', 'DEBIT', 'acc-1c3104c5-c606-4645-a87c-bca126352f18');
INSERT INTO account_operation (id, amount, description, operation_date, type, bank_account_id) VALUES (1306, 10123.96, 'Salary Deposit', '2026-06-22 19:56:31', 'CREDIT', 'acc-1c3104c5-c606-4645-a87c-bca126352f18');
INSERT INTO account_operation (id, amount, description, operation_date, type, bank_account_id) VALUES (1307, 1126.52, 'Redal', '2026-06-24 19:56:31', 'DEBIT', 'acc-1c3104c5-c606-4645-a87c-bca126352f18');
INSERT INTO account_operation (id, amount, description, operation_date, type, bank_account_id) VALUES (1308, 1833.52, 'Pharmacy', '2026-06-12 19:56:31', 'DEBIT', 'acc-1c3104c5-c606-4645-a87c-bca126352f18');
INSERT INTO account_operation (id, amount, description, operation_date, type, bank_account_id) VALUES (1309, 1072.75, 'Maroc Telecom', '2026-05-22 19:56:31', 'DEBIT', 'acc-1c3104c5-c606-4645-a87c-bca126352f18');
INSERT INTO account_operation (id, amount, description, operation_date, type, bank_account_id) VALUES (1310, 1276.86, 'ONEE Electricity', '2026-04-13 19:56:31', 'DEBIT', 'acc-1c3104c5-c606-4645-a87c-bca126352f18');
INSERT INTO account_operation (id, amount, description, operation_date, type, bank_account_id) VALUES (1311, 12917.28, 'Transfer Received', '2026-03-27 19:56:31', 'CREDIT', 'acc-1c3104c5-c606-4645-a87c-bca126352f18');
INSERT INTO account_operation (id, amount, description, operation_date, type, bank_account_id) VALUES (1312, 1970.84, 'Freelance Payment', '2026-06-07 19:56:31', 'CREDIT', 'acc-1c3104c5-c606-4645-a87c-bca126352f18');

INSERT INTO customer (id, name, email) VALUES (24, 'Ayoub Tazi', 'ayoub.tazi@gmail.com');
INSERT INTO bank_account (id, type, balance, created_at, customer_id, over_draft, interest_rate) VALUES ('acc-b37bb79e-8c4a-48e2-ac37-349beb0b93cb', 'CURR', 146539.88, '2026-05-28 19:56:31', 24, 9823.68, NULL);
INSERT INTO account_operation (id, amount, description, operation_date, type, bank_account_id) VALUES (1313, 46617.96, 'Initial Account Funding', '2026-05-28 19:56:31', 'CREDIT', 'acc-b37bb79e-8c4a-48e2-ac37-349beb0b93cb');
INSERT INTO account_operation (id, amount, description, operation_date, type, bank_account_id) VALUES (1314, 1626.06, 'Local Cafe', '2026-06-21 19:56:31', 'DEBIT', 'acc-b37bb79e-8c4a-48e2-ac37-349beb0b93cb');
INSERT INTO account_operation (id, amount, description, operation_date, type, bank_account_id) VALUES (1315, 892.5, 'Netflix Subscription', '2026-06-28 19:56:31', 'DEBIT', 'acc-b37bb79e-8c4a-48e2-ac37-349beb0b93cb');
INSERT INTO account_operation (id, amount, description, operation_date, type, bank_account_id) VALUES (1316, 5078.26, 'Freelance Payment', '2026-06-04 19:56:31', 'CREDIT', 'acc-b37bb79e-8c4a-48e2-ac37-349beb0b93cb');
INSERT INTO account_operation (id, amount, description, operation_date, type, bank_account_id) VALUES (1317, 615.91, 'CTM Bus', '2026-05-28 19:56:31', 'DEBIT', 'acc-b37bb79e-8c4a-48e2-ac37-349beb0b93cb');
INSERT INTO account_operation (id, amount, description, operation_date, type, bank_account_id) VALUES (1318, 1094.02, 'Spotify', '2026-06-27 19:56:31', 'DEBIT', 'acc-b37bb79e-8c4a-48e2-ac37-349beb0b93cb');
INSERT INTO account_operation (id, amount, description, operation_date, type, bank_account_id) VALUES (1319, 107.44, 'Redal', '2026-06-13 19:56:31', 'DEBIT', 'acc-b37bb79e-8c4a-48e2-ac37-349beb0b93cb');
INSERT INTO account_operation (id, amount, description, operation_date, type, bank_account_id) VALUES (1320, 957.69, 'BIM Store', '2026-05-30 19:56:31', 'DEBIT', 'acc-b37bb79e-8c4a-48e2-ac37-349beb0b93cb');
INSERT INTO account_operation (id, amount, description, operation_date, type, bank_account_id) VALUES (1321, 1565.19, 'ONCF Train', '2026-06-13 19:56:31', 'DEBIT', 'acc-b37bb79e-8c4a-48e2-ac37-349beb0b93cb');
INSERT INTO account_operation (id, amount, description, operation_date, type, bank_account_id) VALUES (1322, 279.3, 'Maroc Telecom', '2026-06-03 19:56:31', 'DEBIT', 'acc-b37bb79e-8c4a-48e2-ac37-349beb0b93cb');
INSERT INTO account_operation (id, amount, description, operation_date, type, bank_account_id) VALUES (1323, 250.82, 'Decathlon', '2026-06-08 19:56:31', 'DEBIT', 'acc-b37bb79e-8c4a-48e2-ac37-349beb0b93cb');
INSERT INTO account_operation (id, amount, description, operation_date, type, bank_account_id) VALUES (1324, 238.46, 'Amendis', '2026-06-29 19:56:31', 'DEBIT', 'acc-b37bb79e-8c4a-48e2-ac37-349beb0b93cb');
INSERT INTO account_operation (id, amount, description, operation_date, type, bank_account_id) VALUES (1325, 1886.34, 'Cash Deposit', '2026-06-17 19:56:31', 'CREDIT', 'acc-b37bb79e-8c4a-48e2-ac37-349beb0b93cb');
INSERT INTO account_operation (id, amount, description, operation_date, type, bank_account_id) VALUES (1326, 2509.04, 'Dividend Payout', '2026-06-01 19:56:31', 'CREDIT', 'acc-b37bb79e-8c4a-48e2-ac37-349beb0b93cb');
INSERT INTO account_operation (id, amount, description, operation_date, type, bank_account_id) VALUES (1327, 5570.38, 'Dividend Payout', '2026-06-03 19:56:31', 'CREDIT', 'acc-b37bb79e-8c4a-48e2-ac37-349beb0b93cb');
INSERT INTO account_operation (id, amount, description, operation_date, type, bank_account_id) VALUES (1328, 1646.57, 'BIM Store', '2026-06-20 19:56:31', 'DEBIT', 'acc-b37bb79e-8c4a-48e2-ac37-349beb0b93cb');
INSERT INTO account_operation (id, amount, description, operation_date, type, bank_account_id) VALUES (1329, 845.28, 'Maroc Telecom', '2026-06-23 19:56:31', 'DEBIT', 'acc-b37bb79e-8c4a-48e2-ac37-349beb0b93cb');
INSERT INTO account_operation (id, amount, description, operation_date, type, bank_account_id) VALUES (1330, 1740.83, 'Marjane Supermarket', '2026-06-20 19:56:31', 'DEBIT', 'acc-b37bb79e-8c4a-48e2-ac37-349beb0b93cb');
INSERT INTO account_operation (id, amount, description, operation_date, type, bank_account_id) VALUES (1331, 1689.83, 'ONCF Train', '2026-06-28 19:56:31', 'DEBIT', 'acc-b37bb79e-8c4a-48e2-ac37-349beb0b93cb');
INSERT INTO account_operation (id, amount, description, operation_date, type, bank_account_id) VALUES (1332, 2520.55, 'Freelance Payment', '2026-06-19 19:56:31', 'CREDIT', 'acc-b37bb79e-8c4a-48e2-ac37-349beb0b93cb');
INSERT INTO account_operation (id, amount, description, operation_date, type, bank_account_id) VALUES (1333, 75.95, 'ONEE Electricity', '2026-05-29 19:56:31', 'DEBIT', 'acc-b37bb79e-8c4a-48e2-ac37-349beb0b93cb');
INSERT INTO account_operation (id, amount, description, operation_date, type, bank_account_id) VALUES (1334, 4612.48, 'Freelance Payment', '2026-06-14 19:56:31', 'CREDIT', 'acc-b37bb79e-8c4a-48e2-ac37-349beb0b93cb');
INSERT INTO account_operation (id, amount, description, operation_date, type, bank_account_id) VALUES (1335, 931.27, 'Maroc Telecom', '2026-06-29 19:56:31', 'DEBIT', 'acc-b37bb79e-8c4a-48e2-ac37-349beb0b93cb');
INSERT INTO account_operation (id, amount, description, operation_date, type, bank_account_id) VALUES (1336, 2946.48, 'Salary Deposit', '2026-06-04 19:56:31', 'CREDIT', 'acc-b37bb79e-8c4a-48e2-ac37-349beb0b93cb');
INSERT INTO account_operation (id, amount, description, operation_date, type, bank_account_id) VALUES (1337, 9766.02, 'Freelance Payment', '2026-06-22 19:56:31', 'CREDIT', 'acc-b37bb79e-8c4a-48e2-ac37-349beb0b93cb');
INSERT INTO account_operation (id, amount, description, operation_date, type, bank_account_id) VALUES (1338, 465.09, 'ONCF Train', '2026-06-14 19:56:31', 'DEBIT', 'acc-b37bb79e-8c4a-48e2-ac37-349beb0b93cb');
INSERT INTO account_operation (id, amount, description, operation_date, type, bank_account_id) VALUES (1339, 424.5, 'Orange', '2026-06-19 19:56:31', 'DEBIT', 'acc-b37bb79e-8c4a-48e2-ac37-349beb0b93cb');
INSERT INTO account_operation (id, amount, description, operation_date, type, bank_account_id) VALUES (1340, 12478.17, 'Transfer Received', '2026-06-20 19:56:31', 'CREDIT', 'acc-b37bb79e-8c4a-48e2-ac37-349beb0b93cb');
INSERT INTO account_operation (id, amount, description, operation_date, type, bank_account_id) VALUES (1341, 913.95, 'CTM Bus', '2026-06-12 19:56:31', 'DEBIT', 'acc-b37bb79e-8c4a-48e2-ac37-349beb0b93cb');
INSERT INTO account_operation (id, amount, description, operation_date, type, bank_account_id) VALUES (1342, 11029.32, 'Cash Deposit', '2026-06-18 19:56:31', 'CREDIT', 'acc-b37bb79e-8c4a-48e2-ac37-349beb0b93cb');
INSERT INTO account_operation (id, amount, description, operation_date, type, bank_account_id) VALUES (1343, 14090.01, 'Freelance Payment', '2026-06-07 19:56:31', 'CREDIT', 'acc-b37bb79e-8c4a-48e2-ac37-349beb0b93cb');
INSERT INTO account_operation (id, amount, description, operation_date, type, bank_account_id) VALUES (1344, 13571.57, 'Transfer Received', '2026-06-15 19:56:31', 'CREDIT', 'acc-b37bb79e-8c4a-48e2-ac37-349beb0b93cb');
INSERT INTO account_operation (id, amount, description, operation_date, type, bank_account_id) VALUES (1345, 1952.67, 'Carrefour', '2026-06-20 19:56:31', 'DEBIT', 'acc-b37bb79e-8c4a-48e2-ac37-349beb0b93cb');
INSERT INTO account_operation (id, amount, description, operation_date, type, bank_account_id) VALUES (1346, 9022.02, 'Freelance Payment', '2026-06-22 19:56:31', 'CREDIT', 'acc-b37bb79e-8c4a-48e2-ac37-349beb0b93cb');
INSERT INTO account_operation (id, amount, description, operation_date, type, bank_account_id) VALUES (1347, 4299.02, 'Dividend Payout', '2026-06-18 19:56:31', 'CREDIT', 'acc-b37bb79e-8c4a-48e2-ac37-349beb0b93cb');
INSERT INTO account_operation (id, amount, description, operation_date, type, bank_account_id) VALUES (1348, 1418.27, 'LC Waikiki', '2026-06-26 19:56:31', 'DEBIT', 'acc-b37bb79e-8c4a-48e2-ac37-349beb0b93cb');
INSERT INTO account_operation (id, amount, description, operation_date, type, bank_account_id) VALUES (1349, 161.17, 'LC Waikiki', '2026-06-03 19:56:31', 'DEBIT', 'acc-b37bb79e-8c4a-48e2-ac37-349beb0b93cb');
INSERT INTO account_operation (id, amount, description, operation_date, type, bank_account_id) VALUES (1350, 1973.76, 'Zara', '2026-06-22 19:56:31', 'DEBIT', 'acc-b37bb79e-8c4a-48e2-ac37-349beb0b93cb');
INSERT INTO account_operation (id, amount, description, operation_date, type, bank_account_id) VALUES (1351, 8168.2, 'Cash Deposit', '2026-05-31 19:56:31', 'CREDIT', 'acc-b37bb79e-8c4a-48e2-ac37-349beb0b93cb');
INSERT INTO account_operation (id, amount, description, operation_date, type, bank_account_id) VALUES (1352, 799.12, 'Maroc Telecom', '2026-06-03 19:56:31', 'DEBIT', 'acc-b37bb79e-8c4a-48e2-ac37-349beb0b93cb');
INSERT INTO account_operation (id, amount, description, operation_date, type, bank_account_id) VALUES (1353, 3990.43, 'Dividend Payout', '2026-06-12 19:56:31', 'CREDIT', 'acc-b37bb79e-8c4a-48e2-ac37-349beb0b93cb');
INSERT INTO account_operation (id, amount, description, operation_date, type, bank_account_id) VALUES (1354, 1724.82, 'Restaurant', '2026-06-27 19:56:31', 'DEBIT', 'acc-b37bb79e-8c4a-48e2-ac37-349beb0b93cb');
INSERT INTO account_operation (id, amount, description, operation_date, type, bank_account_id) VALUES (1355, 872.33, 'Maroc Telecom', '2026-06-22 19:56:31', 'DEBIT', 'acc-b37bb79e-8c4a-48e2-ac37-349beb0b93cb');
INSERT INTO account_operation (id, amount, description, operation_date, type, bank_account_id) VALUES (1356, 750.66, 'Orange', '2026-06-23 19:56:31', 'DEBIT', 'acc-b37bb79e-8c4a-48e2-ac37-349beb0b93cb');
INSERT INTO account_operation (id, amount, description, operation_date, type, bank_account_id) VALUES (1357, 14397.09, 'Cash Deposit', '2026-06-16 19:56:31', 'CREDIT', 'acc-b37bb79e-8c4a-48e2-ac37-349beb0b93cb');
INSERT INTO bank_account (id, type, balance, created_at, customer_id, over_draft, interest_rate) VALUES ('acc-39a9ce0c-b7cf-47ac-a591-10409b333f00', 'CURR', 173650.7, '2025-08-06 19:56:31', 24, 7028.01, NULL);
INSERT INTO account_operation (id, amount, description, operation_date, type, bank_account_id) VALUES (1358, 36055.66, 'Initial Account Funding', '2025-08-06 19:56:31', 'CREDIT', 'acc-39a9ce0c-b7cf-47ac-a591-10409b333f00');
INSERT INTO account_operation (id, amount, description, operation_date, type, bank_account_id) VALUES (1359, 1526.07, 'Decathlon', '2026-04-11 19:56:31', 'DEBIT', 'acc-39a9ce0c-b7cf-47ac-a591-10409b333f00');
INSERT INTO account_operation (id, amount, description, operation_date, type, bank_account_id) VALUES (1360, 9986.81, 'Freelance Payment', '2026-02-17 19:56:31', 'CREDIT', 'acc-39a9ce0c-b7cf-47ac-a591-10409b333f00');
INSERT INTO account_operation (id, amount, description, operation_date, type, bank_account_id) VALUES (1361, 12129.77, 'Cash Deposit', '2026-04-13 19:56:31', 'CREDIT', 'acc-39a9ce0c-b7cf-47ac-a591-10409b333f00');
INSERT INTO account_operation (id, amount, description, operation_date, type, bank_account_id) VALUES (1362, 182.29, 'Marjane Supermarket', '2026-05-28 19:56:31', 'DEBIT', 'acc-39a9ce0c-b7cf-47ac-a591-10409b333f00');
INSERT INTO account_operation (id, amount, description, operation_date, type, bank_account_id) VALUES (1363, 8910.81, 'Cash Deposit', '2026-04-05 19:56:31', 'CREDIT', 'acc-39a9ce0c-b7cf-47ac-a591-10409b333f00');
INSERT INTO account_operation (id, amount, description, operation_date, type, bank_account_id) VALUES (1364, 1821.47, 'Restaurant', '2026-02-07 19:56:31', 'DEBIT', 'acc-39a9ce0c-b7cf-47ac-a591-10409b333f00');
INSERT INTO account_operation (id, amount, description, operation_date, type, bank_account_id) VALUES (1365, 1360.88, 'Inwi', '2025-09-13 19:56:31', 'DEBIT', 'acc-39a9ce0c-b7cf-47ac-a591-10409b333f00');
INSERT INTO account_operation (id, amount, description, operation_date, type, bank_account_id) VALUES (1366, 793.99, 'Redal', '2026-01-18 19:56:31', 'DEBIT', 'acc-39a9ce0c-b7cf-47ac-a591-10409b333f00');
INSERT INTO account_operation (id, amount, description, operation_date, type, bank_account_id) VALUES (1367, 617.85, 'Local Cafe', '2025-12-17 19:56:31', 'DEBIT', 'acc-39a9ce0c-b7cf-47ac-a591-10409b333f00');
INSERT INTO account_operation (id, amount, description, operation_date, type, bank_account_id) VALUES (1368, 11736.72, 'Salary Deposit', '2026-03-11 19:56:31', 'CREDIT', 'acc-39a9ce0c-b7cf-47ac-a591-10409b333f00');
INSERT INTO account_operation (id, amount, description, operation_date, type, bank_account_id) VALUES (1369, 7193.31, 'Freelance Payment', '2026-03-02 19:56:31', 'CREDIT', 'acc-39a9ce0c-b7cf-47ac-a591-10409b333f00');
INSERT INTO account_operation (id, amount, description, operation_date, type, bank_account_id) VALUES (1370, 904.68, 'Netflix Subscription', '2025-08-08 19:56:31', 'DEBIT', 'acc-39a9ce0c-b7cf-47ac-a591-10409b333f00');
INSERT INTO account_operation (id, amount, description, operation_date, type, bank_account_id) VALUES (1371, 14036.35, 'Dividend Payout', '2025-12-25 19:56:31', 'CREDIT', 'acc-39a9ce0c-b7cf-47ac-a591-10409b333f00');
INSERT INTO account_operation (id, amount, description, operation_date, type, bank_account_id) VALUES (1372, 1050.34, 'CTM Bus', '2025-12-16 19:56:31', 'DEBIT', 'acc-39a9ce0c-b7cf-47ac-a591-10409b333f00');
INSERT INTO account_operation (id, amount, description, operation_date, type, bank_account_id) VALUES (1373, 1245.59, 'ONEE Electricity', '2026-06-07 19:56:31', 'DEBIT', 'acc-39a9ce0c-b7cf-47ac-a591-10409b333f00');
INSERT INTO account_operation (id, amount, description, operation_date, type, bank_account_id) VALUES (1374, 1860.15, 'Decathlon', '2025-10-04 19:56:31', 'DEBIT', 'acc-39a9ce0c-b7cf-47ac-a591-10409b333f00');
INSERT INTO account_operation (id, amount, description, operation_date, type, bank_account_id) VALUES (1375, 6583.41, 'Dividend Payout', '2025-09-05 19:56:31', 'CREDIT', 'acc-39a9ce0c-b7cf-47ac-a591-10409b333f00');
INSERT INTO account_operation (id, amount, description, operation_date, type, bank_account_id) VALUES (1376, 225.51, 'Marjane Supermarket', '2025-11-01 19:56:31', 'DEBIT', 'acc-39a9ce0c-b7cf-47ac-a591-10409b333f00');
INSERT INTO account_operation (id, amount, description, operation_date, type, bank_account_id) VALUES (1377, 1703.99, 'ONEE Electricity', '2026-06-12 19:56:31', 'DEBIT', 'acc-39a9ce0c-b7cf-47ac-a591-10409b333f00');
INSERT INTO account_operation (id, amount, description, operation_date, type, bank_account_id) VALUES (1378, 10245.61, 'Transfer Received', '2025-08-12 19:56:31', 'CREDIT', 'acc-39a9ce0c-b7cf-47ac-a591-10409b333f00');
INSERT INTO account_operation (id, amount, description, operation_date, type, bank_account_id) VALUES (1379, 288.59, 'LC Waikiki', '2025-12-12 19:56:31', 'DEBIT', 'acc-39a9ce0c-b7cf-47ac-a591-10409b333f00');
INSERT INTO account_operation (id, amount, description, operation_date, type, bank_account_id) VALUES (1380, 12693.65, 'Salary Deposit', '2026-06-02 19:56:31', 'CREDIT', 'acc-39a9ce0c-b7cf-47ac-a591-10409b333f00');
INSERT INTO account_operation (id, amount, description, operation_date, type, bank_account_id) VALUES (1381, 1525.31, 'ONCF Train', '2025-12-26 19:56:31', 'DEBIT', 'acc-39a9ce0c-b7cf-47ac-a591-10409b333f00');
INSERT INTO account_operation (id, amount, description, operation_date, type, bank_account_id) VALUES (1382, 6764.1, 'Salary Deposit', '2026-04-29 19:56:31', 'CREDIT', 'acc-39a9ce0c-b7cf-47ac-a591-10409b333f00');
INSERT INTO account_operation (id, amount, description, operation_date, type, bank_account_id) VALUES (1383, 298.48, 'Restaurant', '2025-08-25 19:56:31', 'DEBIT', 'acc-39a9ce0c-b7cf-47ac-a591-10409b333f00');
INSERT INTO account_operation (id, amount, description, operation_date, type, bank_account_id) VALUES (1384, 189.35, 'Pharmacy', '2026-03-23 19:56:31', 'DEBIT', 'acc-39a9ce0c-b7cf-47ac-a591-10409b333f00');
INSERT INTO account_operation (id, amount, description, operation_date, type, bank_account_id) VALUES (1385, 11528.81, 'Freelance Payment', '2025-10-09 19:56:31', 'CREDIT', 'acc-39a9ce0c-b7cf-47ac-a591-10409b333f00');
INSERT INTO account_operation (id, amount, description, operation_date, type, bank_account_id) VALUES (1386, 4813.6, 'Salary Deposit', '2026-06-16 19:56:31', 'CREDIT', 'acc-39a9ce0c-b7cf-47ac-a591-10409b333f00');
INSERT INTO account_operation (id, amount, description, operation_date, type, bank_account_id) VALUES (1387, 1379.18, 'Maroc Telecom', '2026-01-29 19:56:31', 'DEBIT', 'acc-39a9ce0c-b7cf-47ac-a591-10409b333f00');
INSERT INTO account_operation (id, amount, description, operation_date, type, bank_account_id) VALUES (1388, 729.73, 'Inwi', '2026-04-21 19:56:31', 'DEBIT', 'acc-39a9ce0c-b7cf-47ac-a591-10409b333f00');
INSERT INTO account_operation (id, amount, description, operation_date, type, bank_account_id) VALUES (1389, 5392.38, 'Salary Deposit', '2025-09-30 19:56:31', 'CREDIT', 'acc-39a9ce0c-b7cf-47ac-a591-10409b333f00');
INSERT INTO account_operation (id, amount, description, operation_date, type, bank_account_id) VALUES (1390, 920.1, 'BIM Store', '2026-06-10 19:56:31', 'DEBIT', 'acc-39a9ce0c-b7cf-47ac-a591-10409b333f00');
INSERT INTO account_operation (id, amount, description, operation_date, type, bank_account_id) VALUES (1391, 182.72, 'Netflix Subscription', '2026-03-30 19:56:31', 'DEBIT', 'acc-39a9ce0c-b7cf-47ac-a591-10409b333f00');
INSERT INTO account_operation (id, amount, description, operation_date, type, bank_account_id) VALUES (1392, 1938.42, 'LC Waikiki', '2026-06-03 19:56:31', 'DEBIT', 'acc-39a9ce0c-b7cf-47ac-a591-10409b333f00');
INSERT INTO account_operation (id, amount, description, operation_date, type, bank_account_id) VALUES (1393, 1496.35, 'Maroc Telecom', '2026-06-05 19:56:31', 'DEBIT', 'acc-39a9ce0c-b7cf-47ac-a591-10409b333f00');
INSERT INTO account_operation (id, amount, description, operation_date, type, bank_account_id) VALUES (1394, 591.31, 'LC Waikiki', '2025-08-29 19:56:31', 'DEBIT', 'acc-39a9ce0c-b7cf-47ac-a591-10409b333f00');
INSERT INTO account_operation (id, amount, description, operation_date, type, bank_account_id) VALUES (1395, 4981.22, 'Cash Deposit', '2026-01-17 19:56:31', 'CREDIT', 'acc-39a9ce0c-b7cf-47ac-a591-10409b333f00');
INSERT INTO account_operation (id, amount, description, operation_date, type, bank_account_id) VALUES (1396, 726.43, 'Decathlon', '2026-03-02 19:56:31', 'DEBIT', 'acc-39a9ce0c-b7cf-47ac-a591-10409b333f00');
INSERT INTO account_operation (id, amount, description, operation_date, type, bank_account_id) VALUES (1397, 1280.9, 'Maroc Telecom', '2025-12-07 19:56:31', 'DEBIT', 'acc-39a9ce0c-b7cf-47ac-a591-10409b333f00');
INSERT INTO account_operation (id, amount, description, operation_date, type, bank_account_id) VALUES (1398, 356.95, 'Orange', '2025-11-08 19:56:31', 'DEBIT', 'acc-39a9ce0c-b7cf-47ac-a591-10409b333f00');
INSERT INTO account_operation (id, amount, description, operation_date, type, bank_account_id) VALUES (1399, 270.98, 'Orange', '2026-05-31 19:56:31', 'DEBIT', 'acc-39a9ce0c-b7cf-47ac-a591-10409b333f00');
INSERT INTO account_operation (id, amount, description, operation_date, type, bank_account_id) VALUES (1400, 753.73, 'Amendis', '2025-09-08 19:56:31', 'DEBIT', 'acc-39a9ce0c-b7cf-47ac-a591-10409b333f00');
INSERT INTO account_operation (id, amount, description, operation_date, type, bank_account_id) VALUES (1401, 1220.89, 'LC Waikiki', '2025-11-20 19:56:31', 'DEBIT', 'acc-39a9ce0c-b7cf-47ac-a591-10409b333f00');
INSERT INTO account_operation (id, amount, description, operation_date, type, bank_account_id) VALUES (1402, 13967.12, 'Dividend Payout', '2025-09-08 19:56:31', 'CREDIT', 'acc-39a9ce0c-b7cf-47ac-a591-10409b333f00');
INSERT INTO account_operation (id, amount, description, operation_date, type, bank_account_id) VALUES (1403, 1321.95, 'Spotify', '2026-05-08 19:56:31', 'DEBIT', 'acc-39a9ce0c-b7cf-47ac-a591-10409b333f00');
INSERT INTO account_operation (id, amount, description, operation_date, type, bank_account_id) VALUES (1404, 11269.94, 'Cash Deposit', '2026-05-15 19:56:31', 'CREDIT', 'acc-39a9ce0c-b7cf-47ac-a591-10409b333f00');
INSERT INTO account_operation (id, amount, description, operation_date, type, bank_account_id) VALUES (1405, 14959.72, 'Dividend Payout', '2026-03-17 19:56:31', 'CREDIT', 'acc-39a9ce0c-b7cf-47ac-a591-10409b333f00');
INSERT INTO account_operation (id, amount, description, operation_date, type, bank_account_id) VALUES (1406, 834.11, 'Pharmacy', '2025-09-29 19:56:31', 'DEBIT', 'acc-39a9ce0c-b7cf-47ac-a591-10409b333f00');
INSERT INTO bank_account (id, type, balance, created_at, customer_id, over_draft, interest_rate) VALUES ('acc-35cb0182-09b0-4d4a-86bc-5d573ca01374', 'SAVE', 59494.34, '2025-10-26 19:56:31', 24, NULL, 2.05);
INSERT INTO account_operation (id, amount, description, operation_date, type, bank_account_id) VALUES (1407, 29192.25, 'Initial Account Funding', '2025-10-26 19:56:31', 'CREDIT', 'acc-35cb0182-09b0-4d4a-86bc-5d573ca01374');
INSERT INTO account_operation (id, amount, description, operation_date, type, bank_account_id) VALUES (1408, 1290.63, 'LC Waikiki', '2026-05-01 19:56:31', 'DEBIT', 'acc-35cb0182-09b0-4d4a-86bc-5d573ca01374');
INSERT INTO account_operation (id, amount, description, operation_date, type, bank_account_id) VALUES (1409, 14681.31, 'Cash Deposit', '2026-01-09 19:56:31', 'CREDIT', 'acc-35cb0182-09b0-4d4a-86bc-5d573ca01374');
INSERT INTO account_operation (id, amount, description, operation_date, type, bank_account_id) VALUES (1410, 1014.41, 'ONCF Train', '2026-01-01 19:56:31', 'DEBIT', 'acc-35cb0182-09b0-4d4a-86bc-5d573ca01374');
INSERT INTO account_operation (id, amount, description, operation_date, type, bank_account_id) VALUES (1411, 1576.47, 'Marjane Supermarket', '2026-01-15 19:56:31', 'DEBIT', 'acc-35cb0182-09b0-4d4a-86bc-5d573ca01374');
INSERT INTO account_operation (id, amount, description, operation_date, type, bank_account_id) VALUES (1412, 3069.96, 'Salary Deposit', '2026-06-23 19:56:31', 'CREDIT', 'acc-35cb0182-09b0-4d4a-86bc-5d573ca01374');
INSERT INTO account_operation (id, amount, description, operation_date, type, bank_account_id) VALUES (1413, 1920.59, 'Carrefour', '2026-03-26 19:56:31', 'DEBIT', 'acc-35cb0182-09b0-4d4a-86bc-5d573ca01374');
INSERT INTO account_operation (id, amount, description, operation_date, type, bank_account_id) VALUES (1414, 921.42, 'Marjane Supermarket', '2026-05-19 19:56:31', 'DEBIT', 'acc-35cb0182-09b0-4d4a-86bc-5d573ca01374');
INSERT INTO account_operation (id, amount, description, operation_date, type, bank_account_id) VALUES (1415, 14289.75, 'Transfer Received', '2026-03-12 19:56:31', 'CREDIT', 'acc-35cb0182-09b0-4d4a-86bc-5d573ca01374');
INSERT INTO account_operation (id, amount, description, operation_date, type, bank_account_id) VALUES (1416, 8742.27, 'Freelance Payment', '2025-11-10 19:56:31', 'CREDIT', 'acc-35cb0182-09b0-4d4a-86bc-5d573ca01374');
INSERT INTO account_operation (id, amount, description, operation_date, type, bank_account_id) VALUES (1417, 1298.16, 'Decathlon', '2025-12-26 19:56:31', 'DEBIT', 'acc-35cb0182-09b0-4d4a-86bc-5d573ca01374');
INSERT INTO account_operation (id, amount, description, operation_date, type, bank_account_id) VALUES (1418, 1374.41, 'Zara', '2025-12-13 19:56:31', 'DEBIT', 'acc-35cb0182-09b0-4d4a-86bc-5d573ca01374');
INSERT INTO account_operation (id, amount, description, operation_date, type, bank_account_id) VALUES (1419, 1049.87, 'Carrefour', '2026-05-29 19:56:31', 'DEBIT', 'acc-35cb0182-09b0-4d4a-86bc-5d573ca01374');
INSERT INTO account_operation (id, amount, description, operation_date, type, bank_account_id) VALUES (1420, 35.24, 'Zara', '2026-06-07 19:56:31', 'DEBIT', 'acc-35cb0182-09b0-4d4a-86bc-5d573ca01374');

INSERT INTO customer (id, name, email) VALUES (25, 'Ayoub El Fassi', 'ayoub.el fassi@gmail.com');
INSERT INTO bank_account (id, type, balance, created_at, customer_id, over_draft, interest_rate) VALUES ('acc-a571c2db-d9d6-4997-80f2-26d1e8460467', 'SAVE', 92277.27, '2026-01-31 19:56:31', 25, NULL, 3.33);
INSERT INTO account_operation (id, amount, description, operation_date, type, bank_account_id) VALUES (1421, 38172.63, 'Initial Account Funding', '2026-01-31 19:56:31', 'CREDIT', 'acc-a571c2db-d9d6-4997-80f2-26d1e8460467');
INSERT INTO account_operation (id, amount, description, operation_date, type, bank_account_id) VALUES (1422, 1867.35, 'Pharmacy', '2026-06-23 19:56:31', 'DEBIT', 'acc-a571c2db-d9d6-4997-80f2-26d1e8460467');
INSERT INTO account_operation (id, amount, description, operation_date, type, bank_account_id) VALUES (1423, 516.19, 'Spotify', '2026-06-05 19:56:31', 'DEBIT', 'acc-a571c2db-d9d6-4997-80f2-26d1e8460467');
INSERT INTO account_operation (id, amount, description, operation_date, type, bank_account_id) VALUES (1424, 671.51, 'LC Waikiki', '2026-04-14 19:56:31', 'DEBIT', 'acc-a571c2db-d9d6-4997-80f2-26d1e8460467');
INSERT INTO account_operation (id, amount, description, operation_date, type, bank_account_id) VALUES (1425, 5104.95, 'Salary Deposit', '2026-03-10 19:56:31', 'CREDIT', 'acc-a571c2db-d9d6-4997-80f2-26d1e8460467');
INSERT INTO account_operation (id, amount, description, operation_date, type, bank_account_id) VALUES (1426, 1304.19, 'Amendis', '2026-02-14 19:56:31', 'DEBIT', 'acc-a571c2db-d9d6-4997-80f2-26d1e8460467');
INSERT INTO account_operation (id, amount, description, operation_date, type, bank_account_id) VALUES (1427, 5603.55, 'Cash Deposit', '2026-06-02 19:56:31', 'CREDIT', 'acc-a571c2db-d9d6-4997-80f2-26d1e8460467');
INSERT INTO account_operation (id, amount, description, operation_date, type, bank_account_id) VALUES (1428, 1703.31, 'ONCF Train', '2026-03-26 19:56:31', 'DEBIT', 'acc-a571c2db-d9d6-4997-80f2-26d1e8460467');
INSERT INTO account_operation (id, amount, description, operation_date, type, bank_account_id) VALUES (1429, 4429.89, 'Freelance Payment', '2026-05-27 19:56:31', 'CREDIT', 'acc-a571c2db-d9d6-4997-80f2-26d1e8460467');
INSERT INTO account_operation (id, amount, description, operation_date, type, bank_account_id) VALUES (1430, 501.96, 'Maroc Telecom', '2026-06-15 19:56:31', 'DEBIT', 'acc-a571c2db-d9d6-4997-80f2-26d1e8460467');
INSERT INTO account_operation (id, amount, description, operation_date, type, bank_account_id) VALUES (1431, 2871.58, 'Freelance Payment', '2026-06-28 19:56:31', 'CREDIT', 'acc-a571c2db-d9d6-4997-80f2-26d1e8460467');
INSERT INTO account_operation (id, amount, description, operation_date, type, bank_account_id) VALUES (1432, 1487.55, 'Maroc Telecom', '2026-04-02 19:56:31', 'DEBIT', 'acc-a571c2db-d9d6-4997-80f2-26d1e8460467');
INSERT INTO account_operation (id, amount, description, operation_date, type, bank_account_id) VALUES (1433, 1653.94, 'Restaurant', '2026-04-16 19:56:31', 'DEBIT', 'acc-a571c2db-d9d6-4997-80f2-26d1e8460467');
INSERT INTO account_operation (id, amount, description, operation_date, type, bank_account_id) VALUES (1434, 1962.03, 'Maroc Telecom', '2026-02-07 19:56:31', 'DEBIT', 'acc-a571c2db-d9d6-4997-80f2-26d1e8460467');
INSERT INTO account_operation (id, amount, description, operation_date, type, bank_account_id) VALUES (1435, 1058.35, 'Pharmacy', '2026-04-13 19:56:31', 'DEBIT', 'acc-a571c2db-d9d6-4997-80f2-26d1e8460467');
INSERT INTO account_operation (id, amount, description, operation_date, type, bank_account_id) VALUES (1436, 14433.64, 'Transfer Received', '2026-06-09 19:56:31', 'CREDIT', 'acc-a571c2db-d9d6-4997-80f2-26d1e8460467');
INSERT INTO account_operation (id, amount, description, operation_date, type, bank_account_id) VALUES (1437, 14203.8, 'Dividend Payout', '2026-03-01 19:56:31', 'CREDIT', 'acc-a571c2db-d9d6-4997-80f2-26d1e8460467');
INSERT INTO account_operation (id, amount, description, operation_date, type, bank_account_id) VALUES (1438, 732.46, 'ONEE Electricity', '2026-03-19 19:56:31', 'DEBIT', 'acc-a571c2db-d9d6-4997-80f2-26d1e8460467');
INSERT INTO account_operation (id, amount, description, operation_date, type, bank_account_id) VALUES (1439, 5130.94, 'Cash Deposit', '2026-02-28 19:56:31', 'CREDIT', 'acc-a571c2db-d9d6-4997-80f2-26d1e8460467');
INSERT INTO account_operation (id, amount, description, operation_date, type, bank_account_id) VALUES (1440, 32.19, 'Pharmacy', '2026-06-09 19:56:31', 'DEBIT', 'acc-a571c2db-d9d6-4997-80f2-26d1e8460467');
INSERT INTO account_operation (id, amount, description, operation_date, type, bank_account_id) VALUES (1441, 10859.22, 'Freelance Payment', '2026-06-05 19:56:31', 'CREDIT', 'acc-a571c2db-d9d6-4997-80f2-26d1e8460467');
INSERT INTO account_operation (id, amount, description, operation_date, type, bank_account_id) VALUES (1442, 182.49, 'LC Waikiki', '2026-02-09 19:56:31', 'DEBIT', 'acc-a571c2db-d9d6-4997-80f2-26d1e8460467');
INSERT INTO account_operation (id, amount, description, operation_date, type, bank_account_id) VALUES (1443, 1762.88, 'CTM Bus', '2026-03-27 19:56:31', 'DEBIT', 'acc-a571c2db-d9d6-4997-80f2-26d1e8460467');
INSERT INTO account_operation (id, amount, description, operation_date, type, bank_account_id) VALUES (1444, 416.14, 'Amendis', '2026-03-12 19:56:31', 'DEBIT', 'acc-a571c2db-d9d6-4997-80f2-26d1e8460467');
INSERT INTO account_operation (id, amount, description, operation_date, type, bank_account_id) VALUES (1445, 1233.78, 'Spotify', '2026-03-20 19:56:31', 'DEBIT', 'acc-a571c2db-d9d6-4997-80f2-26d1e8460467');
INSERT INTO account_operation (id, amount, description, operation_date, type, bank_account_id) VALUES (1446, 1205.58, 'ONCF Train', '2026-04-13 19:56:31', 'DEBIT', 'acc-a571c2db-d9d6-4997-80f2-26d1e8460467');
INSERT INTO account_operation (id, amount, description, operation_date, type, bank_account_id) VALUES (1447, 1653.05, 'Orange', '2026-02-12 19:56:31', 'DEBIT', 'acc-a571c2db-d9d6-4997-80f2-26d1e8460467');
INSERT INTO account_operation (id, amount, description, operation_date, type, bank_account_id) VALUES (1448, 1360.61, 'BIM Store', '2026-01-31 19:56:31', 'DEBIT', 'acc-a571c2db-d9d6-4997-80f2-26d1e8460467');
INSERT INTO account_operation (id, amount, description, operation_date, type, bank_account_id) VALUES (1449, 1873.27, 'CTM Bus', '2026-03-19 19:56:31', 'DEBIT', 'acc-a571c2db-d9d6-4997-80f2-26d1e8460467');
INSERT INTO account_operation (id, amount, description, operation_date, type, bank_account_id) VALUES (1450, 1876.4, 'LC Waikiki', '2026-06-21 19:56:31', 'DEBIT', 'acc-a571c2db-d9d6-4997-80f2-26d1e8460467');
INSERT INTO account_operation (id, amount, description, operation_date, type, bank_account_id) VALUES (1451, 1369.72, 'Freelance Payment', '2026-02-14 19:56:31', 'CREDIT', 'acc-a571c2db-d9d6-4997-80f2-26d1e8460467');
INSERT INTO account_operation (id, amount, description, operation_date, type, bank_account_id) VALUES (1452, 283.51, 'Amendis', '2026-02-14 19:56:31', 'DEBIT', 'acc-a571c2db-d9d6-4997-80f2-26d1e8460467');
INSERT INTO account_operation (id, amount, description, operation_date, type, bank_account_id) VALUES (1453, 1923.04, 'LC Waikiki', '2026-04-04 19:56:31', 'DEBIT', 'acc-a571c2db-d9d6-4997-80f2-26d1e8460467');
INSERT INTO account_operation (id, amount, description, operation_date, type, bank_account_id) VALUES (1454, 644.93, 'Restaurant', '2026-06-19 19:56:31', 'DEBIT', 'acc-a571c2db-d9d6-4997-80f2-26d1e8460467');
INSERT INTO account_operation (id, amount, description, operation_date, type, bank_account_id) VALUES (1455, 12279.41, 'Freelance Payment', '2026-05-20 19:56:31', 'CREDIT', 'acc-a571c2db-d9d6-4997-80f2-26d1e8460467');
INSERT INTO account_operation (id, amount, description, operation_date, type, bank_account_id) VALUES (1456, 1133.31, 'Decathlon', '2026-05-19 19:56:31', 'DEBIT', 'acc-a571c2db-d9d6-4997-80f2-26d1e8460467');
INSERT INTO account_operation (id, amount, description, operation_date, type, bank_account_id) VALUES (1457, 11064.23, 'Dividend Payout', '2026-02-21 19:56:31', 'CREDIT', 'acc-a571c2db-d9d6-4997-80f2-26d1e8460467');
INSERT INTO account_operation (id, amount, description, operation_date, type, bank_account_id) VALUES (1458, 627.75, 'Local Cafe', '2026-06-09 19:56:31', 'DEBIT', 'acc-a571c2db-d9d6-4997-80f2-26d1e8460467');
INSERT INTO account_operation (id, amount, description, operation_date, type, bank_account_id) VALUES (1459, 1456.99, 'Orange', '2026-05-20 19:56:31', 'DEBIT', 'acc-a571c2db-d9d6-4997-80f2-26d1e8460467');
INSERT INTO account_operation (id, amount, description, operation_date, type, bank_account_id) VALUES (1460, 845.47, 'Netflix Subscription', '2026-03-29 19:56:31', 'DEBIT', 'acc-a571c2db-d9d6-4997-80f2-26d1e8460467');
INSERT INTO account_operation (id, amount, description, operation_date, type, bank_account_id) VALUES (1461, 1276.06, 'Local Cafe', '2026-05-10 19:56:31', 'DEBIT', 'acc-a571c2db-d9d6-4997-80f2-26d1e8460467');
INSERT INTO bank_account (id, type, balance, created_at, customer_id, over_draft, interest_rate) VALUES ('acc-c7d459f8-fa61-4b17-914b-5e536f217175', 'SAVE', 68911.48, '2025-08-17 19:56:31', 25, NULL, 1.51);
INSERT INTO account_operation (id, amount, description, operation_date, type, bank_account_id) VALUES (1462, 35431.31, 'Initial Account Funding', '2025-08-17 19:56:31', 'CREDIT', 'acc-c7d459f8-fa61-4b17-914b-5e536f217175');
INSERT INTO account_operation (id, amount, description, operation_date, type, bank_account_id) VALUES (1463, 1212.89, 'Maroc Telecom', '2026-03-10 19:56:31', 'DEBIT', 'acc-c7d459f8-fa61-4b17-914b-5e536f217175');
INSERT INTO account_operation (id, amount, description, operation_date, type, bank_account_id) VALUES (1464, 931.75, 'Decathlon', '2025-12-25 19:56:31', 'DEBIT', 'acc-c7d459f8-fa61-4b17-914b-5e536f217175');
INSERT INTO account_operation (id, amount, description, operation_date, type, bank_account_id) VALUES (1465, 298.76, 'Carrefour', '2025-11-25 19:56:31', 'DEBIT', 'acc-c7d459f8-fa61-4b17-914b-5e536f217175');
INSERT INTO account_operation (id, amount, description, operation_date, type, bank_account_id) VALUES (1466, 7307.23, 'Dividend Payout', '2026-04-07 19:56:31', 'CREDIT', 'acc-c7d459f8-fa61-4b17-914b-5e536f217175');
INSERT INTO account_operation (id, amount, description, operation_date, type, bank_account_id) VALUES (1467, 1547.22, 'Spotify', '2026-02-18 19:56:31', 'DEBIT', 'acc-c7d459f8-fa61-4b17-914b-5e536f217175');
INSERT INTO account_operation (id, amount, description, operation_date, type, bank_account_id) VALUES (1468, 1912.17, 'Maroc Telecom', '2025-11-05 19:56:31', 'DEBIT', 'acc-c7d459f8-fa61-4b17-914b-5e536f217175');
INSERT INTO account_operation (id, amount, description, operation_date, type, bank_account_id) VALUES (1469, 1886.67, 'Orange', '2026-02-13 19:56:31', 'DEBIT', 'acc-c7d459f8-fa61-4b17-914b-5e536f217175');
INSERT INTO account_operation (id, amount, description, operation_date, type, bank_account_id) VALUES (1470, 1862.78, 'Dividend Payout', '2026-06-04 19:56:31', 'CREDIT', 'acc-c7d459f8-fa61-4b17-914b-5e536f217175');
INSERT INTO account_operation (id, amount, description, operation_date, type, bank_account_id) VALUES (1471, 10952.47, 'Salary Deposit', '2026-04-13 19:56:31', 'CREDIT', 'acc-c7d459f8-fa61-4b17-914b-5e536f217175');
INSERT INTO account_operation (id, amount, description, operation_date, type, bank_account_id) VALUES (1472, 458.53, 'ONEE Electricity', '2025-09-26 19:56:31', 'DEBIT', 'acc-c7d459f8-fa61-4b17-914b-5e536f217175');
INSERT INTO account_operation (id, amount, description, operation_date, type, bank_account_id) VALUES (1473, 214.81, 'BIM Store', '2025-09-02 19:56:31', 'DEBIT', 'acc-c7d459f8-fa61-4b17-914b-5e536f217175');
INSERT INTO account_operation (id, amount, description, operation_date, type, bank_account_id) VALUES (1474, 10292.74, 'Cash Deposit', '2026-06-10 19:56:31', 'CREDIT', 'acc-c7d459f8-fa61-4b17-914b-5e536f217175');
INSERT INTO account_operation (id, amount, description, operation_date, type, bank_account_id) VALUES (1475, 1563.69, 'Carrefour', '2026-06-15 19:56:31', 'DEBIT', 'acc-c7d459f8-fa61-4b17-914b-5e536f217175');
INSERT INTO account_operation (id, amount, description, operation_date, type, bank_account_id) VALUES (1476, 1822.68, 'Carrefour', '2025-12-14 19:56:31', 'DEBIT', 'acc-c7d459f8-fa61-4b17-914b-5e536f217175');
INSERT INTO account_operation (id, amount, description, operation_date, type, bank_account_id) VALUES (1477, 66.07, 'Zara', '2026-04-23 19:56:31', 'DEBIT', 'acc-c7d459f8-fa61-4b17-914b-5e536f217175');
INSERT INTO account_operation (id, amount, description, operation_date, type, bank_account_id) VALUES (1478, 12069.04, 'Transfer Received', '2025-11-21 19:56:31', 'CREDIT', 'acc-c7d459f8-fa61-4b17-914b-5e536f217175');
INSERT INTO account_operation (id, amount, description, operation_date, type, bank_account_id) VALUES (1479, 1494.05, 'Redal', '2026-04-20 19:56:31', 'DEBIT', 'acc-c7d459f8-fa61-4b17-914b-5e536f217175');
INSERT INTO account_operation (id, amount, description, operation_date, type, bank_account_id) VALUES (1480, 2665.48, 'Dividend Payout', '2025-09-23 19:56:31', 'CREDIT', 'acc-c7d459f8-fa61-4b17-914b-5e536f217175');
INSERT INTO account_operation (id, amount, description, operation_date, type, bank_account_id) VALUES (1481, 418.81, 'Netflix Subscription', '2025-12-29 19:56:31', 'DEBIT', 'acc-c7d459f8-fa61-4b17-914b-5e536f217175');
INSERT INTO account_operation (id, amount, description, operation_date, type, bank_account_id) VALUES (1482, 2158.53, 'Salary Deposit', '2026-03-21 19:56:31', 'CREDIT', 'acc-c7d459f8-fa61-4b17-914b-5e536f217175');

INSERT INTO customer (id, name, email) VALUES (26, 'Yassine Bennis', 'yassine.bennis@gmail.com');
INSERT INTO bank_account (id, type, balance, created_at, customer_id, over_draft, interest_rate) VALUES ('acc-a087bd22-889c-428c-b976-0a6237c3fe45', 'CURR', 86016.52, '2026-04-03 19:56:31', 26, 2484.62, NULL);
INSERT INTO account_operation (id, amount, description, operation_date, type, bank_account_id) VALUES (1483, 28424.57, 'Initial Account Funding', '2026-04-03 19:56:31', 'CREDIT', 'acc-a087bd22-889c-428c-b976-0a6237c3fe45');
INSERT INTO account_operation (id, amount, description, operation_date, type, bank_account_id) VALUES (1484, 8383.98, 'Freelance Payment', '2026-06-03 19:56:31', 'CREDIT', 'acc-a087bd22-889c-428c-b976-0a6237c3fe45');
INSERT INTO account_operation (id, amount, description, operation_date, type, bank_account_id) VALUES (1485, 1260.65, 'Maroc Telecom', '2026-06-14 19:56:31', 'DEBIT', 'acc-a087bd22-889c-428c-b976-0a6237c3fe45');
INSERT INTO account_operation (id, amount, description, operation_date, type, bank_account_id) VALUES (1486, 14395.4, 'Cash Deposit', '2026-05-23 19:56:31', 'CREDIT', 'acc-a087bd22-889c-428c-b976-0a6237c3fe45');
INSERT INTO account_operation (id, amount, description, operation_date, type, bank_account_id) VALUES (1487, 1143.35, 'Local Cafe', '2026-05-11 19:56:31', 'DEBIT', 'acc-a087bd22-889c-428c-b976-0a6237c3fe45');
INSERT INTO account_operation (id, amount, description, operation_date, type, bank_account_id) VALUES (1488, 1379.95, 'Local Cafe', '2026-06-06 19:56:31', 'DEBIT', 'acc-a087bd22-889c-428c-b976-0a6237c3fe45');
INSERT INTO account_operation (id, amount, description, operation_date, type, bank_account_id) VALUES (1489, 1255.8, 'Local Cafe', '2026-05-04 19:56:31', 'DEBIT', 'acc-a087bd22-889c-428c-b976-0a6237c3fe45');
INSERT INTO account_operation (id, amount, description, operation_date, type, bank_account_id) VALUES (1490, 875.09, 'ONCF Train', '2026-04-22 19:56:31', 'DEBIT', 'acc-a087bd22-889c-428c-b976-0a6237c3fe45');
INSERT INTO account_operation (id, amount, description, operation_date, type, bank_account_id) VALUES (1491, 436.61, 'Orange', '2026-04-07 19:56:31', 'DEBIT', 'acc-a087bd22-889c-428c-b976-0a6237c3fe45');
INSERT INTO account_operation (id, amount, description, operation_date, type, bank_account_id) VALUES (1492, 1486.27, 'Freelance Payment', '2026-06-19 19:56:31', 'CREDIT', 'acc-a087bd22-889c-428c-b976-0a6237c3fe45');
INSERT INTO account_operation (id, amount, description, operation_date, type, bank_account_id) VALUES (1493, 407.74, 'Local Cafe', '2026-04-21 19:56:31', 'DEBIT', 'acc-a087bd22-889c-428c-b976-0a6237c3fe45');
INSERT INTO account_operation (id, amount, description, operation_date, type, bank_account_id) VALUES (1494, 794.86, 'Inwi', '2026-06-16 19:56:31', 'DEBIT', 'acc-a087bd22-889c-428c-b976-0a6237c3fe45');
INSERT INTO account_operation (id, amount, description, operation_date, type, bank_account_id) VALUES (1495, 1623.24, 'Maroc Telecom', '2026-04-29 19:56:31', 'DEBIT', 'acc-a087bd22-889c-428c-b976-0a6237c3fe45');
INSERT INTO account_operation (id, amount, description, operation_date, type, bank_account_id) VALUES (1496, 1661.39, 'Carrefour', '2026-06-14 19:56:31', 'DEBIT', 'acc-a087bd22-889c-428c-b976-0a6237c3fe45');
INSERT INTO account_operation (id, amount, description, operation_date, type, bank_account_id) VALUES (1497, 14707.55, 'Cash Deposit', '2026-05-28 19:56:31', 'CREDIT', 'acc-a087bd22-889c-428c-b976-0a6237c3fe45');
INSERT INTO account_operation (id, amount, description, operation_date, type, bank_account_id) VALUES (1498, 5835.04, 'Freelance Payment', '2026-05-31 19:56:31', 'CREDIT', 'acc-a087bd22-889c-428c-b976-0a6237c3fe45');
INSERT INTO account_operation (id, amount, description, operation_date, type, bank_account_id) VALUES (1499, 1161.54, 'Amendis', '2026-04-05 19:56:31', 'DEBIT', 'acc-a087bd22-889c-428c-b976-0a6237c3fe45');
INSERT INTO account_operation (id, amount, description, operation_date, type, bank_account_id) VALUES (1500, 9832.45, 'Dividend Payout', '2026-05-03 19:56:31', 'CREDIT', 'acc-a087bd22-889c-428c-b976-0a6237c3fe45');
INSERT INTO account_operation (id, amount, description, operation_date, type, bank_account_id) VALUES (1501, 482.98, 'Carrefour', '2026-06-16 19:56:31', 'DEBIT', 'acc-a087bd22-889c-428c-b976-0a6237c3fe45');
INSERT INTO account_operation (id, amount, description, operation_date, type, bank_account_id) VALUES (1502, 1884.66, 'Spotify', '2026-04-24 19:56:31', 'DEBIT', 'acc-a087bd22-889c-428c-b976-0a6237c3fe45');
INSERT INTO account_operation (id, amount, description, operation_date, type, bank_account_id) VALUES (1503, 2795.66, 'Salary Deposit', '2026-04-18 19:56:31', 'CREDIT', 'acc-a087bd22-889c-428c-b976-0a6237c3fe45');
INSERT INTO account_operation (id, amount, description, operation_date, type, bank_account_id) VALUES (1504, 1515.83, 'Restaurant', '2026-05-01 19:56:31', 'DEBIT', 'acc-a087bd22-889c-428c-b976-0a6237c3fe45');
INSERT INTO account_operation (id, amount, description, operation_date, type, bank_account_id) VALUES (1505, 149.93, 'Spotify', '2026-04-07 19:56:31', 'DEBIT', 'acc-a087bd22-889c-428c-b976-0a6237c3fe45');
INSERT INTO account_operation (id, amount, description, operation_date, type, bank_account_id) VALUES (1506, 1764.27, 'ONCF Train', '2026-05-04 19:56:31', 'DEBIT', 'acc-a087bd22-889c-428c-b976-0a6237c3fe45');
INSERT INTO account_operation (id, amount, description, operation_date, type, bank_account_id) VALUES (1507, 160.15, 'Amendis', '2026-04-15 19:56:31', 'DEBIT', 'acc-a087bd22-889c-428c-b976-0a6237c3fe45');
INSERT INTO account_operation (id, amount, description, operation_date, type, bank_account_id) VALUES (1508, 28.48, 'Netflix Subscription', '2026-05-09 19:56:31', 'DEBIT', 'acc-a087bd22-889c-428c-b976-0a6237c3fe45');
INSERT INTO account_operation (id, amount, description, operation_date, type, bank_account_id) VALUES (1509, 1427.13, 'Pharmacy', '2026-04-29 19:56:31', 'DEBIT', 'acc-a087bd22-889c-428c-b976-0a6237c3fe45');
INSERT INTO account_operation (id, amount, description, operation_date, type, bank_account_id) VALUES (1510, 495.89, 'Pharmacy', '2026-06-25 19:56:31', 'DEBIT', 'acc-a087bd22-889c-428c-b976-0a6237c3fe45');
INSERT INTO account_operation (id, amount, description, operation_date, type, bank_account_id) VALUES (1511, 1207.83, 'Decathlon', '2026-05-03 19:56:31', 'DEBIT', 'acc-a087bd22-889c-428c-b976-0a6237c3fe45');
INSERT INTO account_operation (id, amount, description, operation_date, type, bank_account_id) VALUES (1512, 1490.2, 'ONEE Electricity', '2026-06-20 19:56:31', 'DEBIT', 'acc-a087bd22-889c-428c-b976-0a6237c3fe45');
INSERT INTO account_operation (id, amount, description, operation_date, type, bank_account_id) VALUES (1513, 1100.38, 'Zara', '2026-05-31 19:56:31', 'DEBIT', 'acc-a087bd22-889c-428c-b976-0a6237c3fe45');
INSERT INTO account_operation (id, amount, description, operation_date, type, bank_account_id) VALUES (1514, 1486.0, 'ONCF Train', '2026-04-28 19:56:31', 'DEBIT', 'acc-a087bd22-889c-428c-b976-0a6237c3fe45');
INSERT INTO account_operation (id, amount, description, operation_date, type, bank_account_id) VALUES (1515, 1101.73, 'Netflix Subscription', '2026-04-13 19:56:31', 'DEBIT', 'acc-a087bd22-889c-428c-b976-0a6237c3fe45');
INSERT INTO account_operation (id, amount, description, operation_date, type, bank_account_id) VALUES (1516, 11635.03, 'Salary Deposit', '2026-04-21 19:56:31', 'CREDIT', 'acc-a087bd22-889c-428c-b976-0a6237c3fe45');
INSERT INTO account_operation (id, amount, description, operation_date, type, bank_account_id) VALUES (1517, 668.87, 'Restaurant', '2026-04-26 19:56:31', 'DEBIT', 'acc-a087bd22-889c-428c-b976-0a6237c3fe45');
INSERT INTO account_operation (id, amount, description, operation_date, type, bank_account_id) VALUES (1518, 992.35, 'Marjane Supermarket', '2026-06-15 19:56:31', 'DEBIT', 'acc-a087bd22-889c-428c-b976-0a6237c3fe45');
INSERT INTO account_operation (id, amount, description, operation_date, type, bank_account_id) VALUES (1519, 324.42, 'Carrefour', '2026-04-08 19:56:31', 'DEBIT', 'acc-a087bd22-889c-428c-b976-0a6237c3fe45');
INSERT INTO account_operation (id, amount, description, operation_date, type, bank_account_id) VALUES (1520, 11115.28, 'Cash Deposit', '2026-06-02 19:56:31', 'CREDIT', 'acc-a087bd22-889c-428c-b976-0a6237c3fe45');
INSERT INTO account_operation (id, amount, description, operation_date, type, bank_account_id) VALUES (1521, 1739.9, 'Inwi', '2026-05-13 19:56:31', 'DEBIT', 'acc-a087bd22-889c-428c-b976-0a6237c3fe45');
INSERT INTO account_operation (id, amount, description, operation_date, type, bank_account_id) VALUES (1522, 8378.98, 'Transfer Received', '2026-06-15 19:56:31', 'CREDIT', 'acc-a087bd22-889c-428c-b976-0a6237c3fe45');
INSERT INTO account_operation (id, amount, description, operation_date, type, bank_account_id) VALUES (1523, 952.47, 'Marjane Supermarket', '2026-05-30 19:56:31', 'DEBIT', 'acc-a087bd22-889c-428c-b976-0a6237c3fe45');
INSERT INTO bank_account (id, type, balance, created_at, customer_id, over_draft, interest_rate) VALUES ('acc-113c3f0a-f2e2-4bd6-9103-dbad64b9d72a', 'SAVE', 121608.65, '2025-07-31 19:56:31', 26, NULL, 2.52);
INSERT INTO account_operation (id, amount, description, operation_date, type, bank_account_id) VALUES (1524, 23286.92, 'Initial Account Funding', '2025-07-31 19:56:31', 'CREDIT', 'acc-113c3f0a-f2e2-4bd6-9103-dbad64b9d72a');
INSERT INTO account_operation (id, amount, description, operation_date, type, bank_account_id) VALUES (1525, 4106.3, 'Freelance Payment', '2025-12-12 19:56:31', 'CREDIT', 'acc-113c3f0a-f2e2-4bd6-9103-dbad64b9d72a');
INSERT INTO account_operation (id, amount, description, operation_date, type, bank_account_id) VALUES (1526, 205.6, 'Local Cafe', '2025-08-09 19:56:31', 'DEBIT', 'acc-113c3f0a-f2e2-4bd6-9103-dbad64b9d72a');
INSERT INTO account_operation (id, amount, description, operation_date, type, bank_account_id) VALUES (1527, 6376.0, 'Dividend Payout', '2025-12-08 19:56:31', 'CREDIT', 'acc-113c3f0a-f2e2-4bd6-9103-dbad64b9d72a');
INSERT INTO account_operation (id, amount, description, operation_date, type, bank_account_id) VALUES (1528, 4395.44, 'Freelance Payment', '2026-01-25 19:56:31', 'CREDIT', 'acc-113c3f0a-f2e2-4bd6-9103-dbad64b9d72a');
INSERT INTO account_operation (id, amount, description, operation_date, type, bank_account_id) VALUES (1529, 9931.49, 'Transfer Received', '2025-12-04 19:56:31', 'CREDIT', 'acc-113c3f0a-f2e2-4bd6-9103-dbad64b9d72a');
INSERT INTO account_operation (id, amount, description, operation_date, type, bank_account_id) VALUES (1530, 735.76, 'Amendis', '2025-11-16 19:56:31', 'DEBIT', 'acc-113c3f0a-f2e2-4bd6-9103-dbad64b9d72a');
INSERT INTO account_operation (id, amount, description, operation_date, type, bank_account_id) VALUES (1531, 202.73, 'Inwi', '2026-06-11 19:56:31', 'DEBIT', 'acc-113c3f0a-f2e2-4bd6-9103-dbad64b9d72a');
INSERT INTO account_operation (id, amount, description, operation_date, type, bank_account_id) VALUES (1532, 1165.0, 'Amendis', '2025-08-07 19:56:31', 'DEBIT', 'acc-113c3f0a-f2e2-4bd6-9103-dbad64b9d72a');
INSERT INTO account_operation (id, amount, description, operation_date, type, bank_account_id) VALUES (1533, 762.42, 'Amendis', '2026-06-02 19:56:31', 'DEBIT', 'acc-113c3f0a-f2e2-4bd6-9103-dbad64b9d72a');
INSERT INTO account_operation (id, amount, description, operation_date, type, bank_account_id) VALUES (1534, 10996.55, 'Dividend Payout', '2025-08-26 19:56:31', 'CREDIT', 'acc-113c3f0a-f2e2-4bd6-9103-dbad64b9d72a');
INSERT INTO account_operation (id, amount, description, operation_date, type, bank_account_id) VALUES (1535, 7255.11, 'Dividend Payout', '2025-11-08 19:56:31', 'CREDIT', 'acc-113c3f0a-f2e2-4bd6-9103-dbad64b9d72a');
INSERT INTO account_operation (id, amount, description, operation_date, type, bank_account_id) VALUES (1536, 1234.08, 'Local Cafe', '2025-08-27 19:56:31', 'DEBIT', 'acc-113c3f0a-f2e2-4bd6-9103-dbad64b9d72a');
INSERT INTO account_operation (id, amount, description, operation_date, type, bank_account_id) VALUES (1537, 10375.2, 'Dividend Payout', '2025-10-03 19:56:31', 'CREDIT', 'acc-113c3f0a-f2e2-4bd6-9103-dbad64b9d72a');
INSERT INTO account_operation (id, amount, description, operation_date, type, bank_account_id) VALUES (1538, 8491.1, 'Transfer Received', '2026-02-16 19:56:31', 'CREDIT', 'acc-113c3f0a-f2e2-4bd6-9103-dbad64b9d72a');
INSERT INTO account_operation (id, amount, description, operation_date, type, bank_account_id) VALUES (1539, 1309.46, 'CTM Bus', '2025-10-21 19:56:31', 'DEBIT', 'acc-113c3f0a-f2e2-4bd6-9103-dbad64b9d72a');
INSERT INTO account_operation (id, amount, description, operation_date, type, bank_account_id) VALUES (1540, 11922.71, 'Dividend Payout', '2025-08-04 19:56:31', 'CREDIT', 'acc-113c3f0a-f2e2-4bd6-9103-dbad64b9d72a');
INSERT INTO account_operation (id, amount, description, operation_date, type, bank_account_id) VALUES (1541, 386.39, 'BIM Store', '2026-02-07 19:56:31', 'DEBIT', 'acc-113c3f0a-f2e2-4bd6-9103-dbad64b9d72a');
INSERT INTO account_operation (id, amount, description, operation_date, type, bank_account_id) VALUES (1542, 588.82, 'Local Cafe', '2025-09-11 19:56:31', 'DEBIT', 'acc-113c3f0a-f2e2-4bd6-9103-dbad64b9d72a');
INSERT INTO account_operation (id, amount, description, operation_date, type, bank_account_id) VALUES (1543, 1774.18, 'Restaurant', '2025-09-29 19:56:31', 'DEBIT', 'acc-113c3f0a-f2e2-4bd6-9103-dbad64b9d72a');
INSERT INTO account_operation (id, amount, description, operation_date, type, bank_account_id) VALUES (1544, 3110.37, 'Salary Deposit', '2026-03-11 19:56:31', 'CREDIT', 'acc-113c3f0a-f2e2-4bd6-9103-dbad64b9d72a');
INSERT INTO account_operation (id, amount, description, operation_date, type, bank_account_id) VALUES (1545, 875.19, 'Spotify', '2026-06-04 19:56:31', 'DEBIT', 'acc-113c3f0a-f2e2-4bd6-9103-dbad64b9d72a');
INSERT INTO account_operation (id, amount, description, operation_date, type, bank_account_id) VALUES (1546, 10269.11, 'Dividend Payout', '2026-03-20 19:56:31', 'CREDIT', 'acc-113c3f0a-f2e2-4bd6-9103-dbad64b9d72a');
INSERT INTO account_operation (id, amount, description, operation_date, type, bank_account_id) VALUES (1547, 1536.54, 'Redal', '2026-03-30 19:56:31', 'DEBIT', 'acc-113c3f0a-f2e2-4bd6-9103-dbad64b9d72a');
INSERT INTO account_operation (id, amount, description, operation_date, type, bank_account_id) VALUES (1548, 3357.51, 'Freelance Payment', '2026-02-07 19:56:31', 'CREDIT', 'acc-113c3f0a-f2e2-4bd6-9103-dbad64b9d72a');
INSERT INTO account_operation (id, amount, description, operation_date, type, bank_account_id) VALUES (1549, 342.59, 'Pharmacy', '2026-03-08 19:56:31', 'DEBIT', 'acc-113c3f0a-f2e2-4bd6-9103-dbad64b9d72a');
INSERT INTO account_operation (id, amount, description, operation_date, type, bank_account_id) VALUES (1550, 9891.93, 'Cash Deposit', '2025-08-27 19:56:31', 'CREDIT', 'acc-113c3f0a-f2e2-4bd6-9103-dbad64b9d72a');
INSERT INTO account_operation (id, amount, description, operation_date, type, bank_account_id) VALUES (1551, 563.21, 'ONCF Train', '2026-04-21 19:56:31', 'DEBIT', 'acc-113c3f0a-f2e2-4bd6-9103-dbad64b9d72a');
INSERT INTO account_operation (id, amount, description, operation_date, type, bank_account_id) VALUES (1552, 1771.11, 'Carrefour', '2026-03-20 19:56:31', 'DEBIT', 'acc-113c3f0a-f2e2-4bd6-9103-dbad64b9d72a');
INSERT INTO account_operation (id, amount, description, operation_date, type, bank_account_id) VALUES (1553, 1442.0, 'Orange', '2026-06-02 19:56:31', 'DEBIT', 'acc-113c3f0a-f2e2-4bd6-9103-dbad64b9d72a');
INSERT INTO account_operation (id, amount, description, operation_date, type, bank_account_id) VALUES (1554, 12737.99, 'Cash Deposit', '2026-01-04 19:56:31', 'CREDIT', 'acc-113c3f0a-f2e2-4bd6-9103-dbad64b9d72a');
INSERT INTO bank_account (id, type, balance, created_at, customer_id, over_draft, interest_rate) VALUES ('acc-de87c971-2a9b-49dd-a6aa-8bac194e98d4', 'SAVE', 94215.63, '2025-09-14 19:56:31', 26, NULL, 4.99);
INSERT INTO account_operation (id, amount, description, operation_date, type, bank_account_id) VALUES (1555, 35876.78, 'Initial Account Funding', '2025-09-14 19:56:31', 'CREDIT', 'acc-de87c971-2a9b-49dd-a6aa-8bac194e98d4');
INSERT INTO account_operation (id, amount, description, operation_date, type, bank_account_id) VALUES (1556, 1690.33, 'Amendis', '2026-05-14 19:56:31', 'DEBIT', 'acc-de87c971-2a9b-49dd-a6aa-8bac194e98d4');
INSERT INTO account_operation (id, amount, description, operation_date, type, bank_account_id) VALUES (1557, 703.66, 'Marjane Supermarket', '2026-03-08 19:56:31', 'DEBIT', 'acc-de87c971-2a9b-49dd-a6aa-8bac194e98d4');
INSERT INTO account_operation (id, amount, description, operation_date, type, bank_account_id) VALUES (1558, 11046.38, 'Dividend Payout', '2025-12-22 19:56:31', 'CREDIT', 'acc-de87c971-2a9b-49dd-a6aa-8bac194e98d4');
INSERT INTO account_operation (id, amount, description, operation_date, type, bank_account_id) VALUES (1559, 1355.42, 'LC Waikiki', '2025-12-15 19:56:31', 'DEBIT', 'acc-de87c971-2a9b-49dd-a6aa-8bac194e98d4');
INSERT INTO account_operation (id, amount, description, operation_date, type, bank_account_id) VALUES (1560, 10726.65, 'Transfer Received', '2026-03-06 19:56:31', 'CREDIT', 'acc-de87c971-2a9b-49dd-a6aa-8bac194e98d4');
INSERT INTO account_operation (id, amount, description, operation_date, type, bank_account_id) VALUES (1561, 12570.32, 'Transfer Received', '2026-02-19 19:56:31', 'CREDIT', 'acc-de87c971-2a9b-49dd-a6aa-8bac194e98d4');
INSERT INTO account_operation (id, amount, description, operation_date, type, bank_account_id) VALUES (1562, 878.46, 'Orange', '2025-11-18 19:56:31', 'DEBIT', 'acc-de87c971-2a9b-49dd-a6aa-8bac194e98d4');
INSERT INTO account_operation (id, amount, description, operation_date, type, bank_account_id) VALUES (1563, 3289.72, 'Cash Deposit', '2025-11-19 19:56:31', 'CREDIT', 'acc-de87c971-2a9b-49dd-a6aa-8bac194e98d4');
INSERT INTO account_operation (id, amount, description, operation_date, type, bank_account_id) VALUES (1564, 1063.89, 'Marjane Supermarket', '2026-01-26 19:56:31', 'DEBIT', 'acc-de87c971-2a9b-49dd-a6aa-8bac194e98d4');
INSERT INTO account_operation (id, amount, description, operation_date, type, bank_account_id) VALUES (1565, 1691.95, 'Local Cafe', '2025-12-25 19:56:31', 'DEBIT', 'acc-de87c971-2a9b-49dd-a6aa-8bac194e98d4');
INSERT INTO account_operation (id, amount, description, operation_date, type, bank_account_id) VALUES (1566, 14665.52, 'Transfer Received', '2025-11-24 19:56:31', 'CREDIT', 'acc-de87c971-2a9b-49dd-a6aa-8bac194e98d4');
INSERT INTO account_operation (id, amount, description, operation_date, type, bank_account_id) VALUES (1567, 2499.36, 'Salary Deposit', '2025-12-19 19:56:31', 'CREDIT', 'acc-de87c971-2a9b-49dd-a6aa-8bac194e98d4');
INSERT INTO account_operation (id, amount, description, operation_date, type, bank_account_id) VALUES (1568, 1445.39, 'ONEE Electricity', '2026-06-01 19:56:31', 'DEBIT', 'acc-de87c971-2a9b-49dd-a6aa-8bac194e98d4');
INSERT INTO account_operation (id, amount, description, operation_date, type, bank_account_id) VALUES (1569, 1804.0, 'Inwi', '2025-11-08 19:56:31', 'DEBIT', 'acc-de87c971-2a9b-49dd-a6aa-8bac194e98d4');
INSERT INTO account_operation (id, amount, description, operation_date, type, bank_account_id) VALUES (1570, 10519.9, 'Transfer Received', '2026-01-23 19:56:31', 'CREDIT', 'acc-de87c971-2a9b-49dd-a6aa-8bac194e98d4');
INSERT INTO account_operation (id, amount, description, operation_date, type, bank_account_id) VALUES (1571, 7820.77, 'Salary Deposit', '2025-11-26 19:56:31', 'CREDIT', 'acc-de87c971-2a9b-49dd-a6aa-8bac194e98d4');
INSERT INTO account_operation (id, amount, description, operation_date, type, bank_account_id) VALUES (1572, 5837.65, 'Dividend Payout', '2026-03-20 19:56:31', 'CREDIT', 'acc-de87c971-2a9b-49dd-a6aa-8bac194e98d4');
INSERT INTO account_operation (id, amount, description, operation_date, type, bank_account_id) VALUES (1573, 1701.06, 'Spotify', '2026-05-10 19:56:31', 'DEBIT', 'acc-de87c971-2a9b-49dd-a6aa-8bac194e98d4');
INSERT INTO account_operation (id, amount, description, operation_date, type, bank_account_id) VALUES (1574, 1682.87, 'Netflix Subscription', '2025-10-27 19:56:31', 'DEBIT', 'acc-de87c971-2a9b-49dd-a6aa-8bac194e98d4');
INSERT INTO account_operation (id, amount, description, operation_date, type, bank_account_id) VALUES (1575, 236.92, 'CTM Bus', '2026-06-07 19:56:31', 'DEBIT', 'acc-de87c971-2a9b-49dd-a6aa-8bac194e98d4');
INSERT INTO account_operation (id, amount, description, operation_date, type, bank_account_id) VALUES (1576, 278.43, 'LC Waikiki', '2026-04-13 19:56:31', 'DEBIT', 'acc-de87c971-2a9b-49dd-a6aa-8bac194e98d4');
INSERT INTO account_operation (id, amount, description, operation_date, type, bank_account_id) VALUES (1577, 5259.46, 'Dividend Payout', '2026-02-22 19:56:31', 'CREDIT', 'acc-de87c971-2a9b-49dd-a6aa-8bac194e98d4');
INSERT INTO account_operation (id, amount, description, operation_date, type, bank_account_id) VALUES (1578, 522.92, 'Zara', '2025-11-13 19:56:31', 'DEBIT', 'acc-de87c971-2a9b-49dd-a6aa-8bac194e98d4');
INSERT INTO account_operation (id, amount, description, operation_date, type, bank_account_id) VALUES (1579, 1262.82, 'Local Cafe', '2025-11-12 19:56:31', 'DEBIT', 'acc-de87c971-2a9b-49dd-a6aa-8bac194e98d4');
INSERT INTO account_operation (id, amount, description, operation_date, type, bank_account_id) VALUES (1580, 1071.76, 'Decathlon', '2025-12-08 19:56:31', 'DEBIT', 'acc-de87c971-2a9b-49dd-a6aa-8bac194e98d4');
INSERT INTO account_operation (id, amount, description, operation_date, type, bank_account_id) VALUES (1581, 331.23, 'Maroc Telecom', '2025-09-18 19:56:31', 'DEBIT', 'acc-de87c971-2a9b-49dd-a6aa-8bac194e98d4');
INSERT INTO account_operation (id, amount, description, operation_date, type, bank_account_id) VALUES (1582, 1133.92, 'Redal', '2026-05-20 19:56:31', 'DEBIT', 'acc-de87c971-2a9b-49dd-a6aa-8bac194e98d4');
INSERT INTO account_operation (id, amount, description, operation_date, type, bank_account_id) VALUES (1583, 125.65, 'Netflix Subscription', '2026-04-10 19:56:31', 'DEBIT', 'acc-de87c971-2a9b-49dd-a6aa-8bac194e98d4');
INSERT INTO account_operation (id, amount, description, operation_date, type, bank_account_id) VALUES (1584, 710.61, 'Zara', '2026-05-08 19:56:31', 'DEBIT', 'acc-de87c971-2a9b-49dd-a6aa-8bac194e98d4');
INSERT INTO account_operation (id, amount, description, operation_date, type, bank_account_id) VALUES (1585, 1081.05, 'Cash Deposit', '2026-02-09 19:56:31', 'CREDIT', 'acc-de87c971-2a9b-49dd-a6aa-8bac194e98d4');
INSERT INTO account_operation (id, amount, description, operation_date, type, bank_account_id) VALUES (1586, 878.45, 'LC Waikiki', '2025-11-24 19:56:31', 'DEBIT', 'acc-de87c971-2a9b-49dd-a6aa-8bac194e98d4');
INSERT INTO account_operation (id, amount, description, operation_date, type, bank_account_id) VALUES (1587, 1840.03, 'Pharmacy', '2026-01-31 19:56:31', 'DEBIT', 'acc-de87c971-2a9b-49dd-a6aa-8bac194e98d4');
INSERT INTO account_operation (id, amount, description, operation_date, type, bank_account_id) VALUES (1588, 499.34, 'BIM Store', '2025-11-20 19:56:31', 'DEBIT', 'acc-de87c971-2a9b-49dd-a6aa-8bac194e98d4');
INSERT INTO account_operation (id, amount, description, operation_date, type, bank_account_id) VALUES (1589, 1748.97, 'Inwi', '2026-02-02 19:56:31', 'DEBIT', 'acc-de87c971-2a9b-49dd-a6aa-8bac194e98d4');
INSERT INTO account_operation (id, amount, description, operation_date, type, bank_account_id) VALUES (1590, 1413.65, 'Carrefour', '2025-09-24 19:56:31', 'DEBIT', 'acc-de87c971-2a9b-49dd-a6aa-8bac194e98d4');
INSERT INTO account_operation (id, amount, description, operation_date, type, bank_account_id) VALUES (1591, 1901.16, 'Dividend Payout', '2025-10-21 19:56:31', 'CREDIT', 'acc-de87c971-2a9b-49dd-a6aa-8bac194e98d4');
INSERT INTO account_operation (id, amount, description, operation_date, type, bank_account_id) VALUES (1592, 923.06, 'LC Waikiki', '2026-04-24 19:56:31', 'DEBIT', 'acc-de87c971-2a9b-49dd-a6aa-8bac194e98d4');
INSERT INTO account_operation (id, amount, description, operation_date, type, bank_account_id) VALUES (1593, 541.11, 'LC Waikiki', '2025-09-20 19:56:31', 'DEBIT', 'acc-de87c971-2a9b-49dd-a6aa-8bac194e98d4');
INSERT INTO account_operation (id, amount, description, operation_date, type, bank_account_id) VALUES (1594, 1343.19, 'Amendis', '2025-12-08 19:56:31', 'DEBIT', 'acc-de87c971-2a9b-49dd-a6aa-8bac194e98d4');

INSERT INTO customer (id, name, email) VALUES (27, 'Karim Mansouri', 'karim.mansouri@gmail.com');
INSERT INTO bank_account (id, type, balance, created_at, customer_id, over_draft, interest_rate) VALUES ('acc-387ed244-4e39-4b54-b60f-3dcd74d5d117', 'SAVE', 70290.01, '2026-01-22 19:56:31', 27, NULL, 3.51);
INSERT INTO account_operation (id, amount, description, operation_date, type, bank_account_id) VALUES (1595, 9118.81, 'Initial Account Funding', '2026-01-22 19:56:31', 'CREDIT', 'acc-387ed244-4e39-4b54-b60f-3dcd74d5d117');
INSERT INTO account_operation (id, amount, description, operation_date, type, bank_account_id) VALUES (1596, 12589.73, 'Dividend Payout', '2026-04-29 19:56:31', 'CREDIT', 'acc-387ed244-4e39-4b54-b60f-3dcd74d5d117');
INSERT INTO account_operation (id, amount, description, operation_date, type, bank_account_id) VALUES (1597, 611.89, 'ONCF Train', '2026-03-05 19:56:31', 'DEBIT', 'acc-387ed244-4e39-4b54-b60f-3dcd74d5d117');
INSERT INTO account_operation (id, amount, description, operation_date, type, bank_account_id) VALUES (1598, 825.17, 'Zara', '2026-06-03 19:56:31', 'DEBIT', 'acc-387ed244-4e39-4b54-b60f-3dcd74d5d117');
INSERT INTO account_operation (id, amount, description, operation_date, type, bank_account_id) VALUES (1599, 11267.53, 'Transfer Received', '2026-01-25 19:56:31', 'CREDIT', 'acc-387ed244-4e39-4b54-b60f-3dcd74d5d117');
INSERT INTO account_operation (id, amount, description, operation_date, type, bank_account_id) VALUES (1600, 10306.44, 'Salary Deposit', '2026-02-13 19:56:31', 'CREDIT', 'acc-387ed244-4e39-4b54-b60f-3dcd74d5d117');
INSERT INTO account_operation (id, amount, description, operation_date, type, bank_account_id) VALUES (1601, 1833.93, 'Redal', '2026-03-28 19:56:31', 'DEBIT', 'acc-387ed244-4e39-4b54-b60f-3dcd74d5d117');
INSERT INTO account_operation (id, amount, description, operation_date, type, bank_account_id) VALUES (1602, 1299.92, 'Orange', '2026-03-07 19:56:31', 'DEBIT', 'acc-387ed244-4e39-4b54-b60f-3dcd74d5d117');
INSERT INTO account_operation (id, amount, description, operation_date, type, bank_account_id) VALUES (1603, 874.92, 'Amendis', '2026-06-24 19:56:31', 'DEBIT', 'acc-387ed244-4e39-4b54-b60f-3dcd74d5d117');
INSERT INTO account_operation (id, amount, description, operation_date, type, bank_account_id) VALUES (1604, 1966.5, 'Maroc Telecom', '2026-01-22 19:56:31', 'DEBIT', 'acc-387ed244-4e39-4b54-b60f-3dcd74d5d117');
INSERT INTO account_operation (id, amount, description, operation_date, type, bank_account_id) VALUES (1605, 688.21, 'Netflix Subscription', '2026-05-18 19:56:31', 'DEBIT', 'acc-387ed244-4e39-4b54-b60f-3dcd74d5d117');
INSERT INTO account_operation (id, amount, description, operation_date, type, bank_account_id) VALUES (1606, 1045.28, 'Amendis', '2026-05-31 19:56:31', 'DEBIT', 'acc-387ed244-4e39-4b54-b60f-3dcd74d5d117');
INSERT INTO account_operation (id, amount, description, operation_date, type, bank_account_id) VALUES (1607, 871.3, 'Netflix Subscription', '2026-04-21 19:56:31', 'DEBIT', 'acc-387ed244-4e39-4b54-b60f-3dcd74d5d117');
INSERT INTO account_operation (id, amount, description, operation_date, type, bank_account_id) VALUES (1608, 10728.65, 'Dividend Payout', '2026-05-13 19:56:31', 'CREDIT', 'acc-387ed244-4e39-4b54-b60f-3dcd74d5d117');
INSERT INTO account_operation (id, amount, description, operation_date, type, bank_account_id) VALUES (1609, 720.22, 'Restaurant', '2026-04-29 19:56:31', 'DEBIT', 'acc-387ed244-4e39-4b54-b60f-3dcd74d5d117');
INSERT INTO account_operation (id, amount, description, operation_date, type, bank_account_id) VALUES (1610, 111.9, 'Netflix Subscription', '2026-02-16 19:56:31', 'DEBIT', 'acc-387ed244-4e39-4b54-b60f-3dcd74d5d117');
INSERT INTO account_operation (id, amount, description, operation_date, type, bank_account_id) VALUES (1611, 9414.62, 'Dividend Payout', '2026-06-20 19:56:31', 'CREDIT', 'acc-387ed244-4e39-4b54-b60f-3dcd74d5d117');
INSERT INTO account_operation (id, amount, description, operation_date, type, bank_account_id) VALUES (1612, 1461.45, 'Dividend Payout', '2026-03-10 19:56:31', 'CREDIT', 'acc-387ed244-4e39-4b54-b60f-3dcd74d5d117');
INSERT INTO account_operation (id, amount, description, operation_date, type, bank_account_id) VALUES (1613, 2456.17, 'Cash Deposit', '2026-02-28 19:56:31', 'CREDIT', 'acc-387ed244-4e39-4b54-b60f-3dcd74d5d117');
INSERT INTO account_operation (id, amount, description, operation_date, type, bank_account_id) VALUES (1614, 8616.16, 'Salary Deposit', '2026-04-05 19:56:31', 'CREDIT', 'acc-387ed244-4e39-4b54-b60f-3dcd74d5d117');
INSERT INTO account_operation (id, amount, description, operation_date, type, bank_account_id) VALUES (1615, 7364.37, 'Freelance Payment', '2026-03-17 19:56:31', 'CREDIT', 'acc-387ed244-4e39-4b54-b60f-3dcd74d5d117');
INSERT INTO account_operation (id, amount, description, operation_date, type, bank_account_id) VALUES (1616, 1716.03, 'ONCF Train', '2026-01-25 19:56:31', 'DEBIT', 'acc-387ed244-4e39-4b54-b60f-3dcd74d5d117');
INSERT INTO account_operation (id, amount, description, operation_date, type, bank_account_id) VALUES (1617, 2232.42, 'Cash Deposit', '2026-06-27 19:56:31', 'CREDIT', 'acc-387ed244-4e39-4b54-b60f-3dcd74d5d117');
INSERT INTO account_operation (id, amount, description, operation_date, type, bank_account_id) VALUES (1618, 1890.01, 'Marjane Supermarket', '2026-06-18 19:56:31', 'DEBIT', 'acc-387ed244-4e39-4b54-b60f-3dcd74d5d117');
INSERT INTO account_operation (id, amount, description, operation_date, type, bank_account_id) VALUES (1619, 793.18, 'Carrefour', '2026-05-30 19:56:31', 'DEBIT', 'acc-387ed244-4e39-4b54-b60f-3dcd74d5d117');
INSERT INTO account_operation (id, amount, description, operation_date, type, bank_account_id) VALUES (1620, 996.22, 'Maroc Telecom', '2026-06-03 19:56:31', 'DEBIT', 'acc-387ed244-4e39-4b54-b60f-3dcd74d5d117');
INSERT INTO account_operation (id, amount, description, operation_date, type, bank_account_id) VALUES (1621, 97.5, 'Marjane Supermarket', '2026-04-03 19:56:31', 'DEBIT', 'acc-387ed244-4e39-4b54-b60f-3dcd74d5d117');
INSERT INTO account_operation (id, amount, description, operation_date, type, bank_account_id) VALUES (1622, 751.84, 'ONEE Electricity', '2026-02-07 19:56:31', 'DEBIT', 'acc-387ed244-4e39-4b54-b60f-3dcd74d5d117');
INSERT INTO account_operation (id, amount, description, operation_date, type, bank_account_id) VALUES (1623, 11.88, 'CTM Bus', '2026-05-11 19:56:31', 'DEBIT', 'acc-387ed244-4e39-4b54-b60f-3dcd74d5d117');
INSERT INTO account_operation (id, amount, description, operation_date, type, bank_account_id) VALUES (1624, 1839.56, 'Dividend Payout', '2026-05-06 19:56:31', 'CREDIT', 'acc-387ed244-4e39-4b54-b60f-3dcd74d5d117');
INSERT INTO bank_account (id, type, balance, created_at, customer_id, over_draft, interest_rate) VALUES ('acc-a07c1ca4-0a95-46b7-8e8e-93d5891f6d9e', 'SAVE', 96236.28, '2025-09-18 19:56:31', 27, NULL, 4.21);
INSERT INTO account_operation (id, amount, description, operation_date, type, bank_account_id) VALUES (1625, 18818.4, 'Initial Account Funding', '2025-09-18 19:56:31', 'CREDIT', 'acc-a07c1ca4-0a95-46b7-8e8e-93d5891f6d9e');
INSERT INTO account_operation (id, amount, description, operation_date, type, bank_account_id) VALUES (1626, 1531.32, 'CTM Bus', '2026-06-05 19:56:31', 'DEBIT', 'acc-a07c1ca4-0a95-46b7-8e8e-93d5891f6d9e');
INSERT INTO account_operation (id, amount, description, operation_date, type, bank_account_id) VALUES (1627, 1110.43, 'Local Cafe', '2026-06-03 19:56:31', 'DEBIT', 'acc-a07c1ca4-0a95-46b7-8e8e-93d5891f6d9e');
INSERT INTO account_operation (id, amount, description, operation_date, type, bank_account_id) VALUES (1628, 1999.48, 'Inwi', '2025-12-15 19:56:31', 'DEBIT', 'acc-a07c1ca4-0a95-46b7-8e8e-93d5891f6d9e');
INSERT INTO account_operation (id, amount, description, operation_date, type, bank_account_id) VALUES (1629, 13104.38, 'Transfer Received', '2025-12-31 19:56:31', 'CREDIT', 'acc-a07c1ca4-0a95-46b7-8e8e-93d5891f6d9e');
INSERT INTO account_operation (id, amount, description, operation_date, type, bank_account_id) VALUES (1630, 1649.11, 'Restaurant', '2025-11-20 19:56:31', 'DEBIT', 'acc-a07c1ca4-0a95-46b7-8e8e-93d5891f6d9e');
INSERT INTO account_operation (id, amount, description, operation_date, type, bank_account_id) VALUES (1631, 14925.21, 'Salary Deposit', '2025-12-12 19:56:31', 'CREDIT', 'acc-a07c1ca4-0a95-46b7-8e8e-93d5891f6d9e');
INSERT INTO account_operation (id, amount, description, operation_date, type, bank_account_id) VALUES (1632, 1035.96, 'Spotify', '2026-01-22 19:56:31', 'DEBIT', 'acc-a07c1ca4-0a95-46b7-8e8e-93d5891f6d9e');
INSERT INTO account_operation (id, amount, description, operation_date, type, bank_account_id) VALUES (1633, 1071.45, 'Spotify', '2026-05-08 19:56:31', 'DEBIT', 'acc-a07c1ca4-0a95-46b7-8e8e-93d5891f6d9e');
INSERT INTO account_operation (id, amount, description, operation_date, type, bank_account_id) VALUES (1634, 9808.11, 'Freelance Payment', '2025-09-28 19:56:31', 'CREDIT', 'acc-a07c1ca4-0a95-46b7-8e8e-93d5891f6d9e');
INSERT INTO account_operation (id, amount, description, operation_date, type, bank_account_id) VALUES (1635, 5093.87, 'Freelance Payment', '2025-11-18 19:56:31', 'CREDIT', 'acc-a07c1ca4-0a95-46b7-8e8e-93d5891f6d9e');
INSERT INTO account_operation (id, amount, description, operation_date, type, bank_account_id) VALUES (1636, 362.37, 'LC Waikiki', '2026-02-22 19:56:31', 'DEBIT', 'acc-a07c1ca4-0a95-46b7-8e8e-93d5891f6d9e');
INSERT INTO account_operation (id, amount, description, operation_date, type, bank_account_id) VALUES (1637, 1780.39, 'Redal', '2025-09-29 19:56:31', 'DEBIT', 'acc-a07c1ca4-0a95-46b7-8e8e-93d5891f6d9e');
INSERT INTO account_operation (id, amount, description, operation_date, type, bank_account_id) VALUES (1638, 8786.39, 'Cash Deposit', '2026-04-26 19:56:31', 'CREDIT', 'acc-a07c1ca4-0a95-46b7-8e8e-93d5891f6d9e');
INSERT INTO account_operation (id, amount, description, operation_date, type, bank_account_id) VALUES (1639, 114.36, 'Amendis', '2026-04-07 19:56:31', 'DEBIT', 'acc-a07c1ca4-0a95-46b7-8e8e-93d5891f6d9e');
INSERT INTO account_operation (id, amount, description, operation_date, type, bank_account_id) VALUES (1640, 11103.43, 'Dividend Payout', '2025-10-03 19:56:31', 'CREDIT', 'acc-a07c1ca4-0a95-46b7-8e8e-93d5891f6d9e');
INSERT INTO account_operation (id, amount, description, operation_date, type, bank_account_id) VALUES (1641, 1893.18, 'Redal', '2026-03-25 19:56:31', 'DEBIT', 'acc-a07c1ca4-0a95-46b7-8e8e-93d5891f6d9e');
INSERT INTO account_operation (id, amount, description, operation_date, type, bank_account_id) VALUES (1642, 394.57, 'Decathlon', '2025-11-19 19:56:31', 'DEBIT', 'acc-a07c1ca4-0a95-46b7-8e8e-93d5891f6d9e');
INSERT INTO account_operation (id, amount, description, operation_date, type, bank_account_id) VALUES (1643, 1507.81, 'Orange', '2026-01-26 19:56:31', 'DEBIT', 'acc-a07c1ca4-0a95-46b7-8e8e-93d5891f6d9e');
INSERT INTO account_operation (id, amount, description, operation_date, type, bank_account_id) VALUES (1644, 192.18, 'Redal', '2025-12-13 19:56:31', 'DEBIT', 'acc-a07c1ca4-0a95-46b7-8e8e-93d5891f6d9e');
INSERT INTO account_operation (id, amount, description, operation_date, type, bank_account_id) VALUES (1645, 349.27, 'BIM Store', '2025-10-27 19:56:31', 'DEBIT', 'acc-a07c1ca4-0a95-46b7-8e8e-93d5891f6d9e');
INSERT INTO account_operation (id, amount, description, operation_date, type, bank_account_id) VALUES (1646, 1772.82, 'Carrefour', '2025-10-12 19:56:31', 'DEBIT', 'acc-a07c1ca4-0a95-46b7-8e8e-93d5891f6d9e');
INSERT INTO account_operation (id, amount, description, operation_date, type, bank_account_id) VALUES (1647, 7357.85, 'Transfer Received', '2026-06-06 19:56:31', 'CREDIT', 'acc-a07c1ca4-0a95-46b7-8e8e-93d5891f6d9e');
INSERT INTO account_operation (id, amount, description, operation_date, type, bank_account_id) VALUES (1648, 945.47, 'ONCF Train', '2026-05-28 19:56:31', 'DEBIT', 'acc-a07c1ca4-0a95-46b7-8e8e-93d5891f6d9e');
INSERT INTO account_operation (id, amount, description, operation_date, type, bank_account_id) VALUES (1649, 701.26, 'CTM Bus', '2026-04-15 19:56:31', 'DEBIT', 'acc-a07c1ca4-0a95-46b7-8e8e-93d5891f6d9e');
INSERT INTO account_operation (id, amount, description, operation_date, type, bank_account_id) VALUES (1650, 1621.61, 'Restaurant', '2025-12-11 19:56:31', 'DEBIT', 'acc-a07c1ca4-0a95-46b7-8e8e-93d5891f6d9e');
INSERT INTO account_operation (id, amount, description, operation_date, type, bank_account_id) VALUES (1651, 1647.4, 'Amendis', '2026-04-09 19:56:31', 'DEBIT', 'acc-a07c1ca4-0a95-46b7-8e8e-93d5891f6d9e');
INSERT INTO account_operation (id, amount, description, operation_date, type, bank_account_id) VALUES (1652, 1679.7, 'Amendis', '2025-09-22 19:56:31', 'DEBIT', 'acc-a07c1ca4-0a95-46b7-8e8e-93d5891f6d9e');
INSERT INTO account_operation (id, amount, description, operation_date, type, bank_account_id) VALUES (1653, 1174.48, 'Netflix Subscription', '2026-02-08 19:56:31', 'DEBIT', 'acc-a07c1ca4-0a95-46b7-8e8e-93d5891f6d9e');
INSERT INTO account_operation (id, amount, description, operation_date, type, bank_account_id) VALUES (1654, 845.7, 'Netflix Subscription', '2026-05-08 19:56:31', 'DEBIT', 'acc-a07c1ca4-0a95-46b7-8e8e-93d5891f6d9e');
INSERT INTO account_operation (id, amount, description, operation_date, type, bank_account_id) VALUES (1655, 1235.62, 'Cash Deposit', '2026-02-07 19:56:31', 'CREDIT', 'acc-a07c1ca4-0a95-46b7-8e8e-93d5891f6d9e');
INSERT INTO account_operation (id, amount, description, operation_date, type, bank_account_id) VALUES (1656, 447.9, 'BIM Store', '2026-05-29 19:56:31', 'DEBIT', 'acc-a07c1ca4-0a95-46b7-8e8e-93d5891f6d9e');
INSERT INTO account_operation (id, amount, description, operation_date, type, bank_account_id) VALUES (1657, 143.45, 'Maroc Telecom', '2026-04-29 19:56:31', 'DEBIT', 'acc-a07c1ca4-0a95-46b7-8e8e-93d5891f6d9e');
INSERT INTO account_operation (id, amount, description, operation_date, type, bank_account_id) VALUES (1658, 1927.36, 'Spotify', '2026-02-24 19:56:31', 'DEBIT', 'acc-a07c1ca4-0a95-46b7-8e8e-93d5891f6d9e');
INSERT INTO account_operation (id, amount, description, operation_date, type, bank_account_id) VALUES (1659, 14676.97, 'Transfer Received', '2025-09-30 19:56:31', 'CREDIT', 'acc-a07c1ca4-0a95-46b7-8e8e-93d5891f6d9e');
INSERT INTO account_operation (id, amount, description, operation_date, type, bank_account_id) VALUES (1660, 1773.13, 'Zara', '2025-11-28 19:56:31', 'DEBIT', 'acc-a07c1ca4-0a95-46b7-8e8e-93d5891f6d9e');
INSERT INTO account_operation (id, amount, description, operation_date, type, bank_account_id) VALUES (1661, 898.2, 'Inwi', '2025-12-19 19:56:31', 'DEBIT', 'acc-a07c1ca4-0a95-46b7-8e8e-93d5891f6d9e');
INSERT INTO account_operation (id, amount, description, operation_date, type, bank_account_id) VALUES (1662, 5705.76, 'Dividend Payout', '2026-01-25 19:56:31', 'CREDIT', 'acc-a07c1ca4-0a95-46b7-8e8e-93d5891f6d9e');
INSERT INTO account_operation (id, amount, description, operation_date, type, bank_account_id) VALUES (1663, 13415.57, 'Salary Deposit', '2026-04-29 19:56:31', 'CREDIT', 'acc-a07c1ca4-0a95-46b7-8e8e-93d5891f6d9e');
INSERT INTO account_operation (id, amount, description, operation_date, type, bank_account_id) VALUES (1664, 204.68, 'Restaurant', '2026-02-06 19:56:31', 'DEBIT', 'acc-a07c1ca4-0a95-46b7-8e8e-93d5891f6d9e');
INSERT INTO account_operation (id, amount, description, operation_date, type, bank_account_id) VALUES (1665, 3481.91, 'Dividend Payout', '2025-11-26 19:56:31', 'CREDIT', 'acc-a07c1ca4-0a95-46b7-8e8e-93d5891f6d9e');
INSERT INTO account_operation (id, amount, description, operation_date, type, bank_account_id) VALUES (1666, 502.15, 'Orange', '2025-12-11 19:56:31', 'DEBIT', 'acc-a07c1ca4-0a95-46b7-8e8e-93d5891f6d9e');

INSERT INTO customer (id, name, email) VALUES (28, 'Fatima Zahra El Fassi', 'fatima.zahra.el fassi@gmail.com');
INSERT INTO bank_account (id, type, balance, created_at, customer_id, over_draft, interest_rate) VALUES ('acc-e1eba354-3ce9-45f9-b3fe-61a3e7289566', 'CURR', 53911.19, '2026-03-04 19:56:31', 28, 7224.6, NULL);
INSERT INTO account_operation (id, amount, description, operation_date, type, bank_account_id) VALUES (1667, 12696.73, 'Initial Account Funding', '2026-03-04 19:56:31', 'CREDIT', 'acc-e1eba354-3ce9-45f9-b3fe-61a3e7289566');
INSERT INTO account_operation (id, amount, description, operation_date, type, bank_account_id) VALUES (1668, 2306.73, 'Cash Deposit', '2026-03-23 19:56:31', 'CREDIT', 'acc-e1eba354-3ce9-45f9-b3fe-61a3e7289566');
INSERT INTO account_operation (id, amount, description, operation_date, type, bank_account_id) VALUES (1669, 6383.76, 'Salary Deposit', '2026-03-10 19:56:31', 'CREDIT', 'acc-e1eba354-3ce9-45f9-b3fe-61a3e7289566');
INSERT INTO account_operation (id, amount, description, operation_date, type, bank_account_id) VALUES (1670, 1010.66, 'Netflix Subscription', '2026-04-10 19:56:31', 'DEBIT', 'acc-e1eba354-3ce9-45f9-b3fe-61a3e7289566');
INSERT INTO account_operation (id, amount, description, operation_date, type, bank_account_id) VALUES (1671, 752.45, 'Maroc Telecom', '2026-06-24 19:56:31', 'DEBIT', 'acc-e1eba354-3ce9-45f9-b3fe-61a3e7289566');
INSERT INTO account_operation (id, amount, description, operation_date, type, bank_account_id) VALUES (1672, 10284.51, 'Transfer Received', '2026-06-23 19:56:31', 'CREDIT', 'acc-e1eba354-3ce9-45f9-b3fe-61a3e7289566');
INSERT INTO account_operation (id, amount, description, operation_date, type, bank_account_id) VALUES (1673, 3694.49, 'Cash Deposit', '2026-05-07 19:56:31', 'CREDIT', 'acc-e1eba354-3ce9-45f9-b3fe-61a3e7289566');
INSERT INTO account_operation (id, amount, description, operation_date, type, bank_account_id) VALUES (1674, 1230.75, 'Restaurant', '2026-05-27 19:56:31', 'DEBIT', 'acc-e1eba354-3ce9-45f9-b3fe-61a3e7289566');
INSERT INTO account_operation (id, amount, description, operation_date, type, bank_account_id) VALUES (1675, 3014.25, 'Cash Deposit', '2026-06-26 19:56:31', 'CREDIT', 'acc-e1eba354-3ce9-45f9-b3fe-61a3e7289566');
INSERT INTO account_operation (id, amount, description, operation_date, type, bank_account_id) VALUES (1676, 6877.84, 'Freelance Payment', '2026-06-11 19:56:31', 'CREDIT', 'acc-e1eba354-3ce9-45f9-b3fe-61a3e7289566');
INSERT INTO account_operation (id, amount, description, operation_date, type, bank_account_id) VALUES (1677, 1576.8, 'Local Cafe', '2026-04-17 19:56:31', 'DEBIT', 'acc-e1eba354-3ce9-45f9-b3fe-61a3e7289566');
INSERT INTO account_operation (id, amount, description, operation_date, type, bank_account_id) VALUES (1678, 281.05, 'Amendis', '2026-04-09 19:56:31', 'DEBIT', 'acc-e1eba354-3ce9-45f9-b3fe-61a3e7289566');
INSERT INTO account_operation (id, amount, description, operation_date, type, bank_account_id) VALUES (1679, 967.79, 'Netflix Subscription', '2026-03-14 19:56:31', 'DEBIT', 'acc-e1eba354-3ce9-45f9-b3fe-61a3e7289566');
INSERT INTO account_operation (id, amount, description, operation_date, type, bank_account_id) VALUES (1680, 14472.38, 'Cash Deposit', '2026-06-09 19:56:31', 'CREDIT', 'acc-e1eba354-3ce9-45f9-b3fe-61a3e7289566');

INSERT INTO customer (id, name, email) VALUES (29, 'Sanae El Idrissi', 'sanae.el idrissi@gmail.com');
INSERT INTO bank_account (id, type, balance, created_at, customer_id, over_draft, interest_rate) VALUES ('acc-16368a8b-fe3b-45dc-a204-76084dadb9e3', 'SAVE', 56341.92, '2026-05-18 19:56:31', 29, NULL, 3.13);
INSERT INTO account_operation (id, amount, description, operation_date, type, bank_account_id) VALUES (1681, 33153.94, 'Initial Account Funding', '2026-05-18 19:56:31', 'CREDIT', 'acc-16368a8b-fe3b-45dc-a204-76084dadb9e3');
INSERT INTO account_operation (id, amount, description, operation_date, type, bank_account_id) VALUES (1682, 1120.91, 'CTM Bus', '2026-06-05 19:56:31', 'DEBIT', 'acc-16368a8b-fe3b-45dc-a204-76084dadb9e3');
INSERT INTO account_operation (id, amount, description, operation_date, type, bank_account_id) VALUES (1683, 10439.79, 'Dividend Payout', '2026-05-18 19:56:31', 'CREDIT', 'acc-16368a8b-fe3b-45dc-a204-76084dadb9e3');
INSERT INTO account_operation (id, amount, description, operation_date, type, bank_account_id) VALUES (1684, 773.9, 'CTM Bus', '2026-05-28 19:56:31', 'DEBIT', 'acc-16368a8b-fe3b-45dc-a204-76084dadb9e3');
INSERT INTO account_operation (id, amount, description, operation_date, type, bank_account_id) VALUES (1685, 1766.28, 'Netflix Subscription', '2026-05-22 19:56:31', 'DEBIT', 'acc-16368a8b-fe3b-45dc-a204-76084dadb9e3');
INSERT INTO account_operation (id, amount, description, operation_date, type, bank_account_id) VALUES (1686, 802.27, 'Zara', '2026-06-11 19:56:31', 'DEBIT', 'acc-16368a8b-fe3b-45dc-a204-76084dadb9e3');
INSERT INTO account_operation (id, amount, description, operation_date, type, bank_account_id) VALUES (1687, 990.34, 'Netflix Subscription', '2026-05-18 19:56:31', 'DEBIT', 'acc-16368a8b-fe3b-45dc-a204-76084dadb9e3');
INSERT INTO account_operation (id, amount, description, operation_date, type, bank_account_id) VALUES (1688, 294.3, 'ONEE Electricity', '2026-06-08 19:56:31', 'DEBIT', 'acc-16368a8b-fe3b-45dc-a204-76084dadb9e3');
INSERT INTO account_operation (id, amount, description, operation_date, type, bank_account_id) VALUES (1689, 132.6, 'Maroc Telecom', '2026-06-06 19:56:31', 'DEBIT', 'acc-16368a8b-fe3b-45dc-a204-76084dadb9e3');
INSERT INTO account_operation (id, amount, description, operation_date, type, bank_account_id) VALUES (1690, 7996.09, 'Transfer Received', '2026-05-18 19:56:31', 'CREDIT', 'acc-16368a8b-fe3b-45dc-a204-76084dadb9e3');
INSERT INTO account_operation (id, amount, description, operation_date, type, bank_account_id) VALUES (1691, 14714.45, 'Transfer Received', '2026-05-28 19:56:31', 'CREDIT', 'acc-16368a8b-fe3b-45dc-a204-76084dadb9e3');
INSERT INTO account_operation (id, amount, description, operation_date, type, bank_account_id) VALUES (1692, 1217.65, 'BIM Store', '2026-06-28 19:56:31', 'DEBIT', 'acc-16368a8b-fe3b-45dc-a204-76084dadb9e3');
INSERT INTO account_operation (id, amount, description, operation_date, type, bank_account_id) VALUES (1693, 521.85, 'Spotify', '2026-05-26 19:56:31', 'DEBIT', 'acc-16368a8b-fe3b-45dc-a204-76084dadb9e3');
INSERT INTO account_operation (id, amount, description, operation_date, type, bank_account_id) VALUES (1694, 717.78, 'ONCF Train', '2026-06-10 19:56:31', 'DEBIT', 'acc-16368a8b-fe3b-45dc-a204-76084dadb9e3');
INSERT INTO account_operation (id, amount, description, operation_date, type, bank_account_id) VALUES (1695, 158.03, 'Amendis', '2026-05-18 19:56:31', 'DEBIT', 'acc-16368a8b-fe3b-45dc-a204-76084dadb9e3');
INSERT INTO account_operation (id, amount, description, operation_date, type, bank_account_id) VALUES (1696, 1466.44, 'Carrefour', '2026-06-03 19:56:31', 'DEBIT', 'acc-16368a8b-fe3b-45dc-a204-76084dadb9e3');
INSERT INTO bank_account (id, type, balance, created_at, customer_id, over_draft, interest_rate) VALUES ('acc-e3c69b88-76db-4ec9-8e01-fa03d3354e77', 'SAVE', 63777.37, '2026-04-06 19:56:31', 29, NULL, 4.07);
INSERT INTO account_operation (id, amount, description, operation_date, type, bank_account_id) VALUES (1697, 36523.52, 'Initial Account Funding', '2026-04-06 19:56:31', 'CREDIT', 'acc-e3c69b88-76db-4ec9-8e01-fa03d3354e77');
INSERT INTO account_operation (id, amount, description, operation_date, type, bank_account_id) VALUES (1698, 5750.76, 'Freelance Payment', '2026-05-18 19:56:31', 'CREDIT', 'acc-e3c69b88-76db-4ec9-8e01-fa03d3354e77');
INSERT INTO account_operation (id, amount, description, operation_date, type, bank_account_id) VALUES (1699, 1001.13, 'Amendis', '2026-05-21 19:56:31', 'DEBIT', 'acc-e3c69b88-76db-4ec9-8e01-fa03d3354e77');
INSERT INTO account_operation (id, amount, description, operation_date, type, bank_account_id) VALUES (1700, 801.05, 'Amendis', '2026-05-08 19:56:31', 'DEBIT', 'acc-e3c69b88-76db-4ec9-8e01-fa03d3354e77');
INSERT INTO account_operation (id, amount, description, operation_date, type, bank_account_id) VALUES (1701, 1712.4, 'Orange', '2026-06-18 19:56:31', 'DEBIT', 'acc-e3c69b88-76db-4ec9-8e01-fa03d3354e77');
INSERT INTO account_operation (id, amount, description, operation_date, type, bank_account_id) VALUES (1702, 370.83, 'Marjane Supermarket', '2026-06-22 19:56:31', 'DEBIT', 'acc-e3c69b88-76db-4ec9-8e01-fa03d3354e77');
INSERT INTO account_operation (id, amount, description, operation_date, type, bank_account_id) VALUES (1703, 9719.48, 'Freelance Payment', '2026-04-18 19:56:31', 'CREDIT', 'acc-e3c69b88-76db-4ec9-8e01-fa03d3354e77');
INSERT INTO account_operation (id, amount, description, operation_date, type, bank_account_id) VALUES (1704, 238.13, 'Carrefour', '2026-04-19 19:56:31', 'DEBIT', 'acc-e3c69b88-76db-4ec9-8e01-fa03d3354e77');
INSERT INTO account_operation (id, amount, description, operation_date, type, bank_account_id) VALUES (1705, 4296.12, 'Dividend Payout', '2026-05-05 19:56:31', 'CREDIT', 'acc-e3c69b88-76db-4ec9-8e01-fa03d3354e77');
INSERT INTO account_operation (id, amount, description, operation_date, type, bank_account_id) VALUES (1706, 594.45, 'Restaurant', '2026-05-25 19:56:31', 'DEBIT', 'acc-e3c69b88-76db-4ec9-8e01-fa03d3354e77');
INSERT INTO account_operation (id, amount, description, operation_date, type, bank_account_id) VALUES (1707, 10134.22, 'Salary Deposit', '2026-06-22 19:56:31', 'CREDIT', 'acc-e3c69b88-76db-4ec9-8e01-fa03d3354e77');
INSERT INTO account_operation (id, amount, description, operation_date, type, bank_account_id) VALUES (1708, 1209.45, 'ONEE Electricity', '2026-05-13 19:56:31', 'DEBIT', 'acc-e3c69b88-76db-4ec9-8e01-fa03d3354e77');
INSERT INTO account_operation (id, amount, description, operation_date, type, bank_account_id) VALUES (1709, 701.94, 'ONCF Train', '2026-04-08 19:56:31', 'DEBIT', 'acc-e3c69b88-76db-4ec9-8e01-fa03d3354e77');
INSERT INTO account_operation (id, amount, description, operation_date, type, bank_account_id) VALUES (1710, 1808.66, 'Inwi', '2026-06-24 19:56:31', 'DEBIT', 'acc-e3c69b88-76db-4ec9-8e01-fa03d3354e77');
INSERT INTO account_operation (id, amount, description, operation_date, type, bank_account_id) VALUES (1711, 565.22, 'BIM Store', '2026-05-21 19:56:31', 'DEBIT', 'acc-e3c69b88-76db-4ec9-8e01-fa03d3354e77');
INSERT INTO account_operation (id, amount, description, operation_date, type, bank_account_id) VALUES (1712, 9226.72, 'Dividend Payout', '2026-05-22 19:56:31', 'CREDIT', 'acc-e3c69b88-76db-4ec9-8e01-fa03d3354e77');
INSERT INTO account_operation (id, amount, description, operation_date, type, bank_account_id) VALUES (1713, 915.62, 'Redal', '2026-04-23 19:56:31', 'DEBIT', 'acc-e3c69b88-76db-4ec9-8e01-fa03d3354e77');
INSERT INTO account_operation (id, amount, description, operation_date, type, bank_account_id) VALUES (1714, 244.0, 'Inwi', '2026-06-22 19:56:31', 'DEBIT', 'acc-e3c69b88-76db-4ec9-8e01-fa03d3354e77');
INSERT INTO account_operation (id, amount, description, operation_date, type, bank_account_id) VALUES (1715, 1380.32, 'Redal', '2026-04-14 19:56:31', 'DEBIT', 'acc-e3c69b88-76db-4ec9-8e01-fa03d3354e77');
INSERT INTO account_operation (id, amount, description, operation_date, type, bank_account_id) VALUES (1716, 1980.45, 'Inwi', '2026-06-17 19:56:31', 'DEBIT', 'acc-e3c69b88-76db-4ec9-8e01-fa03d3354e77');
INSERT INTO account_operation (id, amount, description, operation_date, type, bank_account_id) VALUES (1717, 989.95, 'Restaurant', '2026-06-02 19:56:31', 'DEBIT', 'acc-e3c69b88-76db-4ec9-8e01-fa03d3354e77');
INSERT INTO account_operation (id, amount, description, operation_date, type, bank_account_id) VALUES (1718, 1090.72, 'Zara', '2026-04-11 19:56:31', 'DEBIT', 'acc-e3c69b88-76db-4ec9-8e01-fa03d3354e77');
INSERT INTO account_operation (id, amount, description, operation_date, type, bank_account_id) VALUES (1719, 446.16, 'Pharmacy', '2026-05-07 19:56:31', 'DEBIT', 'acc-e3c69b88-76db-4ec9-8e01-fa03d3354e77');
INSERT INTO account_operation (id, amount, description, operation_date, type, bank_account_id) VALUES (1720, 818.01, 'ONCF Train', '2026-06-19 19:56:31', 'DEBIT', 'acc-e3c69b88-76db-4ec9-8e01-fa03d3354e77');
INSERT INTO account_operation (id, amount, description, operation_date, type, bank_account_id) VALUES (1721, 965.02, 'Pharmacy', '2026-04-12 19:56:31', 'DEBIT', 'acc-e3c69b88-76db-4ec9-8e01-fa03d3354e77');
INSERT INTO account_operation (id, amount, description, operation_date, type, bank_account_id) VALUES (1722, 718.52, 'CTM Bus', '2026-04-11 19:56:31', 'DEBIT', 'acc-e3c69b88-76db-4ec9-8e01-fa03d3354e77');
INSERT INTO account_operation (id, amount, description, operation_date, type, bank_account_id) VALUES (1723, 66.3, 'ONCF Train', '2026-04-28 19:56:31', 'DEBIT', 'acc-e3c69b88-76db-4ec9-8e01-fa03d3354e77');
INSERT INTO account_operation (id, amount, description, operation_date, type, bank_account_id) VALUES (1724, 1994.76, 'ONCF Train', '2026-06-06 19:56:31', 'DEBIT', 'acc-e3c69b88-76db-4ec9-8e01-fa03d3354e77');
INSERT INTO account_operation (id, amount, description, operation_date, type, bank_account_id) VALUES (1725, 11952.11, 'Transfer Received', '2026-04-30 19:56:31', 'CREDIT', 'acc-e3c69b88-76db-4ec9-8e01-fa03d3354e77');
INSERT INTO account_operation (id, amount, description, operation_date, type, bank_account_id) VALUES (1726, 1271.31, 'Maroc Telecom', '2026-04-21 19:56:31', 'DEBIT', 'acc-e3c69b88-76db-4ec9-8e01-fa03d3354e77');
INSERT INTO account_operation (id, amount, description, operation_date, type, bank_account_id) VALUES (1727, 17.62, 'Inwi', '2026-04-07 19:56:31', 'DEBIT', 'acc-e3c69b88-76db-4ec9-8e01-fa03d3354e77');
INSERT INTO account_operation (id, amount, description, operation_date, type, bank_account_id) VALUES (1728, 1786.22, 'Marjane Supermarket', '2026-04-25 19:56:31', 'DEBIT', 'acc-e3c69b88-76db-4ec9-8e01-fa03d3354e77');
INSERT INTO account_operation (id, amount, description, operation_date, type, bank_account_id) VALUES (1729, 137.32, 'ONCF Train', '2026-04-18 19:56:31', 'DEBIT', 'acc-e3c69b88-76db-4ec9-8e01-fa03d3354e77');
INSERT INTO bank_account (id, type, balance, created_at, customer_id, over_draft, interest_rate) VALUES ('acc-5e9693ae-1525-4ab1-a96b-7e0d271d3815', 'SAVE', 36416.64, '2025-12-10 19:56:31', 29, NULL, 2.39);
INSERT INTO account_operation (id, amount, description, operation_date, type, bank_account_id) VALUES (1730, 7709.85, 'Initial Account Funding', '2025-12-10 19:56:31', 'CREDIT', 'acc-5e9693ae-1525-4ab1-a96b-7e0d271d3815');
INSERT INTO account_operation (id, amount, description, operation_date, type, bank_account_id) VALUES (1731, 293.55, 'Redal', '2025-12-18 19:56:31', 'DEBIT', 'acc-5e9693ae-1525-4ab1-a96b-7e0d271d3815');
INSERT INTO account_operation (id, amount, description, operation_date, type, bank_account_id) VALUES (1732, 11699.51, 'Cash Deposit', '2026-05-16 19:56:31', 'CREDIT', 'acc-5e9693ae-1525-4ab1-a96b-7e0d271d3815');
INSERT INTO account_operation (id, amount, description, operation_date, type, bank_account_id) VALUES (1733, 345.34, 'Decathlon', '2026-04-12 19:56:31', 'DEBIT', 'acc-5e9693ae-1525-4ab1-a96b-7e0d271d3815');
INSERT INTO account_operation (id, amount, description, operation_date, type, bank_account_id) VALUES (1734, 9146.96, 'Freelance Payment', '2026-03-24 19:56:31', 'CREDIT', 'acc-5e9693ae-1525-4ab1-a96b-7e0d271d3815');
INSERT INTO account_operation (id, amount, description, operation_date, type, bank_account_id) VALUES (1735, 1727.64, 'Spotify', '2026-05-06 19:56:31', 'DEBIT', 'acc-5e9693ae-1525-4ab1-a96b-7e0d271d3815');
INSERT INTO account_operation (id, amount, description, operation_date, type, bank_account_id) VALUES (1736, 1799.61, 'Spotify', '2026-04-01 19:56:31', 'DEBIT', 'acc-5e9693ae-1525-4ab1-a96b-7e0d271d3815');
INSERT INTO account_operation (id, amount, description, operation_date, type, bank_account_id) VALUES (1737, 358.55, 'BIM Store', '2025-12-26 19:56:31', 'DEBIT', 'acc-5e9693ae-1525-4ab1-a96b-7e0d271d3815');
INSERT INTO account_operation (id, amount, description, operation_date, type, bank_account_id) VALUES (1738, 437.76, 'Restaurant', '2026-06-22 19:56:31', 'DEBIT', 'acc-5e9693ae-1525-4ab1-a96b-7e0d271d3815');
INSERT INTO account_operation (id, amount, description, operation_date, type, bank_account_id) VALUES (1739, 4272.55, 'Salary Deposit', '2025-12-15 19:56:31', 'CREDIT', 'acc-5e9693ae-1525-4ab1-a96b-7e0d271d3815');
INSERT INTO account_operation (id, amount, description, operation_date, type, bank_account_id) VALUES (1740, 754.62, 'Maroc Telecom', '2026-03-03 19:56:31', 'DEBIT', 'acc-5e9693ae-1525-4ab1-a96b-7e0d271d3815');
INSERT INTO account_operation (id, amount, description, operation_date, type, bank_account_id) VALUES (1741, 1861.27, 'Netflix Subscription', '2026-01-01 19:56:31', 'DEBIT', 'acc-5e9693ae-1525-4ab1-a96b-7e0d271d3815');
INSERT INTO account_operation (id, amount, description, operation_date, type, bank_account_id) VALUES (1742, 124.68, 'Orange', '2026-05-14 19:56:31', 'DEBIT', 'acc-5e9693ae-1525-4ab1-a96b-7e0d271d3815');
INSERT INTO account_operation (id, amount, description, operation_date, type, bank_account_id) VALUES (1743, 3389.32, 'Freelance Payment', '2026-06-05 19:56:31', 'CREDIT', 'acc-5e9693ae-1525-4ab1-a96b-7e0d271d3815');
INSERT INTO account_operation (id, amount, description, operation_date, type, bank_account_id) VALUES (1744, 161.73, 'Redal', '2026-06-28 19:56:31', 'DEBIT', 'acc-5e9693ae-1525-4ab1-a96b-7e0d271d3815');
INSERT INTO account_operation (id, amount, description, operation_date, type, bank_account_id) VALUES (1745, 1386.11, 'CTM Bus', '2026-01-10 19:56:31', 'DEBIT', 'acc-5e9693ae-1525-4ab1-a96b-7e0d271d3815');
INSERT INTO account_operation (id, amount, description, operation_date, type, bank_account_id) VALUES (1746, 796.2, 'Carrefour', '2026-02-26 19:56:31', 'DEBIT', 'acc-5e9693ae-1525-4ab1-a96b-7e0d271d3815');
INSERT INTO account_operation (id, amount, description, operation_date, type, bank_account_id) VALUES (1747, 10245.51, 'Freelance Payment', '2026-04-18 19:56:31', 'CREDIT', 'acc-5e9693ae-1525-4ab1-a96b-7e0d271d3815');

INSERT INTO customer (id, name, email) VALUES (30, 'Yassine Mansouri', 'yassine.mansouri@gmail.com');
INSERT INTO bank_account (id, type, balance, created_at, customer_id, over_draft, interest_rate) VALUES ('acc-56c96ac9-66a4-406a-baa4-edf0c7f03edd', 'CURR', 101421.29, '2025-09-24 19:56:31', 30, 6913.04, NULL);
INSERT INTO account_operation (id, amount, description, operation_date, type, bank_account_id) VALUES (1748, 39174.46, 'Initial Account Funding', '2025-09-24 19:56:31', 'CREDIT', 'acc-56c96ac9-66a4-406a-baa4-edf0c7f03edd');
INSERT INTO account_operation (id, amount, description, operation_date, type, bank_account_id) VALUES (1749, 1885.67, 'Maroc Telecom', '2025-12-11 19:56:31', 'DEBIT', 'acc-56c96ac9-66a4-406a-baa4-edf0c7f03edd');
INSERT INTO account_operation (id, amount, description, operation_date, type, bank_account_id) VALUES (1750, 3782.25, 'Freelance Payment', '2026-01-08 19:56:31', 'CREDIT', 'acc-56c96ac9-66a4-406a-baa4-edf0c7f03edd');
INSERT INTO account_operation (id, amount, description, operation_date, type, bank_account_id) VALUES (1751, 1508.91, 'Pharmacy', '2025-12-28 19:56:31', 'DEBIT', 'acc-56c96ac9-66a4-406a-baa4-edf0c7f03edd');
INSERT INTO account_operation (id, amount, description, operation_date, type, bank_account_id) VALUES (1752, 13650.72, 'Cash Deposit', '2026-01-24 19:56:31', 'CREDIT', 'acc-56c96ac9-66a4-406a-baa4-edf0c7f03edd');
INSERT INTO account_operation (id, amount, description, operation_date, type, bank_account_id) VALUES (1753, 1105.71, 'Spotify', '2025-11-14 19:56:31', 'DEBIT', 'acc-56c96ac9-66a4-406a-baa4-edf0c7f03edd');
INSERT INTO account_operation (id, amount, description, operation_date, type, bank_account_id) VALUES (1754, 9715.51, 'Freelance Payment', '2025-10-28 19:56:31', 'CREDIT', 'acc-56c96ac9-66a4-406a-baa4-edf0c7f03edd');
INSERT INTO account_operation (id, amount, description, operation_date, type, bank_account_id) VALUES (1755, 614.22, 'ONCF Train', '2025-12-31 19:56:31', 'DEBIT', 'acc-56c96ac9-66a4-406a-baa4-edf0c7f03edd');
INSERT INTO account_operation (id, amount, description, operation_date, type, bank_account_id) VALUES (1756, 13023.55, 'Dividend Payout', '2025-09-26 19:56:31', 'CREDIT', 'acc-56c96ac9-66a4-406a-baa4-edf0c7f03edd');
INSERT INTO account_operation (id, amount, description, operation_date, type, bank_account_id) VALUES (1757, 1535.09, 'Inwi', '2026-01-17 19:56:31', 'DEBIT', 'acc-56c96ac9-66a4-406a-baa4-edf0c7f03edd');
INSERT INTO account_operation (id, amount, description, operation_date, type, bank_account_id) VALUES (1758, 177.08, 'CTM Bus', '2026-01-09 19:56:31', 'DEBIT', 'acc-56c96ac9-66a4-406a-baa4-edf0c7f03edd');
INSERT INTO account_operation (id, amount, description, operation_date, type, bank_account_id) VALUES (1759, 503.03, 'Pharmacy', '2026-01-19 19:56:31', 'DEBIT', 'acc-56c96ac9-66a4-406a-baa4-edf0c7f03edd');
INSERT INTO account_operation (id, amount, description, operation_date, type, bank_account_id) VALUES (1760, 397.07, 'BIM Store', '2025-09-27 19:56:31', 'DEBIT', 'acc-56c96ac9-66a4-406a-baa4-edf0c7f03edd');
INSERT INTO account_operation (id, amount, description, operation_date, type, bank_account_id) VALUES (1761, 1747.74, 'CTM Bus', '2026-03-06 19:56:31', 'DEBIT', 'acc-56c96ac9-66a4-406a-baa4-edf0c7f03edd');
INSERT INTO account_operation (id, amount, description, operation_date, type, bank_account_id) VALUES (1762, 13359.55, 'Freelance Payment', '2025-11-15 19:56:31', 'CREDIT', 'acc-56c96ac9-66a4-406a-baa4-edf0c7f03edd');
INSERT INTO account_operation (id, amount, description, operation_date, type, bank_account_id) VALUES (1763, 1966.19, 'Orange', '2026-01-26 19:56:31', 'DEBIT', 'acc-56c96ac9-66a4-406a-baa4-edf0c7f03edd');
INSERT INTO account_operation (id, amount, description, operation_date, type, bank_account_id) VALUES (1764, 1682.04, 'Restaurant', '2026-03-13 19:56:31', 'DEBIT', 'acc-56c96ac9-66a4-406a-baa4-edf0c7f03edd');
INSERT INTO account_operation (id, amount, description, operation_date, type, bank_account_id) VALUES (1765, 1622.12, 'Restaurant', '2026-05-10 19:56:31', 'DEBIT', 'acc-56c96ac9-66a4-406a-baa4-edf0c7f03edd');
INSERT INTO account_operation (id, amount, description, operation_date, type, bank_account_id) VALUES (1766, 14690.92, 'Freelance Payment', '2025-10-10 19:56:31', 'CREDIT', 'acc-56c96ac9-66a4-406a-baa4-edf0c7f03edd');
INSERT INTO account_operation (id, amount, description, operation_date, type, bank_account_id) VALUES (1767, 8769.2, 'Freelance Payment', '2026-05-22 19:56:31', 'CREDIT', 'acc-56c96ac9-66a4-406a-baa4-edf0c7f03edd');

INSERT INTO customer (id, name, email) VALUES (31, 'Nadia Benali', 'nadia.benali@gmail.com');
INSERT INTO bank_account (id, type, balance, created_at, customer_id, over_draft, interest_rate) VALUES ('acc-b62d9cc4-e8ae-4cdb-8ec9-5f36aa7a46fc', 'SAVE', 87910.42, '2025-08-30 19:56:31', 31, NULL, 2.75);
INSERT INTO account_operation (id, amount, description, operation_date, type, bank_account_id) VALUES (1768, 46895.93, 'Initial Account Funding', '2025-08-30 19:56:31', 'CREDIT', 'acc-b62d9cc4-e8ae-4cdb-8ec9-5f36aa7a46fc');
INSERT INTO account_operation (id, amount, description, operation_date, type, bank_account_id) VALUES (1769, 827.97, 'ONEE Electricity', '2026-02-11 19:56:31', 'DEBIT', 'acc-b62d9cc4-e8ae-4cdb-8ec9-5f36aa7a46fc');
INSERT INTO account_operation (id, amount, description, operation_date, type, bank_account_id) VALUES (1770, 1161.65, 'Inwi', '2025-09-01 19:56:31', 'DEBIT', 'acc-b62d9cc4-e8ae-4cdb-8ec9-5f36aa7a46fc');
INSERT INTO account_operation (id, amount, description, operation_date, type, bank_account_id) VALUES (1771, 601.88, 'Inwi', '2026-05-05 19:56:31', 'DEBIT', 'acc-b62d9cc4-e8ae-4cdb-8ec9-5f36aa7a46fc');
INSERT INTO account_operation (id, amount, description, operation_date, type, bank_account_id) VALUES (1772, 1229.01, 'Freelance Payment', '2025-09-05 19:56:31', 'CREDIT', 'acc-b62d9cc4-e8ae-4cdb-8ec9-5f36aa7a46fc');
INSERT INTO account_operation (id, amount, description, operation_date, type, bank_account_id) VALUES (1773, 645.35, 'Netflix Subscription', '2026-04-25 19:56:31', 'DEBIT', 'acc-b62d9cc4-e8ae-4cdb-8ec9-5f36aa7a46fc');
INSERT INTO account_operation (id, amount, description, operation_date, type, bank_account_id) VALUES (1774, 586.96, 'LC Waikiki', '2025-09-04 19:56:31', 'DEBIT', 'acc-b62d9cc4-e8ae-4cdb-8ec9-5f36aa7a46fc');
INSERT INTO account_operation (id, amount, description, operation_date, type, bank_account_id) VALUES (1775, 1208.31, 'Maroc Telecom', '2026-03-19 19:56:31', 'DEBIT', 'acc-b62d9cc4-e8ae-4cdb-8ec9-5f36aa7a46fc');
INSERT INTO account_operation (id, amount, description, operation_date, type, bank_account_id) VALUES (1776, 1275.05, 'Redal', '2025-12-08 19:56:31', 'DEBIT', 'acc-b62d9cc4-e8ae-4cdb-8ec9-5f36aa7a46fc');
INSERT INTO account_operation (id, amount, description, operation_date, type, bank_account_id) VALUES (1777, 282.61, 'Restaurant', '2025-11-21 19:56:31', 'DEBIT', 'acc-b62d9cc4-e8ae-4cdb-8ec9-5f36aa7a46fc');
INSERT INTO account_operation (id, amount, description, operation_date, type, bank_account_id) VALUES (1778, 101.46, 'Maroc Telecom', '2025-11-11 19:56:31', 'DEBIT', 'acc-b62d9cc4-e8ae-4cdb-8ec9-5f36aa7a46fc');
INSERT INTO account_operation (id, amount, description, operation_date, type, bank_account_id) VALUES (1779, 6759.49, 'Salary Deposit', '2025-10-25 19:56:31', 'CREDIT', 'acc-b62d9cc4-e8ae-4cdb-8ec9-5f36aa7a46fc');
INSERT INTO account_operation (id, amount, description, operation_date, type, bank_account_id) VALUES (1780, 1515.01, 'Zara', '2025-10-12 19:56:31', 'DEBIT', 'acc-b62d9cc4-e8ae-4cdb-8ec9-5f36aa7a46fc');
INSERT INTO account_operation (id, amount, description, operation_date, type, bank_account_id) VALUES (1781, 12234.13, 'Transfer Received', '2026-04-08 19:56:31', 'CREDIT', 'acc-b62d9cc4-e8ae-4cdb-8ec9-5f36aa7a46fc');
INSERT INTO account_operation (id, amount, description, operation_date, type, bank_account_id) VALUES (1782, 1419.8, 'Restaurant', '2026-05-16 19:56:31', 'DEBIT', 'acc-b62d9cc4-e8ae-4cdb-8ec9-5f36aa7a46fc');
INSERT INTO account_operation (id, amount, description, operation_date, type, bank_account_id) VALUES (1783, 1712.7, 'Inwi', '2026-02-10 19:56:31', 'DEBIT', 'acc-b62d9cc4-e8ae-4cdb-8ec9-5f36aa7a46fc');
INSERT INTO account_operation (id, amount, description, operation_date, type, bank_account_id) VALUES (1784, 1651.51, 'ONCF Train', '2026-01-07 19:56:31', 'DEBIT', 'acc-b62d9cc4-e8ae-4cdb-8ec9-5f36aa7a46fc');
INSERT INTO account_operation (id, amount, description, operation_date, type, bank_account_id) VALUES (1785, 1864.59, 'LC Waikiki', '2026-05-22 19:56:31', 'DEBIT', 'acc-b62d9cc4-e8ae-4cdb-8ec9-5f36aa7a46fc');
INSERT INTO account_operation (id, amount, description, operation_date, type, bank_account_id) VALUES (1786, 1757.9, 'BIM Store', '2025-09-18 19:56:31', 'DEBIT', 'acc-b62d9cc4-e8ae-4cdb-8ec9-5f36aa7a46fc');
INSERT INTO account_operation (id, amount, description, operation_date, type, bank_account_id) VALUES (1787, 1257.64, 'Dividend Payout', '2026-03-17 19:56:31', 'CREDIT', 'acc-b62d9cc4-e8ae-4cdb-8ec9-5f36aa7a46fc');
INSERT INTO account_operation (id, amount, description, operation_date, type, bank_account_id) VALUES (1788, 8953.96, 'Freelance Payment', '2026-06-23 19:56:31', 'CREDIT', 'acc-b62d9cc4-e8ae-4cdb-8ec9-5f36aa7a46fc');
INSERT INTO account_operation (id, amount, description, operation_date, type, bank_account_id) VALUES (1789, 5321.17, 'Transfer Received', '2025-09-23 19:56:31', 'CREDIT', 'acc-b62d9cc4-e8ae-4cdb-8ec9-5f36aa7a46fc');
INSERT INTO account_operation (id, amount, description, operation_date, type, bank_account_id) VALUES (1790, 1201.33, 'Maroc Telecom', '2026-05-20 19:56:31', 'DEBIT', 'acc-b62d9cc4-e8ae-4cdb-8ec9-5f36aa7a46fc');
INSERT INTO account_operation (id, amount, description, operation_date, type, bank_account_id) VALUES (1791, 686.58, 'Pharmacy', '2026-01-28 19:56:31', 'DEBIT', 'acc-b62d9cc4-e8ae-4cdb-8ec9-5f36aa7a46fc');
INSERT INTO account_operation (id, amount, description, operation_date, type, bank_account_id) VALUES (1792, 1809.73, 'Maroc Telecom', '2026-05-19 19:56:31', 'DEBIT', 'acc-b62d9cc4-e8ae-4cdb-8ec9-5f36aa7a46fc');
INSERT INTO account_operation (id, amount, description, operation_date, type, bank_account_id) VALUES (1793, 364.94, 'Carrefour', '2026-02-16 19:56:31', 'DEBIT', 'acc-b62d9cc4-e8ae-4cdb-8ec9-5f36aa7a46fc');
INSERT INTO account_operation (id, amount, description, operation_date, type, bank_account_id) VALUES (1794, 1344.33, 'Redal', '2026-03-22 19:56:31', 'DEBIT', 'acc-b62d9cc4-e8ae-4cdb-8ec9-5f36aa7a46fc');
INSERT INTO account_operation (id, amount, description, operation_date, type, bank_account_id) VALUES (1795, 1570.03, 'ONCF Train', '2025-09-11 19:56:31', 'DEBIT', 'acc-b62d9cc4-e8ae-4cdb-8ec9-5f36aa7a46fc');
INSERT INTO account_operation (id, amount, description, operation_date, type, bank_account_id) VALUES (1796, 1629.37, 'Local Cafe', '2026-04-05 19:56:31', 'DEBIT', 'acc-b62d9cc4-e8ae-4cdb-8ec9-5f36aa7a46fc');
INSERT INTO account_operation (id, amount, description, operation_date, type, bank_account_id) VALUES (1797, 9947.28, 'Salary Deposit', '2026-04-09 19:56:31', 'CREDIT', 'acc-b62d9cc4-e8ae-4cdb-8ec9-5f36aa7a46fc');
INSERT INTO account_operation (id, amount, description, operation_date, type, bank_account_id) VALUES (1798, 12267.61, 'Cash Deposit', '2026-02-23 19:56:31', 'CREDIT', 'acc-b62d9cc4-e8ae-4cdb-8ec9-5f36aa7a46fc');
INSERT INTO account_operation (id, amount, description, operation_date, type, bank_account_id) VALUES (1799, 4269.6, 'Salary Deposit', '2026-03-03 19:56:31', 'CREDIT', 'acc-b62d9cc4-e8ae-4cdb-8ec9-5f36aa7a46fc');
INSERT INTO account_operation (id, amount, description, operation_date, type, bank_account_id) VALUES (1800, 12701.76, 'Salary Deposit', '2026-05-20 19:56:31', 'CREDIT', 'acc-b62d9cc4-e8ae-4cdb-8ec9-5f36aa7a46fc');
INSERT INTO account_operation (id, amount, description, operation_date, type, bank_account_id) VALUES (1801, 963.8, 'Netflix Subscription', '2026-06-29 19:56:31', 'DEBIT', 'acc-b62d9cc4-e8ae-4cdb-8ec9-5f36aa7a46fc');
INSERT INTO account_operation (id, amount, description, operation_date, type, bank_account_id) VALUES (1802, 1604.15, 'BIM Store', '2026-04-28 19:56:31', 'DEBIT', 'acc-b62d9cc4-e8ae-4cdb-8ec9-5f36aa7a46fc');
INSERT INTO account_operation (id, amount, description, operation_date, type, bank_account_id) VALUES (1803, 1881.06, 'Maroc Telecom', '2025-09-10 19:56:31', 'DEBIT', 'acc-b62d9cc4-e8ae-4cdb-8ec9-5f36aa7a46fc');
INSERT INTO account_operation (id, amount, description, operation_date, type, bank_account_id) VALUES (1804, 340.31, 'Redal', '2026-03-13 19:56:31', 'DEBIT', 'acc-b62d9cc4-e8ae-4cdb-8ec9-5f36aa7a46fc');
INSERT INTO account_operation (id, amount, description, operation_date, type, bank_account_id) VALUES (1805, 767.79, 'CTM Bus', '2025-11-13 19:56:31', 'DEBIT', 'acc-b62d9cc4-e8ae-4cdb-8ec9-5f36aa7a46fc');
INSERT INTO account_operation (id, amount, description, operation_date, type, bank_account_id) VALUES (1806, 753.47, 'Netflix Subscription', '2026-06-17 19:56:31', 'DEBIT', 'acc-b62d9cc4-e8ae-4cdb-8ec9-5f36aa7a46fc');
INSERT INTO account_operation (id, amount, description, operation_date, type, bank_account_id) VALUES (1807, 760.86, 'Amendis', '2025-09-01 19:56:31', 'DEBIT', 'acc-b62d9cc4-e8ae-4cdb-8ec9-5f36aa7a46fc');
INSERT INTO account_operation (id, amount, description, operation_date, type, bank_account_id) VALUES (1808, 1636.66, 'Decathlon', '2025-11-06 19:56:31', 'DEBIT', 'acc-b62d9cc4-e8ae-4cdb-8ec9-5f36aa7a46fc');
INSERT INTO bank_account (id, type, balance, created_at, customer_id, over_draft, interest_rate) VALUES ('acc-dcb5680b-c4ea-4e05-a66a-bcbd7e74beac', 'CURR', 137385.19, '2025-11-30 19:56:31', 31, 3083.64, NULL);
INSERT INTO account_operation (id, amount, description, operation_date, type, bank_account_id) VALUES (1809, 32426.63, 'Initial Account Funding', '2025-11-30 19:56:31', 'CREDIT', 'acc-dcb5680b-c4ea-4e05-a66a-bcbd7e74beac');
INSERT INTO account_operation (id, amount, description, operation_date, type, bank_account_id) VALUES (1810, 958.11, 'Redal', '2026-06-20 19:56:31', 'DEBIT', 'acc-dcb5680b-c4ea-4e05-a66a-bcbd7e74beac');
INSERT INTO account_operation (id, amount, description, operation_date, type, bank_account_id) VALUES (1811, 886.61, 'Marjane Supermarket', '2025-12-18 19:56:31', 'DEBIT', 'acc-dcb5680b-c4ea-4e05-a66a-bcbd7e74beac');
INSERT INTO account_operation (id, amount, description, operation_date, type, bank_account_id) VALUES (1812, 1395.63, 'Netflix Subscription', '2026-02-02 19:56:31', 'DEBIT', 'acc-dcb5680b-c4ea-4e05-a66a-bcbd7e74beac');
INSERT INTO account_operation (id, amount, description, operation_date, type, bank_account_id) VALUES (1813, 8516.59, 'Salary Deposit', '2026-03-05 19:56:31', 'CREDIT', 'acc-dcb5680b-c4ea-4e05-a66a-bcbd7e74beac');
INSERT INTO account_operation (id, amount, description, operation_date, type, bank_account_id) VALUES (1814, 1280.14, 'Inwi', '2026-04-18 19:56:31', 'DEBIT', 'acc-dcb5680b-c4ea-4e05-a66a-bcbd7e74beac');
INSERT INTO account_operation (id, amount, description, operation_date, type, bank_account_id) VALUES (1815, 13030.98, 'Transfer Received', '2026-03-31 19:56:31', 'CREDIT', 'acc-dcb5680b-c4ea-4e05-a66a-bcbd7e74beac');
INSERT INTO account_operation (id, amount, description, operation_date, type, bank_account_id) VALUES (1816, 11955.83, 'Salary Deposit', '2026-01-02 19:56:31', 'CREDIT', 'acc-dcb5680b-c4ea-4e05-a66a-bcbd7e74beac');
INSERT INTO account_operation (id, amount, description, operation_date, type, bank_account_id) VALUES (1817, 6013.37, 'Transfer Received', '2026-06-06 19:56:31', 'CREDIT', 'acc-dcb5680b-c4ea-4e05-a66a-bcbd7e74beac');
INSERT INTO account_operation (id, amount, description, operation_date, type, bank_account_id) VALUES (1818, 355.77, 'Zara', '2026-01-30 19:56:31', 'DEBIT', 'acc-dcb5680b-c4ea-4e05-a66a-bcbd7e74beac');
INSERT INTO account_operation (id, amount, description, operation_date, type, bank_account_id) VALUES (1819, 183.7, 'ONCF Train', '2026-03-07 19:56:31', 'DEBIT', 'acc-dcb5680b-c4ea-4e05-a66a-bcbd7e74beac');
INSERT INTO account_operation (id, amount, description, operation_date, type, bank_account_id) VALUES (1820, 764.73, 'Redal', '2026-06-28 19:56:31', 'DEBIT', 'acc-dcb5680b-c4ea-4e05-a66a-bcbd7e74beac');
INSERT INTO account_operation (id, amount, description, operation_date, type, bank_account_id) VALUES (1821, 519.29, 'Pharmacy', '2026-02-07 19:56:31', 'DEBIT', 'acc-dcb5680b-c4ea-4e05-a66a-bcbd7e74beac');
INSERT INTO account_operation (id, amount, description, operation_date, type, bank_account_id) VALUES (1822, 2824.41, 'Transfer Received', '2026-04-14 19:56:31', 'CREDIT', 'acc-dcb5680b-c4ea-4e05-a66a-bcbd7e74beac');
INSERT INTO account_operation (id, amount, description, operation_date, type, bank_account_id) VALUES (1823, 239.0, 'Pharmacy', '2026-01-05 19:56:31', 'DEBIT', 'acc-dcb5680b-c4ea-4e05-a66a-bcbd7e74beac');
INSERT INTO account_operation (id, amount, description, operation_date, type, bank_account_id) VALUES (1824, 461.47, 'Orange', '2026-01-29 19:56:31', 'DEBIT', 'acc-dcb5680b-c4ea-4e05-a66a-bcbd7e74beac');
INSERT INTO account_operation (id, amount, description, operation_date, type, bank_account_id) VALUES (1825, 9371.67, 'Salary Deposit', '2026-02-05 19:56:31', 'CREDIT', 'acc-dcb5680b-c4ea-4e05-a66a-bcbd7e74beac');
INSERT INTO account_operation (id, amount, description, operation_date, type, bank_account_id) VALUES (1826, 1212.78, 'Inwi', '2026-01-17 19:56:31', 'DEBIT', 'acc-dcb5680b-c4ea-4e05-a66a-bcbd7e74beac');
INSERT INTO account_operation (id, amount, description, operation_date, type, bank_account_id) VALUES (1827, 1462.75, 'Amendis', '2026-01-17 19:56:31', 'DEBIT', 'acc-dcb5680b-c4ea-4e05-a66a-bcbd7e74beac');
INSERT INTO account_operation (id, amount, description, operation_date, type, bank_account_id) VALUES (1828, 894.64, 'ONEE Electricity', '2026-06-23 19:56:31', 'DEBIT', 'acc-dcb5680b-c4ea-4e05-a66a-bcbd7e74beac');
INSERT INTO account_operation (id, amount, description, operation_date, type, bank_account_id) VALUES (1829, 10209.55, 'Dividend Payout', '2026-02-25 19:56:31', 'CREDIT', 'acc-dcb5680b-c4ea-4e05-a66a-bcbd7e74beac');
INSERT INTO account_operation (id, amount, description, operation_date, type, bank_account_id) VALUES (1830, 3703.02, 'Freelance Payment', '2025-12-02 19:56:31', 'CREDIT', 'acc-dcb5680b-c4ea-4e05-a66a-bcbd7e74beac');
INSERT INTO account_operation (id, amount, description, operation_date, type, bank_account_id) VALUES (1831, 681.48, 'Decathlon', '2026-01-10 19:56:31', 'DEBIT', 'acc-dcb5680b-c4ea-4e05-a66a-bcbd7e74beac');
INSERT INTO account_operation (id, amount, description, operation_date, type, bank_account_id) VALUES (1832, 4182.91, 'Transfer Received', '2026-02-12 19:56:31', 'CREDIT', 'acc-dcb5680b-c4ea-4e05-a66a-bcbd7e74beac');
INSERT INTO account_operation (id, amount, description, operation_date, type, bank_account_id) VALUES (1833, 656.35, 'Inwi', '2026-04-09 19:56:31', 'DEBIT', 'acc-dcb5680b-c4ea-4e05-a66a-bcbd7e74beac');
INSERT INTO account_operation (id, amount, description, operation_date, type, bank_account_id) VALUES (1834, 11384.58, 'Salary Deposit', '2026-02-16 19:56:31', 'CREDIT', 'acc-dcb5680b-c4ea-4e05-a66a-bcbd7e74beac');
INSERT INTO account_operation (id, amount, description, operation_date, type, bank_account_id) VALUES (1835, 6929.44, 'Dividend Payout', '2026-06-18 19:56:31', 'CREDIT', 'acc-dcb5680b-c4ea-4e05-a66a-bcbd7e74beac');
INSERT INTO account_operation (id, amount, description, operation_date, type, bank_account_id) VALUES (1836, 1877.68, 'Cash Deposit', '2026-02-10 19:56:31', 'CREDIT', 'acc-dcb5680b-c4ea-4e05-a66a-bcbd7e74beac');
INSERT INTO account_operation (id, amount, description, operation_date, type, bank_account_id) VALUES (1837, 12407.64, 'Dividend Payout', '2026-05-19 19:56:31', 'CREDIT', 'acc-dcb5680b-c4ea-4e05-a66a-bcbd7e74beac');
INSERT INTO account_operation (id, amount, description, operation_date, type, bank_account_id) VALUES (1838, 1777.96, 'Zara', '2026-04-18 19:56:31', 'DEBIT', 'acc-dcb5680b-c4ea-4e05-a66a-bcbd7e74beac');
INSERT INTO account_operation (id, amount, description, operation_date, type, bank_account_id) VALUES (1839, 1603.72, 'Restaurant', '2025-11-30 19:56:31', 'DEBIT', 'acc-dcb5680b-c4ea-4e05-a66a-bcbd7e74beac');
INSERT INTO account_operation (id, amount, description, operation_date, type, bank_account_id) VALUES (1840, 7646.75, 'Transfer Received', '2026-01-10 19:56:31', 'CREDIT', 'acc-dcb5680b-c4ea-4e05-a66a-bcbd7e74beac');
INSERT INTO account_operation (id, amount, description, operation_date, type, bank_account_id) VALUES (1841, 137.18, 'Marjane Supermarket', '2026-03-20 19:56:31', 'DEBIT', 'acc-dcb5680b-c4ea-4e05-a66a-bcbd7e74beac');
INSERT INTO account_operation (id, amount, description, operation_date, type, bank_account_id) VALUES (1842, 11240.06, 'Salary Deposit', '2026-03-02 19:56:31', 'CREDIT', 'acc-dcb5680b-c4ea-4e05-a66a-bcbd7e74beac');
INSERT INTO account_operation (id, amount, description, operation_date, type, bank_account_id) VALUES (1843, 695.28, 'ONCF Train', '2025-12-29 19:56:31', 'DEBIT', 'acc-dcb5680b-c4ea-4e05-a66a-bcbd7e74beac');
INSERT INTO account_operation (id, amount, description, operation_date, type, bank_account_id) VALUES (1844, 811.21, 'Carrefour', '2026-05-17 19:56:31', 'DEBIT', 'acc-dcb5680b-c4ea-4e05-a66a-bcbd7e74beac');
INSERT INTO account_operation (id, amount, description, operation_date, type, bank_account_id) VALUES (1845, 1786.48, 'Zara', '2026-01-06 19:56:31', 'DEBIT', 'acc-dcb5680b-c4ea-4e05-a66a-bcbd7e74beac');
INSERT INTO account_operation (id, amount, description, operation_date, type, bank_account_id) VALUES (1846, 1352.15, 'ONCF Train', '2026-04-09 19:56:31', 'DEBIT', 'acc-dcb5680b-c4ea-4e05-a66a-bcbd7e74beac');
INSERT INTO account_operation (id, amount, description, operation_date, type, bank_account_id) VALUES (1847, 1932.95, 'Zara', '2026-05-29 19:56:31', 'DEBIT', 'acc-dcb5680b-c4ea-4e05-a66a-bcbd7e74beac');
INSERT INTO account_operation (id, amount, description, operation_date, type, bank_account_id) VALUES (1848, 1284.35, 'Zara', '2026-06-25 19:56:31', 'DEBIT', 'acc-dcb5680b-c4ea-4e05-a66a-bcbd7e74beac');
INSERT INTO account_operation (id, amount, description, operation_date, type, bank_account_id) VALUES (1849, 767.98, 'Inwi', '2026-04-15 19:56:31', 'DEBIT', 'acc-dcb5680b-c4ea-4e05-a66a-bcbd7e74beac');
INSERT INTO account_operation (id, amount, description, operation_date, type, bank_account_id) VALUES (1850, 3706.38, 'Cash Deposit', '2026-03-21 19:56:31', 'CREDIT', 'acc-dcb5680b-c4ea-4e05-a66a-bcbd7e74beac');
INSERT INTO account_operation (id, amount, description, operation_date, type, bank_account_id) VALUES (1851, 892.9, 'Pharmacy', '2026-06-21 19:56:31', 'DEBIT', 'acc-dcb5680b-c4ea-4e05-a66a-bcbd7e74beac');
INSERT INTO account_operation (id, amount, description, operation_date, type, bank_account_id) VALUES (1852, 54.57, 'Carrefour', '2026-02-22 19:56:31', 'DEBIT', 'acc-dcb5680b-c4ea-4e05-a66a-bcbd7e74beac');
INSERT INTO account_operation (id, amount, description, operation_date, type, bank_account_id) VALUES (1853, 471.69, 'ONCF Train', '2026-03-11 19:56:31', 'DEBIT', 'acc-dcb5680b-c4ea-4e05-a66a-bcbd7e74beac');
INSERT INTO account_operation (id, amount, description, operation_date, type, bank_account_id) VALUES (1854, 5478.57, 'Transfer Received', '2026-05-19 19:56:31', 'CREDIT', 'acc-dcb5680b-c4ea-4e05-a66a-bcbd7e74beac');

INSERT INTO customer (id, name, email) VALUES (32, 'Ayoub Berrada', 'ayoub.berrada@gmail.com');
INSERT INTO bank_account (id, type, balance, created_at, customer_id, over_draft, interest_rate) VALUES ('acc-031315d8-005c-4c9c-a2d7-b7c5c9217eb5', 'CURR', 62953.91, '2025-11-05 19:56:31', 32, 3782.31, NULL);
INSERT INTO account_operation (id, amount, description, operation_date, type, bank_account_id) VALUES (1855, 11467.44, 'Initial Account Funding', '2025-11-05 19:56:31', 'CREDIT', 'acc-031315d8-005c-4c9c-a2d7-b7c5c9217eb5');
INSERT INTO account_operation (id, amount, description, operation_date, type, bank_account_id) VALUES (1856, 1539.94, 'Decathlon', '2025-12-02 19:56:31', 'DEBIT', 'acc-031315d8-005c-4c9c-a2d7-b7c5c9217eb5');
INSERT INTO account_operation (id, amount, description, operation_date, type, bank_account_id) VALUES (1857, 416.65, 'Redal', '2025-11-23 19:56:31', 'DEBIT', 'acc-031315d8-005c-4c9c-a2d7-b7c5c9217eb5');
INSERT INTO account_operation (id, amount, description, operation_date, type, bank_account_id) VALUES (1858, 1680.83, 'Pharmacy', '2026-05-30 19:56:31', 'DEBIT', 'acc-031315d8-005c-4c9c-a2d7-b7c5c9217eb5');
INSERT INTO account_operation (id, amount, description, operation_date, type, bank_account_id) VALUES (1859, 1651.48, 'Transfer Received', '2025-12-18 19:56:31', 'CREDIT', 'acc-031315d8-005c-4c9c-a2d7-b7c5c9217eb5');
INSERT INTO account_operation (id, amount, description, operation_date, type, bank_account_id) VALUES (1860, 1278.6, 'Decathlon', '2026-03-29 19:56:31', 'DEBIT', 'acc-031315d8-005c-4c9c-a2d7-b7c5c9217eb5');
INSERT INTO account_operation (id, amount, description, operation_date, type, bank_account_id) VALUES (1861, 1879.15, 'Restaurant', '2026-05-20 19:56:31', 'DEBIT', 'acc-031315d8-005c-4c9c-a2d7-b7c5c9217eb5');
INSERT INTO account_operation (id, amount, description, operation_date, type, bank_account_id) VALUES (1862, 11406.06, 'Dividend Payout', '2026-01-11 19:56:31', 'CREDIT', 'acc-031315d8-005c-4c9c-a2d7-b7c5c9217eb5');
INSERT INTO account_operation (id, amount, description, operation_date, type, bank_account_id) VALUES (1863, 1064.39, 'Decathlon', '2026-01-01 19:56:31', 'DEBIT', 'acc-031315d8-005c-4c9c-a2d7-b7c5c9217eb5');
INSERT INTO account_operation (id, amount, description, operation_date, type, bank_account_id) VALUES (1864, 10537.89, 'Transfer Received', '2026-03-12 19:56:31', 'CREDIT', 'acc-031315d8-005c-4c9c-a2d7-b7c5c9217eb5');
INSERT INTO account_operation (id, amount, description, operation_date, type, bank_account_id) VALUES (1865, 36.84, 'Inwi', '2026-06-08 19:56:31', 'DEBIT', 'acc-031315d8-005c-4c9c-a2d7-b7c5c9217eb5');
INSERT INTO account_operation (id, amount, description, operation_date, type, bank_account_id) VALUES (1866, 1850.85, 'Carrefour', '2026-05-10 19:56:31', 'DEBIT', 'acc-031315d8-005c-4c9c-a2d7-b7c5c9217eb5');
INSERT INTO account_operation (id, amount, description, operation_date, type, bank_account_id) VALUES (1867, 4540.92, 'Salary Deposit', '2025-11-05 19:56:31', 'CREDIT', 'acc-031315d8-005c-4c9c-a2d7-b7c5c9217eb5');
INSERT INTO account_operation (id, amount, description, operation_date, type, bank_account_id) VALUES (1868, 3798.08, 'Freelance Payment', '2026-05-14 19:56:31', 'CREDIT', 'acc-031315d8-005c-4c9c-a2d7-b7c5c9217eb5');
INSERT INTO account_operation (id, amount, description, operation_date, type, bank_account_id) VALUES (1869, 1762.63, 'Spotify', '2026-05-08 19:56:31', 'DEBIT', 'acc-031315d8-005c-4c9c-a2d7-b7c5c9217eb5');
INSERT INTO account_operation (id, amount, description, operation_date, type, bank_account_id) VALUES (1870, 215.01, 'Local Cafe', '2026-06-07 19:56:31', 'DEBIT', 'acc-031315d8-005c-4c9c-a2d7-b7c5c9217eb5');
INSERT INTO account_operation (id, amount, description, operation_date, type, bank_account_id) VALUES (1871, 428.64, 'Decathlon', '2026-06-07 19:56:31', 'DEBIT', 'acc-031315d8-005c-4c9c-a2d7-b7c5c9217eb5');
INSERT INTO account_operation (id, amount, description, operation_date, type, bank_account_id) VALUES (1872, 7712.88, 'Freelance Payment', '2026-01-14 19:56:31', 'CREDIT', 'acc-031315d8-005c-4c9c-a2d7-b7c5c9217eb5');
INSERT INTO account_operation (id, amount, description, operation_date, type, bank_account_id) VALUES (1873, 1724.73, 'Netflix Subscription', '2026-06-13 19:56:31', 'DEBIT', 'acc-031315d8-005c-4c9c-a2d7-b7c5c9217eb5');
INSERT INTO account_operation (id, amount, description, operation_date, type, bank_account_id) VALUES (1874, 1100.87, 'Netflix Subscription', '2025-11-07 19:56:31', 'DEBIT', 'acc-031315d8-005c-4c9c-a2d7-b7c5c9217eb5');
INSERT INTO account_operation (id, amount, description, operation_date, type, bank_account_id) VALUES (1875, 11971.24, 'Freelance Payment', '2026-05-06 19:56:31', 'CREDIT', 'acc-031315d8-005c-4c9c-a2d7-b7c5c9217eb5');
INSERT INTO account_operation (id, amount, description, operation_date, type, bank_account_id) VALUES (1876, 1013.08, 'Zara', '2025-11-14 19:56:31', 'DEBIT', 'acc-031315d8-005c-4c9c-a2d7-b7c5c9217eb5');
INSERT INTO account_operation (id, amount, description, operation_date, type, bank_account_id) VALUES (1877, 8992.34, 'Transfer Received', '2025-11-08 19:56:31', 'CREDIT', 'acc-031315d8-005c-4c9c-a2d7-b7c5c9217eb5');
INSERT INTO account_operation (id, amount, description, operation_date, type, bank_account_id) VALUES (1878, 1007.73, 'Netflix Subscription', '2026-02-23 19:56:31', 'DEBIT', 'acc-031315d8-005c-4c9c-a2d7-b7c5c9217eb5');
INSERT INTO account_operation (id, amount, description, operation_date, type, bank_account_id) VALUES (1879, 11197.77, 'Cash Deposit', '2025-12-24 19:56:31', 'CREDIT', 'acc-031315d8-005c-4c9c-a2d7-b7c5c9217eb5');
INSERT INTO account_operation (id, amount, description, operation_date, type, bank_account_id) VALUES (1880, 628.82, 'Orange', '2026-03-05 19:56:31', 'DEBIT', 'acc-031315d8-005c-4c9c-a2d7-b7c5c9217eb5');
INSERT INTO account_operation (id, amount, description, operation_date, type, bank_account_id) VALUES (1881, 1070.32, 'Maroc Telecom', '2026-04-13 19:56:31', 'DEBIT', 'acc-031315d8-005c-4c9c-a2d7-b7c5c9217eb5');
INSERT INTO account_operation (id, amount, description, operation_date, type, bank_account_id) VALUES (1882, 158.07, 'LC Waikiki', '2026-03-16 19:56:31', 'DEBIT', 'acc-031315d8-005c-4c9c-a2d7-b7c5c9217eb5');
INSERT INTO account_operation (id, amount, description, operation_date, type, bank_account_id) VALUES (1883, 1465.04, 'CTM Bus', '2026-01-29 19:56:31', 'DEBIT', 'acc-031315d8-005c-4c9c-a2d7-b7c5c9217eb5');
INSERT INTO bank_account (id, type, balance, created_at, customer_id, over_draft, interest_rate) VALUES ('acc-3a3f4ea5-431b-4697-bd0a-e168d90ba3b5', 'CURR', 161744.94, '2026-04-05 19:56:31', 32, 3051.33, NULL);
INSERT INTO account_operation (id, amount, description, operation_date, type, bank_account_id) VALUES (1884, 35759.87, 'Initial Account Funding', '2026-04-05 19:56:31', 'CREDIT', 'acc-3a3f4ea5-431b-4697-bd0a-e168d90ba3b5');
INSERT INTO account_operation (id, amount, description, operation_date, type, bank_account_id) VALUES (1885, 13724.36, 'Freelance Payment', '2026-06-04 19:56:31', 'CREDIT', 'acc-3a3f4ea5-431b-4697-bd0a-e168d90ba3b5');
INSERT INTO account_operation (id, amount, description, operation_date, type, bank_account_id) VALUES (1886, 3491.55, 'Freelance Payment', '2026-05-31 19:56:31', 'CREDIT', 'acc-3a3f4ea5-431b-4697-bd0a-e168d90ba3b5');
INSERT INTO account_operation (id, amount, description, operation_date, type, bank_account_id) VALUES (1887, 6672.66, 'Salary Deposit', '2026-06-06 19:56:31', 'CREDIT', 'acc-3a3f4ea5-431b-4697-bd0a-e168d90ba3b5');
INSERT INTO account_operation (id, amount, description, operation_date, type, bank_account_id) VALUES (1888, 1564.24, 'Decathlon', '2026-05-21 19:56:31', 'DEBIT', 'acc-3a3f4ea5-431b-4697-bd0a-e168d90ba3b5');
INSERT INTO account_operation (id, amount, description, operation_date, type, bank_account_id) VALUES (1889, 1498.23, 'Netflix Subscription', '2026-05-17 19:56:31', 'DEBIT', 'acc-3a3f4ea5-431b-4697-bd0a-e168d90ba3b5');
INSERT INTO account_operation (id, amount, description, operation_date, type, bank_account_id) VALUES (1890, 1713.8, 'Carrefour', '2026-06-20 19:56:31', 'DEBIT', 'acc-3a3f4ea5-431b-4697-bd0a-e168d90ba3b5');
INSERT INTO account_operation (id, amount, description, operation_date, type, bank_account_id) VALUES (1891, 415.55, 'Netflix Subscription', '2026-04-08 19:56:31', 'DEBIT', 'acc-3a3f4ea5-431b-4697-bd0a-e168d90ba3b5');
INSERT INTO account_operation (id, amount, description, operation_date, type, bank_account_id) VALUES (1892, 1972.44, 'Decathlon', '2026-06-22 19:56:31', 'DEBIT', 'acc-3a3f4ea5-431b-4697-bd0a-e168d90ba3b5');
INSERT INTO account_operation (id, amount, description, operation_date, type, bank_account_id) VALUES (1893, 9386.69, 'Transfer Received', '2026-06-17 19:56:31', 'CREDIT', 'acc-3a3f4ea5-431b-4697-bd0a-e168d90ba3b5');
INSERT INTO account_operation (id, amount, description, operation_date, type, bank_account_id) VALUES (1894, 209.42, 'Maroc Telecom', '2026-05-08 19:56:31', 'DEBIT', 'acc-3a3f4ea5-431b-4697-bd0a-e168d90ba3b5');
INSERT INTO account_operation (id, amount, description, operation_date, type, bank_account_id) VALUES (1895, 1420.06, 'Pharmacy', '2026-04-16 19:56:31', 'DEBIT', 'acc-3a3f4ea5-431b-4697-bd0a-e168d90ba3b5');
INSERT INTO account_operation (id, amount, description, operation_date, type, bank_account_id) VALUES (1896, 6879.86, 'Dividend Payout', '2026-05-30 19:56:31', 'CREDIT', 'acc-3a3f4ea5-431b-4697-bd0a-e168d90ba3b5');
INSERT INTO account_operation (id, amount, description, operation_date, type, bank_account_id) VALUES (1897, 468.99, 'ONEE Electricity', '2026-04-28 19:56:31', 'DEBIT', 'acc-3a3f4ea5-431b-4697-bd0a-e168d90ba3b5');
INSERT INTO account_operation (id, amount, description, operation_date, type, bank_account_id) VALUES (1898, 1670.52, 'Pharmacy', '2026-06-28 19:56:31', 'DEBIT', 'acc-3a3f4ea5-431b-4697-bd0a-e168d90ba3b5');
INSERT INTO account_operation (id, amount, description, operation_date, type, bank_account_id) VALUES (1899, 7773.54, 'Transfer Received', '2026-04-27 19:56:31', 'CREDIT', 'acc-3a3f4ea5-431b-4697-bd0a-e168d90ba3b5');
INSERT INTO account_operation (id, amount, description, operation_date, type, bank_account_id) VALUES (1900, 1372.8, 'Marjane Supermarket', '2026-06-18 19:56:31', 'DEBIT', 'acc-3a3f4ea5-431b-4697-bd0a-e168d90ba3b5');
INSERT INTO account_operation (id, amount, description, operation_date, type, bank_account_id) VALUES (1901, 3743.84, 'Salary Deposit', '2026-06-21 19:56:31', 'CREDIT', 'acc-3a3f4ea5-431b-4697-bd0a-e168d90ba3b5');
INSERT INTO account_operation (id, amount, description, operation_date, type, bank_account_id) VALUES (1902, 13762.3, 'Salary Deposit', '2026-05-03 19:56:31', 'CREDIT', 'acc-3a3f4ea5-431b-4697-bd0a-e168d90ba3b5');
INSERT INTO account_operation (id, amount, description, operation_date, type, bank_account_id) VALUES (1903, 1093.28, 'ONCF Train', '2026-05-09 19:56:31', 'DEBIT', 'acc-3a3f4ea5-431b-4697-bd0a-e168d90ba3b5');
INSERT INTO account_operation (id, amount, description, operation_date, type, bank_account_id) VALUES (1904, 1690.33, 'Carrefour', '2026-05-22 19:56:31', 'DEBIT', 'acc-3a3f4ea5-431b-4697-bd0a-e168d90ba3b5');
INSERT INTO account_operation (id, amount, description, operation_date, type, bank_account_id) VALUES (1905, 430.8, 'Marjane Supermarket', '2026-06-03 19:56:31', 'DEBIT', 'acc-3a3f4ea5-431b-4697-bd0a-e168d90ba3b5');
INSERT INTO account_operation (id, amount, description, operation_date, type, bank_account_id) VALUES (1906, 1508.13, 'Redal', '2026-06-14 19:56:31', 'DEBIT', 'acc-3a3f4ea5-431b-4697-bd0a-e168d90ba3b5');
INSERT INTO account_operation (id, amount, description, operation_date, type, bank_account_id) VALUES (1907, 7260.2, 'Freelance Payment', '2026-05-24 19:56:31', 'CREDIT', 'acc-3a3f4ea5-431b-4697-bd0a-e168d90ba3b5');
INSERT INTO account_operation (id, amount, description, operation_date, type, bank_account_id) VALUES (1908, 622.52, 'Spotify', '2026-04-19 19:56:31', 'DEBIT', 'acc-3a3f4ea5-431b-4697-bd0a-e168d90ba3b5');
INSERT INTO account_operation (id, amount, description, operation_date, type, bank_account_id) VALUES (1909, 3932.91, 'Dividend Payout', '2026-05-04 19:56:31', 'CREDIT', 'acc-3a3f4ea5-431b-4697-bd0a-e168d90ba3b5');
INSERT INTO account_operation (id, amount, description, operation_date, type, bank_account_id) VALUES (1910, 5399.12, 'Cash Deposit', '2026-05-23 19:56:31', 'CREDIT', 'acc-3a3f4ea5-431b-4697-bd0a-e168d90ba3b5');
INSERT INTO account_operation (id, amount, description, operation_date, type, bank_account_id) VALUES (1911, 1762.42, 'LC Waikiki', '2026-04-15 19:56:31', 'DEBIT', 'acc-3a3f4ea5-431b-4697-bd0a-e168d90ba3b5');
INSERT INTO account_operation (id, amount, description, operation_date, type, bank_account_id) VALUES (1912, 1903.18, 'Amendis', '2026-05-29 19:56:31', 'DEBIT', 'acc-3a3f4ea5-431b-4697-bd0a-e168d90ba3b5');
INSERT INTO account_operation (id, amount, description, operation_date, type, bank_account_id) VALUES (1913, 673.99, 'Orange', '2026-05-01 19:56:31', 'DEBIT', 'acc-3a3f4ea5-431b-4697-bd0a-e168d90ba3b5');
INSERT INTO account_operation (id, amount, description, operation_date, type, bank_account_id) VALUES (1914, 2822.56, 'Salary Deposit', '2026-05-20 19:56:31', 'CREDIT', 'acc-3a3f4ea5-431b-4697-bd0a-e168d90ba3b5');
INSERT INTO account_operation (id, amount, description, operation_date, type, bank_account_id) VALUES (1915, 995.56, 'Redal', '2026-04-07 19:56:31', 'DEBIT', 'acc-3a3f4ea5-431b-4697-bd0a-e168d90ba3b5');
INSERT INTO account_operation (id, amount, description, operation_date, type, bank_account_id) VALUES (1916, 1474.46, 'CTM Bus', '2026-05-21 19:56:31', 'DEBIT', 'acc-3a3f4ea5-431b-4697-bd0a-e168d90ba3b5');
INSERT INTO account_operation (id, amount, description, operation_date, type, bank_account_id) VALUES (1917, 1711.05, 'Amendis', '2026-05-15 19:56:31', 'DEBIT', 'acc-3a3f4ea5-431b-4697-bd0a-e168d90ba3b5');
INSERT INTO account_operation (id, amount, description, operation_date, type, bank_account_id) VALUES (1918, 1918.14, 'BIM Store', '2026-05-14 19:56:31', 'DEBIT', 'acc-3a3f4ea5-431b-4697-bd0a-e168d90ba3b5');
INSERT INTO account_operation (id, amount, description, operation_date, type, bank_account_id) VALUES (1919, 48.81, 'Spotify', '2026-05-14 19:56:31', 'DEBIT', 'acc-3a3f4ea5-431b-4697-bd0a-e168d90ba3b5');
INSERT INTO account_operation (id, amount, description, operation_date, type, bank_account_id) VALUES (1920, 1072.13, 'LC Waikiki', '2026-05-31 19:56:31', 'DEBIT', 'acc-3a3f4ea5-431b-4697-bd0a-e168d90ba3b5');
INSERT INTO account_operation (id, amount, description, operation_date, type, bank_account_id) VALUES (1921, 11434.26, 'Transfer Received', '2026-06-29 19:56:31', 'CREDIT', 'acc-3a3f4ea5-431b-4697-bd0a-e168d90ba3b5');
INSERT INTO account_operation (id, amount, description, operation_date, type, bank_account_id) VALUES (1922, 313.59, 'Maroc Telecom', '2026-05-20 19:56:31', 'DEBIT', 'acc-3a3f4ea5-431b-4697-bd0a-e168d90ba3b5');
INSERT INTO account_operation (id, amount, description, operation_date, type, bank_account_id) VALUES (1923, 11874.47, 'Transfer Received', '2026-05-22 19:56:31', 'CREDIT', 'acc-3a3f4ea5-431b-4697-bd0a-e168d90ba3b5');
INSERT INTO account_operation (id, amount, description, operation_date, type, bank_account_id) VALUES (1924, 12999.75, 'Freelance Payment', '2026-05-24 19:56:31', 'CREDIT', 'acc-3a3f4ea5-431b-4697-bd0a-e168d90ba3b5');
INSERT INTO account_operation (id, amount, description, operation_date, type, bank_account_id) VALUES (1925, 1860.69, 'Spotify', '2026-05-20 19:56:31', 'DEBIT', 'acc-3a3f4ea5-431b-4697-bd0a-e168d90ba3b5');
INSERT INTO account_operation (id, amount, description, operation_date, type, bank_account_id) VALUES (1926, 97.82, 'Local Cafe', '2026-04-12 19:56:31', 'DEBIT', 'acc-3a3f4ea5-431b-4697-bd0a-e168d90ba3b5');
INSERT INTO account_operation (id, amount, description, operation_date, type, bank_account_id) VALUES (1927, 6567.07, 'Dividend Payout', '2026-06-29 19:56:31', 'CREDIT', 'acc-3a3f4ea5-431b-4697-bd0a-e168d90ba3b5');
INSERT INTO account_operation (id, amount, description, operation_date, type, bank_account_id) VALUES (1928, 1040.06, 'Zara', '2026-05-19 19:56:31', 'DEBIT', 'acc-3a3f4ea5-431b-4697-bd0a-e168d90ba3b5');
INSERT INTO account_operation (id, amount, description, operation_date, type, bank_account_id) VALUES (1929, 7047.17, 'Freelance Payment', '2026-04-29 19:56:31', 'CREDIT', 'acc-3a3f4ea5-431b-4697-bd0a-e168d90ba3b5');
INSERT INTO account_operation (id, amount, description, operation_date, type, bank_account_id) VALUES (1930, 13590.62, 'Dividend Payout', '2026-05-14 19:56:31', 'CREDIT', 'acc-3a3f4ea5-431b-4697-bd0a-e168d90ba3b5');
INSERT INTO account_operation (id, amount, description, operation_date, type, bank_account_id) VALUES (1931, 1398.88, 'Carrefour', '2026-05-29 19:56:31', 'DEBIT', 'acc-3a3f4ea5-431b-4697-bd0a-e168d90ba3b5');
INSERT INTO account_operation (id, amount, description, operation_date, type, bank_account_id) VALUES (1932, 12581.59, 'Transfer Received', '2026-05-20 19:56:31', 'CREDIT', 'acc-3a3f4ea5-431b-4697-bd0a-e168d90ba3b5');
INSERT INTO account_operation (id, amount, description, operation_date, type, bank_account_id) VALUES (1933, 732.26, 'Amendis', '2026-04-16 19:56:31', 'DEBIT', 'acc-3a3f4ea5-431b-4697-bd0a-e168d90ba3b5');
INSERT INTO account_operation (id, amount, description, operation_date, type, bank_account_id) VALUES (1934, 305.3, 'Marjane Supermarket', '2026-05-09 19:56:31', 'DEBIT', 'acc-3a3f4ea5-431b-4697-bd0a-e168d90ba3b5');
INSERT INTO bank_account (id, type, balance, created_at, customer_id, over_draft, interest_rate) VALUES ('acc-7e2d3b24-e709-46c0-9e3d-e9623da366ac', 'CURR', 50424.42, '2025-10-13 19:56:31', 32, 1304.25, NULL);
INSERT INTO account_operation (id, amount, description, operation_date, type, bank_account_id) VALUES (1935, 35770.69, 'Initial Account Funding', '2025-10-13 19:56:31', 'CREDIT', 'acc-7e2d3b24-e709-46c0-9e3d-e9623da366ac');
INSERT INTO account_operation (id, amount, description, operation_date, type, bank_account_id) VALUES (1936, 1328.19, 'Zara', '2025-12-23 19:56:31', 'DEBIT', 'acc-7e2d3b24-e709-46c0-9e3d-e9623da366ac');
INSERT INTO account_operation (id, amount, description, operation_date, type, bank_account_id) VALUES (1937, 1758.03, 'Transfer Received', '2025-11-01 19:56:31', 'CREDIT', 'acc-7e2d3b24-e709-46c0-9e3d-e9623da366ac');
INSERT INTO account_operation (id, amount, description, operation_date, type, bank_account_id) VALUES (1938, 1256.44, 'Cash Deposit', '2025-12-26 19:56:31', 'CREDIT', 'acc-7e2d3b24-e709-46c0-9e3d-e9623da366ac');
INSERT INTO account_operation (id, amount, description, operation_date, type, bank_account_id) VALUES (1939, 1986.71, 'Redal', '2025-10-27 19:56:31', 'DEBIT', 'acc-7e2d3b24-e709-46c0-9e3d-e9623da366ac');
INSERT INTO account_operation (id, amount, description, operation_date, type, bank_account_id) VALUES (1940, 288.37, 'Inwi', '2025-11-05 19:56:31', 'DEBIT', 'acc-7e2d3b24-e709-46c0-9e3d-e9623da366ac');
INSERT INTO account_operation (id, amount, description, operation_date, type, bank_account_id) VALUES (1941, 699.62, 'Carrefour', '2026-06-16 19:56:31', 'DEBIT', 'acc-7e2d3b24-e709-46c0-9e3d-e9623da366ac');
INSERT INTO account_operation (id, amount, description, operation_date, type, bank_account_id) VALUES (1942, 1655.5, 'Carrefour', '2026-05-29 19:56:31', 'DEBIT', 'acc-7e2d3b24-e709-46c0-9e3d-e9623da366ac');
INSERT INTO account_operation (id, amount, description, operation_date, type, bank_account_id) VALUES (1943, 508.02, 'Zara', '2026-06-19 19:56:31', 'DEBIT', 'acc-7e2d3b24-e709-46c0-9e3d-e9623da366ac');
INSERT INTO account_operation (id, amount, description, operation_date, type, bank_account_id) VALUES (1944, 1118.52, 'Amendis', '2026-04-17 19:56:31', 'DEBIT', 'acc-7e2d3b24-e709-46c0-9e3d-e9623da366ac');
INSERT INTO account_operation (id, amount, description, operation_date, type, bank_account_id) VALUES (1945, 442.92, 'LC Waikiki', '2026-04-16 19:56:31', 'DEBIT', 'acc-7e2d3b24-e709-46c0-9e3d-e9623da366ac');
INSERT INTO account_operation (id, amount, description, operation_date, type, bank_account_id) VALUES (1946, 1186.25, 'Local Cafe', '2026-04-21 19:56:31', 'DEBIT', 'acc-7e2d3b24-e709-46c0-9e3d-e9623da366ac');
INSERT INTO account_operation (id, amount, description, operation_date, type, bank_account_id) VALUES (1947, 6148.93, 'Dividend Payout', '2026-01-29 19:56:31', 'CREDIT', 'acc-7e2d3b24-e709-46c0-9e3d-e9623da366ac');
INSERT INTO account_operation (id, amount, description, operation_date, type, bank_account_id) VALUES (1948, 252.24, 'Netflix Subscription', '2026-05-25 19:56:31', 'DEBIT', 'acc-7e2d3b24-e709-46c0-9e3d-e9623da366ac');
INSERT INTO account_operation (id, amount, description, operation_date, type, bank_account_id) VALUES (1949, 1191.0, 'Restaurant', '2026-01-03 19:56:31', 'DEBIT', 'acc-7e2d3b24-e709-46c0-9e3d-e9623da366ac');
INSERT INTO account_operation (id, amount, description, operation_date, type, bank_account_id) VALUES (1950, 125.67, 'Decathlon', '2026-04-21 19:56:31', 'DEBIT', 'acc-7e2d3b24-e709-46c0-9e3d-e9623da366ac');
INSERT INTO account_operation (id, amount, description, operation_date, type, bank_account_id) VALUES (1951, 10235.08, 'Freelance Payment', '2025-11-19 19:56:31', 'CREDIT', 'acc-7e2d3b24-e709-46c0-9e3d-e9623da366ac');
INSERT INTO account_operation (id, amount, description, operation_date, type, bank_account_id) VALUES (1952, 615.24, 'Zara', '2025-12-09 19:56:31', 'DEBIT', 'acc-7e2d3b24-e709-46c0-9e3d-e9623da366ac');
INSERT INTO account_operation (id, amount, description, operation_date, type, bank_account_id) VALUES (1953, 388.97, 'Local Cafe', '2026-04-05 19:56:31', 'DEBIT', 'acc-7e2d3b24-e709-46c0-9e3d-e9623da366ac');
INSERT INTO account_operation (id, amount, description, operation_date, type, bank_account_id) VALUES (1954, 5906.16, 'Cash Deposit', '2026-03-10 19:56:31', 'CREDIT', 'acc-7e2d3b24-e709-46c0-9e3d-e9623da366ac');
INSERT INTO account_operation (id, amount, description, operation_date, type, bank_account_id) VALUES (1955, 844.35, 'Inwi', '2025-11-22 19:56:31', 'DEBIT', 'acc-7e2d3b24-e709-46c0-9e3d-e9623da366ac');
INSERT INTO account_operation (id, amount, description, operation_date, type, bank_account_id) VALUES (1956, 2138.0, 'Transfer Received', '2026-03-26 19:56:31', 'CREDIT', 'acc-7e2d3b24-e709-46c0-9e3d-e9623da366ac');
INSERT INTO account_operation (id, amount, description, operation_date, type, bank_account_id) VALUES (1957, 157.34, 'ONEE Electricity', '2026-02-22 19:56:31', 'DEBIT', 'acc-7e2d3b24-e709-46c0-9e3d-e9623da366ac');

INSERT INTO customer (id, name, email) VALUES (33, 'Salma Lahlou', 'salma.lahlou@gmail.com');
INSERT INTO bank_account (id, type, balance, created_at, customer_id, over_draft, interest_rate) VALUES ('acc-6d423e80-96d3-4599-b000-92fe37b92544', 'CURR', 109303.9, '2026-01-12 19:56:31', 33, 3764.31, NULL);
INSERT INTO account_operation (id, amount, description, operation_date, type, bank_account_id) VALUES (1958, 16167.98, 'Initial Account Funding', '2026-01-12 19:56:31', 'CREDIT', 'acc-6d423e80-96d3-4599-b000-92fe37b92544');
INSERT INTO account_operation (id, amount, description, operation_date, type, bank_account_id) VALUES (1959, 225.25, 'Maroc Telecom', '2026-06-24 19:56:31', 'DEBIT', 'acc-6d423e80-96d3-4599-b000-92fe37b92544');
INSERT INTO account_operation (id, amount, description, operation_date, type, bank_account_id) VALUES (1960, 1031.42, 'Pharmacy', '2026-05-10 19:56:31', 'DEBIT', 'acc-6d423e80-96d3-4599-b000-92fe37b92544');
INSERT INTO account_operation (id, amount, description, operation_date, type, bank_account_id) VALUES (1961, 642.83, 'Carrefour', '2026-02-14 19:56:31', 'DEBIT', 'acc-6d423e80-96d3-4599-b000-92fe37b92544');
INSERT INTO account_operation (id, amount, description, operation_date, type, bank_account_id) VALUES (1962, 1642.38, 'ONCF Train', '2026-04-11 19:56:31', 'DEBIT', 'acc-6d423e80-96d3-4599-b000-92fe37b92544');
INSERT INTO account_operation (id, amount, description, operation_date, type, bank_account_id) VALUES (1963, 11406.74, 'Cash Deposit', '2026-03-03 19:56:31', 'CREDIT', 'acc-6d423e80-96d3-4599-b000-92fe37b92544');
INSERT INTO account_operation (id, amount, description, operation_date, type, bank_account_id) VALUES (1964, 702.29, 'Decathlon', '2026-04-17 19:56:31', 'DEBIT', 'acc-6d423e80-96d3-4599-b000-92fe37b92544');
INSERT INTO account_operation (id, amount, description, operation_date, type, bank_account_id) VALUES (1965, 1552.36, 'Decathlon', '2026-02-04 19:56:31', 'DEBIT', 'acc-6d423e80-96d3-4599-b000-92fe37b92544');
INSERT INTO account_operation (id, amount, description, operation_date, type, bank_account_id) VALUES (1966, 14962.33, 'Dividend Payout', '2026-04-29 19:56:31', 'CREDIT', 'acc-6d423e80-96d3-4599-b000-92fe37b92544');
INSERT INTO account_operation (id, amount, description, operation_date, type, bank_account_id) VALUES (1967, 115.88, 'Maroc Telecom', '2026-02-04 19:56:31', 'DEBIT', 'acc-6d423e80-96d3-4599-b000-92fe37b92544');
INSERT INTO account_operation (id, amount, description, operation_date, type, bank_account_id) VALUES (1968, 1183.19, 'Spotify', '2026-04-05 19:56:31', 'DEBIT', 'acc-6d423e80-96d3-4599-b000-92fe37b92544');
INSERT INTO account_operation (id, amount, description, operation_date, type, bank_account_id) VALUES (1969, 1263.38, 'Netflix Subscription', '2026-03-22 19:56:31', 'DEBIT', 'acc-6d423e80-96d3-4599-b000-92fe37b92544');
INSERT INTO account_operation (id, amount, description, operation_date, type, bank_account_id) VALUES (1970, 600.37, 'Carrefour', '2026-05-22 19:56:31', 'DEBIT', 'acc-6d423e80-96d3-4599-b000-92fe37b92544');
INSERT INTO account_operation (id, amount, description, operation_date, type, bank_account_id) VALUES (1971, 12935.04, 'Cash Deposit', '2026-04-21 19:56:31', 'CREDIT', 'acc-6d423e80-96d3-4599-b000-92fe37b92544');
INSERT INTO account_operation (id, amount, description, operation_date, type, bank_account_id) VALUES (1972, 2768.11, 'Dividend Payout', '2026-06-17 19:56:31', 'CREDIT', 'acc-6d423e80-96d3-4599-b000-92fe37b92544');
INSERT INTO account_operation (id, amount, description, operation_date, type, bank_account_id) VALUES (1973, 12065.97, 'Cash Deposit', '2026-03-27 19:56:31', 'CREDIT', 'acc-6d423e80-96d3-4599-b000-92fe37b92544');
INSERT INTO account_operation (id, amount, description, operation_date, type, bank_account_id) VALUES (1974, 1617.01, 'Zara', '2026-04-27 19:56:31', 'DEBIT', 'acc-6d423e80-96d3-4599-b000-92fe37b92544');
INSERT INTO account_operation (id, amount, description, operation_date, type, bank_account_id) VALUES (1975, 330.17, 'BIM Store', '2026-02-18 19:56:31', 'DEBIT', 'acc-6d423e80-96d3-4599-b000-92fe37b92544');
INSERT INTO account_operation (id, amount, description, operation_date, type, bank_account_id) VALUES (1976, 1103.23, 'Pharmacy', '2026-01-22 19:56:31', 'DEBIT', 'acc-6d423e80-96d3-4599-b000-92fe37b92544');
INSERT INTO account_operation (id, amount, description, operation_date, type, bank_account_id) VALUES (1977, 10435.09, 'Freelance Payment', '2026-04-30 19:56:31', 'CREDIT', 'acc-6d423e80-96d3-4599-b000-92fe37b92544');
INSERT INTO account_operation (id, amount, description, operation_date, type, bank_account_id) VALUES (1978, 1398.43, 'Marjane Supermarket', '2026-01-19 19:56:31', 'DEBIT', 'acc-6d423e80-96d3-4599-b000-92fe37b92544');
INSERT INTO account_operation (id, amount, description, operation_date, type, bank_account_id) VALUES (1979, 5298.51, 'Salary Deposit', '2026-05-07 19:56:31', 'CREDIT', 'acc-6d423e80-96d3-4599-b000-92fe37b92544');
INSERT INTO account_operation (id, amount, description, operation_date, type, bank_account_id) VALUES (1980, 7878.69, 'Cash Deposit', '2026-05-19 19:56:31', 'CREDIT', 'acc-6d423e80-96d3-4599-b000-92fe37b92544');
INSERT INTO account_operation (id, amount, description, operation_date, type, bank_account_id) VALUES (1981, 1115.25, 'Pharmacy', '2026-05-20 19:56:31', 'DEBIT', 'acc-6d423e80-96d3-4599-b000-92fe37b92544');
INSERT INTO account_operation (id, amount, description, operation_date, type, bank_account_id) VALUES (1982, 1581.89, 'Pharmacy', '2026-04-21 19:56:31', 'DEBIT', 'acc-6d423e80-96d3-4599-b000-92fe37b92544');
INSERT INTO account_operation (id, amount, description, operation_date, type, bank_account_id) VALUES (1983, 766.09, 'Decathlon', '2026-04-02 19:56:31', 'DEBIT', 'acc-6d423e80-96d3-4599-b000-92fe37b92544');
INSERT INTO account_operation (id, amount, description, operation_date, type, bank_account_id) VALUES (1984, 4095.85, 'Dividend Payout', '2026-05-07 19:56:31', 'CREDIT', 'acc-6d423e80-96d3-4599-b000-92fe37b92544');
INSERT INTO account_operation (id, amount, description, operation_date, type, bank_account_id) VALUES (1985, 14284.41, 'Dividend Payout', '2026-01-21 19:56:31', 'CREDIT', 'acc-6d423e80-96d3-4599-b000-92fe37b92544');
INSERT INTO account_operation (id, amount, description, operation_date, type, bank_account_id) VALUES (1986, 254.14, 'Local Cafe', '2026-03-21 19:56:31', 'DEBIT', 'acc-6d423e80-96d3-4599-b000-92fe37b92544');
INSERT INTO account_operation (id, amount, description, operation_date, type, bank_account_id) VALUES (1987, 1865.72, 'Inwi', '2026-04-08 19:56:31', 'DEBIT', 'acc-6d423e80-96d3-4599-b000-92fe37b92544');
INSERT INTO account_operation (id, amount, description, operation_date, type, bank_account_id) VALUES (1988, 375.81, 'Pharmacy', '2026-06-14 19:56:31', 'DEBIT', 'acc-6d423e80-96d3-4599-b000-92fe37b92544');
INSERT INTO account_operation (id, amount, description, operation_date, type, bank_account_id) VALUES (1989, 1193.56, 'Amendis', '2026-03-27 19:56:31', 'DEBIT', 'acc-6d423e80-96d3-4599-b000-92fe37b92544');
INSERT INTO account_operation (id, amount, description, operation_date, type, bank_account_id) VALUES (1990, 1223.02, 'Inwi', '2026-05-04 19:56:31', 'DEBIT', 'acc-6d423e80-96d3-4599-b000-92fe37b92544');
INSERT INTO account_operation (id, amount, description, operation_date, type, bank_account_id) VALUES (1991, 691.09, 'Amendis', '2026-01-19 19:56:31', 'DEBIT', 'acc-6d423e80-96d3-4599-b000-92fe37b92544');
INSERT INTO account_operation (id, amount, description, operation_date, type, bank_account_id) VALUES (1992, 258.74, 'Amendis', '2026-04-11 19:56:31', 'DEBIT', 'acc-6d423e80-96d3-4599-b000-92fe37b92544');
INSERT INTO account_operation (id, amount, description, operation_date, type, bank_account_id) VALUES (1993, 1359.85, 'ONEE Electricity', '2026-03-16 19:56:31', 'DEBIT', 'acc-6d423e80-96d3-4599-b000-92fe37b92544');
INSERT INTO account_operation (id, amount, description, operation_date, type, bank_account_id) VALUES (1994, 1010.2, 'ONEE Electricity', '2026-01-29 19:56:31', 'DEBIT', 'acc-6d423e80-96d3-4599-b000-92fe37b92544');
INSERT INTO account_operation (id, amount, description, operation_date, type, bank_account_id) VALUES (1995, 686.05, 'Local Cafe', '2026-05-29 19:56:31', 'DEBIT', 'acc-6d423e80-96d3-4599-b000-92fe37b92544');
INSERT INTO account_operation (id, amount, description, operation_date, type, bank_account_id) VALUES (1996, 295.04, 'Orange', '2026-06-12 19:56:31', 'DEBIT', 'acc-6d423e80-96d3-4599-b000-92fe37b92544');
INSERT INTO account_operation (id, amount, description, operation_date, type, bank_account_id) VALUES (1997, 821.86, 'Spotify', '2026-01-16 19:56:31', 'DEBIT', 'acc-6d423e80-96d3-4599-b000-92fe37b92544');
INSERT INTO account_operation (id, amount, description, operation_date, type, bank_account_id) VALUES (1998, 295.25, 'ONCF Train', '2026-05-09 19:56:31', 'DEBIT', 'acc-6d423e80-96d3-4599-b000-92fe37b92544');
INSERT INTO account_operation (id, amount, description, operation_date, type, bank_account_id) VALUES (1999, 235.34, 'Decathlon', '2026-03-18 19:56:31', 'DEBIT', 'acc-6d423e80-96d3-4599-b000-92fe37b92544');
INSERT INTO account_operation (id, amount, description, operation_date, type, bank_account_id) VALUES (2000, 518.32, 'CTM Bus', '2026-05-24 19:56:31', 'DEBIT', 'acc-6d423e80-96d3-4599-b000-92fe37b92544');
INSERT INTO account_operation (id, amount, description, operation_date, type, bank_account_id) VALUES (2001, 6697.74, 'Salary Deposit', '2026-02-28 19:56:31', 'CREDIT', 'acc-6d423e80-96d3-4599-b000-92fe37b92544');
INSERT INTO account_operation (id, amount, description, operation_date, type, bank_account_id) VALUES (2002, 460.68, 'Redal', '2026-04-12 19:56:31', 'DEBIT', 'acc-6d423e80-96d3-4599-b000-92fe37b92544');
INSERT INTO account_operation (id, amount, description, operation_date, type, bank_account_id) VALUES (2003, 9270.67, 'Transfer Received', '2026-01-15 19:56:31', 'CREDIT', 'acc-6d423e80-96d3-4599-b000-92fe37b92544');
INSERT INTO account_operation (id, amount, description, operation_date, type, bank_account_id) VALUES (2004, 2942.14, 'Salary Deposit', '2026-04-28 19:56:31', 'CREDIT', 'acc-6d423e80-96d3-4599-b000-92fe37b92544');
INSERT INTO account_operation (id, amount, description, operation_date, type, bank_account_id) VALUES (2005, 1784.25, 'Salary Deposit', '2026-01-22 19:56:31', 'CREDIT', 'acc-6d423e80-96d3-4599-b000-92fe37b92544');
INSERT INTO account_operation (id, amount, description, operation_date, type, bank_account_id) VALUES (2006, 4901.2, 'Cash Deposit', '2026-03-29 19:56:31', 'CREDIT', 'acc-6d423e80-96d3-4599-b000-92fe37b92544');
INSERT INTO account_operation (id, amount, description, operation_date, type, bank_account_id) VALUES (2007, 174.73, 'Decathlon', '2026-02-10 19:56:31', 'DEBIT', 'acc-6d423e80-96d3-4599-b000-92fe37b92544');

INSERT INTO customer (id, name, email) VALUES (34, 'Hamza El Idrissi', 'hamza.el idrissi@gmail.com');
INSERT INTO bank_account (id, type, balance, created_at, customer_id, over_draft, interest_rate) VALUES ('acc-e9a84c0a-c944-4fc9-a26e-881329969ad5', 'CURR', 63244.8, '2025-07-13 19:56:31', 34, 3132.71, NULL);
INSERT INTO account_operation (id, amount, description, operation_date, type, bank_account_id) VALUES (2008, 43213.22, 'Initial Account Funding', '2025-07-13 19:56:31', 'CREDIT', 'acc-e9a84c0a-c944-4fc9-a26e-881329969ad5');
INSERT INTO account_operation (id, amount, description, operation_date, type, bank_account_id) VALUES (2009, 3781.24, 'Freelance Payment', '2026-02-26 19:56:31', 'CREDIT', 'acc-e9a84c0a-c944-4fc9-a26e-881329969ad5');
INSERT INTO account_operation (id, amount, description, operation_date, type, bank_account_id) VALUES (2010, 829.04, 'Inwi', '2025-10-31 19:56:31', 'DEBIT', 'acc-e9a84c0a-c944-4fc9-a26e-881329969ad5');
INSERT INTO account_operation (id, amount, description, operation_date, type, bank_account_id) VALUES (2011, 1456.82, 'LC Waikiki', '2025-11-30 19:56:31', 'DEBIT', 'acc-e9a84c0a-c944-4fc9-a26e-881329969ad5');
INSERT INTO account_operation (id, amount, description, operation_date, type, bank_account_id) VALUES (2012, 446.34, 'Inwi', '2025-09-06 19:56:31', 'DEBIT', 'acc-e9a84c0a-c944-4fc9-a26e-881329969ad5');
INSERT INTO account_operation (id, amount, description, operation_date, type, bank_account_id) VALUES (2013, 532.59, 'ONCF Train', '2025-08-12 19:56:31', 'DEBIT', 'acc-e9a84c0a-c944-4fc9-a26e-881329969ad5');
INSERT INTO account_operation (id, amount, description, operation_date, type, bank_account_id) VALUES (2014, 1318.13, 'Netflix Subscription', '2026-06-06 19:56:31', 'DEBIT', 'acc-e9a84c0a-c944-4fc9-a26e-881329969ad5');
INSERT INTO account_operation (id, amount, description, operation_date, type, bank_account_id) VALUES (2015, 949.5, 'Local Cafe', '2025-08-20 19:56:31', 'DEBIT', 'acc-e9a84c0a-c944-4fc9-a26e-881329969ad5');
INSERT INTO account_operation (id, amount, description, operation_date, type, bank_account_id) VALUES (2016, 1067.43, 'Orange', '2026-06-18 19:56:31', 'DEBIT', 'acc-e9a84c0a-c944-4fc9-a26e-881329969ad5');
INSERT INTO account_operation (id, amount, description, operation_date, type, bank_account_id) VALUES (2017, 1760.33, 'Restaurant', '2025-07-30 19:56:31', 'DEBIT', 'acc-e9a84c0a-c944-4fc9-a26e-881329969ad5');
INSERT INTO account_operation (id, amount, description, operation_date, type, bank_account_id) VALUES (2018, 1567.86, 'Redal', '2026-04-15 19:56:31', 'DEBIT', 'acc-e9a84c0a-c944-4fc9-a26e-881329969ad5');
INSERT INTO account_operation (id, amount, description, operation_date, type, bank_account_id) VALUES (2019, 1951.87, 'Inwi', '2026-02-16 19:56:31', 'DEBIT', 'acc-e9a84c0a-c944-4fc9-a26e-881329969ad5');
INSERT INTO account_operation (id, amount, description, operation_date, type, bank_account_id) VALUES (2020, 10139.89, 'Freelance Payment', '2026-05-05 19:56:31', 'CREDIT', 'acc-e9a84c0a-c944-4fc9-a26e-881329969ad5');
INSERT INTO account_operation (id, amount, description, operation_date, type, bank_account_id) VALUES (2021, 1027.68, 'ONCF Train', '2026-04-29 19:56:31', 'DEBIT', 'acc-e9a84c0a-c944-4fc9-a26e-881329969ad5');
INSERT INTO account_operation (id, amount, description, operation_date, type, bank_account_id) VALUES (2022, 1227.6, 'Inwi', '2025-07-26 19:56:31', 'DEBIT', 'acc-e9a84c0a-c944-4fc9-a26e-881329969ad5');
INSERT INTO account_operation (id, amount, description, operation_date, type, bank_account_id) VALUES (2023, 788.95, 'Maroc Telecom', '2026-02-25 19:56:31', 'DEBIT', 'acc-e9a84c0a-c944-4fc9-a26e-881329969ad5');
INSERT INTO account_operation (id, amount, description, operation_date, type, bank_account_id) VALUES (2024, 1036.37, 'Maroc Telecom', '2026-02-25 19:56:31', 'DEBIT', 'acc-e9a84c0a-c944-4fc9-a26e-881329969ad5');
INSERT INTO account_operation (id, amount, description, operation_date, type, bank_account_id) VALUES (2025, 1425.17, 'ONEE Electricity', '2026-06-09 19:56:31', 'DEBIT', 'acc-e9a84c0a-c944-4fc9-a26e-881329969ad5');
INSERT INTO account_operation (id, amount, description, operation_date, type, bank_account_id) VALUES (2026, 1372.64, 'Marjane Supermarket', '2025-08-12 19:56:31', 'DEBIT', 'acc-e9a84c0a-c944-4fc9-a26e-881329969ad5');
INSERT INTO account_operation (id, amount, description, operation_date, type, bank_account_id) VALUES (2027, 258.69, 'BIM Store', '2025-10-21 19:56:31', 'DEBIT', 'acc-e9a84c0a-c944-4fc9-a26e-881329969ad5');
INSERT INTO account_operation (id, amount, description, operation_date, type, bank_account_id) VALUES (2028, 131.29, 'Decathlon', '2026-06-20 19:56:31', 'DEBIT', 'acc-e9a84c0a-c944-4fc9-a26e-881329969ad5');
INSERT INTO account_operation (id, amount, description, operation_date, type, bank_account_id) VALUES (2029, 148.21, 'Spotify', '2026-01-06 19:56:31', 'DEBIT', 'acc-e9a84c0a-c944-4fc9-a26e-881329969ad5');
INSERT INTO account_operation (id, amount, description, operation_date, type, bank_account_id) VALUES (2030, 12632.11, 'Transfer Received', '2025-11-26 19:56:31', 'CREDIT', 'acc-e9a84c0a-c944-4fc9-a26e-881329969ad5');
INSERT INTO account_operation (id, amount, description, operation_date, type, bank_account_id) VALUES (2031, 1026.82, 'ONEE Electricity', '2025-07-18 19:56:31', 'DEBIT', 'acc-e9a84c0a-c944-4fc9-a26e-881329969ad5');
INSERT INTO account_operation (id, amount, description, operation_date, type, bank_account_id) VALUES (2032, 406.23, 'Spotify', '2026-03-04 19:56:31', 'DEBIT', 'acc-e9a84c0a-c944-4fc9-a26e-881329969ad5');
INSERT INTO account_operation (id, amount, description, operation_date, type, bank_account_id) VALUES (2033, 389.65, 'Orange', '2026-03-14 19:56:31', 'DEBIT', 'acc-e9a84c0a-c944-4fc9-a26e-881329969ad5');
INSERT INTO account_operation (id, amount, description, operation_date, type, bank_account_id) VALUES (2034, 1735.58, 'CTM Bus', '2025-11-11 19:56:31', 'DEBIT', 'acc-e9a84c0a-c944-4fc9-a26e-881329969ad5');
INSERT INTO account_operation (id, amount, description, operation_date, type, bank_account_id) VALUES (2035, 14776.09, 'Dividend Payout', '2026-04-03 19:56:31', 'CREDIT', 'acc-e9a84c0a-c944-4fc9-a26e-881329969ad5');
INSERT INTO account_operation (id, amount, description, operation_date, type, bank_account_id) VALUES (2036, 1996.83, 'BIM Store', '2025-08-06 19:56:31', 'DEBIT', 'acc-e9a84c0a-c944-4fc9-a26e-881329969ad5');
INSERT INTO account_operation (id, amount, description, operation_date, type, bank_account_id) VALUES (2037, 1192.06, 'ONEE Electricity', '2025-11-24 19:56:31', 'DEBIT', 'acc-e9a84c0a-c944-4fc9-a26e-881329969ad5');
INSERT INTO account_operation (id, amount, description, operation_date, type, bank_account_id) VALUES (2038, 444.62, 'ONEE Electricity', '2026-04-15 19:56:31', 'DEBIT', 'acc-e9a84c0a-c944-4fc9-a26e-881329969ad5');
INSERT INTO account_operation (id, amount, description, operation_date, type, bank_account_id) VALUES (2039, 396.89, 'CTM Bus', '2025-08-04 19:56:31', 'DEBIT', 'acc-e9a84c0a-c944-4fc9-a26e-881329969ad5');
INSERT INTO account_operation (id, amount, description, operation_date, type, bank_account_id) VALUES (2040, 1742.9, 'Decathlon', '2025-08-10 19:56:31', 'DEBIT', 'acc-e9a84c0a-c944-4fc9-a26e-881329969ad5');
INSERT INTO account_operation (id, amount, description, operation_date, type, bank_account_id) VALUES (2041, 308.98, 'Maroc Telecom', '2026-04-10 19:56:31', 'DEBIT', 'acc-e9a84c0a-c944-4fc9-a26e-881329969ad5');
INSERT INTO account_operation (id, amount, description, operation_date, type, bank_account_id) VALUES (2042, 1923.06, 'Restaurant', '2025-10-21 19:56:31', 'DEBIT', 'acc-e9a84c0a-c944-4fc9-a26e-881329969ad5');
INSERT INTO account_operation (id, amount, description, operation_date, type, bank_account_id) VALUES (2043, 214.66, 'Pharmacy', '2026-04-11 19:56:31', 'DEBIT', 'acc-e9a84c0a-c944-4fc9-a26e-881329969ad5');
INSERT INTO account_operation (id, amount, description, operation_date, type, bank_account_id) VALUES (2044, 10702.81, 'Salary Deposit', '2026-02-06 19:56:31', 'CREDIT', 'acc-e9a84c0a-c944-4fc9-a26e-881329969ad5');
INSERT INTO account_operation (id, amount, description, operation_date, type, bank_account_id) VALUES (2045, 925.77, 'Marjane Supermarket', '2026-06-16 19:56:31', 'DEBIT', 'acc-e9a84c0a-c944-4fc9-a26e-881329969ad5');

INSERT INTO customer (id, name, email) VALUES (35, 'Nadia Lahlou', 'nadia.lahlou@gmail.com');
INSERT INTO bank_account (id, type, balance, created_at, customer_id, over_draft, interest_rate) VALUES ('acc-0ee24dcb-b23c-4d26-a66a-f10068f5fa31', 'CURR', 87671.97, '2025-08-11 19:56:31', 35, 6066.7, NULL);
INSERT INTO account_operation (id, amount, description, operation_date, type, bank_account_id) VALUES (2046, 30166.27, 'Initial Account Funding', '2025-08-11 19:56:31', 'CREDIT', 'acc-0ee24dcb-b23c-4d26-a66a-f10068f5fa31');
INSERT INTO account_operation (id, amount, description, operation_date, type, bank_account_id) VALUES (2047, 627.58, 'Redal', '2025-08-16 19:56:31', 'DEBIT', 'acc-0ee24dcb-b23c-4d26-a66a-f10068f5fa31');
INSERT INTO account_operation (id, amount, description, operation_date, type, bank_account_id) VALUES (2048, 863.06, 'BIM Store', '2026-06-09 19:56:31', 'DEBIT', 'acc-0ee24dcb-b23c-4d26-a66a-f10068f5fa31');
INSERT INTO account_operation (id, amount, description, operation_date, type, bank_account_id) VALUES (2049, 6665.17, 'Salary Deposit', '2025-12-28 19:56:31', 'CREDIT', 'acc-0ee24dcb-b23c-4d26-a66a-f10068f5fa31');
INSERT INTO account_operation (id, amount, description, operation_date, type, bank_account_id) VALUES (2050, 1185.56, 'Decathlon', '2026-03-14 19:56:31', 'DEBIT', 'acc-0ee24dcb-b23c-4d26-a66a-f10068f5fa31');
INSERT INTO account_operation (id, amount, description, operation_date, type, bank_account_id) VALUES (2051, 974.58, 'CTM Bus', '2026-04-30 19:56:31', 'DEBIT', 'acc-0ee24dcb-b23c-4d26-a66a-f10068f5fa31');
INSERT INTO account_operation (id, amount, description, operation_date, type, bank_account_id) VALUES (2052, 761.06, 'Inwi', '2026-01-01 19:56:31', 'DEBIT', 'acc-0ee24dcb-b23c-4d26-a66a-f10068f5fa31');
INSERT INTO account_operation (id, amount, description, operation_date, type, bank_account_id) VALUES (2053, 496.96, 'LC Waikiki', '2026-04-07 19:56:31', 'DEBIT', 'acc-0ee24dcb-b23c-4d26-a66a-f10068f5fa31');
INSERT INTO account_operation (id, amount, description, operation_date, type, bank_account_id) VALUES (2054, 2199.02, 'Cash Deposit', '2025-11-22 19:56:31', 'CREDIT', 'acc-0ee24dcb-b23c-4d26-a66a-f10068f5fa31');
INSERT INTO account_operation (id, amount, description, operation_date, type, bank_account_id) VALUES (2055, 1288.39, 'Maroc Telecom', '2025-09-18 19:56:31', 'DEBIT', 'acc-0ee24dcb-b23c-4d26-a66a-f10068f5fa31');
INSERT INTO account_operation (id, amount, description, operation_date, type, bank_account_id) VALUES (2056, 630.66, 'BIM Store', '2025-09-17 19:56:31', 'DEBIT', 'acc-0ee24dcb-b23c-4d26-a66a-f10068f5fa31');
INSERT INTO account_operation (id, amount, description, operation_date, type, bank_account_id) VALUES (2057, 13566.73, 'Freelance Payment', '2026-02-22 19:56:31', 'CREDIT', 'acc-0ee24dcb-b23c-4d26-a66a-f10068f5fa31');
INSERT INTO account_operation (id, amount, description, operation_date, type, bank_account_id) VALUES (2058, 725.83, 'BIM Store', '2025-08-21 19:56:31', 'DEBIT', 'acc-0ee24dcb-b23c-4d26-a66a-f10068f5fa31');
INSERT INTO account_operation (id, amount, description, operation_date, type, bank_account_id) VALUES (2059, 1349.7, 'Local Cafe', '2026-04-01 19:56:31', 'DEBIT', 'acc-0ee24dcb-b23c-4d26-a66a-f10068f5fa31');
INSERT INTO account_operation (id, amount, description, operation_date, type, bank_account_id) VALUES (2060, 10813.2, 'Salary Deposit', '2025-08-17 19:56:31', 'CREDIT', 'acc-0ee24dcb-b23c-4d26-a66a-f10068f5fa31');
INSERT INTO account_operation (id, amount, description, operation_date, type, bank_account_id) VALUES (2061, 4502.84, 'Freelance Payment', '2025-12-01 19:56:31', 'CREDIT', 'acc-0ee24dcb-b23c-4d26-a66a-f10068f5fa31');
INSERT INTO account_operation (id, amount, description, operation_date, type, bank_account_id) VALUES (2062, 398.09, 'Maroc Telecom', '2025-10-30 19:56:31', 'DEBIT', 'acc-0ee24dcb-b23c-4d26-a66a-f10068f5fa31');
INSERT INTO account_operation (id, amount, description, operation_date, type, bank_account_id) VALUES (2063, 1528.72, 'Amendis', '2026-06-22 19:56:31', 'DEBIT', 'acc-0ee24dcb-b23c-4d26-a66a-f10068f5fa31');
INSERT INTO account_operation (id, amount, description, operation_date, type, bank_account_id) VALUES (2064, 8871.84, 'Salary Deposit', '2026-03-22 19:56:31', 'CREDIT', 'acc-0ee24dcb-b23c-4d26-a66a-f10068f5fa31');
INSERT INTO account_operation (id, amount, description, operation_date, type, bank_account_id) VALUES (2065, 1227.41, 'CTM Bus', '2026-03-02 19:56:31', 'DEBIT', 'acc-0ee24dcb-b23c-4d26-a66a-f10068f5fa31');
INSERT INTO account_operation (id, amount, description, operation_date, type, bank_account_id) VALUES (2066, 3936.04, 'Dividend Payout', '2026-03-22 19:56:31', 'CREDIT', 'acc-0ee24dcb-b23c-4d26-a66a-f10068f5fa31');
INSERT INTO account_operation (id, amount, description, operation_date, type, bank_account_id) VALUES (2067, 1935.09, 'Transfer Received', '2026-02-22 19:56:31', 'CREDIT', 'acc-0ee24dcb-b23c-4d26-a66a-f10068f5fa31');
INSERT INTO account_operation (id, amount, description, operation_date, type, bank_account_id) VALUES (2068, 5363.02, 'Cash Deposit', '2025-11-18 19:56:31', 'CREDIT', 'acc-0ee24dcb-b23c-4d26-a66a-f10068f5fa31');
INSERT INTO account_operation (id, amount, description, operation_date, type, bank_account_id) VALUES (2069, 387.46, 'Carrefour', '2025-10-14 19:56:31', 'DEBIT', 'acc-0ee24dcb-b23c-4d26-a66a-f10068f5fa31');
INSERT INTO account_operation (id, amount, description, operation_date, type, bank_account_id) VALUES (2070, 1339.19, 'Amendis', '2026-03-19 19:56:31', 'DEBIT', 'acc-0ee24dcb-b23c-4d26-a66a-f10068f5fa31');
INSERT INTO account_operation (id, amount, description, operation_date, type, bank_account_id) VALUES (2071, 850.95, 'ONEE Electricity', '2025-11-27 19:56:31', 'DEBIT', 'acc-0ee24dcb-b23c-4d26-a66a-f10068f5fa31');
INSERT INTO account_operation (id, amount, description, operation_date, type, bank_account_id) VALUES (2072, 107.44, 'Netflix Subscription', '2025-11-14 19:56:31', 'DEBIT', 'acc-0ee24dcb-b23c-4d26-a66a-f10068f5fa31');
INSERT INTO account_operation (id, amount, description, operation_date, type, bank_account_id) VALUES (2073, 10384.95, 'Salary Deposit', '2025-11-09 19:56:31', 'CREDIT', 'acc-0ee24dcb-b23c-4d26-a66a-f10068f5fa31');
INSERT INTO account_operation (id, amount, description, operation_date, type, bank_account_id) VALUES (2074, 92.41, 'LC Waikiki', '2026-01-31 19:56:31', 'DEBIT', 'acc-0ee24dcb-b23c-4d26-a66a-f10068f5fa31');
INSERT INTO account_operation (id, amount, description, operation_date, type, bank_account_id) VALUES (2075, 1230.69, 'LC Waikiki', '2026-06-20 19:56:31', 'DEBIT', 'acc-0ee24dcb-b23c-4d26-a66a-f10068f5fa31');
INSERT INTO account_operation (id, amount, description, operation_date, type, bank_account_id) VALUES (2076, 3220.75, 'Freelance Payment', '2025-11-22 19:56:31', 'CREDIT', 'acc-0ee24dcb-b23c-4d26-a66a-f10068f5fa31');
INSERT INTO account_operation (id, amount, description, operation_date, type, bank_account_id) VALUES (2077, 7840.91, 'Freelance Payment', '2025-12-29 19:56:31', 'CREDIT', 'acc-0ee24dcb-b23c-4d26-a66a-f10068f5fa31');
INSERT INTO account_operation (id, amount, description, operation_date, type, bank_account_id) VALUES (2078, 667.15, 'Orange', '2025-08-26 19:56:31', 'DEBIT', 'acc-0ee24dcb-b23c-4d26-a66a-f10068f5fa31');
INSERT INTO account_operation (id, amount, description, operation_date, type, bank_account_id) VALUES (2079, 37.46, 'Amendis', '2025-11-30 19:56:31', 'DEBIT', 'acc-0ee24dcb-b23c-4d26-a66a-f10068f5fa31');
INSERT INTO account_operation (id, amount, description, operation_date, type, bank_account_id) VALUES (2080, 883.67, 'Maroc Telecom', '2026-02-01 19:56:31', 'DEBIT', 'acc-0ee24dcb-b23c-4d26-a66a-f10068f5fa31');
INSERT INTO account_operation (id, amount, description, operation_date, type, bank_account_id) VALUES (2081, 862.4, 'Amendis', '2026-05-18 19:56:31', 'DEBIT', 'acc-0ee24dcb-b23c-4d26-a66a-f10068f5fa31');
INSERT INTO account_operation (id, amount, description, operation_date, type, bank_account_id) VALUES (2082, 2867.63, 'Dividend Payout', '2026-06-21 19:56:31', 'CREDIT', 'acc-0ee24dcb-b23c-4d26-a66a-f10068f5fa31');
INSERT INTO account_operation (id, amount, description, operation_date, type, bank_account_id) VALUES (2083, 281.25, 'CTM Bus', '2026-03-25 19:56:31', 'DEBIT', 'acc-0ee24dcb-b23c-4d26-a66a-f10068f5fa31');
INSERT INTO account_operation (id, amount, description, operation_date, type, bank_account_id) VALUES (2084, 1310.89, 'Orange', '2026-01-01 19:56:31', 'DEBIT', 'acc-0ee24dcb-b23c-4d26-a66a-f10068f5fa31');
INSERT INTO account_operation (id, amount, description, operation_date, type, bank_account_id) VALUES (2085, 1114.4, 'Decathlon', '2025-08-17 19:56:31', 'DEBIT', 'acc-0ee24dcb-b23c-4d26-a66a-f10068f5fa31');
INSERT INTO account_operation (id, amount, description, operation_date, type, bank_account_id) VALUES (2086, 1517.39, 'CTM Bus', '2025-09-19 19:56:31', 'DEBIT', 'acc-0ee24dcb-b23c-4d26-a66a-f10068f5fa31');
INSERT INTO account_operation (id, amount, description, operation_date, type, bank_account_id) VALUES (2087, 1921.14, 'Orange', '2026-01-02 19:56:31', 'DEBIT', 'acc-0ee24dcb-b23c-4d26-a66a-f10068f5fa31');

INSERT INTO customer (id, name, email) VALUES (36, 'Hassan Lahlou', 'hassan.lahlou@gmail.com');
INSERT INTO bank_account (id, type, balance, created_at, customer_id, over_draft, interest_rate) VALUES ('acc-46cee4e9-6c11-401a-adfd-9900c8c59442', 'CURR', 112646.73, '2025-11-13 19:56:31', 36, 9373.23, NULL);
INSERT INTO account_operation (id, amount, description, operation_date, type, bank_account_id) VALUES (2088, 14306.56, 'Initial Account Funding', '2025-11-13 19:56:31', 'CREDIT', 'acc-46cee4e9-6c11-401a-adfd-9900c8c59442');
INSERT INTO account_operation (id, amount, description, operation_date, type, bank_account_id) VALUES (2089, 7705.24, 'Freelance Payment', '2025-12-18 19:56:31', 'CREDIT', 'acc-46cee4e9-6c11-401a-adfd-9900c8c59442');
INSERT INTO account_operation (id, amount, description, operation_date, type, bank_account_id) VALUES (2090, 1996.58, 'LC Waikiki', '2026-04-23 19:56:31', 'DEBIT', 'acc-46cee4e9-6c11-401a-adfd-9900c8c59442');
INSERT INTO account_operation (id, amount, description, operation_date, type, bank_account_id) VALUES (2091, 1908.47, 'Marjane Supermarket', '2026-06-20 19:56:31', 'DEBIT', 'acc-46cee4e9-6c11-401a-adfd-9900c8c59442');
INSERT INTO account_operation (id, amount, description, operation_date, type, bank_account_id) VALUES (2092, 396.65, 'Restaurant', '2026-03-14 19:56:31', 'DEBIT', 'acc-46cee4e9-6c11-401a-adfd-9900c8c59442');
INSERT INTO account_operation (id, amount, description, operation_date, type, bank_account_id) VALUES (2093, 1041.06, 'CTM Bus', '2025-11-19 19:56:31', 'DEBIT', 'acc-46cee4e9-6c11-401a-adfd-9900c8c59442');
INSERT INTO account_operation (id, amount, description, operation_date, type, bank_account_id) VALUES (2094, 1358.84, 'Carrefour', '2026-06-09 19:56:31', 'DEBIT', 'acc-46cee4e9-6c11-401a-adfd-9900c8c59442');
INSERT INTO account_operation (id, amount, description, operation_date, type, bank_account_id) VALUES (2095, 1359.22, 'Cash Deposit', '2026-03-10 19:56:31', 'CREDIT', 'acc-46cee4e9-6c11-401a-adfd-9900c8c59442');
INSERT INTO account_operation (id, amount, description, operation_date, type, bank_account_id) VALUES (2096, 1042.49, 'ONEE Electricity', '2026-03-22 19:56:31', 'DEBIT', 'acc-46cee4e9-6c11-401a-adfd-9900c8c59442');
INSERT INTO account_operation (id, amount, description, operation_date, type, bank_account_id) VALUES (2097, 1809.66, 'Orange', '2026-05-02 19:56:31', 'DEBIT', 'acc-46cee4e9-6c11-401a-adfd-9900c8c59442');
INSERT INTO account_operation (id, amount, description, operation_date, type, bank_account_id) VALUES (2098, 7013.1, 'Dividend Payout', '2025-12-01 19:56:31', 'CREDIT', 'acc-46cee4e9-6c11-401a-adfd-9900c8c59442');
INSERT INTO account_operation (id, amount, description, operation_date, type, bank_account_id) VALUES (2099, 573.46, 'Pharmacy', '2026-05-20 19:56:31', 'DEBIT', 'acc-46cee4e9-6c11-401a-adfd-9900c8c59442');
INSERT INTO account_operation (id, amount, description, operation_date, type, bank_account_id) VALUES (2100, 1492.88, 'Redal', '2025-12-07 19:56:31', 'DEBIT', 'acc-46cee4e9-6c11-401a-adfd-9900c8c59442');
INSERT INTO account_operation (id, amount, description, operation_date, type, bank_account_id) VALUES (2101, 11475.48, 'Freelance Payment', '2025-11-21 19:56:31', 'CREDIT', 'acc-46cee4e9-6c11-401a-adfd-9900c8c59442');
INSERT INTO account_operation (id, amount, description, operation_date, type, bank_account_id) VALUES (2102, 11400.4, 'Transfer Received', '2026-01-10 19:56:31', 'CREDIT', 'acc-46cee4e9-6c11-401a-adfd-9900c8c59442');
INSERT INTO account_operation (id, amount, description, operation_date, type, bank_account_id) VALUES (2103, 11566.76, 'Freelance Payment', '2026-02-09 19:56:31', 'CREDIT', 'acc-46cee4e9-6c11-401a-adfd-9900c8c59442');
INSERT INTO account_operation (id, amount, description, operation_date, type, bank_account_id) VALUES (2104, 12665.98, 'Dividend Payout', '2026-01-22 19:56:31', 'CREDIT', 'acc-46cee4e9-6c11-401a-adfd-9900c8c59442');
INSERT INTO account_operation (id, amount, description, operation_date, type, bank_account_id) VALUES (2105, 2302.08, 'Salary Deposit', '2026-02-20 19:56:31', 'CREDIT', 'acc-46cee4e9-6c11-401a-adfd-9900c8c59442');
INSERT INTO account_operation (id, amount, description, operation_date, type, bank_account_id) VALUES (2106, 6137.42, 'Dividend Payout', '2026-05-17 19:56:31', 'CREDIT', 'acc-46cee4e9-6c11-401a-adfd-9900c8c59442');
INSERT INTO account_operation (id, amount, description, operation_date, type, bank_account_id) VALUES (2107, 366.12, 'Amendis', '2026-02-01 19:56:31', 'DEBIT', 'acc-46cee4e9-6c11-401a-adfd-9900c8c59442');
INSERT INTO account_operation (id, amount, description, operation_date, type, bank_account_id) VALUES (2108, 1487.92, 'Pharmacy', '2025-12-14 19:56:31', 'DEBIT', 'acc-46cee4e9-6c11-401a-adfd-9900c8c59442');
INSERT INTO account_operation (id, amount, description, operation_date, type, bank_account_id) VALUES (2109, 11566.89, 'Cash Deposit', '2026-04-04 19:56:31', 'CREDIT', 'acc-46cee4e9-6c11-401a-adfd-9900c8c59442');
INSERT INTO account_operation (id, amount, description, operation_date, type, bank_account_id) VALUES (2110, 1617.94, 'ONEE Electricity', '2026-06-21 19:56:31', 'DEBIT', 'acc-46cee4e9-6c11-401a-adfd-9900c8c59442');
INSERT INTO account_operation (id, amount, description, operation_date, type, bank_account_id) VALUES (2111, 1685.79, 'Amendis', '2026-05-27 19:56:31', 'DEBIT', 'acc-46cee4e9-6c11-401a-adfd-9900c8c59442');
INSERT INTO account_operation (id, amount, description, operation_date, type, bank_account_id) VALUES (2112, 293.45, 'Zara', '2026-04-04 19:56:31', 'DEBIT', 'acc-46cee4e9-6c11-401a-adfd-9900c8c59442');
INSERT INTO account_operation (id, amount, description, operation_date, type, bank_account_id) VALUES (2113, 14739.78, 'Freelance Payment', '2025-12-18 19:56:31', 'CREDIT', 'acc-46cee4e9-6c11-401a-adfd-9900c8c59442');
INSERT INTO account_operation (id, amount, description, operation_date, type, bank_account_id) VALUES (2114, 1617.71, 'Netflix Subscription', '2025-12-15 19:56:31', 'DEBIT', 'acc-46cee4e9-6c11-401a-adfd-9900c8c59442');
INSERT INTO account_operation (id, amount, description, operation_date, type, bank_account_id) VALUES (2115, 8122.46, 'Cash Deposit', '2026-06-24 19:56:31', 'CREDIT', 'acc-46cee4e9-6c11-401a-adfd-9900c8c59442');
INSERT INTO account_operation (id, amount, description, operation_date, type, bank_account_id) VALUES (2116, 799.19, 'Pharmacy', '2026-04-15 19:56:31', 'DEBIT', 'acc-46cee4e9-6c11-401a-adfd-9900c8c59442');
INSERT INTO account_operation (id, amount, description, operation_date, type, bank_account_id) VALUES (2117, 792.05, 'Inwi', '2026-03-12 19:56:31', 'DEBIT', 'acc-46cee4e9-6c11-401a-adfd-9900c8c59442');
INSERT INTO account_operation (id, amount, description, operation_date, type, bank_account_id) VALUES (2118, 9385.64, 'Transfer Received', '2025-12-04 19:56:31', 'CREDIT', 'acc-46cee4e9-6c11-401a-adfd-9900c8c59442');
INSERT INTO account_operation (id, amount, description, operation_date, type, bank_account_id) VALUES (2119, 1878.21, 'Amendis', '2026-01-12 19:56:31', 'DEBIT', 'acc-46cee4e9-6c11-401a-adfd-9900c8c59442');
INSERT INTO account_operation (id, amount, description, operation_date, type, bank_account_id) VALUES (2120, 1410.7, 'Cash Deposit', '2026-06-06 19:56:31', 'CREDIT', 'acc-46cee4e9-6c11-401a-adfd-9900c8c59442');
INSERT INTO account_operation (id, amount, description, operation_date, type, bank_account_id) VALUES (2121, 56.13, 'Maroc Telecom', '2026-03-02 19:56:31', 'DEBIT', 'acc-46cee4e9-6c11-401a-adfd-9900c8c59442');
INSERT INTO account_operation (id, amount, description, operation_date, type, bank_account_id) VALUES (2122, 1691.98, 'Maroc Telecom', '2026-01-23 19:56:31', 'DEBIT', 'acc-46cee4e9-6c11-401a-adfd-9900c8c59442');
INSERT INTO account_operation (id, amount, description, operation_date, type, bank_account_id) VALUES (2123, 1347.66, 'Inwi', '2025-11-28 19:56:31', 'DEBIT', 'acc-46cee4e9-6c11-401a-adfd-9900c8c59442');
INSERT INTO account_operation (id, amount, description, operation_date, type, bank_account_id) VALUES (2124, 1460.02, 'Cash Deposit', '2026-01-28 19:56:31', 'CREDIT', 'acc-46cee4e9-6c11-401a-adfd-9900c8c59442');
INSERT INTO account_operation (id, amount, description, operation_date, type, bank_account_id) VALUES (2125, 5283.24, 'Salary Deposit', '2025-12-26 19:56:31', 'CREDIT', 'acc-46cee4e9-6c11-401a-adfd-9900c8c59442');
INSERT INTO bank_account (id, type, balance, created_at, customer_id, over_draft, interest_rate) VALUES ('acc-3d593286-0386-43ff-85e6-06a55ad0d411', 'SAVE', 31346.75, '2026-03-13 19:56:31', 36, NULL, 3.91);
INSERT INTO account_operation (id, amount, description, operation_date, type, bank_account_id) VALUES (2126, 21075.55, 'Initial Account Funding', '2026-03-13 19:56:31', 'CREDIT', 'acc-3d593286-0386-43ff-85e6-06a55ad0d411');
INSERT INTO account_operation (id, amount, description, operation_date, type, bank_account_id) VALUES (2127, 7214.54, 'Transfer Received', '2026-06-21 19:56:31', 'CREDIT', 'acc-3d593286-0386-43ff-85e6-06a55ad0d411');
INSERT INTO account_operation (id, amount, description, operation_date, type, bank_account_id) VALUES (2128, 9966.9, 'Cash Deposit', '2026-03-16 19:56:31', 'CREDIT', 'acc-3d593286-0386-43ff-85e6-06a55ad0d411');
INSERT INTO account_operation (id, amount, description, operation_date, type, bank_account_id) VALUES (2129, 78.03, 'Marjane Supermarket', '2026-03-13 19:56:31', 'DEBIT', 'acc-3d593286-0386-43ff-85e6-06a55ad0d411');
INSERT INTO account_operation (id, amount, description, operation_date, type, bank_account_id) VALUES (2130, 1015.72, 'Inwi', '2026-05-27 19:56:31', 'DEBIT', 'acc-3d593286-0386-43ff-85e6-06a55ad0d411');
INSERT INTO account_operation (id, amount, description, operation_date, type, bank_account_id) VALUES (2131, 1700.68, 'Spotify', '2026-05-07 19:56:31', 'DEBIT', 'acc-3d593286-0386-43ff-85e6-06a55ad0d411');
INSERT INTO account_operation (id, amount, description, operation_date, type, bank_account_id) VALUES (2132, 5807.87, 'Salary Deposit', '2026-05-23 19:56:31', 'CREDIT', 'acc-3d593286-0386-43ff-85e6-06a55ad0d411');
INSERT INTO account_operation (id, amount, description, operation_date, type, bank_account_id) VALUES (2133, 828.86, 'Inwi', '2026-04-19 19:56:31', 'DEBIT', 'acc-3d593286-0386-43ff-85e6-06a55ad0d411');
INSERT INTO account_operation (id, amount, description, operation_date, type, bank_account_id) VALUES (2134, 748.79, 'Marjane Supermarket', '2026-04-14 19:56:31', 'DEBIT', 'acc-3d593286-0386-43ff-85e6-06a55ad0d411');
INSERT INTO account_operation (id, amount, description, operation_date, type, bank_account_id) VALUES (2135, 1625.01, 'ONCF Train', '2026-04-27 19:56:31', 'DEBIT', 'acc-3d593286-0386-43ff-85e6-06a55ad0d411');
INSERT INTO account_operation (id, amount, description, operation_date, type, bank_account_id) VALUES (2136, 909.57, 'Marjane Supermarket', '2026-05-28 19:56:31', 'DEBIT', 'acc-3d593286-0386-43ff-85e6-06a55ad0d411');
INSERT INTO account_operation (id, amount, description, operation_date, type, bank_account_id) VALUES (2137, 517.75, 'Restaurant', '2026-05-08 19:56:31', 'DEBIT', 'acc-3d593286-0386-43ff-85e6-06a55ad0d411');
INSERT INTO account_operation (id, amount, description, operation_date, type, bank_account_id) VALUES (2138, 1006.36, 'Redal', '2026-05-17 19:56:31', 'DEBIT', 'acc-3d593286-0386-43ff-85e6-06a55ad0d411');
INSERT INTO account_operation (id, amount, description, operation_date, type, bank_account_id) VALUES (2139, 889.5, 'Carrefour', '2026-06-18 19:56:31', 'DEBIT', 'acc-3d593286-0386-43ff-85e6-06a55ad0d411');
INSERT INTO account_operation (id, amount, description, operation_date, type, bank_account_id) VALUES (2140, 1754.73, 'Maroc Telecom', '2026-05-30 19:56:31', 'DEBIT', 'acc-3d593286-0386-43ff-85e6-06a55ad0d411');
INSERT INTO account_operation (id, amount, description, operation_date, type, bank_account_id) VALUES (2141, 516.55, 'Netflix Subscription', '2026-04-29 19:56:31', 'DEBIT', 'acc-3d593286-0386-43ff-85e6-06a55ad0d411');
INSERT INTO account_operation (id, amount, description, operation_date, type, bank_account_id) VALUES (2142, 1126.56, 'CTM Bus', '2026-05-03 19:56:31', 'DEBIT', 'acc-3d593286-0386-43ff-85e6-06a55ad0d411');
INSERT INTO bank_account (id, type, balance, created_at, customer_id, over_draft, interest_rate) VALUES ('acc-40f9aa06-1ff5-4ec6-ade8-185957816c55', 'SAVE', 50192.29, '2025-08-16 19:56:31', 36, NULL, 2.46);
INSERT INTO account_operation (id, amount, description, operation_date, type, bank_account_id) VALUES (2143, 11290.38, 'Initial Account Funding', '2025-08-16 19:56:31', 'CREDIT', 'acc-40f9aa06-1ff5-4ec6-ade8-185957816c55');
INSERT INTO account_operation (id, amount, description, operation_date, type, bank_account_id) VALUES (2144, 3619.96, 'Salary Deposit', '2026-06-19 19:56:31', 'CREDIT', 'acc-40f9aa06-1ff5-4ec6-ade8-185957816c55');
INSERT INTO account_operation (id, amount, description, operation_date, type, bank_account_id) VALUES (2145, 792.41, 'ONCF Train', '2026-01-10 19:56:31', 'DEBIT', 'acc-40f9aa06-1ff5-4ec6-ade8-185957816c55');
INSERT INTO account_operation (id, amount, description, operation_date, type, bank_account_id) VALUES (2146, 4757.53, 'Transfer Received', '2026-01-09 19:56:31', 'CREDIT', 'acc-40f9aa06-1ff5-4ec6-ade8-185957816c55');
INSERT INTO account_operation (id, amount, description, operation_date, type, bank_account_id) VALUES (2147, 4961.8, 'Cash Deposit', '2026-04-01 19:56:31', 'CREDIT', 'acc-40f9aa06-1ff5-4ec6-ade8-185957816c55');
INSERT INTO account_operation (id, amount, description, operation_date, type, bank_account_id) VALUES (2148, 1051.23, 'Decathlon', '2026-03-26 19:56:31', 'DEBIT', 'acc-40f9aa06-1ff5-4ec6-ade8-185957816c55');
INSERT INTO account_operation (id, amount, description, operation_date, type, bank_account_id) VALUES (2149, 98.34, 'CTM Bus', '2026-01-21 19:56:31', 'DEBIT', 'acc-40f9aa06-1ff5-4ec6-ade8-185957816c55');
INSERT INTO account_operation (id, amount, description, operation_date, type, bank_account_id) VALUES (2150, 14354.33, 'Transfer Received', '2026-01-04 19:56:31', 'CREDIT', 'acc-40f9aa06-1ff5-4ec6-ade8-185957816c55');
INSERT INTO account_operation (id, amount, description, operation_date, type, bank_account_id) VALUES (2151, 1573.84, 'Pharmacy', '2026-06-26 19:56:31', 'DEBIT', 'acc-40f9aa06-1ff5-4ec6-ade8-185957816c55');
INSERT INTO account_operation (id, amount, description, operation_date, type, bank_account_id) VALUES (2152, 979.31, 'Local Cafe', '2025-10-25 19:56:31', 'DEBIT', 'acc-40f9aa06-1ff5-4ec6-ade8-185957816c55');
INSERT INTO account_operation (id, amount, description, operation_date, type, bank_account_id) VALUES (2153, 1017.05, 'Zara', '2026-06-22 19:56:31', 'DEBIT', 'acc-40f9aa06-1ff5-4ec6-ade8-185957816c55');
INSERT INTO account_operation (id, amount, description, operation_date, type, bank_account_id) VALUES (2154, 1314.84, 'BIM Store', '2025-09-30 19:56:31', 'DEBIT', 'acc-40f9aa06-1ff5-4ec6-ade8-185957816c55');
INSERT INTO account_operation (id, amount, description, operation_date, type, bank_account_id) VALUES (2155, 1715.14, 'Local Cafe', '2026-03-07 19:56:31', 'DEBIT', 'acc-40f9aa06-1ff5-4ec6-ade8-185957816c55');
INSERT INTO account_operation (id, amount, description, operation_date, type, bank_account_id) VALUES (2156, 1159.79, 'Marjane Supermarket', '2026-05-19 19:56:31', 'DEBIT', 'acc-40f9aa06-1ff5-4ec6-ade8-185957816c55');
INSERT INTO account_operation (id, amount, description, operation_date, type, bank_account_id) VALUES (2157, 44.31, 'Local Cafe', '2026-05-20 19:56:31', 'DEBIT', 'acc-40f9aa06-1ff5-4ec6-ade8-185957816c55');
INSERT INTO account_operation (id, amount, description, operation_date, type, bank_account_id) VALUES (2158, 1691.78, 'ONCF Train', '2025-10-09 19:56:31', 'DEBIT', 'acc-40f9aa06-1ff5-4ec6-ade8-185957816c55');
INSERT INTO account_operation (id, amount, description, operation_date, type, bank_account_id) VALUES (2159, 6016.49, 'Dividend Payout', '2026-03-24 19:56:31', 'CREDIT', 'acc-40f9aa06-1ff5-4ec6-ade8-185957816c55');
INSERT INTO account_operation (id, amount, description, operation_date, type, bank_account_id) VALUES (2160, 1057.96, 'Inwi', '2026-06-11 19:56:31', 'DEBIT', 'acc-40f9aa06-1ff5-4ec6-ade8-185957816c55');
INSERT INTO account_operation (id, amount, description, operation_date, type, bank_account_id) VALUES (2161, 1723.02, 'Restaurant', '2026-03-19 19:56:31', 'DEBIT', 'acc-40f9aa06-1ff5-4ec6-ade8-185957816c55');
INSERT INTO account_operation (id, amount, description, operation_date, type, bank_account_id) VALUES (2162, 6358.54, 'Cash Deposit', '2025-12-20 19:56:31', 'CREDIT', 'acc-40f9aa06-1ff5-4ec6-ade8-185957816c55');
INSERT INTO account_operation (id, amount, description, operation_date, type, bank_account_id) VALUES (2163, 936.94, 'Inwi', '2026-06-27 19:56:31', 'DEBIT', 'acc-40f9aa06-1ff5-4ec6-ade8-185957816c55');
INSERT INTO account_operation (id, amount, description, operation_date, type, bank_account_id) VALUES (2164, 6398.69, 'Cash Deposit', '2026-05-02 19:56:31', 'CREDIT', 'acc-40f9aa06-1ff5-4ec6-ade8-185957816c55');
INSERT INTO account_operation (id, amount, description, operation_date, type, bank_account_id) VALUES (2165, 8924.61, 'Transfer Received', '2025-09-28 19:56:31', 'CREDIT', 'acc-40f9aa06-1ff5-4ec6-ade8-185957816c55');
INSERT INTO account_operation (id, amount, description, operation_date, type, bank_account_id) VALUES (2166, 1334.08, 'Carrefour', '2026-05-23 19:56:31', 'DEBIT', 'acc-40f9aa06-1ff5-4ec6-ade8-185957816c55');

INSERT INTO customer (id, name, email) VALUES (37, 'Yassine Mansouri', 'yassine.mansouri@gmail.com');
INSERT INTO bank_account (id, type, balance, created_at, customer_id, over_draft, interest_rate) VALUES ('acc-3c5bcb18-6418-41b2-a46a-6aa3ce61798f', 'CURR', 124365.74, '2026-04-16 19:56:31', 37, 7663.85, NULL);
INSERT INTO account_operation (id, amount, description, operation_date, type, bank_account_id) VALUES (2167, 45011.69, 'Initial Account Funding', '2026-04-16 19:56:31', 'CREDIT', 'acc-3c5bcb18-6418-41b2-a46a-6aa3ce61798f');
INSERT INTO account_operation (id, amount, description, operation_date, type, bank_account_id) VALUES (2168, 1990.36, 'Carrefour', '2026-04-23 19:56:31', 'DEBIT', 'acc-3c5bcb18-6418-41b2-a46a-6aa3ce61798f');
INSERT INTO account_operation (id, amount, description, operation_date, type, bank_account_id) VALUES (2169, 7009.49, 'Freelance Payment', '2026-06-20 19:56:31', 'CREDIT', 'acc-3c5bcb18-6418-41b2-a46a-6aa3ce61798f');
INSERT INTO account_operation (id, amount, description, operation_date, type, bank_account_id) VALUES (2170, 8475.56, 'Dividend Payout', '2026-04-24 19:56:31', 'CREDIT', 'acc-3c5bcb18-6418-41b2-a46a-6aa3ce61798f');
INSERT INTO account_operation (id, amount, description, operation_date, type, bank_account_id) VALUES (2171, 528.24, 'Spotify', '2026-06-29 19:56:31', 'DEBIT', 'acc-3c5bcb18-6418-41b2-a46a-6aa3ce61798f');
INSERT INTO account_operation (id, amount, description, operation_date, type, bank_account_id) VALUES (2172, 1643.39, 'Amendis', '2026-06-23 19:56:31', 'DEBIT', 'acc-3c5bcb18-6418-41b2-a46a-6aa3ce61798f');
INSERT INTO account_operation (id, amount, description, operation_date, type, bank_account_id) VALUES (2173, 1993.48, 'Pharmacy', '2026-04-23 19:56:31', 'DEBIT', 'acc-3c5bcb18-6418-41b2-a46a-6aa3ce61798f');
INSERT INTO account_operation (id, amount, description, operation_date, type, bank_account_id) VALUES (2174, 5909.61, 'Salary Deposit', '2026-06-08 19:56:31', 'CREDIT', 'acc-3c5bcb18-6418-41b2-a46a-6aa3ce61798f');
INSERT INTO account_operation (id, amount, description, operation_date, type, bank_account_id) VALUES (2175, 1945.02, 'BIM Store', '2026-06-19 19:56:31', 'DEBIT', 'acc-3c5bcb18-6418-41b2-a46a-6aa3ce61798f');
INSERT INTO account_operation (id, amount, description, operation_date, type, bank_account_id) VALUES (2176, 4788.14, 'Salary Deposit', '2026-06-26 19:56:31', 'CREDIT', 'acc-3c5bcb18-6418-41b2-a46a-6aa3ce61798f');
INSERT INTO account_operation (id, amount, description, operation_date, type, bank_account_id) VALUES (2177, 14424.35, 'Freelance Payment', '2026-04-16 19:56:31', 'CREDIT', 'acc-3c5bcb18-6418-41b2-a46a-6aa3ce61798f');
INSERT INTO account_operation (id, amount, description, operation_date, type, bank_account_id) VALUES (2178, 926.58, 'Marjane Supermarket', '2026-06-18 19:56:31', 'DEBIT', 'acc-3c5bcb18-6418-41b2-a46a-6aa3ce61798f');
INSERT INTO account_operation (id, amount, description, operation_date, type, bank_account_id) VALUES (2179, 1656.4, 'Local Cafe', '2026-06-16 19:56:31', 'DEBIT', 'acc-3c5bcb18-6418-41b2-a46a-6aa3ce61798f');
INSERT INTO account_operation (id, amount, description, operation_date, type, bank_account_id) VALUES (2180, 1561.4, 'Dividend Payout', '2026-05-14 19:56:31', 'CREDIT', 'acc-3c5bcb18-6418-41b2-a46a-6aa3ce61798f');
INSERT INTO account_operation (id, amount, description, operation_date, type, bank_account_id) VALUES (2181, 10241.44, 'Cash Deposit', '2026-04-20 19:56:31', 'CREDIT', 'acc-3c5bcb18-6418-41b2-a46a-6aa3ce61798f');
INSERT INTO account_operation (id, amount, description, operation_date, type, bank_account_id) VALUES (2182, 13504.46, 'Transfer Received', '2026-05-03 19:56:31', 'CREDIT', 'acc-3c5bcb18-6418-41b2-a46a-6aa3ce61798f');
INSERT INTO account_operation (id, amount, description, operation_date, type, bank_account_id) VALUES (2183, 1502.91, 'Orange', '2026-05-15 19:56:31', 'DEBIT', 'acc-3c5bcb18-6418-41b2-a46a-6aa3ce61798f');
INSERT INTO account_operation (id, amount, description, operation_date, type, bank_account_id) VALUES (2184, 162.93, 'Netflix Subscription', '2026-05-14 19:56:31', 'DEBIT', 'acc-3c5bcb18-6418-41b2-a46a-6aa3ce61798f');
INSERT INTO account_operation (id, amount, description, operation_date, type, bank_account_id) VALUES (2185, 1613.5, 'Carrefour', '2026-05-21 19:56:31', 'DEBIT', 'acc-3c5bcb18-6418-41b2-a46a-6aa3ce61798f');
INSERT INTO account_operation (id, amount, description, operation_date, type, bank_account_id) VALUES (2186, 312.02, 'Amendis', '2026-06-14 19:56:31', 'DEBIT', 'acc-3c5bcb18-6418-41b2-a46a-6aa3ce61798f');
INSERT INTO account_operation (id, amount, description, operation_date, type, bank_account_id) VALUES (2187, 1105.49, 'LC Waikiki', '2026-04-18 19:56:31', 'DEBIT', 'acc-3c5bcb18-6418-41b2-a46a-6aa3ce61798f');
INSERT INTO account_operation (id, amount, description, operation_date, type, bank_account_id) VALUES (2188, 293.8, 'ONEE Electricity', '2026-06-12 19:56:31', 'DEBIT', 'acc-3c5bcb18-6418-41b2-a46a-6aa3ce61798f');
INSERT INTO account_operation (id, amount, description, operation_date, type, bank_account_id) VALUES (2189, 12015.67, 'Transfer Received', '2026-06-01 19:56:31', 'CREDIT', 'acc-3c5bcb18-6418-41b2-a46a-6aa3ce61798f');
INSERT INTO account_operation (id, amount, description, operation_date, type, bank_account_id) VALUES (2190, 592.72, 'Amendis', '2026-05-06 19:56:31', 'DEBIT', 'acc-3c5bcb18-6418-41b2-a46a-6aa3ce61798f');
INSERT INTO account_operation (id, amount, description, operation_date, type, bank_account_id) VALUES (2191, 5148.36, 'Transfer Received', '2026-06-01 19:56:31', 'CREDIT', 'acc-3c5bcb18-6418-41b2-a46a-6aa3ce61798f');
INSERT INTO account_operation (id, amount, description, operation_date, type, bank_account_id) VALUES (2192, 13013.16, 'Cash Deposit', '2026-05-05 19:56:31', 'CREDIT', 'acc-3c5bcb18-6418-41b2-a46a-6aa3ce61798f');
INSERT INTO account_operation (id, amount, description, operation_date, type, bank_account_id) VALUES (2193, 141.15, 'Maroc Telecom', '2026-06-13 19:56:31', 'DEBIT', 'acc-3c5bcb18-6418-41b2-a46a-6aa3ce61798f');
INSERT INTO account_operation (id, amount, description, operation_date, type, bank_account_id) VALUES (2194, 329.6, 'Restaurant', '2026-06-26 19:56:31', 'DEBIT', 'acc-3c5bcb18-6418-41b2-a46a-6aa3ce61798f');
INSERT INTO bank_account (id, type, balance, created_at, customer_id, over_draft, interest_rate) VALUES ('acc-1922bb09-a8d4-4a41-8983-e60dbfb542fc', 'SAVE', 84058.27, '2026-04-01 19:56:31', 37, NULL, 3.27);
INSERT INTO account_operation (id, amount, description, operation_date, type, bank_account_id) VALUES (2195, 44137.82, 'Initial Account Funding', '2026-04-01 19:56:31', 'CREDIT', 'acc-1922bb09-a8d4-4a41-8983-e60dbfb542fc');
INSERT INTO account_operation (id, amount, description, operation_date, type, bank_account_id) VALUES (2196, 862.01, 'Decathlon', '2026-04-16 19:56:31', 'DEBIT', 'acc-1922bb09-a8d4-4a41-8983-e60dbfb542fc');
INSERT INTO account_operation (id, amount, description, operation_date, type, bank_account_id) VALUES (2197, 1740.7, 'Marjane Supermarket', '2026-06-05 19:56:31', 'DEBIT', 'acc-1922bb09-a8d4-4a41-8983-e60dbfb542fc');
INSERT INTO account_operation (id, amount, description, operation_date, type, bank_account_id) VALUES (2198, 606.76, 'Decathlon', '2026-04-18 19:56:31', 'DEBIT', 'acc-1922bb09-a8d4-4a41-8983-e60dbfb542fc');
INSERT INTO account_operation (id, amount, description, operation_date, type, bank_account_id) VALUES (2199, 1197.6, 'Amendis', '2026-05-23 19:56:31', 'DEBIT', 'acc-1922bb09-a8d4-4a41-8983-e60dbfb542fc');
INSERT INTO account_operation (id, amount, description, operation_date, type, bank_account_id) VALUES (2200, 13774.35, 'Freelance Payment', '2026-05-08 19:56:31', 'CREDIT', 'acc-1922bb09-a8d4-4a41-8983-e60dbfb542fc');
INSERT INTO account_operation (id, amount, description, operation_date, type, bank_account_id) VALUES (2201, 1316.99, 'CTM Bus', '2026-05-07 19:56:31', 'DEBIT', 'acc-1922bb09-a8d4-4a41-8983-e60dbfb542fc');
INSERT INTO account_operation (id, amount, description, operation_date, type, bank_account_id) VALUES (2202, 149.66, 'Zara', '2026-06-10 19:56:31', 'DEBIT', 'acc-1922bb09-a8d4-4a41-8983-e60dbfb542fc');
INSERT INTO account_operation (id, amount, description, operation_date, type, bank_account_id) VALUES (2203, 1338.76, 'ONEE Electricity', '2026-06-08 19:56:31', 'DEBIT', 'acc-1922bb09-a8d4-4a41-8983-e60dbfb542fc');
INSERT INTO account_operation (id, amount, description, operation_date, type, bank_account_id) VALUES (2204, 13457.53, 'Salary Deposit', '2026-06-23 19:56:31', 'CREDIT', 'acc-1922bb09-a8d4-4a41-8983-e60dbfb542fc');
INSERT INTO account_operation (id, amount, description, operation_date, type, bank_account_id) VALUES (2205, 1864.25, 'Decathlon', '2026-04-19 19:56:31', 'DEBIT', 'acc-1922bb09-a8d4-4a41-8983-e60dbfb542fc');
INSERT INTO account_operation (id, amount, description, operation_date, type, bank_account_id) VALUES (2206, 91.11, 'Local Cafe', '2026-06-14 19:56:31', 'DEBIT', 'acc-1922bb09-a8d4-4a41-8983-e60dbfb542fc');
INSERT INTO account_operation (id, amount, description, operation_date, type, bank_account_id) VALUES (2207, 655.68, 'Redal', '2026-04-03 19:56:31', 'DEBIT', 'acc-1922bb09-a8d4-4a41-8983-e60dbfb542fc');
INSERT INTO account_operation (id, amount, description, operation_date, type, bank_account_id) VALUES (2208, 1802.99, 'CTM Bus', '2026-05-10 19:56:31', 'DEBIT', 'acc-1922bb09-a8d4-4a41-8983-e60dbfb542fc');
INSERT INTO account_operation (id, amount, description, operation_date, type, bank_account_id) VALUES (2209, 3614.25, 'Cash Deposit', '2026-06-17 19:56:31', 'CREDIT', 'acc-1922bb09-a8d4-4a41-8983-e60dbfb542fc');
INSERT INTO account_operation (id, amount, description, operation_date, type, bank_account_id) VALUES (2210, 1592.86, 'Netflix Subscription', '2026-04-06 19:56:31', 'DEBIT', 'acc-1922bb09-a8d4-4a41-8983-e60dbfb542fc');
INSERT INTO account_operation (id, amount, description, operation_date, type, bank_account_id) VALUES (2211, 1672.6, 'ONEE Electricity', '2026-04-05 19:56:31', 'DEBIT', 'acc-1922bb09-a8d4-4a41-8983-e60dbfb542fc');
INSERT INTO account_operation (id, amount, description, operation_date, type, bank_account_id) VALUES (2212, 94.39, 'Orange', '2026-04-12 19:56:31', 'DEBIT', 'acc-1922bb09-a8d4-4a41-8983-e60dbfb542fc');
INSERT INTO account_operation (id, amount, description, operation_date, type, bank_account_id) VALUES (2213, 940.88, 'Maroc Telecom', '2026-05-24 19:56:31', 'DEBIT', 'acc-1922bb09-a8d4-4a41-8983-e60dbfb542fc');
INSERT INTO account_operation (id, amount, description, operation_date, type, bank_account_id) VALUES (2214, 1118.12, 'LC Waikiki', '2026-05-08 19:56:31', 'DEBIT', 'acc-1922bb09-a8d4-4a41-8983-e60dbfb542fc');
INSERT INTO account_operation (id, amount, description, operation_date, type, bank_account_id) VALUES (2215, 1306.41, 'LC Waikiki', '2026-04-17 19:56:31', 'DEBIT', 'acc-1922bb09-a8d4-4a41-8983-e60dbfb542fc');
INSERT INTO account_operation (id, amount, description, operation_date, type, bank_account_id) VALUES (2216, 9072.9, 'Cash Deposit', '2026-05-17 19:56:31', 'CREDIT', 'acc-1922bb09-a8d4-4a41-8983-e60dbfb542fc');
INSERT INTO account_operation (id, amount, description, operation_date, type, bank_account_id) VALUES (2217, 52.0, 'LC Waikiki', '2026-06-09 19:56:31', 'DEBIT', 'acc-1922bb09-a8d4-4a41-8983-e60dbfb542fc');
INSERT INTO account_operation (id, amount, description, operation_date, type, bank_account_id) VALUES (2218, 993.52, 'ONCF Train', '2026-04-03 19:56:31', 'DEBIT', 'acc-1922bb09-a8d4-4a41-8983-e60dbfb542fc');
INSERT INTO account_operation (id, amount, description, operation_date, type, bank_account_id) VALUES (2219, 2459.78, 'Transfer Received', '2026-06-28 19:56:31', 'CREDIT', 'acc-1922bb09-a8d4-4a41-8983-e60dbfb542fc');
INSERT INTO account_operation (id, amount, description, operation_date, type, bank_account_id) VALUES (2220, 10167.18, 'Dividend Payout', '2026-05-06 19:56:31', 'CREDIT', 'acc-1922bb09-a8d4-4a41-8983-e60dbfb542fc');
INSERT INTO account_operation (id, amount, description, operation_date, type, bank_account_id) VALUES (2221, 20.94, 'LC Waikiki', '2026-04-07 19:56:31', 'DEBIT', 'acc-1922bb09-a8d4-4a41-8983-e60dbfb542fc');
INSERT INTO account_operation (id, amount, description, operation_date, type, bank_account_id) VALUES (2222, 863.77, 'Orange', '2026-04-23 19:56:31', 'DEBIT', 'acc-1922bb09-a8d4-4a41-8983-e60dbfb542fc');
INSERT INTO account_operation (id, amount, description, operation_date, type, bank_account_id) VALUES (2223, 5625.45, 'Salary Deposit', '2026-04-14 19:56:31', 'CREDIT', 'acc-1922bb09-a8d4-4a41-8983-e60dbfb542fc');
INSERT INTO account_operation (id, amount, description, operation_date, type, bank_account_id) VALUES (2224, 1826.85, 'Maroc Telecom', '2026-06-19 19:56:31', 'DEBIT', 'acc-1922bb09-a8d4-4a41-8983-e60dbfb542fc');
INSERT INTO account_operation (id, amount, description, operation_date, type, bank_account_id) VALUES (2225, 556.21, 'Spotify', '2026-05-04 19:56:31', 'DEBIT', 'acc-1922bb09-a8d4-4a41-8983-e60dbfb542fc');
INSERT INTO account_operation (id, amount, description, operation_date, type, bank_account_id) VALUES (2226, 19.87, 'Inwi', '2026-05-08 19:56:31', 'DEBIT', 'acc-1922bb09-a8d4-4a41-8983-e60dbfb542fc');
INSERT INTO account_operation (id, amount, description, operation_date, type, bank_account_id) VALUES (2227, 339.78, 'Maroc Telecom', '2026-04-09 19:56:31', 'DEBIT', 'acc-1922bb09-a8d4-4a41-8983-e60dbfb542fc');
INSERT INTO account_operation (id, amount, description, operation_date, type, bank_account_id) VALUES (2228, 1571.25, 'ONCF Train', '2026-06-03 19:56:31', 'DEBIT', 'acc-1922bb09-a8d4-4a41-8983-e60dbfb542fc');
INSERT INTO account_operation (id, amount, description, operation_date, type, bank_account_id) VALUES (2229, 1455.72, 'Maroc Telecom', '2026-05-07 19:56:31', 'DEBIT', 'acc-1922bb09-a8d4-4a41-8983-e60dbfb542fc');
INSERT INTO account_operation (id, amount, description, operation_date, type, bank_account_id) VALUES (2230, 1793.39, 'Redal', '2026-04-12 19:56:31', 'DEBIT', 'acc-1922bb09-a8d4-4a41-8983-e60dbfb542fc');
INSERT INTO account_operation (id, amount, description, operation_date, type, bank_account_id) VALUES (2231, 1558.35, 'BIM Store', '2026-04-18 19:56:31', 'DEBIT', 'acc-1922bb09-a8d4-4a41-8983-e60dbfb542fc');
INSERT INTO account_operation (id, amount, description, operation_date, type, bank_account_id) VALUES (2232, 6987.34, 'Dividend Payout', '2026-04-27 19:56:31', 'CREDIT', 'acc-1922bb09-a8d4-4a41-8983-e60dbfb542fc');
INSERT INTO account_operation (id, amount, description, operation_date, type, bank_account_id) VALUES (2233, 788.89, 'Netflix Subscription', '2026-04-03 19:56:31', 'DEBIT', 'acc-1922bb09-a8d4-4a41-8983-e60dbfb542fc');
INSERT INTO account_operation (id, amount, description, operation_date, type, bank_account_id) VALUES (2234, 4953.98, 'Transfer Received', '2026-05-19 19:56:31', 'CREDIT', 'acc-1922bb09-a8d4-4a41-8983-e60dbfb542fc');
INSERT INTO bank_account (id, type, balance, created_at, customer_id, over_draft, interest_rate) VALUES ('acc-ce5208fb-181d-4ff9-9c86-fdb6937996da', 'CURR', 106334.28, '2026-03-21 19:56:31', 37, 8928.89, NULL);
INSERT INTO account_operation (id, amount, description, operation_date, type, bank_account_id) VALUES (2235, 12268.87, 'Initial Account Funding', '2026-03-21 19:56:31', 'CREDIT', 'acc-ce5208fb-181d-4ff9-9c86-fdb6937996da');
INSERT INTO account_operation (id, amount, description, operation_date, type, bank_account_id) VALUES (2236, 1038.02, 'Maroc Telecom', '2026-05-16 19:56:31', 'DEBIT', 'acc-ce5208fb-181d-4ff9-9c86-fdb6937996da');
INSERT INTO account_operation (id, amount, description, operation_date, type, bank_account_id) VALUES (2237, 9284.82, 'Dividend Payout', '2026-05-28 19:56:31', 'CREDIT', 'acc-ce5208fb-181d-4ff9-9c86-fdb6937996da');
INSERT INTO account_operation (id, amount, description, operation_date, type, bank_account_id) VALUES (2238, 10117.51, 'Dividend Payout', '2026-06-27 19:56:31', 'CREDIT', 'acc-ce5208fb-181d-4ff9-9c86-fdb6937996da');
INSERT INTO account_operation (id, amount, description, operation_date, type, bank_account_id) VALUES (2239, 1402.94, 'Carrefour', '2026-04-07 19:56:31', 'DEBIT', 'acc-ce5208fb-181d-4ff9-9c86-fdb6937996da');
INSERT INTO account_operation (id, amount, description, operation_date, type, bank_account_id) VALUES (2240, 6712.74, 'Dividend Payout', '2026-05-12 19:56:31', 'CREDIT', 'acc-ce5208fb-181d-4ff9-9c86-fdb6937996da');
INSERT INTO account_operation (id, amount, description, operation_date, type, bank_account_id) VALUES (2241, 12645.3, 'Freelance Payment', '2026-04-23 19:56:31', 'CREDIT', 'acc-ce5208fb-181d-4ff9-9c86-fdb6937996da');
INSERT INTO account_operation (id, amount, description, operation_date, type, bank_account_id) VALUES (2242, 1100.44, 'Decathlon', '2026-04-02 19:56:31', 'DEBIT', 'acc-ce5208fb-181d-4ff9-9c86-fdb6937996da');
INSERT INTO account_operation (id, amount, description, operation_date, type, bank_account_id) VALUES (2243, 9987.42, 'Dividend Payout', '2026-05-26 19:56:31', 'CREDIT', 'acc-ce5208fb-181d-4ff9-9c86-fdb6937996da');
INSERT INTO account_operation (id, amount, description, operation_date, type, bank_account_id) VALUES (2244, 1334.77, 'Decathlon', '2026-04-26 19:56:31', 'DEBIT', 'acc-ce5208fb-181d-4ff9-9c86-fdb6937996da');
INSERT INTO account_operation (id, amount, description, operation_date, type, bank_account_id) VALUES (2245, 278.68, 'Maroc Telecom', '2026-03-24 19:56:31', 'DEBIT', 'acc-ce5208fb-181d-4ff9-9c86-fdb6937996da');
INSERT INTO account_operation (id, amount, description, operation_date, type, bank_account_id) VALUES (2246, 2408.47, 'Cash Deposit', '2026-04-28 19:56:31', 'CREDIT', 'acc-ce5208fb-181d-4ff9-9c86-fdb6937996da');
INSERT INTO account_operation (id, amount, description, operation_date, type, bank_account_id) VALUES (2247, 350.1, 'Zara', '2026-03-25 19:56:31', 'DEBIT', 'acc-ce5208fb-181d-4ff9-9c86-fdb6937996da');
INSERT INTO account_operation (id, amount, description, operation_date, type, bank_account_id) VALUES (2248, 1030.77, 'Inwi', '2026-05-27 19:56:31', 'DEBIT', 'acc-ce5208fb-181d-4ff9-9c86-fdb6937996da');
INSERT INTO account_operation (id, amount, description, operation_date, type, bank_account_id) VALUES (2249, 3591.67, 'Freelance Payment', '2026-06-25 19:56:31', 'CREDIT', 'acc-ce5208fb-181d-4ff9-9c86-fdb6937996da');
INSERT INTO account_operation (id, amount, description, operation_date, type, bank_account_id) VALUES (2250, 13742.21, 'Cash Deposit', '2026-05-13 19:56:31', 'CREDIT', 'acc-ce5208fb-181d-4ff9-9c86-fdb6937996da');
INSERT INTO account_operation (id, amount, description, operation_date, type, bank_account_id) VALUES (2251, 1172.03, 'Amendis', '2026-05-09 19:56:31', 'DEBIT', 'acc-ce5208fb-181d-4ff9-9c86-fdb6937996da');
INSERT INTO account_operation (id, amount, description, operation_date, type, bank_account_id) VALUES (2252, 1322.39, 'Netflix Subscription', '2026-04-20 19:56:31', 'DEBIT', 'acc-ce5208fb-181d-4ff9-9c86-fdb6937996da');
INSERT INTO account_operation (id, amount, description, operation_date, type, bank_account_id) VALUES (2253, 2403.56, 'Salary Deposit', '2026-04-13 19:56:31', 'CREDIT', 'acc-ce5208fb-181d-4ff9-9c86-fdb6937996da');
INSERT INTO account_operation (id, amount, description, operation_date, type, bank_account_id) VALUES (2254, 1212.24, 'ONCF Train', '2026-05-19 19:56:31', 'DEBIT', 'acc-ce5208fb-181d-4ff9-9c86-fdb6937996da');
INSERT INTO account_operation (id, amount, description, operation_date, type, bank_account_id) VALUES (2255, 1200.37, 'Cash Deposit', '2026-04-11 19:56:31', 'CREDIT', 'acc-ce5208fb-181d-4ff9-9c86-fdb6937996da');
INSERT INTO account_operation (id, amount, description, operation_date, type, bank_account_id) VALUES (2256, 1948.11, 'Local Cafe', '2026-04-12 19:56:31', 'DEBIT', 'acc-ce5208fb-181d-4ff9-9c86-fdb6937996da');
INSERT INTO account_operation (id, amount, description, operation_date, type, bank_account_id) VALUES (2257, 12302.65, 'Dividend Payout', '2026-04-22 19:56:31', 'CREDIT', 'acc-ce5208fb-181d-4ff9-9c86-fdb6937996da');
INSERT INTO account_operation (id, amount, description, operation_date, type, bank_account_id) VALUES (2258, 10283.34, 'Dividend Payout', '2026-04-27 19:56:31', 'CREDIT', 'acc-ce5208fb-181d-4ff9-9c86-fdb6937996da');
INSERT INTO account_operation (id, amount, description, operation_date, type, bank_account_id) VALUES (2259, 9126.3, 'Freelance Payment', '2026-04-03 19:56:31', 'CREDIT', 'acc-ce5208fb-181d-4ff9-9c86-fdb6937996da');
INSERT INTO account_operation (id, amount, description, operation_date, type, bank_account_id) VALUES (2260, 2449.54, 'Transfer Received', '2026-05-27 19:56:31', 'CREDIT', 'acc-ce5208fb-181d-4ff9-9c86-fdb6937996da');

INSERT INTO customer (id, name, email) VALUES (38, 'Karim El Amrani', 'karim.el amrani@gmail.com');
INSERT INTO bank_account (id, type, balance, created_at, customer_id, over_draft, interest_rate) VALUES ('acc-2a363edc-0774-4dc1-8407-4e3c8bec1f73', 'SAVE', 114930.88, '2025-07-23 19:56:31', 38, NULL, 3.06);
INSERT INTO account_operation (id, amount, description, operation_date, type, bank_account_id) VALUES (2261, 6690.39, 'Initial Account Funding', '2025-07-23 19:56:31', 'CREDIT', 'acc-2a363edc-0774-4dc1-8407-4e3c8bec1f73');
INSERT INTO account_operation (id, amount, description, operation_date, type, bank_account_id) VALUES (2262, 8298.1, 'Transfer Received', '2025-11-22 19:56:31', 'CREDIT', 'acc-2a363edc-0774-4dc1-8407-4e3c8bec1f73');
INSERT INTO account_operation (id, amount, description, operation_date, type, bank_account_id) VALUES (2263, 769.25, 'Carrefour', '2026-05-10 19:56:31', 'DEBIT', 'acc-2a363edc-0774-4dc1-8407-4e3c8bec1f73');
INSERT INTO account_operation (id, amount, description, operation_date, type, bank_account_id) VALUES (2264, 12339.16, 'Transfer Received', '2026-02-24 19:56:31', 'CREDIT', 'acc-2a363edc-0774-4dc1-8407-4e3c8bec1f73');
INSERT INTO account_operation (id, amount, description, operation_date, type, bank_account_id) VALUES (2265, 2579.36, 'Transfer Received', '2026-05-26 19:56:31', 'CREDIT', 'acc-2a363edc-0774-4dc1-8407-4e3c8bec1f73');
INSERT INTO account_operation (id, amount, description, operation_date, type, bank_account_id) VALUES (2266, 366.38, 'Redal', '2026-04-08 19:56:31', 'DEBIT', 'acc-2a363edc-0774-4dc1-8407-4e3c8bec1f73');
INSERT INTO account_operation (id, amount, description, operation_date, type, bank_account_id) VALUES (2267, 5061.18, 'Dividend Payout', '2025-11-23 19:56:31', 'CREDIT', 'acc-2a363edc-0774-4dc1-8407-4e3c8bec1f73');
INSERT INTO account_operation (id, amount, description, operation_date, type, bank_account_id) VALUES (2268, 1877.18, 'Maroc Telecom', '2026-06-06 19:56:31', 'DEBIT', 'acc-2a363edc-0774-4dc1-8407-4e3c8bec1f73');
INSERT INTO account_operation (id, amount, description, operation_date, type, bank_account_id) VALUES (2269, 1433.97, 'Pharmacy', '2025-09-27 19:56:31', 'DEBIT', 'acc-2a363edc-0774-4dc1-8407-4e3c8bec1f73');
INSERT INTO account_operation (id, amount, description, operation_date, type, bank_account_id) VALUES (2270, 3337.23, 'Freelance Payment', '2026-05-30 19:56:31', 'CREDIT', 'acc-2a363edc-0774-4dc1-8407-4e3c8bec1f73');
INSERT INTO account_operation (id, amount, description, operation_date, type, bank_account_id) VALUES (2271, 1075.89, 'Salary Deposit', '2025-10-06 19:56:31', 'CREDIT', 'acc-2a363edc-0774-4dc1-8407-4e3c8bec1f73');
INSERT INTO account_operation (id, amount, description, operation_date, type, bank_account_id) VALUES (2272, 1601.37, 'ONEE Electricity', '2025-07-30 19:56:31', 'DEBIT', 'acc-2a363edc-0774-4dc1-8407-4e3c8bec1f73');
INSERT INTO account_operation (id, amount, description, operation_date, type, bank_account_id) VALUES (2273, 294.54, 'Maroc Telecom', '2025-12-24 19:56:31', 'DEBIT', 'acc-2a363edc-0774-4dc1-8407-4e3c8bec1f73');
INSERT INTO account_operation (id, amount, description, operation_date, type, bank_account_id) VALUES (2274, 152.0, 'Redal', '2026-02-25 19:56:31', 'DEBIT', 'acc-2a363edc-0774-4dc1-8407-4e3c8bec1f73');
INSERT INTO account_operation (id, amount, description, operation_date, type, bank_account_id) VALUES (2275, 363.33, 'Pharmacy', '2026-02-06 19:56:31', 'DEBIT', 'acc-2a363edc-0774-4dc1-8407-4e3c8bec1f73');
INSERT INTO account_operation (id, amount, description, operation_date, type, bank_account_id) VALUES (2276, 1934.91, 'Orange', '2026-01-20 19:56:31', 'DEBIT', 'acc-2a363edc-0774-4dc1-8407-4e3c8bec1f73');
INSERT INTO account_operation (id, amount, description, operation_date, type, bank_account_id) VALUES (2277, 121.42, 'Maroc Telecom', '2026-02-20 19:56:31', 'DEBIT', 'acc-2a363edc-0774-4dc1-8407-4e3c8bec1f73');
INSERT INTO account_operation (id, amount, description, operation_date, type, bank_account_id) VALUES (2278, 596.52, 'CTM Bus', '2026-02-23 19:56:31', 'DEBIT', 'acc-2a363edc-0774-4dc1-8407-4e3c8bec1f73');
INSERT INTO account_operation (id, amount, description, operation_date, type, bank_account_id) VALUES (2279, 5614.47, 'Transfer Received', '2026-05-15 19:56:31', 'CREDIT', 'acc-2a363edc-0774-4dc1-8407-4e3c8bec1f73');
INSERT INTO account_operation (id, amount, description, operation_date, type, bank_account_id) VALUES (2280, 1097.14, 'Zara', '2026-02-15 19:56:31', 'DEBIT', 'acc-2a363edc-0774-4dc1-8407-4e3c8bec1f73');
INSERT INTO account_operation (id, amount, description, operation_date, type, bank_account_id) VALUES (2281, 703.49, 'LC Waikiki', '2026-01-01 19:56:31', 'DEBIT', 'acc-2a363edc-0774-4dc1-8407-4e3c8bec1f73');
INSERT INTO account_operation (id, amount, description, operation_date, type, bank_account_id) VALUES (2282, 13253.43, 'Dividend Payout', '2025-11-01 19:56:31', 'CREDIT', 'acc-2a363edc-0774-4dc1-8407-4e3c8bec1f73');
INSERT INTO account_operation (id, amount, description, operation_date, type, bank_account_id) VALUES (2283, 12564.34, 'Cash Deposit', '2025-12-23 19:56:31', 'CREDIT', 'acc-2a363edc-0774-4dc1-8407-4e3c8bec1f73');
INSERT INTO account_operation (id, amount, description, operation_date, type, bank_account_id) VALUES (2284, 8351.81, 'Transfer Received', '2025-10-03 19:56:31', 'CREDIT', 'acc-2a363edc-0774-4dc1-8407-4e3c8bec1f73');
INSERT INTO account_operation (id, amount, description, operation_date, type, bank_account_id) VALUES (2285, 1214.31, 'Maroc Telecom', '2026-05-20 19:56:31', 'DEBIT', 'acc-2a363edc-0774-4dc1-8407-4e3c8bec1f73');
INSERT INTO account_operation (id, amount, description, operation_date, type, bank_account_id) VALUES (2286, 9888.2, 'Transfer Received', '2025-08-29 19:56:31', 'CREDIT', 'acc-2a363edc-0774-4dc1-8407-4e3c8bec1f73');
INSERT INTO account_operation (id, amount, description, operation_date, type, bank_account_id) VALUES (2287, 598.2, 'Decathlon', '2026-05-04 19:56:31', 'DEBIT', 'acc-2a363edc-0774-4dc1-8407-4e3c8bec1f73');
INSERT INTO account_operation (id, amount, description, operation_date, type, bank_account_id) VALUES (2288, 920.61, 'Carrefour', '2026-04-14 19:56:31', 'DEBIT', 'acc-2a363edc-0774-4dc1-8407-4e3c8bec1f73');
INSERT INTO account_operation (id, amount, description, operation_date, type, bank_account_id) VALUES (2289, 1732.49, 'ONEE Electricity', '2026-06-14 19:56:31', 'DEBIT', 'acc-2a363edc-0774-4dc1-8407-4e3c8bec1f73');
INSERT INTO account_operation (id, amount, description, operation_date, type, bank_account_id) VALUES (2290, 4766.72, 'Dividend Payout', '2026-03-24 19:56:31', 'CREDIT', 'acc-2a363edc-0774-4dc1-8407-4e3c8bec1f73');
INSERT INTO account_operation (id, amount, description, operation_date, type, bank_account_id) VALUES (2291, 1941.92, 'Amendis', '2026-01-04 19:56:31', 'DEBIT', 'acc-2a363edc-0774-4dc1-8407-4e3c8bec1f73');
INSERT INTO account_operation (id, amount, description, operation_date, type, bank_account_id) VALUES (2292, 538.89, 'Amendis', '2026-05-27 19:56:31', 'DEBIT', 'acc-2a363edc-0774-4dc1-8407-4e3c8bec1f73');
INSERT INTO account_operation (id, amount, description, operation_date, type, bank_account_id) VALUES (2293, 13188.53, 'Freelance Payment', '2025-07-26 19:56:31', 'CREDIT', 'acc-2a363edc-0774-4dc1-8407-4e3c8bec1f73');
INSERT INTO account_operation (id, amount, description, operation_date, type, bank_account_id) VALUES (2294, 1701.44, 'Redal', '2025-12-19 19:56:31', 'DEBIT', 'acc-2a363edc-0774-4dc1-8407-4e3c8bec1f73');
INSERT INTO account_operation (id, amount, description, operation_date, type, bank_account_id) VALUES (2295, 14481.18, 'Transfer Received', '2026-03-20 19:56:31', 'CREDIT', 'acc-2a363edc-0774-4dc1-8407-4e3c8bec1f73');
INSERT INTO account_operation (id, amount, description, operation_date, type, bank_account_id) VALUES (2296, 363.53, 'Decathlon', '2026-04-14 19:56:31', 'DEBIT', 'acc-2a363edc-0774-4dc1-8407-4e3c8bec1f73');
INSERT INTO account_operation (id, amount, description, operation_date, type, bank_account_id) VALUES (2297, 14728.67, 'Freelance Payment', '2026-01-26 19:56:31', 'CREDIT', 'acc-2a363edc-0774-4dc1-8407-4e3c8bec1f73');
INSERT INTO account_operation (id, amount, description, operation_date, type, bank_account_id) VALUES (2298, 964.89, 'Netflix Subscription', '2026-04-11 19:56:31', 'DEBIT', 'acc-2a363edc-0774-4dc1-8407-4e3c8bec1f73');
INSERT INTO bank_account (id, type, balance, created_at, customer_id, over_draft, interest_rate) VALUES ('acc-303b2340-e0fd-4c81-adf1-29296ceae93c', 'CURR', 94692.01, '2025-07-15 19:56:31', 38, 7543.02, NULL);
INSERT INTO account_operation (id, amount, description, operation_date, type, bank_account_id) VALUES (2299, 9490.21, 'Initial Account Funding', '2025-07-15 19:56:31', 'CREDIT', 'acc-303b2340-e0fd-4c81-adf1-29296ceae93c');
INSERT INTO account_operation (id, amount, description, operation_date, type, bank_account_id) VALUES (2300, 789.96, 'ONCF Train', '2025-11-15 19:56:31', 'DEBIT', 'acc-303b2340-e0fd-4c81-adf1-29296ceae93c');
INSERT INTO account_operation (id, amount, description, operation_date, type, bank_account_id) VALUES (2301, 693.73, 'Zara', '2026-02-24 19:56:31', 'DEBIT', 'acc-303b2340-e0fd-4c81-adf1-29296ceae93c');
INSERT INTO account_operation (id, amount, description, operation_date, type, bank_account_id) VALUES (2302, 1555.07, 'Cash Deposit', '2026-04-23 19:56:31', 'CREDIT', 'acc-303b2340-e0fd-4c81-adf1-29296ceae93c');
INSERT INTO account_operation (id, amount, description, operation_date, type, bank_account_id) VALUES (2303, 11230.6, 'Cash Deposit', '2025-09-05 19:56:31', 'CREDIT', 'acc-303b2340-e0fd-4c81-adf1-29296ceae93c');
INSERT INTO account_operation (id, amount, description, operation_date, type, bank_account_id) VALUES (2304, 359.15, 'Carrefour', '2025-10-17 19:56:31', 'DEBIT', 'acc-303b2340-e0fd-4c81-adf1-29296ceae93c');
INSERT INTO account_operation (id, amount, description, operation_date, type, bank_account_id) VALUES (2305, 1969.23, 'Pharmacy', '2026-06-08 19:56:31', 'DEBIT', 'acc-303b2340-e0fd-4c81-adf1-29296ceae93c');
INSERT INTO account_operation (id, amount, description, operation_date, type, bank_account_id) VALUES (2306, 1879.3, 'Zara', '2026-06-02 19:56:31', 'DEBIT', 'acc-303b2340-e0fd-4c81-adf1-29296ceae93c');
INSERT INTO account_operation (id, amount, description, operation_date, type, bank_account_id) VALUES (2307, 3919.69, 'Cash Deposit', '2026-02-06 19:56:31', 'CREDIT', 'acc-303b2340-e0fd-4c81-adf1-29296ceae93c');
INSERT INTO account_operation (id, amount, description, operation_date, type, bank_account_id) VALUES (2308, 9108.52, 'Transfer Received', '2025-12-20 19:56:31', 'CREDIT', 'acc-303b2340-e0fd-4c81-adf1-29296ceae93c');
INSERT INTO account_operation (id, amount, description, operation_date, type, bank_account_id) VALUES (2309, 194.73, 'Redal', '2025-08-03 19:56:31', 'DEBIT', 'acc-303b2340-e0fd-4c81-adf1-29296ceae93c');
INSERT INTO account_operation (id, amount, description, operation_date, type, bank_account_id) VALUES (2310, 976.18, 'Restaurant', '2026-02-01 19:56:31', 'DEBIT', 'acc-303b2340-e0fd-4c81-adf1-29296ceae93c');
INSERT INTO account_operation (id, amount, description, operation_date, type, bank_account_id) VALUES (2311, 1193.31, 'Netflix Subscription', '2026-06-16 19:56:31', 'DEBIT', 'acc-303b2340-e0fd-4c81-adf1-29296ceae93c');
INSERT INTO account_operation (id, amount, description, operation_date, type, bank_account_id) VALUES (2312, 962.96, 'ONEE Electricity', '2025-08-30 19:56:31', 'DEBIT', 'acc-303b2340-e0fd-4c81-adf1-29296ceae93c');
INSERT INTO account_operation (id, amount, description, operation_date, type, bank_account_id) VALUES (2313, 2436.69, 'Dividend Payout', '2025-10-04 19:56:31', 'CREDIT', 'acc-303b2340-e0fd-4c81-adf1-29296ceae93c');
INSERT INTO account_operation (id, amount, description, operation_date, type, bank_account_id) VALUES (2314, 14665.26, 'Freelance Payment', '2026-06-14 19:56:31', 'CREDIT', 'acc-303b2340-e0fd-4c81-adf1-29296ceae93c');
INSERT INTO account_operation (id, amount, description, operation_date, type, bank_account_id) VALUES (2315, 594.36, 'ONCF Train', '2025-07-15 19:56:31', 'DEBIT', 'acc-303b2340-e0fd-4c81-adf1-29296ceae93c');
INSERT INTO account_operation (id, amount, description, operation_date, type, bank_account_id) VALUES (2316, 772.79, 'Netflix Subscription', '2026-01-09 19:56:31', 'DEBIT', 'acc-303b2340-e0fd-4c81-adf1-29296ceae93c');
INSERT INTO account_operation (id, amount, description, operation_date, type, bank_account_id) VALUES (2317, 1135.58, 'Carrefour', '2026-01-16 19:56:31', 'DEBIT', 'acc-303b2340-e0fd-4c81-adf1-29296ceae93c');
INSERT INTO account_operation (id, amount, description, operation_date, type, bank_account_id) VALUES (2318, 1613.19, 'Dividend Payout', '2025-11-03 19:56:31', 'CREDIT', 'acc-303b2340-e0fd-4c81-adf1-29296ceae93c');
INSERT INTO account_operation (id, amount, description, operation_date, type, bank_account_id) VALUES (2319, 1111.86, 'ONCF Train', '2025-08-07 19:56:31', 'DEBIT', 'acc-303b2340-e0fd-4c81-adf1-29296ceae93c');
INSERT INTO account_operation (id, amount, description, operation_date, type, bank_account_id) VALUES (2320, 5966.11, 'Cash Deposit', '2025-08-20 19:56:31', 'CREDIT', 'acc-303b2340-e0fd-4c81-adf1-29296ceae93c');
INSERT INTO account_operation (id, amount, description, operation_date, type, bank_account_id) VALUES (2321, 1119.07, 'ONEE Electricity', '2026-03-24 19:56:31', 'DEBIT', 'acc-303b2340-e0fd-4c81-adf1-29296ceae93c');
INSERT INTO account_operation (id, amount, description, operation_date, type, bank_account_id) VALUES (2322, 1346.18, 'Spotify', '2026-02-25 19:56:31', 'DEBIT', 'acc-303b2340-e0fd-4c81-adf1-29296ceae93c');
INSERT INTO account_operation (id, amount, description, operation_date, type, bank_account_id) VALUES (2323, 174.39, 'CTM Bus', '2026-06-02 19:56:31', 'DEBIT', 'acc-303b2340-e0fd-4c81-adf1-29296ceae93c');
INSERT INTO account_operation (id, amount, description, operation_date, type, bank_account_id) VALUES (2324, 1174.29, 'Maroc Telecom', '2026-03-05 19:56:31', 'DEBIT', 'acc-303b2340-e0fd-4c81-adf1-29296ceae93c');
INSERT INTO account_operation (id, amount, description, operation_date, type, bank_account_id) VALUES (2325, 564.25, 'Amendis', '2025-11-24 19:56:31', 'DEBIT', 'acc-303b2340-e0fd-4c81-adf1-29296ceae93c');
INSERT INTO account_operation (id, amount, description, operation_date, type, bank_account_id) VALUES (2326, 1423.45, 'Inwi', '2026-02-27 19:56:31', 'DEBIT', 'acc-303b2340-e0fd-4c81-adf1-29296ceae93c');
INSERT INTO account_operation (id, amount, description, operation_date, type, bank_account_id) VALUES (2327, 9183.25, 'Salary Deposit', '2025-12-17 19:56:31', 'CREDIT', 'acc-303b2340-e0fd-4c81-adf1-29296ceae93c');
INSERT INTO account_operation (id, amount, description, operation_date, type, bank_account_id) VALUES (2328, 4786.97, 'Transfer Received', '2025-09-13 19:56:31', 'CREDIT', 'acc-303b2340-e0fd-4c81-adf1-29296ceae93c');
INSERT INTO account_operation (id, amount, description, operation_date, type, bank_account_id) VALUES (2329, 1189.46, 'Pharmacy', '2025-12-24 19:56:31', 'DEBIT', 'acc-303b2340-e0fd-4c81-adf1-29296ceae93c');
INSERT INTO account_operation (id, amount, description, operation_date, type, bank_account_id) VALUES (2330, 670.58, 'Pharmacy', '2026-01-26 19:56:31', 'DEBIT', 'acc-303b2340-e0fd-4c81-adf1-29296ceae93c');
INSERT INTO account_operation (id, amount, description, operation_date, type, bank_account_id) VALUES (2331, 415.03, 'Decathlon', '2026-03-10 19:56:31', 'DEBIT', 'acc-303b2340-e0fd-4c81-adf1-29296ceae93c');
INSERT INTO account_operation (id, amount, description, operation_date, type, bank_account_id) VALUES (2332, 202.54, 'Maroc Telecom', '2025-08-19 19:56:31', 'DEBIT', 'acc-303b2340-e0fd-4c81-adf1-29296ceae93c');
INSERT INTO account_operation (id, amount, description, operation_date, type, bank_account_id) VALUES (2333, 1774.27, 'Local Cafe', '2025-09-12 19:56:31', 'DEBIT', 'acc-303b2340-e0fd-4c81-adf1-29296ceae93c');
INSERT INTO account_operation (id, amount, description, operation_date, type, bank_account_id) VALUES (2334, 544.38, 'Marjane Supermarket', '2025-10-02 19:56:31', 'DEBIT', 'acc-303b2340-e0fd-4c81-adf1-29296ceae93c');
INSERT INTO account_operation (id, amount, description, operation_date, type, bank_account_id) VALUES (2335, 869.03, 'Orange', '2025-08-18 19:56:31', 'DEBIT', 'acc-303b2340-e0fd-4c81-adf1-29296ceae93c');
INSERT INTO account_operation (id, amount, description, operation_date, type, bank_account_id) VALUES (2336, 10661.88, 'Cash Deposit', '2025-12-31 19:56:31', 'CREDIT', 'acc-303b2340-e0fd-4c81-adf1-29296ceae93c');
INSERT INTO account_operation (id, amount, description, operation_date, type, bank_account_id) VALUES (2337, 3452.14, 'Cash Deposit', '2025-11-05 19:56:31', 'CREDIT', 'acc-303b2340-e0fd-4c81-adf1-29296ceae93c');
INSERT INTO account_operation (id, amount, description, operation_date, type, bank_account_id) VALUES (2338, 10285.06, 'Freelance Payment', '2025-10-28 19:56:31', 'CREDIT', 'acc-303b2340-e0fd-4c81-adf1-29296ceae93c');
INSERT INTO account_operation (id, amount, description, operation_date, type, bank_account_id) VALUES (2339, 4362.44, 'Cash Deposit', '2026-05-17 19:56:31', 'CREDIT', 'acc-303b2340-e0fd-4c81-adf1-29296ceae93c');
INSERT INTO account_operation (id, amount, description, operation_date, type, bank_account_id) VALUES (2340, 3482.93, 'Salary Deposit', '2025-12-10 19:56:31', 'CREDIT', 'acc-303b2340-e0fd-4c81-adf1-29296ceae93c');
INSERT INTO account_operation (id, amount, description, operation_date, type, bank_account_id) VALUES (2341, 1580.92, 'Spotify', '2025-12-31 19:56:31', 'DEBIT', 'acc-303b2340-e0fd-4c81-adf1-29296ceae93c');
INSERT INTO account_operation (id, amount, description, operation_date, type, bank_account_id) VALUES (2342, 14172.98, 'Cash Deposit', '2026-01-16 19:56:31', 'CREDIT', 'acc-303b2340-e0fd-4c81-adf1-29296ceae93c');
INSERT INTO bank_account (id, type, balance, created_at, customer_id, over_draft, interest_rate) VALUES ('acc-0ab4aaf3-c706-44a8-a1f1-ea8f03fd08d0', 'SAVE', 27708.13, '2025-10-22 19:56:31', 38, NULL, 3.55);
INSERT INTO account_operation (id, amount, description, operation_date, type, bank_account_id) VALUES (2343, 18091.96, 'Initial Account Funding', '2025-10-22 19:56:31', 'CREDIT', 'acc-0ab4aaf3-c706-44a8-a1f1-ea8f03fd08d0');
INSERT INTO account_operation (id, amount, description, operation_date, type, bank_account_id) VALUES (2344, 1366.05, 'Transfer Received', '2026-03-31 19:56:31', 'CREDIT', 'acc-0ab4aaf3-c706-44a8-a1f1-ea8f03fd08d0');
INSERT INTO account_operation (id, amount, description, operation_date, type, bank_account_id) VALUES (2345, 1408.89, 'Restaurant', '2026-05-12 19:56:31', 'DEBIT', 'acc-0ab4aaf3-c706-44a8-a1f1-ea8f03fd08d0');
INSERT INTO account_operation (id, amount, description, operation_date, type, bank_account_id) VALUES (2346, 339.15, 'Netflix Subscription', '2025-10-28 19:56:31', 'DEBIT', 'acc-0ab4aaf3-c706-44a8-a1f1-ea8f03fd08d0');
INSERT INTO account_operation (id, amount, description, operation_date, type, bank_account_id) VALUES (2347, 1363.87, 'Inwi', '2025-12-24 19:56:31', 'DEBIT', 'acc-0ab4aaf3-c706-44a8-a1f1-ea8f03fd08d0');
INSERT INTO account_operation (id, amount, description, operation_date, type, bank_account_id) VALUES (2348, 6279.78, 'Salary Deposit', '2025-10-31 19:56:31', 'CREDIT', 'acc-0ab4aaf3-c706-44a8-a1f1-ea8f03fd08d0');
INSERT INTO account_operation (id, amount, description, operation_date, type, bank_account_id) VALUES (2349, 8898.47, 'Cash Deposit', '2025-12-15 19:56:31', 'CREDIT', 'acc-0ab4aaf3-c706-44a8-a1f1-ea8f03fd08d0');
INSERT INTO account_operation (id, amount, description, operation_date, type, bank_account_id) VALUES (2350, 1192.09, 'BIM Store', '2025-11-12 19:56:31', 'DEBIT', 'acc-0ab4aaf3-c706-44a8-a1f1-ea8f03fd08d0');
INSERT INTO account_operation (id, amount, description, operation_date, type, bank_account_id) VALUES (2351, 293.37, 'ONEE Electricity', '2026-04-06 19:56:31', 'DEBIT', 'acc-0ab4aaf3-c706-44a8-a1f1-ea8f03fd08d0');
INSERT INTO account_operation (id, amount, description, operation_date, type, bank_account_id) VALUES (2352, 913.29, 'Spotify', '2025-12-16 19:56:31', 'DEBIT', 'acc-0ab4aaf3-c706-44a8-a1f1-ea8f03fd08d0');
INSERT INTO account_operation (id, amount, description, operation_date, type, bank_account_id) VALUES (2353, 363.45, 'Pharmacy', '2025-11-07 19:56:31', 'DEBIT', 'acc-0ab4aaf3-c706-44a8-a1f1-ea8f03fd08d0');
INSERT INTO account_operation (id, amount, description, operation_date, type, bank_account_id) VALUES (2354, 1054.02, 'Inwi', '2026-01-09 19:56:31', 'DEBIT', 'acc-0ab4aaf3-c706-44a8-a1f1-ea8f03fd08d0');

INSERT INTO customer (id, name, email) VALUES (39, 'Nadia Mansouri', 'nadia.mansouri@gmail.com');
INSERT INTO bank_account (id, type, balance, created_at, customer_id, over_draft, interest_rate) VALUES ('acc-d6ed5ef3-467f-4161-9078-f4e0bb600b42', 'CURR', 58707.32, '2026-03-26 19:56:31', 39, 4962.34, NULL);
INSERT INTO account_operation (id, amount, description, operation_date, type, bank_account_id) VALUES (2355, 14952.64, 'Initial Account Funding', '2026-03-26 19:56:31', 'CREDIT', 'acc-d6ed5ef3-467f-4161-9078-f4e0bb600b42');
INSERT INTO account_operation (id, amount, description, operation_date, type, bank_account_id) VALUES (2356, 1812.28, 'Zara', '2026-06-21 19:56:31', 'DEBIT', 'acc-d6ed5ef3-467f-4161-9078-f4e0bb600b42');
INSERT INTO account_operation (id, amount, description, operation_date, type, bank_account_id) VALUES (2357, 447.09, 'Amendis', '2026-04-09 19:56:31', 'DEBIT', 'acc-d6ed5ef3-467f-4161-9078-f4e0bb600b42');
INSERT INTO account_operation (id, amount, description, operation_date, type, bank_account_id) VALUES (2358, 1551.26, 'Local Cafe', '2026-05-15 19:56:31', 'DEBIT', 'acc-d6ed5ef3-467f-4161-9078-f4e0bb600b42');
INSERT INTO account_operation (id, amount, description, operation_date, type, bank_account_id) VALUES (2359, 1589.51, 'Restaurant', '2026-04-11 19:56:31', 'DEBIT', 'acc-d6ed5ef3-467f-4161-9078-f4e0bb600b42');
INSERT INTO account_operation (id, amount, description, operation_date, type, bank_account_id) VALUES (2360, 1282.45, 'Netflix Subscription', '2026-04-03 19:56:31', 'DEBIT', 'acc-d6ed5ef3-467f-4161-9078-f4e0bb600b42');
INSERT INTO account_operation (id, amount, description, operation_date, type, bank_account_id) VALUES (2361, 8570.72, 'Cash Deposit', '2026-05-30 19:56:31', 'CREDIT', 'acc-d6ed5ef3-467f-4161-9078-f4e0bb600b42');
INSERT INTO account_operation (id, amount, description, operation_date, type, bank_account_id) VALUES (2362, 15.45, 'BIM Store', '2026-04-05 19:56:31', 'DEBIT', 'acc-d6ed5ef3-467f-4161-9078-f4e0bb600b42');
INSERT INTO account_operation (id, amount, description, operation_date, type, bank_account_id) VALUES (2363, 529.22, 'Pharmacy', '2026-06-15 19:56:31', 'DEBIT', 'acc-d6ed5ef3-467f-4161-9078-f4e0bb600b42');
INSERT INTO account_operation (id, amount, description, operation_date, type, bank_account_id) VALUES (2364, 968.38, 'ONCF Train', '2026-06-08 19:56:31', 'DEBIT', 'acc-d6ed5ef3-467f-4161-9078-f4e0bb600b42');
INSERT INTO account_operation (id, amount, description, operation_date, type, bank_account_id) VALUES (2365, 8209.8, 'Cash Deposit', '2026-03-29 19:56:31', 'CREDIT', 'acc-d6ed5ef3-467f-4161-9078-f4e0bb600b42');
INSERT INTO account_operation (id, amount, description, operation_date, type, bank_account_id) VALUES (2366, 1095.63, 'LC Waikiki', '2026-05-08 19:56:31', 'DEBIT', 'acc-d6ed5ef3-467f-4161-9078-f4e0bb600b42');
INSERT INTO account_operation (id, amount, description, operation_date, type, bank_account_id) VALUES (2367, 1267.22, 'Pharmacy', '2026-06-24 19:56:31', 'DEBIT', 'acc-d6ed5ef3-467f-4161-9078-f4e0bb600b42');
INSERT INTO account_operation (id, amount, description, operation_date, type, bank_account_id) VALUES (2368, 9928.73, 'Transfer Received', '2026-04-11 19:56:31', 'CREDIT', 'acc-d6ed5ef3-467f-4161-9078-f4e0bb600b42');
INSERT INTO account_operation (id, amount, description, operation_date, type, bank_account_id) VALUES (2369, 1942.07, 'LC Waikiki', '2026-06-27 19:56:31', 'DEBIT', 'acc-d6ed5ef3-467f-4161-9078-f4e0bb600b42');
INSERT INTO account_operation (id, amount, description, operation_date, type, bank_account_id) VALUES (2370, 350.75, 'ONCF Train', '2026-04-25 19:56:31', 'DEBIT', 'acc-d6ed5ef3-467f-4161-9078-f4e0bb600b42');
INSERT INTO account_operation (id, amount, description, operation_date, type, bank_account_id) VALUES (2371, 1362.05, 'Spotify', '2026-04-12 19:56:31', 'DEBIT', 'acc-d6ed5ef3-467f-4161-9078-f4e0bb600b42');
INSERT INTO account_operation (id, amount, description, operation_date, type, bank_account_id) VALUES (2372, 1827.78, 'Maroc Telecom', '2026-03-27 19:56:31', 'DEBIT', 'acc-d6ed5ef3-467f-4161-9078-f4e0bb600b42');
INSERT INTO account_operation (id, amount, description, operation_date, type, bank_account_id) VALUES (2373, 1242.41, 'Inwi', '2026-03-26 19:56:31', 'DEBIT', 'acc-d6ed5ef3-467f-4161-9078-f4e0bb600b42');
INSERT INTO account_operation (id, amount, description, operation_date, type, bank_account_id) VALUES (2374, 5570.94, 'Salary Deposit', '2026-05-07 19:56:31', 'CREDIT', 'acc-d6ed5ef3-467f-4161-9078-f4e0bb600b42');
INSERT INTO account_operation (id, amount, description, operation_date, type, bank_account_id) VALUES (2375, 1667.11, 'Inwi', '2026-05-22 19:56:31', 'DEBIT', 'acc-d6ed5ef3-467f-4161-9078-f4e0bb600b42');
INSERT INTO account_operation (id, amount, description, operation_date, type, bank_account_id) VALUES (2376, 233.85, 'Local Cafe', '2026-04-20 19:56:31', 'DEBIT', 'acc-d6ed5ef3-467f-4161-9078-f4e0bb600b42');
INSERT INTO account_operation (id, amount, description, operation_date, type, bank_account_id) VALUES (2377, 659.97, 'CTM Bus', '2026-06-20 19:56:31', 'DEBIT', 'acc-d6ed5ef3-467f-4161-9078-f4e0bb600b42');
INSERT INTO account_operation (id, amount, description, operation_date, type, bank_account_id) VALUES (2378, 1010.26, 'Marjane Supermarket', '2026-04-20 19:56:31', 'DEBIT', 'acc-d6ed5ef3-467f-4161-9078-f4e0bb600b42');
INSERT INTO account_operation (id, amount, description, operation_date, type, bank_account_id) VALUES (2379, 1908.93, 'Cash Deposit', '2026-06-10 19:56:31', 'CREDIT', 'acc-d6ed5ef3-467f-4161-9078-f4e0bb600b42');
INSERT INTO account_operation (id, amount, description, operation_date, type, bank_account_id) VALUES (2380, 12028.97, 'Transfer Received', '2026-06-24 19:56:31', 'CREDIT', 'acc-d6ed5ef3-467f-4161-9078-f4e0bb600b42');
INSERT INTO account_operation (id, amount, description, operation_date, type, bank_account_id) VALUES (2381, 1686.74, 'Marjane Supermarket', '2026-03-30 19:56:31', 'DEBIT', 'acc-d6ed5ef3-467f-4161-9078-f4e0bb600b42');
INSERT INTO account_operation (id, amount, description, operation_date, type, bank_account_id) VALUES (2382, 1124.45, 'Inwi', '2026-04-15 19:56:31', 'DEBIT', 'acc-d6ed5ef3-467f-4161-9078-f4e0bb600b42');
INSERT INTO account_operation (id, amount, description, operation_date, type, bank_account_id) VALUES (2383, 169.1, 'Amendis', '2026-06-19 19:56:31', 'DEBIT', 'acc-d6ed5ef3-467f-4161-9078-f4e0bb600b42');
INSERT INTO account_operation (id, amount, description, operation_date, type, bank_account_id) VALUES (2384, 6608.23, 'Dividend Payout', '2026-05-01 19:56:31', 'CREDIT', 'acc-d6ed5ef3-467f-4161-9078-f4e0bb600b42');
INSERT INTO account_operation (id, amount, description, operation_date, type, bank_account_id) VALUES (2385, 199.07, 'ONCF Train', '2026-05-11 19:56:31', 'DEBIT', 'acc-d6ed5ef3-467f-4161-9078-f4e0bb600b42');
INSERT INTO account_operation (id, amount, description, operation_date, type, bank_account_id) VALUES (2386, 1950.44, 'Salary Deposit', '2026-05-09 19:56:31', 'CREDIT', 'acc-d6ed5ef3-467f-4161-9078-f4e0bb600b42');
INSERT INTO account_operation (id, amount, description, operation_date, type, bank_account_id) VALUES (2387, 1649.4, 'Amendis', '2026-04-10 19:56:31', 'DEBIT', 'acc-d6ed5ef3-467f-4161-9078-f4e0bb600b42');
INSERT INTO account_operation (id, amount, description, operation_date, type, bank_account_id) VALUES (2388, 588.38, 'Pharmacy', '2026-06-12 19:56:31', 'DEBIT', 'acc-d6ed5ef3-467f-4161-9078-f4e0bb600b42');
INSERT INTO account_operation (id, amount, description, operation_date, type, bank_account_id) VALUES (2389, 1601.77, 'Transfer Received', '2026-06-01 19:56:31', 'CREDIT', 'acc-d6ed5ef3-467f-4161-9078-f4e0bb600b42');
INSERT INTO account_operation (id, amount, description, operation_date, type, bank_account_id) VALUES (2390, 840.47, 'Marjane Supermarket', '2026-03-27 19:56:31', 'DEBIT', 'acc-d6ed5ef3-467f-4161-9078-f4e0bb600b42');
INSERT INTO account_operation (id, amount, description, operation_date, type, bank_account_id) VALUES (2391, 879.62, 'Netflix Subscription', '2026-04-24 19:56:31', 'DEBIT', 'acc-d6ed5ef3-467f-4161-9078-f4e0bb600b42');
INSERT INTO account_operation (id, amount, description, operation_date, type, bank_account_id) VALUES (2392, 11779.93, 'Cash Deposit', '2026-06-08 19:56:31', 'CREDIT', 'acc-d6ed5ef3-467f-4161-9078-f4e0bb600b42');
INSERT INTO account_operation (id, amount, description, operation_date, type, bank_account_id) VALUES (2393, 1673.91, 'Amendis', '2026-06-10 19:56:31', 'DEBIT', 'acc-d6ed5ef3-467f-4161-9078-f4e0bb600b42');
INSERT INTO account_operation (id, amount, description, operation_date, type, bank_account_id) VALUES (2394, 974.57, 'Inwi', '2026-04-26 19:56:31', 'DEBIT', 'acc-d6ed5ef3-467f-4161-9078-f4e0bb600b42');
INSERT INTO account_operation (id, amount, description, operation_date, type, bank_account_id) VALUES (2395, 10053.72, 'Transfer Received', '2026-06-06 19:56:31', 'CREDIT', 'acc-d6ed5ef3-467f-4161-9078-f4e0bb600b42');
INSERT INTO account_operation (id, amount, description, operation_date, type, bank_account_id) VALUES (2396, 1368.97, 'Carrefour', '2026-04-28 19:56:31', 'DEBIT', 'acc-d6ed5ef3-467f-4161-9078-f4e0bb600b42');
INSERT INTO account_operation (id, amount, description, operation_date, type, bank_account_id) VALUES (2397, 1024.0, 'BIM Store', '2026-04-30 19:56:31', 'DEBIT', 'acc-d6ed5ef3-467f-4161-9078-f4e0bb600b42');
INSERT INTO account_operation (id, amount, description, operation_date, type, bank_account_id) VALUES (2398, 827.7, 'LC Waikiki', '2026-06-27 19:56:31', 'DEBIT', 'acc-d6ed5ef3-467f-4161-9078-f4e0bb600b42');
INSERT INTO account_operation (id, amount, description, operation_date, type, bank_account_id) VALUES (2399, 1074.74, 'ONEE Electricity', '2026-05-20 19:56:31', 'DEBIT', 'acc-d6ed5ef3-467f-4161-9078-f4e0bb600b42');
INSERT INTO account_operation (id, amount, description, operation_date, type, bank_account_id) VALUES (2400, 927.93, 'Inwi', '2026-04-17 19:56:31', 'DEBIT', 'acc-d6ed5ef3-467f-4161-9078-f4e0bb600b42');
INSERT INTO account_operation (id, amount, description, operation_date, type, bank_account_id) VALUES (2401, 439.22, 'Restaurant', '2026-04-20 19:56:31', 'DEBIT', 'acc-d6ed5ef3-467f-4161-9078-f4e0bb600b42');
INSERT INTO account_operation (id, amount, description, operation_date, type, bank_account_id) VALUES (2402, 1845.51, 'Transfer Received', '2026-05-31 19:56:31', 'CREDIT', 'acc-d6ed5ef3-467f-4161-9078-f4e0bb600b42');

INSERT INTO customer (id, name, email) VALUES (40, 'Khadija Lahlou', 'khadija.lahlou@gmail.com');
INSERT INTO bank_account (id, type, balance, created_at, customer_id, over_draft, interest_rate) VALUES ('acc-878c2b32-5af2-4928-89b3-b5423db11da5', 'SAVE', 53944.44, '2025-11-27 19:56:31', 40, NULL, 4.06);
INSERT INTO account_operation (id, amount, description, operation_date, type, bank_account_id) VALUES (2403, 31230.15, 'Initial Account Funding', '2025-11-27 19:56:31', 'CREDIT', 'acc-878c2b32-5af2-4928-89b3-b5423db11da5');
INSERT INTO account_operation (id, amount, description, operation_date, type, bank_account_id) VALUES (2404, 925.51, 'ONEE Electricity', '2026-06-14 19:56:31', 'DEBIT', 'acc-878c2b32-5af2-4928-89b3-b5423db11da5');
INSERT INTO account_operation (id, amount, description, operation_date, type, bank_account_id) VALUES (2405, 1482.67, 'Redal', '2025-12-20 19:56:31', 'DEBIT', 'acc-878c2b32-5af2-4928-89b3-b5423db11da5');
INSERT INTO account_operation (id, amount, description, operation_date, type, bank_account_id) VALUES (2406, 3938.81, 'Dividend Payout', '2026-06-26 19:56:31', 'CREDIT', 'acc-878c2b32-5af2-4928-89b3-b5423db11da5');
INSERT INTO account_operation (id, amount, description, operation_date, type, bank_account_id) VALUES (2407, 1941.99, 'Carrefour', '2026-05-31 19:56:31', 'DEBIT', 'acc-878c2b32-5af2-4928-89b3-b5423db11da5');
INSERT INTO account_operation (id, amount, description, operation_date, type, bank_account_id) VALUES (2408, 981.75, 'Decathlon', '2026-06-05 19:56:31', 'DEBIT', 'acc-878c2b32-5af2-4928-89b3-b5423db11da5');
INSERT INTO account_operation (id, amount, description, operation_date, type, bank_account_id) VALUES (2409, 1136.43, 'Inwi', '2025-12-07 19:56:31', 'DEBIT', 'acc-878c2b32-5af2-4928-89b3-b5423db11da5');
INSERT INTO account_operation (id, amount, description, operation_date, type, bank_account_id) VALUES (2410, 187.72, 'Redal', '2025-12-04 19:56:31', 'DEBIT', 'acc-878c2b32-5af2-4928-89b3-b5423db11da5');
INSERT INTO account_operation (id, amount, description, operation_date, type, bank_account_id) VALUES (2411, 468.11, 'LC Waikiki', '2026-05-22 19:56:31', 'DEBIT', 'acc-878c2b32-5af2-4928-89b3-b5423db11da5');
INSERT INTO account_operation (id, amount, description, operation_date, type, bank_account_id) VALUES (2412, 7583.26, 'Freelance Payment', '2026-04-14 19:56:31', 'CREDIT', 'acc-878c2b32-5af2-4928-89b3-b5423db11da5');
INSERT INTO account_operation (id, amount, description, operation_date, type, bank_account_id) VALUES (2413, 1424.45, 'ONCF Train', '2026-03-01 19:56:31', 'DEBIT', 'acc-878c2b32-5af2-4928-89b3-b5423db11da5');
INSERT INTO account_operation (id, amount, description, operation_date, type, bank_account_id) VALUES (2414, 13508.33, 'Salary Deposit', '2026-03-16 19:56:31', 'CREDIT', 'acc-878c2b32-5af2-4928-89b3-b5423db11da5');
INSERT INTO account_operation (id, amount, description, operation_date, type, bank_account_id) VALUES (2415, 10734.99, 'Transfer Received', '2026-05-09 19:56:31', 'CREDIT', 'acc-878c2b32-5af2-4928-89b3-b5423db11da5');
INSERT INTO account_operation (id, amount, description, operation_date, type, bank_account_id) VALUES (2416, 1963.64, 'Pharmacy', '2025-12-10 19:56:31', 'DEBIT', 'acc-878c2b32-5af2-4928-89b3-b5423db11da5');
INSERT INTO account_operation (id, amount, description, operation_date, type, bank_account_id) VALUES (2417, 1623.73, 'Restaurant', '2026-04-17 19:56:31', 'DEBIT', 'acc-878c2b32-5af2-4928-89b3-b5423db11da5');
INSERT INTO account_operation (id, amount, description, operation_date, type, bank_account_id) VALUES (2418, 915.1, 'Carrefour', '2026-01-04 19:56:31', 'DEBIT', 'acc-878c2b32-5af2-4928-89b3-b5423db11da5');
INSERT INTO bank_account (id, type, balance, created_at, customer_id, over_draft, interest_rate) VALUES ('acc-a08c70de-f48f-4abb-934e-2a20186fb02c', 'CURR', 74750.7, '2025-09-05 19:56:31', 40, 6384.39, NULL);
INSERT INTO account_operation (id, amount, description, operation_date, type, bank_account_id) VALUES (2419, 32624.0, 'Initial Account Funding', '2025-09-05 19:56:31', 'CREDIT', 'acc-a08c70de-f48f-4abb-934e-2a20186fb02c');
INSERT INTO account_operation (id, amount, description, operation_date, type, bank_account_id) VALUES (2420, 884.32, 'LC Waikiki', '2025-09-22 19:56:31', 'DEBIT', 'acc-a08c70de-f48f-4abb-934e-2a20186fb02c');
INSERT INTO account_operation (id, amount, description, operation_date, type, bank_account_id) VALUES (2421, 5593.41, 'Dividend Payout', '2025-09-09 19:56:31', 'CREDIT', 'acc-a08c70de-f48f-4abb-934e-2a20186fb02c');
INSERT INTO account_operation (id, amount, description, operation_date, type, bank_account_id) VALUES (2422, 7113.56, 'Dividend Payout', '2025-10-24 19:56:31', 'CREDIT', 'acc-a08c70de-f48f-4abb-934e-2a20186fb02c');
INSERT INTO account_operation (id, amount, description, operation_date, type, bank_account_id) VALUES (2423, 319.8, 'LC Waikiki', '2025-12-28 19:56:31', 'DEBIT', 'acc-a08c70de-f48f-4abb-934e-2a20186fb02c');
INSERT INTO account_operation (id, amount, description, operation_date, type, bank_account_id) VALUES (2424, 896.15, 'Inwi', '2025-11-17 19:56:31', 'DEBIT', 'acc-a08c70de-f48f-4abb-934e-2a20186fb02c');
INSERT INTO account_operation (id, amount, description, operation_date, type, bank_account_id) VALUES (2425, 499.76, 'Zara', '2025-12-05 19:56:31', 'DEBIT', 'acc-a08c70de-f48f-4abb-934e-2a20186fb02c');
INSERT INTO account_operation (id, amount, description, operation_date, type, bank_account_id) VALUES (2426, 218.94, 'Local Cafe', '2026-02-26 19:56:31', 'DEBIT', 'acc-a08c70de-f48f-4abb-934e-2a20186fb02c');
INSERT INTO account_operation (id, amount, description, operation_date, type, bank_account_id) VALUES (2427, 206.72, 'Orange', '2025-09-28 19:56:31', 'DEBIT', 'acc-a08c70de-f48f-4abb-934e-2a20186fb02c');
INSERT INTO account_operation (id, amount, description, operation_date, type, bank_account_id) VALUES (2428, 1551.57, 'Amendis', '2025-12-29 19:56:31', 'DEBIT', 'acc-a08c70de-f48f-4abb-934e-2a20186fb02c');
INSERT INTO account_operation (id, amount, description, operation_date, type, bank_account_id) VALUES (2429, 492.62, 'CTM Bus', '2025-11-07 19:56:31', 'DEBIT', 'acc-a08c70de-f48f-4abb-934e-2a20186fb02c');
INSERT INTO account_operation (id, amount, description, operation_date, type, bank_account_id) VALUES (2430, 776.58, 'Maroc Telecom', '2026-02-17 19:56:31', 'DEBIT', 'acc-a08c70de-f48f-4abb-934e-2a20186fb02c');
INSERT INTO account_operation (id, amount, description, operation_date, type, bank_account_id) VALUES (2431, 14252.15, 'Cash Deposit', '2026-04-01 19:56:31', 'CREDIT', 'acc-a08c70de-f48f-4abb-934e-2a20186fb02c');
INSERT INTO account_operation (id, amount, description, operation_date, type, bank_account_id) VALUES (2432, 5953.34, 'Freelance Payment', '2026-04-05 19:56:31', 'CREDIT', 'acc-a08c70de-f48f-4abb-934e-2a20186fb02c');
INSERT INTO account_operation (id, amount, description, operation_date, type, bank_account_id) VALUES (2433, 1631.21, 'Orange', '2025-10-23 19:56:31', 'DEBIT', 'acc-a08c70de-f48f-4abb-934e-2a20186fb02c');
INSERT INTO account_operation (id, amount, description, operation_date, type, bank_account_id) VALUES (2434, 1152.26, 'ONCF Train', '2026-02-10 19:56:31', 'DEBIT', 'acc-a08c70de-f48f-4abb-934e-2a20186fb02c');
INSERT INTO account_operation (id, amount, description, operation_date, type, bank_account_id) VALUES (2435, 8789.86, 'Cash Deposit', '2026-05-11 19:56:31', 'CREDIT', 'acc-a08c70de-f48f-4abb-934e-2a20186fb02c');
INSERT INTO account_operation (id, amount, description, operation_date, type, bank_account_id) VALUES (2436, 7834.66, 'Salary Deposit', '2026-03-17 19:56:31', 'CREDIT', 'acc-a08c70de-f48f-4abb-934e-2a20186fb02c');
INSERT INTO account_operation (id, amount, description, operation_date, type, bank_account_id) VALUES (2437, 1219.65, 'Salary Deposit', '2026-06-11 19:56:31', 'CREDIT', 'acc-a08c70de-f48f-4abb-934e-2a20186fb02c');

INSERT INTO customer (id, name, email) VALUES (41, 'Nadia Berrada', 'nadia.berrada@gmail.com');
INSERT INTO bank_account (id, type, balance, created_at, customer_id, over_draft, interest_rate) VALUES ('acc-92812718-6b1e-4d41-8207-ac410278d63f', 'CURR', 17601.18, '2025-11-28 19:56:31', 41, 4268.59, NULL);
INSERT INTO account_operation (id, amount, description, operation_date, type, bank_account_id) VALUES (2438, 7537.47, 'Initial Account Funding', '2025-11-28 19:56:31', 'CREDIT', 'acc-92812718-6b1e-4d41-8207-ac410278d63f');
INSERT INTO account_operation (id, amount, description, operation_date, type, bank_account_id) VALUES (2439, 901.26, 'Zara', '2026-04-28 19:56:31', 'DEBIT', 'acc-92812718-6b1e-4d41-8207-ac410278d63f');
INSERT INTO account_operation (id, amount, description, operation_date, type, bank_account_id) VALUES (2440, 1453.95, 'BIM Store', '2026-01-20 19:56:31', 'DEBIT', 'acc-92812718-6b1e-4d41-8207-ac410278d63f');
INSERT INTO account_operation (id, amount, description, operation_date, type, bank_account_id) VALUES (2441, 613.28, 'Redal', '2026-03-31 19:56:31', 'DEBIT', 'acc-92812718-6b1e-4d41-8207-ac410278d63f');
INSERT INTO account_operation (id, amount, description, operation_date, type, bank_account_id) VALUES (2442, 332.0, 'ONCF Train', '2026-02-14 19:56:31', 'DEBIT', 'acc-92812718-6b1e-4d41-8207-ac410278d63f');
INSERT INTO account_operation (id, amount, description, operation_date, type, bank_account_id) VALUES (2443, 517.97, 'Orange', '2026-06-29 19:56:31', 'DEBIT', 'acc-92812718-6b1e-4d41-8207-ac410278d63f');
INSERT INTO account_operation (id, amount, description, operation_date, type, bank_account_id) VALUES (2444, 1230.17, 'Zara', '2026-06-07 19:56:31', 'DEBIT', 'acc-92812718-6b1e-4d41-8207-ac410278d63f');
INSERT INTO account_operation (id, amount, description, operation_date, type, bank_account_id) VALUES (2445, 1896.57, 'Netflix Subscription', '2026-06-14 19:56:31', 'DEBIT', 'acc-92812718-6b1e-4d41-8207-ac410278d63f');
INSERT INTO account_operation (id, amount, description, operation_date, type, bank_account_id) VALUES (2446, 1316.25, 'Restaurant', '2026-04-11 19:56:31', 'DEBIT', 'acc-92812718-6b1e-4d41-8207-ac410278d63f');
INSERT INTO account_operation (id, amount, description, operation_date, type, bank_account_id) VALUES (2447, 1109.18, 'Carrefour', '2026-03-22 19:56:31', 'DEBIT', 'acc-92812718-6b1e-4d41-8207-ac410278d63f');
INSERT INTO account_operation (id, amount, description, operation_date, type, bank_account_id) VALUES (2448, 106.81, 'Local Cafe', '2026-06-23 19:56:31', 'DEBIT', 'acc-92812718-6b1e-4d41-8207-ac410278d63f');
INSERT INTO account_operation (id, amount, description, operation_date, type, bank_account_id) VALUES (2449, 1197.25, 'Pharmacy', '2026-03-07 19:56:31', 'DEBIT', 'acc-92812718-6b1e-4d41-8207-ac410278d63f');
INSERT INTO account_operation (id, amount, description, operation_date, type, bank_account_id) VALUES (2450, 9218.38, 'Dividend Payout', '2026-03-06 19:56:31', 'CREDIT', 'acc-92812718-6b1e-4d41-8207-ac410278d63f');
INSERT INTO account_operation (id, amount, description, operation_date, type, bank_account_id) VALUES (2451, 6813.42, 'Transfer Received', '2026-03-23 19:56:31', 'CREDIT', 'acc-92812718-6b1e-4d41-8207-ac410278d63f');
INSERT INTO account_operation (id, amount, description, operation_date, type, bank_account_id) VALUES (2452, 1730.88, 'LC Waikiki', '2026-05-27 19:56:31', 'DEBIT', 'acc-92812718-6b1e-4d41-8207-ac410278d63f');
INSERT INTO account_operation (id, amount, description, operation_date, type, bank_account_id) VALUES (2453, 4948.09, 'Cash Deposit', '2026-06-01 19:56:31', 'CREDIT', 'acc-92812718-6b1e-4d41-8207-ac410278d63f');
INSERT INTO account_operation (id, amount, description, operation_date, type, bank_account_id) VALUES (2454, 1450.38, 'Spotify', '2025-12-14 19:56:31', 'DEBIT', 'acc-92812718-6b1e-4d41-8207-ac410278d63f');
INSERT INTO account_operation (id, amount, description, operation_date, type, bank_account_id) VALUES (2455, 531.19, 'Decathlon', '2026-04-28 19:56:31', 'DEBIT', 'acc-92812718-6b1e-4d41-8207-ac410278d63f');
INSERT INTO account_operation (id, amount, description, operation_date, type, bank_account_id) VALUES (2456, 1832.69, 'Netflix Subscription', '2026-05-20 19:56:31', 'DEBIT', 'acc-92812718-6b1e-4d41-8207-ac410278d63f');
INSERT INTO account_operation (id, amount, description, operation_date, type, bank_account_id) VALUES (2457, 704.21, 'Decathlon', '2025-11-28 19:56:31', 'DEBIT', 'acc-92812718-6b1e-4d41-8207-ac410278d63f');
INSERT INTO account_operation (id, amount, description, operation_date, type, bank_account_id) VALUES (2458, 704.52, 'Maroc Telecom', '2026-01-11 19:56:31', 'DEBIT', 'acc-92812718-6b1e-4d41-8207-ac410278d63f');
INSERT INTO account_operation (id, amount, description, operation_date, type, bank_account_id) VALUES (2459, 8943.59, 'Cash Deposit', '2026-06-20 19:56:31', 'CREDIT', 'acc-92812718-6b1e-4d41-8207-ac410278d63f');
INSERT INTO account_operation (id, amount, description, operation_date, type, bank_account_id) VALUES (2460, 373.4, 'Pharmacy', '2026-06-13 19:56:31', 'DEBIT', 'acc-92812718-6b1e-4d41-8207-ac410278d63f');
INSERT INTO account_operation (id, amount, description, operation_date, type, bank_account_id) VALUES (2461, 1857.81, 'Spotify', '2026-01-24 19:56:31', 'DEBIT', 'acc-92812718-6b1e-4d41-8207-ac410278d63f');

INSERT INTO customer (id, name, email) VALUES (42, 'Tariq Mansouri', 'tariq.mansouri@gmail.com');
INSERT INTO bank_account (id, type, balance, created_at, customer_id, over_draft, interest_rate) VALUES ('acc-bf72b3ab-9027-4787-b946-230acaf8b188', 'SAVE', 30249.63, '2025-11-30 19:56:31', 42, NULL, 1.82);
INSERT INTO account_operation (id, amount, description, operation_date, type, bank_account_id) VALUES (2462, 41883.38, 'Initial Account Funding', '2025-11-30 19:56:31', 'CREDIT', 'acc-bf72b3ab-9027-4787-b946-230acaf8b188');
INSERT INTO account_operation (id, amount, description, operation_date, type, bank_account_id) VALUES (2463, 590.03, 'Redal', '2026-04-03 19:56:31', 'DEBIT', 'acc-bf72b3ab-9027-4787-b946-230acaf8b188');
INSERT INTO account_operation (id, amount, description, operation_date, type, bank_account_id) VALUES (2464, 265.97, 'Pharmacy', '2026-03-08 19:56:31', 'DEBIT', 'acc-bf72b3ab-9027-4787-b946-230acaf8b188');
INSERT INTO account_operation (id, amount, description, operation_date, type, bank_account_id) VALUES (2465, 1078.23, 'ONCF Train', '2026-04-29 19:56:31', 'DEBIT', 'acc-bf72b3ab-9027-4787-b946-230acaf8b188');
INSERT INTO account_operation (id, amount, description, operation_date, type, bank_account_id) VALUES (2466, 1661.44, 'BIM Store', '2026-05-07 19:56:31', 'DEBIT', 'acc-bf72b3ab-9027-4787-b946-230acaf8b188');
INSERT INTO account_operation (id, amount, description, operation_date, type, bank_account_id) VALUES (2467, 1465.8, 'Spotify', '2026-06-12 19:56:31', 'DEBIT', 'acc-bf72b3ab-9027-4787-b946-230acaf8b188');
INSERT INTO account_operation (id, amount, description, operation_date, type, bank_account_id) VALUES (2468, 436.75, 'Decathlon', '2025-12-25 19:56:31', 'DEBIT', 'acc-bf72b3ab-9027-4787-b946-230acaf8b188');
INSERT INTO account_operation (id, amount, description, operation_date, type, bank_account_id) VALUES (2469, 1796.73, 'Local Cafe', '2026-03-10 19:56:31', 'DEBIT', 'acc-bf72b3ab-9027-4787-b946-230acaf8b188');
INSERT INTO account_operation (id, amount, description, operation_date, type, bank_account_id) VALUES (2470, 1728.73, 'Redal', '2026-03-31 19:56:31', 'DEBIT', 'acc-bf72b3ab-9027-4787-b946-230acaf8b188');
INSERT INTO account_operation (id, amount, description, operation_date, type, bank_account_id) VALUES (2471, 1421.65, 'CTM Bus', '2026-02-20 19:56:31', 'DEBIT', 'acc-bf72b3ab-9027-4787-b946-230acaf8b188');
INSERT INTO account_operation (id, amount, description, operation_date, type, bank_account_id) VALUES (2472, 1188.42, 'BIM Store', '2026-05-22 19:56:31', 'DEBIT', 'acc-bf72b3ab-9027-4787-b946-230acaf8b188');

INSERT INTO customer (id, name, email) VALUES (43, 'Fatima Zahra Benali', 'fatima.zahra.benali@gmail.com');
INSERT INTO bank_account (id, type, balance, created_at, customer_id, over_draft, interest_rate) VALUES ('acc-5ee06c63-3af5-4629-a8bb-d55d979dfc68', 'CURR', 120973.35, '2026-01-11 19:56:31', 43, 4669.73, NULL);
INSERT INTO account_operation (id, amount, description, operation_date, type, bank_account_id) VALUES (2473, 33040.6, 'Initial Account Funding', '2026-01-11 19:56:31', 'CREDIT', 'acc-5ee06c63-3af5-4629-a8bb-d55d979dfc68');
INSERT INTO account_operation (id, amount, description, operation_date, type, bank_account_id) VALUES (2474, 388.95, 'Zara', '2026-06-06 19:56:31', 'DEBIT', 'acc-5ee06c63-3af5-4629-a8bb-d55d979dfc68');
INSERT INTO account_operation (id, amount, description, operation_date, type, bank_account_id) VALUES (2475, 1633.39, 'Carrefour', '2026-05-26 19:56:31', 'DEBIT', 'acc-5ee06c63-3af5-4629-a8bb-d55d979dfc68');
INSERT INTO account_operation (id, amount, description, operation_date, type, bank_account_id) VALUES (2476, 422.88, 'Redal', '2026-06-05 19:56:31', 'DEBIT', 'acc-5ee06c63-3af5-4629-a8bb-d55d979dfc68');
INSERT INTO account_operation (id, amount, description, operation_date, type, bank_account_id) VALUES (2477, 13410.63, 'Dividend Payout', '2026-04-02 19:56:31', 'CREDIT', 'acc-5ee06c63-3af5-4629-a8bb-d55d979dfc68');
INSERT INTO account_operation (id, amount, description, operation_date, type, bank_account_id) VALUES (2478, 626.85, 'BIM Store', '2026-06-08 19:56:31', 'DEBIT', 'acc-5ee06c63-3af5-4629-a8bb-d55d979dfc68');
INSERT INTO account_operation (id, amount, description, operation_date, type, bank_account_id) VALUES (2479, 66.39, 'BIM Store', '2026-03-27 19:56:31', 'DEBIT', 'acc-5ee06c63-3af5-4629-a8bb-d55d979dfc68');
INSERT INTO account_operation (id, amount, description, operation_date, type, bank_account_id) VALUES (2480, 1480.68, 'Zara', '2026-05-16 19:56:31', 'DEBIT', 'acc-5ee06c63-3af5-4629-a8bb-d55d979dfc68');
INSERT INTO account_operation (id, amount, description, operation_date, type, bank_account_id) VALUES (2481, 649.65, 'BIM Store', '2026-05-11 19:56:31', 'DEBIT', 'acc-5ee06c63-3af5-4629-a8bb-d55d979dfc68');
INSERT INTO account_operation (id, amount, description, operation_date, type, bank_account_id) VALUES (2482, 7631.37, 'Cash Deposit', '2026-06-20 19:56:31', 'CREDIT', 'acc-5ee06c63-3af5-4629-a8bb-d55d979dfc68');
INSERT INTO account_operation (id, amount, description, operation_date, type, bank_account_id) VALUES (2483, 106.34, 'Marjane Supermarket', '2026-05-21 19:56:31', 'DEBIT', 'acc-5ee06c63-3af5-4629-a8bb-d55d979dfc68');
INSERT INTO account_operation (id, amount, description, operation_date, type, bank_account_id) VALUES (2484, 6634.45, 'Freelance Payment', '2026-05-12 19:56:31', 'CREDIT', 'acc-5ee06c63-3af5-4629-a8bb-d55d979dfc68');
INSERT INTO account_operation (id, amount, description, operation_date, type, bank_account_id) VALUES (2485, 10003.06, 'Cash Deposit', '2026-06-03 19:56:31', 'CREDIT', 'acc-5ee06c63-3af5-4629-a8bb-d55d979dfc68');
INSERT INTO account_operation (id, amount, description, operation_date, type, bank_account_id) VALUES (2486, 688.11, 'Restaurant', '2026-01-13 19:56:31', 'DEBIT', 'acc-5ee06c63-3af5-4629-a8bb-d55d979dfc68');
INSERT INTO account_operation (id, amount, description, operation_date, type, bank_account_id) VALUES (2487, 1722.15, 'Decathlon', '2026-02-06 19:56:31', 'DEBIT', 'acc-5ee06c63-3af5-4629-a8bb-d55d979dfc68');
INSERT INTO account_operation (id, amount, description, operation_date, type, bank_account_id) VALUES (2488, 1106.32, 'Marjane Supermarket', '2026-06-24 19:56:31', 'DEBIT', 'acc-5ee06c63-3af5-4629-a8bb-d55d979dfc68');
INSERT INTO account_operation (id, amount, description, operation_date, type, bank_account_id) VALUES (2489, 1605.9, 'LC Waikiki', '2026-06-20 19:56:31', 'DEBIT', 'acc-5ee06c63-3af5-4629-a8bb-d55d979dfc68');
INSERT INTO account_operation (id, amount, description, operation_date, type, bank_account_id) VALUES (2490, 1704.4, 'Local Cafe', '2026-04-28 19:56:31', 'DEBIT', 'acc-5ee06c63-3af5-4629-a8bb-d55d979dfc68');
INSERT INTO account_operation (id, amount, description, operation_date, type, bank_account_id) VALUES (2491, 832.63, 'ONEE Electricity', '2026-06-21 19:56:31', 'DEBIT', 'acc-5ee06c63-3af5-4629-a8bb-d55d979dfc68');
INSERT INTO account_operation (id, amount, description, operation_date, type, bank_account_id) VALUES (2492, 1907.55, 'Freelance Payment', '2026-05-26 19:56:31', 'CREDIT', 'acc-5ee06c63-3af5-4629-a8bb-d55d979dfc68');
INSERT INTO account_operation (id, amount, description, operation_date, type, bank_account_id) VALUES (2493, 196.29, 'Marjane Supermarket', '2026-02-13 19:56:31', 'DEBIT', 'acc-5ee06c63-3af5-4629-a8bb-d55d979dfc68');
INSERT INTO account_operation (id, amount, description, operation_date, type, bank_account_id) VALUES (2494, 1461.18, 'Carrefour', '2026-05-07 19:56:31', 'DEBIT', 'acc-5ee06c63-3af5-4629-a8bb-d55d979dfc68');
INSERT INTO account_operation (id, amount, description, operation_date, type, bank_account_id) VALUES (2495, 9998.26, 'Salary Deposit', '2026-04-08 19:56:31', 'CREDIT', 'acc-5ee06c63-3af5-4629-a8bb-d55d979dfc68');
INSERT INTO account_operation (id, amount, description, operation_date, type, bank_account_id) VALUES (2496, 13022.35, 'Transfer Received', '2026-05-28 19:56:31', 'CREDIT', 'acc-5ee06c63-3af5-4629-a8bb-d55d979dfc68');
INSERT INTO account_operation (id, amount, description, operation_date, type, bank_account_id) VALUES (2497, 4507.17, 'Transfer Received', '2026-02-19 19:56:31', 'CREDIT', 'acc-5ee06c63-3af5-4629-a8bb-d55d979dfc68');
INSERT INTO account_operation (id, amount, description, operation_date, type, bank_account_id) VALUES (2498, 1215.37, 'Spotify', '2026-05-11 19:56:31', 'DEBIT', 'acc-5ee06c63-3af5-4629-a8bb-d55d979dfc68');
INSERT INTO account_operation (id, amount, description, operation_date, type, bank_account_id) VALUES (2499, 750.77, 'Spotify', '2026-03-22 19:56:31', 'DEBIT', 'acc-5ee06c63-3af5-4629-a8bb-d55d979dfc68');
INSERT INTO account_operation (id, amount, description, operation_date, type, bank_account_id) VALUES (2500, 169.08, 'Carrefour', '2026-04-12 19:56:31', 'DEBIT', 'acc-5ee06c63-3af5-4629-a8bb-d55d979dfc68');
INSERT INTO account_operation (id, amount, description, operation_date, type, bank_account_id) VALUES (2501, 14021.08, 'Cash Deposit', '2026-03-05 19:56:31', 'CREDIT', 'acc-5ee06c63-3af5-4629-a8bb-d55d979dfc68');
INSERT INTO account_operation (id, amount, description, operation_date, type, bank_account_id) VALUES (2502, 1990.65, 'Netflix Subscription', '2026-05-07 19:56:31', 'DEBIT', 'acc-5ee06c63-3af5-4629-a8bb-d55d979dfc68');
INSERT INTO account_operation (id, amount, description, operation_date, type, bank_account_id) VALUES (2503, 1231.43, 'Decathlon', '2026-03-12 19:56:31', 'DEBIT', 'acc-5ee06c63-3af5-4629-a8bb-d55d979dfc68');
INSERT INTO account_operation (id, amount, description, operation_date, type, bank_account_id) VALUES (2504, 88.34, 'Local Cafe', '2026-01-24 19:56:31', 'DEBIT', 'acc-5ee06c63-3af5-4629-a8bb-d55d979dfc68');
INSERT INTO account_operation (id, amount, description, operation_date, type, bank_account_id) VALUES (2505, 8879.4, 'Salary Deposit', '2026-03-09 19:56:31', 'CREDIT', 'acc-5ee06c63-3af5-4629-a8bb-d55d979dfc68');
INSERT INTO account_operation (id, amount, description, operation_date, type, bank_account_id) VALUES (2506, 4656.46, 'Transfer Received', '2026-02-22 19:56:31', 'CREDIT', 'acc-5ee06c63-3af5-4629-a8bb-d55d979dfc68');
INSERT INTO account_operation (id, amount, description, operation_date, type, bank_account_id) VALUES (2507, 1074.84, 'BIM Store', '2026-01-22 19:56:31', 'DEBIT', 'acc-5ee06c63-3af5-4629-a8bb-d55d979dfc68');
INSERT INTO account_operation (id, amount, description, operation_date, type, bank_account_id) VALUES (2508, 14473.56, 'Salary Deposit', '2026-01-20 19:56:31', 'CREDIT', 'acc-5ee06c63-3af5-4629-a8bb-d55d979dfc68');

INSERT INTO customer (id, name, email) VALUES (44, 'Meryem Berrada', 'meryem.berrada@gmail.com');
INSERT INTO bank_account (id, type, balance, created_at, customer_id, over_draft, interest_rate) VALUES ('acc-e12bb058-c0c4-4bf3-bbc5-7c0f32c34549', 'SAVE', 66312.66, '2026-04-19 19:56:31', 44, NULL, 2.72);
INSERT INTO account_operation (id, amount, description, operation_date, type, bank_account_id) VALUES (2509, 13370.58, 'Initial Account Funding', '2026-04-19 19:56:31', 'CREDIT', 'acc-e12bb058-c0c4-4bf3-bbc5-7c0f32c34549');
INSERT INTO account_operation (id, amount, description, operation_date, type, bank_account_id) VALUES (2510, 42.75, 'Maroc Telecom', '2026-05-16 19:56:31', 'DEBIT', 'acc-e12bb058-c0c4-4bf3-bbc5-7c0f32c34549');
INSERT INTO account_operation (id, amount, description, operation_date, type, bank_account_id) VALUES (2511, 12999.57, 'Dividend Payout', '2026-05-11 19:56:31', 'CREDIT', 'acc-e12bb058-c0c4-4bf3-bbc5-7c0f32c34549');
INSERT INTO account_operation (id, amount, description, operation_date, type, bank_account_id) VALUES (2512, 4593.96, 'Dividend Payout', '2026-05-13 19:56:31', 'CREDIT', 'acc-e12bb058-c0c4-4bf3-bbc5-7c0f32c34549');
INSERT INTO account_operation (id, amount, description, operation_date, type, bank_account_id) VALUES (2513, 12280.88, 'Cash Deposit', '2026-05-15 19:56:31', 'CREDIT', 'acc-e12bb058-c0c4-4bf3-bbc5-7c0f32c34549');
INSERT INTO account_operation (id, amount, description, operation_date, type, bank_account_id) VALUES (2514, 1293.08, 'Marjane Supermarket', '2026-06-02 19:56:31', 'DEBIT', 'acc-e12bb058-c0c4-4bf3-bbc5-7c0f32c34549');
INSERT INTO account_operation (id, amount, description, operation_date, type, bank_account_id) VALUES (2515, 7310.17, 'Dividend Payout', '2026-06-04 19:56:31', 'CREDIT', 'acc-e12bb058-c0c4-4bf3-bbc5-7c0f32c34549');
INSERT INTO account_operation (id, amount, description, operation_date, type, bank_account_id) VALUES (2516, 1765.32, 'ONCF Train', '2026-06-10 19:56:31', 'DEBIT', 'acc-e12bb058-c0c4-4bf3-bbc5-7c0f32c34549');
INSERT INTO account_operation (id, amount, description, operation_date, type, bank_account_id) VALUES (2517, 1555.99, 'Decathlon', '2026-05-27 19:56:31', 'DEBIT', 'acc-e12bb058-c0c4-4bf3-bbc5-7c0f32c34549');
INSERT INTO account_operation (id, amount, description, operation_date, type, bank_account_id) VALUES (2518, 140.71, 'ONEE Electricity', '2026-06-15 19:56:31', 'DEBIT', 'acc-e12bb058-c0c4-4bf3-bbc5-7c0f32c34549');
INSERT INTO account_operation (id, amount, description, operation_date, type, bank_account_id) VALUES (2519, 7265.89, 'Salary Deposit', '2026-06-21 19:56:31', 'CREDIT', 'acc-e12bb058-c0c4-4bf3-bbc5-7c0f32c34549');
INSERT INTO account_operation (id, amount, description, operation_date, type, bank_account_id) VALUES (2520, 4619.12, 'Freelance Payment', '2026-05-09 19:56:31', 'CREDIT', 'acc-e12bb058-c0c4-4bf3-bbc5-7c0f32c34549');
INSERT INTO account_operation (id, amount, description, operation_date, type, bank_account_id) VALUES (2521, 7145.87, 'Freelance Payment', '2026-04-24 19:56:31', 'CREDIT', 'acc-e12bb058-c0c4-4bf3-bbc5-7c0f32c34549');
INSERT INTO account_operation (id, amount, description, operation_date, type, bank_account_id) VALUES (2522, 159.79, 'Spotify', '2026-04-21 19:56:31', 'DEBIT', 'acc-e12bb058-c0c4-4bf3-bbc5-7c0f32c34549');
INSERT INTO account_operation (id, amount, description, operation_date, type, bank_account_id) VALUES (2523, 1247.27, 'CTM Bus', '2026-06-29 19:56:31', 'DEBIT', 'acc-e12bb058-c0c4-4bf3-bbc5-7c0f32c34549');
INSERT INTO account_operation (id, amount, description, operation_date, type, bank_account_id) VALUES (2524, 157.96, 'Local Cafe', '2026-06-17 19:56:31', 'DEBIT', 'acc-e12bb058-c0c4-4bf3-bbc5-7c0f32c34549');
INSERT INTO account_operation (id, amount, description, operation_date, type, bank_account_id) VALUES (2525, 1474.6, 'BIM Store', '2026-06-01 19:56:31', 'DEBIT', 'acc-e12bb058-c0c4-4bf3-bbc5-7c0f32c34549');
INSERT INTO account_operation (id, amount, description, operation_date, type, bank_account_id) VALUES (2526, 77.82, 'LC Waikiki', '2026-06-05 19:56:31', 'DEBIT', 'acc-e12bb058-c0c4-4bf3-bbc5-7c0f32c34549');
INSERT INTO account_operation (id, amount, description, operation_date, type, bank_account_id) VALUES (2527, 900.23, 'ONCF Train', '2026-06-14 19:56:31', 'DEBIT', 'acc-e12bb058-c0c4-4bf3-bbc5-7c0f32c34549');
INSERT INTO account_operation (id, amount, description, operation_date, type, bank_account_id) VALUES (2528, 836.33, 'Inwi', '2026-05-24 19:56:31', 'DEBIT', 'acc-e12bb058-c0c4-4bf3-bbc5-7c0f32c34549');
INSERT INTO account_operation (id, amount, description, operation_date, type, bank_account_id) VALUES (2529, 7457.89, 'Cash Deposit', '2026-06-06 19:56:31', 'CREDIT', 'acc-e12bb058-c0c4-4bf3-bbc5-7c0f32c34549');
INSERT INTO account_operation (id, amount, description, operation_date, type, bank_account_id) VALUES (2530, 1079.42, 'Netflix Subscription', '2026-05-15 19:56:31', 'DEBIT', 'acc-e12bb058-c0c4-4bf3-bbc5-7c0f32c34549');
INSERT INTO bank_account (id, type, balance, created_at, customer_id, over_draft, interest_rate) VALUES ('acc-29229a12-598c-44e5-935b-d0d1e2f0f19b', 'CURR', 64429.45, '2026-01-02 19:56:31', 44, 8888.97, NULL);
INSERT INTO account_operation (id, amount, description, operation_date, type, bank_account_id) VALUES (2531, 32987.76, 'Initial Account Funding', '2026-01-02 19:56:31', 'CREDIT', 'acc-29229a12-598c-44e5-935b-d0d1e2f0f19b');
INSERT INTO account_operation (id, amount, description, operation_date, type, bank_account_id) VALUES (2532, 1591.61, 'Marjane Supermarket', '2026-04-29 19:56:31', 'DEBIT', 'acc-29229a12-598c-44e5-935b-d0d1e2f0f19b');
INSERT INTO account_operation (id, amount, description, operation_date, type, bank_account_id) VALUES (2533, 127.83, 'Spotify', '2026-01-25 19:56:31', 'DEBIT', 'acc-29229a12-598c-44e5-935b-d0d1e2f0f19b');
INSERT INTO account_operation (id, amount, description, operation_date, type, bank_account_id) VALUES (2534, 1475.46, 'Decathlon', '2026-06-28 19:56:31', 'DEBIT', 'acc-29229a12-598c-44e5-935b-d0d1e2f0f19b');
INSERT INTO account_operation (id, amount, description, operation_date, type, bank_account_id) VALUES (2535, 1920.08, 'CTM Bus', '2026-05-24 19:56:31', 'DEBIT', 'acc-29229a12-598c-44e5-935b-d0d1e2f0f19b');
INSERT INTO account_operation (id, amount, description, operation_date, type, bank_account_id) VALUES (2536, 260.24, 'Spotify', '2026-02-10 19:56:31', 'DEBIT', 'acc-29229a12-598c-44e5-935b-d0d1e2f0f19b');
INSERT INTO account_operation (id, amount, description, operation_date, type, bank_account_id) VALUES (2537, 1781.17, 'Netflix Subscription', '2026-01-24 19:56:31', 'DEBIT', 'acc-29229a12-598c-44e5-935b-d0d1e2f0f19b');
INSERT INTO account_operation (id, amount, description, operation_date, type, bank_account_id) VALUES (2538, 8037.64, 'Dividend Payout', '2026-04-03 19:56:31', 'CREDIT', 'acc-29229a12-598c-44e5-935b-d0d1e2f0f19b');
INSERT INTO account_operation (id, amount, description, operation_date, type, bank_account_id) VALUES (2539, 225.83, 'Orange', '2026-01-24 19:56:31', 'DEBIT', 'acc-29229a12-598c-44e5-935b-d0d1e2f0f19b');
INSERT INTO account_operation (id, amount, description, operation_date, type, bank_account_id) VALUES (2540, 946.45, 'Marjane Supermarket', '2026-04-08 19:56:31', 'DEBIT', 'acc-29229a12-598c-44e5-935b-d0d1e2f0f19b');
INSERT INTO account_operation (id, amount, description, operation_date, type, bank_account_id) VALUES (2541, 849.58, 'Local Cafe', '2026-01-27 19:56:31', 'DEBIT', 'acc-29229a12-598c-44e5-935b-d0d1e2f0f19b');
INSERT INTO account_operation (id, amount, description, operation_date, type, bank_account_id) VALUES (2542, 941.56, 'Amendis', '2026-05-23 19:56:31', 'DEBIT', 'acc-29229a12-598c-44e5-935b-d0d1e2f0f19b');
INSERT INTO account_operation (id, amount, description, operation_date, type, bank_account_id) VALUES (2543, 282.07, 'Carrefour', '2026-04-06 19:56:31', 'DEBIT', 'acc-29229a12-598c-44e5-935b-d0d1e2f0f19b');
INSERT INTO account_operation (id, amount, description, operation_date, type, bank_account_id) VALUES (2544, 1351.52, 'Orange', '2026-02-17 19:56:31', 'DEBIT', 'acc-29229a12-598c-44e5-935b-d0d1e2f0f19b');
INSERT INTO account_operation (id, amount, description, operation_date, type, bank_account_id) VALUES (2545, 12183.43, 'Salary Deposit', '2026-06-23 19:56:31', 'CREDIT', 'acc-29229a12-598c-44e5-935b-d0d1e2f0f19b');
INSERT INTO account_operation (id, amount, description, operation_date, type, bank_account_id) VALUES (2546, 2463.18, 'Cash Deposit', '2026-06-22 19:56:31', 'CREDIT', 'acc-29229a12-598c-44e5-935b-d0d1e2f0f19b');
INSERT INTO account_operation (id, amount, description, operation_date, type, bank_account_id) VALUES (2547, 1480.37, 'Inwi', '2026-03-17 19:56:31', 'DEBIT', 'acc-29229a12-598c-44e5-935b-d0d1e2f0f19b');
INSERT INTO account_operation (id, amount, description, operation_date, type, bank_account_id) VALUES (2548, 1445.82, 'Cash Deposit', '2026-06-05 19:56:31', 'CREDIT', 'acc-29229a12-598c-44e5-935b-d0d1e2f0f19b');
INSERT INTO account_operation (id, amount, description, operation_date, type, bank_account_id) VALUES (2549, 8836.12, 'Transfer Received', '2026-04-26 19:56:31', 'CREDIT', 'acc-29229a12-598c-44e5-935b-d0d1e2f0f19b');
INSERT INTO account_operation (id, amount, description, operation_date, type, bank_account_id) VALUES (2550, 1940.83, 'Orange', '2026-05-29 19:56:31', 'DEBIT', 'acc-29229a12-598c-44e5-935b-d0d1e2f0f19b');
INSERT INTO account_operation (id, amount, description, operation_date, type, bank_account_id) VALUES (2551, 174.89, 'Redal', '2026-04-13 19:56:31', 'DEBIT', 'acc-29229a12-598c-44e5-935b-d0d1e2f0f19b');
INSERT INTO account_operation (id, amount, description, operation_date, type, bank_account_id) VALUES (2552, 1801.73, 'Spotify', '2026-03-22 19:56:31', 'DEBIT', 'acc-29229a12-598c-44e5-935b-d0d1e2f0f19b');
INSERT INTO account_operation (id, amount, description, operation_date, type, bank_account_id) VALUES (2553, 14040.93, 'Freelance Payment', '2026-06-08 19:56:31', 'CREDIT', 'acc-29229a12-598c-44e5-935b-d0d1e2f0f19b');
INSERT INTO account_operation (id, amount, description, operation_date, type, bank_account_id) VALUES (2554, 980.72, 'Pharmacy', '2026-01-21 19:56:31', 'DEBIT', 'acc-29229a12-598c-44e5-935b-d0d1e2f0f19b');
INSERT INTO account_operation (id, amount, description, operation_date, type, bank_account_id) VALUES (2555, 524.69, 'ONEE Electricity', '2026-01-12 19:56:31', 'DEBIT', 'acc-29229a12-598c-44e5-935b-d0d1e2f0f19b');
INSERT INTO account_operation (id, amount, description, operation_date, type, bank_account_id) VALUES (2556, 1904.33, 'Spotify', '2026-06-05 19:56:31', 'DEBIT', 'acc-29229a12-598c-44e5-935b-d0d1e2f0f19b');
INSERT INTO account_operation (id, amount, description, operation_date, type, bank_account_id) VALUES (2557, 259.98, 'Pharmacy', '2026-03-07 19:56:31', 'DEBIT', 'acc-29229a12-598c-44e5-935b-d0d1e2f0f19b');
INSERT INTO account_operation (id, amount, description, operation_date, type, bank_account_id) VALUES (2558, 126.77, 'Zara', '2026-03-13 19:56:31', 'DEBIT', 'acc-29229a12-598c-44e5-935b-d0d1e2f0f19b');
INSERT INTO account_operation (id, amount, description, operation_date, type, bank_account_id) VALUES (2559, 5382.28, 'Salary Deposit', '2026-01-30 19:56:31', 'CREDIT', 'acc-29229a12-598c-44e5-935b-d0d1e2f0f19b');

INSERT INTO customer (id, name, email) VALUES (45, 'Mehdi Daoudi', 'mehdi.daoudi@gmail.com');
INSERT INTO bank_account (id, type, balance, created_at, customer_id, over_draft, interest_rate) VALUES ('acc-e7cb1b91-a59c-4b9e-be3d-d9ab7b24790e', 'CURR', 50092.27, '2025-07-28 19:56:31', 45, 4699.84, NULL);
INSERT INTO account_operation (id, amount, description, operation_date, type, bank_account_id) VALUES (2560, 29912.58, 'Initial Account Funding', '2025-07-28 19:56:31', 'CREDIT', 'acc-e7cb1b91-a59c-4b9e-be3d-d9ab7b24790e');
INSERT INTO account_operation (id, amount, description, operation_date, type, bank_account_id) VALUES (2561, 1876.43, 'Carrefour', '2025-10-09 19:56:31', 'DEBIT', 'acc-e7cb1b91-a59c-4b9e-be3d-d9ab7b24790e');
INSERT INTO account_operation (id, amount, description, operation_date, type, bank_account_id) VALUES (2562, 296.4, 'Carrefour', '2026-01-17 19:56:31', 'DEBIT', 'acc-e7cb1b91-a59c-4b9e-be3d-d9ab7b24790e');
INSERT INTO account_operation (id, amount, description, operation_date, type, bank_account_id) VALUES (2563, 1629.02, 'Redal', '2025-08-17 19:56:31', 'DEBIT', 'acc-e7cb1b91-a59c-4b9e-be3d-d9ab7b24790e');
INSERT INTO account_operation (id, amount, description, operation_date, type, bank_account_id) VALUES (2564, 1767.68, 'ONEE Electricity', '2025-10-03 19:56:31', 'DEBIT', 'acc-e7cb1b91-a59c-4b9e-be3d-d9ab7b24790e');
INSERT INTO account_operation (id, amount, description, operation_date, type, bank_account_id) VALUES (2565, 10475.98, 'Cash Deposit', '2025-08-14 19:56:31', 'CREDIT', 'acc-e7cb1b91-a59c-4b9e-be3d-d9ab7b24790e');
INSERT INTO account_operation (id, amount, description, operation_date, type, bank_account_id) VALUES (2566, 1532.34, 'Local Cafe', '2025-09-20 19:56:31', 'DEBIT', 'acc-e7cb1b91-a59c-4b9e-be3d-d9ab7b24790e');
INSERT INTO account_operation (id, amount, description, operation_date, type, bank_account_id) VALUES (2567, 1729.03, 'Spotify', '2026-01-09 19:56:31', 'DEBIT', 'acc-e7cb1b91-a59c-4b9e-be3d-d9ab7b24790e');
INSERT INTO account_operation (id, amount, description, operation_date, type, bank_account_id) VALUES (2568, 12557.86, 'Dividend Payout', '2025-09-07 19:56:31', 'CREDIT', 'acc-e7cb1b91-a59c-4b9e-be3d-d9ab7b24790e');
INSERT INTO account_operation (id, amount, description, operation_date, type, bank_account_id) VALUES (2569, 1840.67, 'Marjane Supermarket', '2026-04-05 19:56:31', 'DEBIT', 'acc-e7cb1b91-a59c-4b9e-be3d-d9ab7b24790e');
INSERT INTO account_operation (id, amount, description, operation_date, type, bank_account_id) VALUES (2570, 828.95, 'BIM Store', '2025-11-04 19:56:31', 'DEBIT', 'acc-e7cb1b91-a59c-4b9e-be3d-d9ab7b24790e');
INSERT INTO account_operation (id, amount, description, operation_date, type, bank_account_id) VALUES (2571, 405.54, 'LC Waikiki', '2026-01-31 19:56:31', 'DEBIT', 'acc-e7cb1b91-a59c-4b9e-be3d-d9ab7b24790e');
INSERT INTO account_operation (id, amount, description, operation_date, type, bank_account_id) VALUES (2572, 8769.27, 'Cash Deposit', '2026-06-17 19:56:31', 'CREDIT', 'acc-e7cb1b91-a59c-4b9e-be3d-d9ab7b24790e');
INSERT INTO account_operation (id, amount, description, operation_date, type, bank_account_id) VALUES (2573, 1764.68, 'BIM Store', '2026-06-24 19:56:31', 'DEBIT', 'acc-e7cb1b91-a59c-4b9e-be3d-d9ab7b24790e');
INSERT INTO account_operation (id, amount, description, operation_date, type, bank_account_id) VALUES (2574, 1745.73, 'Carrefour', '2026-02-22 19:56:31', 'DEBIT', 'acc-e7cb1b91-a59c-4b9e-be3d-d9ab7b24790e');
INSERT INTO account_operation (id, amount, description, operation_date, type, bank_account_id) VALUES (2575, 336.36, 'Local Cafe', '2025-11-18 19:56:31', 'DEBIT', 'acc-e7cb1b91-a59c-4b9e-be3d-d9ab7b24790e');
INSERT INTO account_operation (id, amount, description, operation_date, type, bank_account_id) VALUES (2576, 246.55, 'Restaurant', '2025-11-24 19:56:31', 'DEBIT', 'acc-e7cb1b91-a59c-4b9e-be3d-d9ab7b24790e');
INSERT INTO account_operation (id, amount, description, operation_date, type, bank_account_id) VALUES (2577, 1248.88, 'Dividend Payout', '2025-12-18 19:56:31', 'CREDIT', 'acc-e7cb1b91-a59c-4b9e-be3d-d9ab7b24790e');
INSERT INTO account_operation (id, amount, description, operation_date, type, bank_account_id) VALUES (2578, 1948.48, 'CTM Bus', '2026-01-07 19:56:31', 'DEBIT', 'acc-e7cb1b91-a59c-4b9e-be3d-d9ab7b24790e');
INSERT INTO account_operation (id, amount, description, operation_date, type, bank_account_id) VALUES (2579, 870.86, 'Maroc Telecom', '2025-09-24 19:56:31', 'DEBIT', 'acc-e7cb1b91-a59c-4b9e-be3d-d9ab7b24790e');
INSERT INTO account_operation (id, amount, description, operation_date, type, bank_account_id) VALUES (2580, 584.02, 'Netflix Subscription', '2026-05-19 19:56:31', 'DEBIT', 'acc-e7cb1b91-a59c-4b9e-be3d-d9ab7b24790e');
INSERT INTO account_operation (id, amount, description, operation_date, type, bank_account_id) VALUES (2581, 694.4, 'Netflix Subscription', '2026-06-05 19:56:31', 'DEBIT', 'acc-e7cb1b91-a59c-4b9e-be3d-d9ab7b24790e');
INSERT INTO account_operation (id, amount, description, operation_date, type, bank_account_id) VALUES (2582, 951.06, 'Pharmacy', '2025-08-23 19:56:31', 'DEBIT', 'acc-e7cb1b91-a59c-4b9e-be3d-d9ab7b24790e');
INSERT INTO account_operation (id, amount, description, operation_date, type, bank_account_id) VALUES (2583, 10219.72, 'Freelance Payment', '2026-03-29 19:56:31', 'CREDIT', 'acc-e7cb1b91-a59c-4b9e-be3d-d9ab7b24790e');
INSERT INTO account_operation (id, amount, description, operation_date, type, bank_account_id) VALUES (2584, 2624.31, 'Cash Deposit', '2026-06-08 19:56:31', 'CREDIT', 'acc-e7cb1b91-a59c-4b9e-be3d-d9ab7b24790e');
INSERT INTO account_operation (id, amount, description, operation_date, type, bank_account_id) VALUES (2585, 1325.53, 'Netflix Subscription', '2025-11-26 19:56:31', 'DEBIT', 'acc-e7cb1b91-a59c-4b9e-be3d-d9ab7b24790e');
INSERT INTO account_operation (id, amount, description, operation_date, type, bank_account_id) VALUES (2586, 1306.77, 'Amendis', '2025-12-15 19:56:31', 'DEBIT', 'acc-e7cb1b91-a59c-4b9e-be3d-d9ab7b24790e');
INSERT INTO account_operation (id, amount, description, operation_date, type, bank_account_id) VALUES (2587, 842.27, 'Amendis', '2026-06-09 19:56:31', 'DEBIT', 'acc-e7cb1b91-a59c-4b9e-be3d-d9ab7b24790e');
INSERT INTO account_operation (id, amount, description, operation_date, type, bank_account_id) VALUES (2588, 1193.56, 'Orange', '2025-08-23 19:56:31', 'DEBIT', 'acc-e7cb1b91-a59c-4b9e-be3d-d9ab7b24790e');
INSERT INTO bank_account (id, type, balance, created_at, customer_id, over_draft, interest_rate) VALUES ('acc-85499482-3160-4aca-9122-4184919d7cac', 'CURR', 73692.03, '2026-02-01 19:56:31', 45, 5362.79, NULL);
INSERT INTO account_operation (id, amount, description, operation_date, type, bank_account_id) VALUES (2589, 49491.8, 'Initial Account Funding', '2026-02-01 19:56:31', 'CREDIT', 'acc-85499482-3160-4aca-9122-4184919d7cac');
INSERT INTO account_operation (id, amount, description, operation_date, type, bank_account_id) VALUES (2590, 1932.73, 'Restaurant', '2026-02-07 19:56:31', 'DEBIT', 'acc-85499482-3160-4aca-9122-4184919d7cac');
INSERT INTO account_operation (id, amount, description, operation_date, type, bank_account_id) VALUES (2591, 10049.13, 'Freelance Payment', '2026-04-05 19:56:31', 'CREDIT', 'acc-85499482-3160-4aca-9122-4184919d7cac');
INSERT INTO account_operation (id, amount, description, operation_date, type, bank_account_id) VALUES (2592, 30.89, 'Inwi', '2026-03-22 19:56:31', 'DEBIT', 'acc-85499482-3160-4aca-9122-4184919d7cac');
INSERT INTO account_operation (id, amount, description, operation_date, type, bank_account_id) VALUES (2593, 1154.08, 'Marjane Supermarket', '2026-03-24 19:56:31', 'DEBIT', 'acc-85499482-3160-4aca-9122-4184919d7cac');
INSERT INTO account_operation (id, amount, description, operation_date, type, bank_account_id) VALUES (2594, 966.01, 'Marjane Supermarket', '2026-02-05 19:56:31', 'DEBIT', 'acc-85499482-3160-4aca-9122-4184919d7cac');
INSERT INTO account_operation (id, amount, description, operation_date, type, bank_account_id) VALUES (2595, 669.29, 'CTM Bus', '2026-06-01 19:56:31', 'DEBIT', 'acc-85499482-3160-4aca-9122-4184919d7cac');
INSERT INTO account_operation (id, amount, description, operation_date, type, bank_account_id) VALUES (2596, 144.82, 'Amendis', '2026-04-09 19:56:31', 'DEBIT', 'acc-85499482-3160-4aca-9122-4184919d7cac');
INSERT INTO account_operation (id, amount, description, operation_date, type, bank_account_id) VALUES (2597, 10855.96, 'Freelance Payment', '2026-04-05 19:56:31', 'CREDIT', 'acc-85499482-3160-4aca-9122-4184919d7cac');
INSERT INTO account_operation (id, amount, description, operation_date, type, bank_account_id) VALUES (2598, 20.01, 'ONEE Electricity', '2026-05-25 19:56:31', 'DEBIT', 'acc-85499482-3160-4aca-9122-4184919d7cac');
INSERT INTO account_operation (id, amount, description, operation_date, type, bank_account_id) VALUES (2599, 1175.7, 'ONCF Train', '2026-06-09 19:56:31', 'DEBIT', 'acc-85499482-3160-4aca-9122-4184919d7cac');
INSERT INTO account_operation (id, amount, description, operation_date, type, bank_account_id) VALUES (2600, 934.91, 'Carrefour', '2026-05-24 19:56:31', 'DEBIT', 'acc-85499482-3160-4aca-9122-4184919d7cac');
INSERT INTO account_operation (id, amount, description, operation_date, type, bank_account_id) VALUES (2601, 5911.95, 'Freelance Payment', '2026-06-20 19:56:31', 'CREDIT', 'acc-85499482-3160-4aca-9122-4184919d7cac');
INSERT INTO account_operation (id, amount, description, operation_date, type, bank_account_id) VALUES (2602, 1019.77, 'Orange', '2026-02-17 19:56:31', 'DEBIT', 'acc-85499482-3160-4aca-9122-4184919d7cac');
INSERT INTO account_operation (id, amount, description, operation_date, type, bank_account_id) VALUES (2603, 8531.53, 'Salary Deposit', '2026-02-15 19:56:31', 'CREDIT', 'acc-85499482-3160-4aca-9122-4184919d7cac');
INSERT INTO account_operation (id, amount, description, operation_date, type, bank_account_id) VALUES (2604, 1641.89, 'CTM Bus', '2026-06-10 19:56:31', 'DEBIT', 'acc-85499482-3160-4aca-9122-4184919d7cac');
INSERT INTO account_operation (id, amount, description, operation_date, type, bank_account_id) VALUES (2605, 592.5, 'Spotify', '2026-02-03 19:56:31', 'DEBIT', 'acc-85499482-3160-4aca-9122-4184919d7cac');
INSERT INTO account_operation (id, amount, description, operation_date, type, bank_account_id) VALUES (2606, 865.74, 'Local Cafe', '2026-02-26 19:56:31', 'DEBIT', 'acc-85499482-3160-4aca-9122-4184919d7cac');
INSERT INTO bank_account (id, type, balance, created_at, customer_id, over_draft, interest_rate) VALUES ('acc-7242bdc8-82bc-4200-91ef-d755df2e13b1', 'SAVE', 57461.73, '2026-01-19 19:56:31', 45, NULL, 3.39);
INSERT INTO account_operation (id, amount, description, operation_date, type, bank_account_id) VALUES (2607, 19147.48, 'Initial Account Funding', '2026-01-19 19:56:31', 'CREDIT', 'acc-7242bdc8-82bc-4200-91ef-d755df2e13b1');
INSERT INTO account_operation (id, amount, description, operation_date, type, bank_account_id) VALUES (2608, 26.67, 'Maroc Telecom', '2026-04-14 19:56:31', 'DEBIT', 'acc-7242bdc8-82bc-4200-91ef-d755df2e13b1');
INSERT INTO account_operation (id, amount, description, operation_date, type, bank_account_id) VALUES (2609, 246.29, 'Redal', '2026-02-11 19:56:31', 'DEBIT', 'acc-7242bdc8-82bc-4200-91ef-d755df2e13b1');
INSERT INTO account_operation (id, amount, description, operation_date, type, bank_account_id) VALUES (2610, 334.91, 'Zara', '2026-03-06 19:56:31', 'DEBIT', 'acc-7242bdc8-82bc-4200-91ef-d755df2e13b1');
INSERT INTO account_operation (id, amount, description, operation_date, type, bank_account_id) VALUES (2611, 6729.86, 'Freelance Payment', '2026-01-30 19:56:31', 'CREDIT', 'acc-7242bdc8-82bc-4200-91ef-d755df2e13b1');
INSERT INTO account_operation (id, amount, description, operation_date, type, bank_account_id) VALUES (2612, 274.64, 'Spotify', '2026-06-23 19:56:31', 'DEBIT', 'acc-7242bdc8-82bc-4200-91ef-d755df2e13b1');
INSERT INTO account_operation (id, amount, description, operation_date, type, bank_account_id) VALUES (2613, 1932.34, 'Netflix Subscription', '2026-05-11 19:56:31', 'DEBIT', 'acc-7242bdc8-82bc-4200-91ef-d755df2e13b1');
INSERT INTO account_operation (id, amount, description, operation_date, type, bank_account_id) VALUES (2614, 379.47, 'Maroc Telecom', '2026-05-30 19:56:31', 'DEBIT', 'acc-7242bdc8-82bc-4200-91ef-d755df2e13b1');
INSERT INTO account_operation (id, amount, description, operation_date, type, bank_account_id) VALUES (2615, 785.16, 'LC Waikiki', '2026-04-09 19:56:31', 'DEBIT', 'acc-7242bdc8-82bc-4200-91ef-d755df2e13b1');
INSERT INTO account_operation (id, amount, description, operation_date, type, bank_account_id) VALUES (2616, 1524.54, 'Marjane Supermarket', '2026-02-11 19:56:31', 'DEBIT', 'acc-7242bdc8-82bc-4200-91ef-d755df2e13b1');
INSERT INTO account_operation (id, amount, description, operation_date, type, bank_account_id) VALUES (2617, 1606.59, 'BIM Store', '2026-03-18 19:56:31', 'DEBIT', 'acc-7242bdc8-82bc-4200-91ef-d755df2e13b1');
INSERT INTO account_operation (id, amount, description, operation_date, type, bank_account_id) VALUES (2618, 1692.26, 'Restaurant', '2026-02-15 19:56:31', 'DEBIT', 'acc-7242bdc8-82bc-4200-91ef-d755df2e13b1');
INSERT INTO account_operation (id, amount, description, operation_date, type, bank_account_id) VALUES (2619, 170.5, 'Marjane Supermarket', '2026-04-27 19:56:31', 'DEBIT', 'acc-7242bdc8-82bc-4200-91ef-d755df2e13b1');
INSERT INTO account_operation (id, amount, description, operation_date, type, bank_account_id) VALUES (2620, 1400.13, 'Restaurant', '2026-03-31 19:56:31', 'DEBIT', 'acc-7242bdc8-82bc-4200-91ef-d755df2e13b1');
INSERT INTO account_operation (id, amount, description, operation_date, type, bank_account_id) VALUES (2621, 950.33, 'Netflix Subscription', '2026-06-02 19:56:31', 'DEBIT', 'acc-7242bdc8-82bc-4200-91ef-d755df2e13b1');
INSERT INTO account_operation (id, amount, description, operation_date, type, bank_account_id) VALUES (2622, 5269.91, 'Transfer Received', '2026-05-25 19:56:31', 'CREDIT', 'acc-7242bdc8-82bc-4200-91ef-d755df2e13b1');
INSERT INTO account_operation (id, amount, description, operation_date, type, bank_account_id) VALUES (2623, 1154.7, 'Restaurant', '2026-03-01 19:56:31', 'DEBIT', 'acc-7242bdc8-82bc-4200-91ef-d755df2e13b1');
INSERT INTO account_operation (id, amount, description, operation_date, type, bank_account_id) VALUES (2624, 11479.81, 'Salary Deposit', '2026-02-24 19:56:31', 'CREDIT', 'acc-7242bdc8-82bc-4200-91ef-d755df2e13b1');
INSERT INTO account_operation (id, amount, description, operation_date, type, bank_account_id) VALUES (2625, 1122.93, 'Maroc Telecom', '2026-05-04 19:56:31', 'DEBIT', 'acc-7242bdc8-82bc-4200-91ef-d755df2e13b1');
INSERT INTO account_operation (id, amount, description, operation_date, type, bank_account_id) VALUES (2626, 32.27, 'Zara', '2026-05-28 19:56:31', 'DEBIT', 'acc-7242bdc8-82bc-4200-91ef-d755df2e13b1');
INSERT INTO account_operation (id, amount, description, operation_date, type, bank_account_id) VALUES (2627, 823.51, 'Spotify', '2026-02-15 19:56:31', 'DEBIT', 'acc-7242bdc8-82bc-4200-91ef-d755df2e13b1');
INSERT INTO account_operation (id, amount, description, operation_date, type, bank_account_id) VALUES (2628, 1649.52, 'Orange', '2026-04-07 19:56:31', 'DEBIT', 'acc-7242bdc8-82bc-4200-91ef-d755df2e13b1');
INSERT INTO account_operation (id, amount, description, operation_date, type, bank_account_id) VALUES (2629, 1250.14, 'BIM Store', '2026-02-19 19:56:31', 'DEBIT', 'acc-7242bdc8-82bc-4200-91ef-d755df2e13b1');
INSERT INTO account_operation (id, amount, description, operation_date, type, bank_account_id) VALUES (2630, 236.31, 'Restaurant', '2026-06-14 19:56:31', 'DEBIT', 'acc-7242bdc8-82bc-4200-91ef-d755df2e13b1');
INSERT INTO account_operation (id, amount, description, operation_date, type, bank_account_id) VALUES (2631, 4882.2, 'Dividend Payout', '2026-05-15 19:56:31', 'CREDIT', 'acc-7242bdc8-82bc-4200-91ef-d755df2e13b1');
INSERT INTO account_operation (id, amount, description, operation_date, type, bank_account_id) VALUES (2632, 3836.5, 'Dividend Payout', '2026-06-22 19:56:31', 'CREDIT', 'acc-7242bdc8-82bc-4200-91ef-d755df2e13b1');
INSERT INTO account_operation (id, amount, description, operation_date, type, bank_account_id) VALUES (2633, 11290.14, 'Cash Deposit', '2026-03-28 19:56:31', 'CREDIT', 'acc-7242bdc8-82bc-4200-91ef-d755df2e13b1');
INSERT INTO account_operation (id, amount, description, operation_date, type, bank_account_id) VALUES (2634, 774.88, 'Spotify', '2026-02-06 19:56:31', 'DEBIT', 'acc-7242bdc8-82bc-4200-91ef-d755df2e13b1');
INSERT INTO account_operation (id, amount, description, operation_date, type, bank_account_id) VALUES (2635, 1763.22, 'ONEE Electricity', '2026-04-10 19:56:31', 'DEBIT', 'acc-7242bdc8-82bc-4200-91ef-d755df2e13b1');
INSERT INTO account_operation (id, amount, description, operation_date, type, bank_account_id) VALUES (2636, 57.24, 'Pharmacy', '2026-06-17 19:56:31', 'DEBIT', 'acc-7242bdc8-82bc-4200-91ef-d755df2e13b1');
INSERT INTO account_operation (id, amount, description, operation_date, type, bank_account_id) VALUES (2637, 12245.13, 'Freelance Payment', '2026-02-17 19:56:31', 'CREDIT', 'acc-7242bdc8-82bc-4200-91ef-d755df2e13b1');
INSERT INTO account_operation (id, amount, description, operation_date, type, bank_account_id) VALUES (2638, 1649.91, 'Zara', '2026-06-20 19:56:31', 'DEBIT', 'acc-7242bdc8-82bc-4200-91ef-d755df2e13b1');
INSERT INTO account_operation (id, amount, description, operation_date, type, bank_account_id) VALUES (2639, 4194.11, 'Cash Deposit', '2026-04-27 19:56:31', 'CREDIT', 'acc-7242bdc8-82bc-4200-91ef-d755df2e13b1');
INSERT INTO account_operation (id, amount, description, operation_date, type, bank_account_id) VALUES (2640, 1111.17, 'Inwi', '2026-02-06 19:56:31', 'DEBIT', 'acc-7242bdc8-82bc-4200-91ef-d755df2e13b1');
INSERT INTO account_operation (id, amount, description, operation_date, type, bank_account_id) VALUES (2641, 1236.56, 'Restaurant', '2026-05-26 19:56:31', 'DEBIT', 'acc-7242bdc8-82bc-4200-91ef-d755df2e13b1');
INSERT INTO account_operation (id, amount, description, operation_date, type, bank_account_id) VALUES (2642, 51.89, 'Spotify', '2026-01-30 19:56:31', 'DEBIT', 'acc-7242bdc8-82bc-4200-91ef-d755df2e13b1');
INSERT INTO account_operation (id, amount, description, operation_date, type, bank_account_id) VALUES (2643, 2624.67, 'Dividend Payout', '2026-03-23 19:56:31', 'CREDIT', 'acc-7242bdc8-82bc-4200-91ef-d755df2e13b1');

INSERT INTO customer (id, name, email) VALUES (46, 'Meryem El Fassi', 'meryem.el fassi@gmail.com');
INSERT INTO bank_account (id, type, balance, created_at, customer_id, over_draft, interest_rate) VALUES ('acc-e9c74377-5d70-4fa8-8acf-80f0dd9863e1', 'SAVE', 62244.8, '2026-01-14 19:56:31', 46, NULL, 2.55);
INSERT INTO account_operation (id, amount, description, operation_date, type, bank_account_id) VALUES (2644, 8529.42, 'Initial Account Funding', '2026-01-14 19:56:31', 'CREDIT', 'acc-e9c74377-5d70-4fa8-8acf-80f0dd9863e1');
INSERT INTO account_operation (id, amount, description, operation_date, type, bank_account_id) VALUES (2645, 155.04, 'Maroc Telecom', '2026-02-15 19:56:31', 'DEBIT', 'acc-e9c74377-5d70-4fa8-8acf-80f0dd9863e1');
INSERT INTO account_operation (id, amount, description, operation_date, type, bank_account_id) VALUES (2646, 867.33, 'Local Cafe', '2026-04-10 19:56:31', 'DEBIT', 'acc-e9c74377-5d70-4fa8-8acf-80f0dd9863e1');
INSERT INTO account_operation (id, amount, description, operation_date, type, bank_account_id) VALUES (2647, 4760.44, 'Salary Deposit', '2026-06-10 19:56:31', 'CREDIT', 'acc-e9c74377-5d70-4fa8-8acf-80f0dd9863e1');
INSERT INTO account_operation (id, amount, description, operation_date, type, bank_account_id) VALUES (2648, 11998.83, 'Transfer Received', '2026-02-10 19:56:31', 'CREDIT', 'acc-e9c74377-5d70-4fa8-8acf-80f0dd9863e1');
INSERT INTO account_operation (id, amount, description, operation_date, type, bank_account_id) VALUES (2649, 1582.61, 'Carrefour', '2026-03-10 19:56:31', 'DEBIT', 'acc-e9c74377-5d70-4fa8-8acf-80f0dd9863e1');
INSERT INTO account_operation (id, amount, description, operation_date, type, bank_account_id) VALUES (2650, 1687.91, 'Inwi', '2026-02-15 19:56:31', 'DEBIT', 'acc-e9c74377-5d70-4fa8-8acf-80f0dd9863e1');
INSERT INTO account_operation (id, amount, description, operation_date, type, bank_account_id) VALUES (2651, 8474.33, 'Cash Deposit', '2026-06-29 19:56:31', 'CREDIT', 'acc-e9c74377-5d70-4fa8-8acf-80f0dd9863e1');
INSERT INTO account_operation (id, amount, description, operation_date, type, bank_account_id) VALUES (2652, 1877.89, 'Restaurant', '2026-06-06 19:56:31', 'DEBIT', 'acc-e9c74377-5d70-4fa8-8acf-80f0dd9863e1');
INSERT INTO account_operation (id, amount, description, operation_date, type, bank_account_id) VALUES (2653, 1053.66, 'Carrefour', '2026-02-15 19:56:31', 'DEBIT', 'acc-e9c74377-5d70-4fa8-8acf-80f0dd9863e1');
INSERT INTO account_operation (id, amount, description, operation_date, type, bank_account_id) VALUES (2654, 893.04, 'Decathlon', '2026-05-15 19:56:31', 'DEBIT', 'acc-e9c74377-5d70-4fa8-8acf-80f0dd9863e1');
INSERT INTO account_operation (id, amount, description, operation_date, type, bank_account_id) VALUES (2655, 1989.0, 'Orange', '2026-03-02 19:56:31', 'DEBIT', 'acc-e9c74377-5d70-4fa8-8acf-80f0dd9863e1');
INSERT INTO account_operation (id, amount, description, operation_date, type, bank_account_id) VALUES (2656, 1128.09, 'Marjane Supermarket', '2026-02-04 19:56:31', 'DEBIT', 'acc-e9c74377-5d70-4fa8-8acf-80f0dd9863e1');
INSERT INTO account_operation (id, amount, description, operation_date, type, bank_account_id) VALUES (2657, 1070.29, 'ONEE Electricity', '2026-02-23 19:56:31', 'DEBIT', 'acc-e9c74377-5d70-4fa8-8acf-80f0dd9863e1');
INSERT INTO account_operation (id, amount, description, operation_date, type, bank_account_id) VALUES (2658, 461.15, 'Marjane Supermarket', '2026-04-07 19:56:31', 'DEBIT', 'acc-e9c74377-5d70-4fa8-8acf-80f0dd9863e1');
INSERT INTO account_operation (id, amount, description, operation_date, type, bank_account_id) VALUES (2659, 1459.54, 'Zara', '2026-06-27 19:56:31', 'DEBIT', 'acc-e9c74377-5d70-4fa8-8acf-80f0dd9863e1');
INSERT INTO account_operation (id, amount, description, operation_date, type, bank_account_id) VALUES (2660, 11081.01, 'Salary Deposit', '2026-05-29 19:56:31', 'CREDIT', 'acc-e9c74377-5d70-4fa8-8acf-80f0dd9863e1');
INSERT INTO account_operation (id, amount, description, operation_date, type, bank_account_id) VALUES (2661, 206.81, 'ONEE Electricity', '2026-05-24 19:56:31', 'DEBIT', 'acc-e9c74377-5d70-4fa8-8acf-80f0dd9863e1');
INSERT INTO account_operation (id, amount, description, operation_date, type, bank_account_id) VALUES (2662, 14444.04, 'Transfer Received', '2026-05-27 19:56:31', 'CREDIT', 'acc-e9c74377-5d70-4fa8-8acf-80f0dd9863e1');
INSERT INTO account_operation (id, amount, description, operation_date, type, bank_account_id) VALUES (2663, 1225.47, 'Spotify', '2026-02-08 19:56:31', 'DEBIT', 'acc-e9c74377-5d70-4fa8-8acf-80f0dd9863e1');
INSERT INTO account_operation (id, amount, description, operation_date, type, bank_account_id) VALUES (2664, 10037.33, 'Salary Deposit', '2026-04-18 19:56:31', 'CREDIT', 'acc-e9c74377-5d70-4fa8-8acf-80f0dd9863e1');
INSERT INTO account_operation (id, amount, description, operation_date, type, bank_account_id) VALUES (2665, 1575.6, 'Carrefour', '2026-05-16 19:56:31', 'DEBIT', 'acc-e9c74377-5d70-4fa8-8acf-80f0dd9863e1');
INSERT INTO account_operation (id, amount, description, operation_date, type, bank_account_id) VALUES (2666, 1096.94, 'Restaurant', '2026-06-04 19:56:31', 'DEBIT', 'acc-e9c74377-5d70-4fa8-8acf-80f0dd9863e1');
INSERT INTO account_operation (id, amount, description, operation_date, type, bank_account_id) VALUES (2667, 12193.48, 'Salary Deposit', '2026-05-19 19:56:31', 'CREDIT', 'acc-e9c74377-5d70-4fa8-8acf-80f0dd9863e1');
INSERT INTO account_operation (id, amount, description, operation_date, type, bank_account_id) VALUES (2668, 943.71, 'BIM Store', '2026-05-21 19:56:31', 'DEBIT', 'acc-e9c74377-5d70-4fa8-8acf-80f0dd9863e1');
INSERT INTO bank_account (id, type, balance, created_at, customer_id, over_draft, interest_rate) VALUES ('acc-e0b08770-d2c9-4f8a-80ca-9e8aade77301', 'SAVE', 31801.26, '2026-04-28 19:56:31', 46, NULL, 2.47);
INSERT INTO account_operation (id, amount, description, operation_date, type, bank_account_id) VALUES (2669, 8374.77, 'Initial Account Funding', '2026-04-28 19:56:31', 'CREDIT', 'acc-e0b08770-d2c9-4f8a-80ca-9e8aade77301');
INSERT INTO account_operation (id, amount, description, operation_date, type, bank_account_id) VALUES (2670, 923.89, 'Restaurant', '2026-06-07 19:56:31', 'DEBIT', 'acc-e0b08770-d2c9-4f8a-80ca-9e8aade77301');
INSERT INTO account_operation (id, amount, description, operation_date, type, bank_account_id) VALUES (2671, 117.29, 'Orange', '2026-05-07 19:56:31', 'DEBIT', 'acc-e0b08770-d2c9-4f8a-80ca-9e8aade77301');
INSERT INTO account_operation (id, amount, description, operation_date, type, bank_account_id) VALUES (2672, 1607.99, 'ONCF Train', '2026-05-10 19:56:31', 'DEBIT', 'acc-e0b08770-d2c9-4f8a-80ca-9e8aade77301');
INSERT INTO account_operation (id, amount, description, operation_date, type, bank_account_id) VALUES (2673, 10235.62, 'Freelance Payment', '2026-05-03 19:56:31', 'CREDIT', 'acc-e0b08770-d2c9-4f8a-80ca-9e8aade77301');
INSERT INTO account_operation (id, amount, description, operation_date, type, bank_account_id) VALUES (2674, 510.25, 'ONEE Electricity', '2026-05-11 19:56:31', 'DEBIT', 'acc-e0b08770-d2c9-4f8a-80ca-9e8aade77301');
INSERT INTO account_operation (id, amount, description, operation_date, type, bank_account_id) VALUES (2675, 1415.43, 'Netflix Subscription', '2026-06-22 19:56:31', 'DEBIT', 'acc-e0b08770-d2c9-4f8a-80ca-9e8aade77301');
INSERT INTO account_operation (id, amount, description, operation_date, type, bank_account_id) VALUES (2676, 688.55, 'Netflix Subscription', '2026-06-24 19:56:31', 'DEBIT', 'acc-e0b08770-d2c9-4f8a-80ca-9e8aade77301');
INSERT INTO account_operation (id, amount, description, operation_date, type, bank_account_id) VALUES (2677, 1097.17, 'Spotify', '2026-06-22 19:56:31', 'DEBIT', 'acc-e0b08770-d2c9-4f8a-80ca-9e8aade77301');
INSERT INTO account_operation (id, amount, description, operation_date, type, bank_account_id) VALUES (2678, 1800.55, 'Carrefour', '2026-05-23 19:56:31', 'DEBIT', 'acc-e0b08770-d2c9-4f8a-80ca-9e8aade77301');
INSERT INTO account_operation (id, amount, description, operation_date, type, bank_account_id) VALUES (2679, 11164.44, 'Dividend Payout', '2026-06-08 19:56:31', 'CREDIT', 'acc-e0b08770-d2c9-4f8a-80ca-9e8aade77301');
INSERT INTO account_operation (id, amount, description, operation_date, type, bank_account_id) VALUES (2680, 329.18, 'ONCF Train', '2026-06-22 19:56:31', 'DEBIT', 'acc-e0b08770-d2c9-4f8a-80ca-9e8aade77301');
INSERT INTO account_operation (id, amount, description, operation_date, type, bank_account_id) VALUES (2681, 13268.34, 'Transfer Received', '2026-05-12 19:56:31', 'CREDIT', 'acc-e0b08770-d2c9-4f8a-80ca-9e8aade77301');
INSERT INTO account_operation (id, amount, description, operation_date, type, bank_account_id) VALUES (2682, 1048.41, 'Restaurant', '2026-05-21 19:56:31', 'DEBIT', 'acc-e0b08770-d2c9-4f8a-80ca-9e8aade77301');
INSERT INTO account_operation (id, amount, description, operation_date, type, bank_account_id) VALUES (2683, 1052.8, 'ONEE Electricity', '2026-06-17 19:56:31', 'DEBIT', 'acc-e0b08770-d2c9-4f8a-80ca-9e8aade77301');
INSERT INTO account_operation (id, amount, description, operation_date, type, bank_account_id) VALUES (2684, 447.61, 'Amendis', '2026-06-17 19:56:31', 'DEBIT', 'acc-e0b08770-d2c9-4f8a-80ca-9e8aade77301');
INSERT INTO account_operation (id, amount, description, operation_date, type, bank_account_id) VALUES (2685, 658.62, 'Redal', '2026-06-16 19:56:31', 'DEBIT', 'acc-e0b08770-d2c9-4f8a-80ca-9e8aade77301');
INSERT INTO account_operation (id, amount, description, operation_date, type, bank_account_id) VALUES (2686, 1014.8, 'Maroc Telecom', '2026-06-19 19:56:31', 'DEBIT', 'acc-e0b08770-d2c9-4f8a-80ca-9e8aade77301');
INSERT INTO account_operation (id, amount, description, operation_date, type, bank_account_id) VALUES (2687, 55.05, 'Amendis', '2026-05-12 19:56:31', 'DEBIT', 'acc-e0b08770-d2c9-4f8a-80ca-9e8aade77301');
INSERT INTO account_operation (id, amount, description, operation_date, type, bank_account_id) VALUES (2688, 124.26, 'Maroc Telecom', '2026-04-30 19:56:31', 'DEBIT', 'acc-e0b08770-d2c9-4f8a-80ca-9e8aade77301');
INSERT INTO account_operation (id, amount, description, operation_date, type, bank_account_id) VALUES (2689, 5630.06, 'Freelance Payment', '2026-06-12 19:56:31', 'CREDIT', 'acc-e0b08770-d2c9-4f8a-80ca-9e8aade77301');
INSERT INTO account_operation (id, amount, description, operation_date, type, bank_account_id) VALUES (2690, 477.04, 'Marjane Supermarket', '2026-05-03 19:56:31', 'DEBIT', 'acc-e0b08770-d2c9-4f8a-80ca-9e8aade77301');
INSERT INTO account_operation (id, amount, description, operation_date, type, bank_account_id) VALUES (2691, 790.71, 'LC Waikiki', '2026-05-14 19:56:31', 'DEBIT', 'acc-e0b08770-d2c9-4f8a-80ca-9e8aade77301');
INSERT INTO account_operation (id, amount, description, operation_date, type, bank_account_id) VALUES (2692, 1398.72, 'ONCF Train', '2026-06-27 19:56:31', 'DEBIT', 'acc-e0b08770-d2c9-4f8a-80ca-9e8aade77301');
INSERT INTO account_operation (id, amount, description, operation_date, type, bank_account_id) VALUES (2693, 1313.65, 'Redal', '2026-06-01 19:56:31', 'DEBIT', 'acc-e0b08770-d2c9-4f8a-80ca-9e8aade77301');
INSERT INTO bank_account (id, type, balance, created_at, customer_id, over_draft, interest_rate) VALUES ('acc-5ac6d39a-00d2-4a9c-822b-6eedd9a05510', 'CURR', 66751.31, '2025-11-18 19:56:31', 46, 5714.28, NULL);
INSERT INTO account_operation (id, amount, description, operation_date, type, bank_account_id) VALUES (2694, 28401.26, 'Initial Account Funding', '2025-11-18 19:56:31', 'CREDIT', 'acc-5ac6d39a-00d2-4a9c-822b-6eedd9a05510');
INSERT INTO account_operation (id, amount, description, operation_date, type, bank_account_id) VALUES (2695, 2879.26, 'Freelance Payment', '2026-03-09 19:56:31', 'CREDIT', 'acc-5ac6d39a-00d2-4a9c-822b-6eedd9a05510');
INSERT INTO account_operation (id, amount, description, operation_date, type, bank_account_id) VALUES (2696, 330.15, 'BIM Store', '2026-05-15 19:56:31', 'DEBIT', 'acc-5ac6d39a-00d2-4a9c-822b-6eedd9a05510');
INSERT INTO account_operation (id, amount, description, operation_date, type, bank_account_id) VALUES (2697, 1084.3, 'LC Waikiki', '2026-06-28 19:56:31', 'DEBIT', 'acc-5ac6d39a-00d2-4a9c-822b-6eedd9a05510');
INSERT INTO account_operation (id, amount, description, operation_date, type, bank_account_id) VALUES (2698, 277.4, 'BIM Store', '2026-03-18 19:56:31', 'DEBIT', 'acc-5ac6d39a-00d2-4a9c-822b-6eedd9a05510');
INSERT INTO account_operation (id, amount, description, operation_date, type, bank_account_id) VALUES (2699, 496.47, 'Spotify', '2026-01-01 19:56:31', 'DEBIT', 'acc-5ac6d39a-00d2-4a9c-822b-6eedd9a05510');
INSERT INTO account_operation (id, amount, description, operation_date, type, bank_account_id) VALUES (2700, 808.1, 'Carrefour', '2026-01-03 19:56:31', 'DEBIT', 'acc-5ac6d39a-00d2-4a9c-822b-6eedd9a05510');
INSERT INTO account_operation (id, amount, description, operation_date, type, bank_account_id) VALUES (2701, 15.2, 'Zara', '2025-11-20 19:56:31', 'DEBIT', 'acc-5ac6d39a-00d2-4a9c-822b-6eedd9a05510');
INSERT INTO account_operation (id, amount, description, operation_date, type, bank_account_id) VALUES (2702, 177.31, 'Inwi', '2026-02-03 19:56:31', 'DEBIT', 'acc-5ac6d39a-00d2-4a9c-822b-6eedd9a05510');
INSERT INTO account_operation (id, amount, description, operation_date, type, bank_account_id) VALUES (2703, 1044.21, 'Carrefour', '2026-03-25 19:56:31', 'DEBIT', 'acc-5ac6d39a-00d2-4a9c-822b-6eedd9a05510');
INSERT INTO account_operation (id, amount, description, operation_date, type, bank_account_id) VALUES (2704, 5329.03, 'Cash Deposit', '2026-04-06 19:56:31', 'CREDIT', 'acc-5ac6d39a-00d2-4a9c-822b-6eedd9a05510');
INSERT INTO account_operation (id, amount, description, operation_date, type, bank_account_id) VALUES (2705, 1411.37, 'Inwi', '2026-01-17 19:56:31', 'DEBIT', 'acc-5ac6d39a-00d2-4a9c-822b-6eedd9a05510');
INSERT INTO account_operation (id, amount, description, operation_date, type, bank_account_id) VALUES (2706, 595.69, 'Carrefour', '2026-04-14 19:56:31', 'DEBIT', 'acc-5ac6d39a-00d2-4a9c-822b-6eedd9a05510');
INSERT INTO account_operation (id, amount, description, operation_date, type, bank_account_id) VALUES (2707, 447.17, 'CTM Bus', '2026-05-13 19:56:31', 'DEBIT', 'acc-5ac6d39a-00d2-4a9c-822b-6eedd9a05510');
INSERT INTO account_operation (id, amount, description, operation_date, type, bank_account_id) VALUES (2708, 8890.78, 'Dividend Payout', '2026-02-05 19:56:31', 'CREDIT', 'acc-5ac6d39a-00d2-4a9c-822b-6eedd9a05510');
INSERT INTO account_operation (id, amount, description, operation_date, type, bank_account_id) VALUES (2709, 1059.47, 'Netflix Subscription', '2026-01-23 19:56:31', 'DEBIT', 'acc-5ac6d39a-00d2-4a9c-822b-6eedd9a05510');
INSERT INTO account_operation (id, amount, description, operation_date, type, bank_account_id) VALUES (2710, 4450.07, 'Salary Deposit', '2026-03-28 19:56:31', 'CREDIT', 'acc-5ac6d39a-00d2-4a9c-822b-6eedd9a05510');
INSERT INTO account_operation (id, amount, description, operation_date, type, bank_account_id) VALUES (2711, 3717.04, 'Salary Deposit', '2026-03-02 19:56:31', 'CREDIT', 'acc-5ac6d39a-00d2-4a9c-822b-6eedd9a05510');
INSERT INTO account_operation (id, amount, description, operation_date, type, bank_account_id) VALUES (2712, 1559.21, 'CTM Bus', '2026-01-05 19:56:31', 'DEBIT', 'acc-5ac6d39a-00d2-4a9c-822b-6eedd9a05510');
INSERT INTO account_operation (id, amount, description, operation_date, type, bank_account_id) VALUES (2713, 25.95, 'LC Waikiki', '2026-02-23 19:56:31', 'DEBIT', 'acc-5ac6d39a-00d2-4a9c-822b-6eedd9a05510');
INSERT INTO account_operation (id, amount, description, operation_date, type, bank_account_id) VALUES (2714, 492.65, 'ONCF Train', '2026-06-23 19:56:31', 'DEBIT', 'acc-5ac6d39a-00d2-4a9c-822b-6eedd9a05510');
INSERT INTO account_operation (id, amount, description, operation_date, type, bank_account_id) VALUES (2715, 1109.28, 'Netflix Subscription', '2026-02-04 19:56:31', 'DEBIT', 'acc-5ac6d39a-00d2-4a9c-822b-6eedd9a05510');
INSERT INTO account_operation (id, amount, description, operation_date, type, bank_account_id) VALUES (2716, 1595.04, 'Orange', '2026-06-27 19:56:31', 'DEBIT', 'acc-5ac6d39a-00d2-4a9c-822b-6eedd9a05510');
INSERT INTO account_operation (id, amount, description, operation_date, type, bank_account_id) VALUES (2717, 375.7, 'Marjane Supermarket', '2026-06-20 19:56:31', 'DEBIT', 'acc-5ac6d39a-00d2-4a9c-822b-6eedd9a05510');
INSERT INTO account_operation (id, amount, description, operation_date, type, bank_account_id) VALUES (2718, 5140.8, 'Salary Deposit', '2026-03-06 19:56:31', 'CREDIT', 'acc-5ac6d39a-00d2-4a9c-822b-6eedd9a05510');
INSERT INTO account_operation (id, amount, description, operation_date, type, bank_account_id) VALUES (2719, 4382.09, 'Transfer Received', '2026-01-26 19:56:31', 'CREDIT', 'acc-5ac6d39a-00d2-4a9c-822b-6eedd9a05510');
INSERT INTO account_operation (id, amount, description, operation_date, type, bank_account_id) VALUES (2720, 339.49, 'Zara', '2026-04-30 19:56:31', 'DEBIT', 'acc-5ac6d39a-00d2-4a9c-822b-6eedd9a05510');
INSERT INTO account_operation (id, amount, description, operation_date, type, bank_account_id) VALUES (2721, 1506.28, 'Orange', '2026-05-16 19:56:31', 'DEBIT', 'acc-5ac6d39a-00d2-4a9c-822b-6eedd9a05510');
INSERT INTO account_operation (id, amount, description, operation_date, type, bank_account_id) VALUES (2722, 980.24, 'BIM Store', '2025-12-01 19:56:31', 'DEBIT', 'acc-5ac6d39a-00d2-4a9c-822b-6eedd9a05510');
INSERT INTO account_operation (id, amount, description, operation_date, type, bank_account_id) VALUES (2723, 1452.21, 'CTM Bus', '2026-06-17 19:56:31', 'DEBIT', 'acc-5ac6d39a-00d2-4a9c-822b-6eedd9a05510');
INSERT INTO account_operation (id, amount, description, operation_date, type, bank_account_id) VALUES (2724, 950.9, 'Maroc Telecom', '2026-03-24 19:56:31', 'DEBIT', 'acc-5ac6d39a-00d2-4a9c-822b-6eedd9a05510');
INSERT INTO account_operation (id, amount, description, operation_date, type, bank_account_id) VALUES (2725, 1750.85, 'CTM Bus', '2026-06-15 19:56:31', 'DEBIT', 'acc-5ac6d39a-00d2-4a9c-822b-6eedd9a05510');
INSERT INTO account_operation (id, amount, description, operation_date, type, bank_account_id) VALUES (2726, 567.42, 'Restaurant', '2026-04-29 19:56:31', 'DEBIT', 'acc-5ac6d39a-00d2-4a9c-822b-6eedd9a05510');
INSERT INTO account_operation (id, amount, description, operation_date, type, bank_account_id) VALUES (2727, 11450.41, 'Freelance Payment', '2026-06-01 19:56:31', 'CREDIT', 'acc-5ac6d39a-00d2-4a9c-822b-6eedd9a05510');
INSERT INTO account_operation (id, amount, description, operation_date, type, bank_account_id) VALUES (2728, 7055.78, 'Transfer Received', '2026-06-07 19:56:31', 'CREDIT', 'acc-5ac6d39a-00d2-4a9c-822b-6eedd9a05510');
INSERT INTO account_operation (id, amount, description, operation_date, type, bank_account_id) VALUES (2729, 1848.96, 'ONEE Electricity', '2026-06-28 19:56:31', 'DEBIT', 'acc-5ac6d39a-00d2-4a9c-822b-6eedd9a05510');
INSERT INTO account_operation (id, amount, description, operation_date, type, bank_account_id) VALUES (2730, 1893.14, 'Orange', '2026-02-14 19:56:31', 'DEBIT', 'acc-5ac6d39a-00d2-4a9c-822b-6eedd9a05510');
INSERT INTO account_operation (id, amount, description, operation_date, type, bank_account_id) VALUES (2731, 11999.81, 'Dividend Payout', '2025-12-28 19:56:31', 'CREDIT', 'acc-5ac6d39a-00d2-4a9c-822b-6eedd9a05510');
INSERT INTO account_operation (id, amount, description, operation_date, type, bank_account_id) VALUES (2732, 1579.33, 'Redal', '2026-03-09 19:56:31', 'DEBIT', 'acc-5ac6d39a-00d2-4a9c-822b-6eedd9a05510');
INSERT INTO account_operation (id, amount, description, operation_date, type, bank_account_id) VALUES (2733, 1785.27, 'Inwi', '2026-04-27 19:56:31', 'DEBIT', 'acc-5ac6d39a-00d2-4a9c-822b-6eedd9a05510');
INSERT INTO account_operation (id, amount, description, operation_date, type, bank_account_id) VALUES (2734, 1499.08, 'Local Cafe', '2026-04-04 19:56:31', 'DEBIT', 'acc-5ac6d39a-00d2-4a9c-822b-6eedd9a05510');
INSERT INTO account_operation (id, amount, description, operation_date, type, bank_account_id) VALUES (2735, 1280.09, 'Carrefour', '2026-05-11 19:56:31', 'DEBIT', 'acc-5ac6d39a-00d2-4a9c-822b-6eedd9a05510');
INSERT INTO account_operation (id, amount, description, operation_date, type, bank_account_id) VALUES (2736, 584.59, 'LC Waikiki', '2026-01-16 19:56:31', 'DEBIT', 'acc-5ac6d39a-00d2-4a9c-822b-6eedd9a05510');
INSERT INTO account_operation (id, amount, description, operation_date, type, bank_account_id) VALUES (2737, 1870.1, 'Transfer Received', '2026-05-31 19:56:31', 'CREDIT', 'acc-5ac6d39a-00d2-4a9c-822b-6eedd9a05510');
INSERT INTO account_operation (id, amount, description, operation_date, type, bank_account_id) VALUES (2738, 988.12, 'Local Cafe', '2026-01-11 19:56:31', 'DEBIT', 'acc-5ac6d39a-00d2-4a9c-822b-6eedd9a05510');
INSERT INTO account_operation (id, amount, description, operation_date, type, bank_account_id) VALUES (2739, 1254.11, 'BIM Store', '2026-06-13 19:56:31', 'DEBIT', 'acc-5ac6d39a-00d2-4a9c-822b-6eedd9a05510');
INSERT INTO account_operation (id, amount, description, operation_date, type, bank_account_id) VALUES (2740, 5303.83, 'Transfer Received', '2025-11-23 19:56:31', 'CREDIT', 'acc-5ac6d39a-00d2-4a9c-822b-6eedd9a05510');
INSERT INTO account_operation (id, amount, description, operation_date, type, bank_account_id) VALUES (2741, 724.82, 'Pharmacy', '2026-03-02 19:56:31', 'DEBIT', 'acc-5ac6d39a-00d2-4a9c-822b-6eedd9a05510');
INSERT INTO account_operation (id, amount, description, operation_date, type, bank_account_id) VALUES (2742, 229.38, 'CTM Bus', '2025-12-28 19:56:31', 'DEBIT', 'acc-5ac6d39a-00d2-4a9c-822b-6eedd9a05510');

INSERT INTO customer (id, name, email) VALUES (47, 'Youssef Bennani', 'youssef.bennani@gmail.com');
INSERT INTO bank_account (id, type, balance, created_at, customer_id, over_draft, interest_rate) VALUES ('acc-30abb641-34fb-468c-98cb-ee3d8471027b', 'SAVE', 140108.9, '2025-07-25 19:56:31', 47, NULL, 1.88);
INSERT INTO account_operation (id, amount, description, operation_date, type, bank_account_id) VALUES (2743, 46385.59, 'Initial Account Funding', '2025-07-25 19:56:31', 'CREDIT', 'acc-30abb641-34fb-468c-98cb-ee3d8471027b');
INSERT INTO account_operation (id, amount, description, operation_date, type, bank_account_id) VALUES (2744, 348.43, 'Netflix Subscription', '2025-10-16 19:56:31', 'DEBIT', 'acc-30abb641-34fb-468c-98cb-ee3d8471027b');
INSERT INTO account_operation (id, amount, description, operation_date, type, bank_account_id) VALUES (2745, 1966.66, 'Redal', '2025-12-07 19:56:31', 'DEBIT', 'acc-30abb641-34fb-468c-98cb-ee3d8471027b');
INSERT INTO account_operation (id, amount, description, operation_date, type, bank_account_id) VALUES (2746, 701.0, 'Decathlon', '2026-05-08 19:56:31', 'DEBIT', 'acc-30abb641-34fb-468c-98cb-ee3d8471027b');
INSERT INTO account_operation (id, amount, description, operation_date, type, bank_account_id) VALUES (2747, 989.1, 'ONCF Train', '2026-03-05 19:56:31', 'DEBIT', 'acc-30abb641-34fb-468c-98cb-ee3d8471027b');
INSERT INTO account_operation (id, amount, description, operation_date, type, bank_account_id) VALUES (2748, 12938.39, 'Freelance Payment', '2026-03-26 19:56:31', 'CREDIT', 'acc-30abb641-34fb-468c-98cb-ee3d8471027b');
INSERT INTO account_operation (id, amount, description, operation_date, type, bank_account_id) VALUES (2749, 1876.17, 'ONEE Electricity', '2026-03-12 19:56:31', 'DEBIT', 'acc-30abb641-34fb-468c-98cb-ee3d8471027b');
INSERT INTO account_operation (id, amount, description, operation_date, type, bank_account_id) VALUES (2750, 7912.77, 'Cash Deposit', '2026-02-15 19:56:31', 'CREDIT', 'acc-30abb641-34fb-468c-98cb-ee3d8471027b');
INSERT INTO account_operation (id, amount, description, operation_date, type, bank_account_id) VALUES (2751, 813.06, 'BIM Store', '2025-08-20 19:56:31', 'DEBIT', 'acc-30abb641-34fb-468c-98cb-ee3d8471027b');
INSERT INTO account_operation (id, amount, description, operation_date, type, bank_account_id) VALUES (2752, 314.18, 'Marjane Supermarket', '2026-03-24 19:56:31', 'DEBIT', 'acc-30abb641-34fb-468c-98cb-ee3d8471027b');
INSERT INTO account_operation (id, amount, description, operation_date, type, bank_account_id) VALUES (2753, 598.13, 'Carrefour', '2026-06-10 19:56:31', 'DEBIT', 'acc-30abb641-34fb-468c-98cb-ee3d8471027b');
INSERT INTO account_operation (id, amount, description, operation_date, type, bank_account_id) VALUES (2754, 817.7, 'ONCF Train', '2025-08-27 19:56:31', 'DEBIT', 'acc-30abb641-34fb-468c-98cb-ee3d8471027b');
INSERT INTO account_operation (id, amount, description, operation_date, type, bank_account_id) VALUES (2755, 456.58, 'LC Waikiki', '2025-08-04 19:56:31', 'DEBIT', 'acc-30abb641-34fb-468c-98cb-ee3d8471027b');
INSERT INTO account_operation (id, amount, description, operation_date, type, bank_account_id) VALUES (2756, 873.51, 'Orange', '2026-03-10 19:56:31', 'DEBIT', 'acc-30abb641-34fb-468c-98cb-ee3d8471027b');
INSERT INTO account_operation (id, amount, description, operation_date, type, bank_account_id) VALUES (2757, 1521.38, 'Pharmacy', '2025-09-27 19:56:31', 'DEBIT', 'acc-30abb641-34fb-468c-98cb-ee3d8471027b');
INSERT INTO account_operation (id, amount, description, operation_date, type, bank_account_id) VALUES (2758, 2115.33, 'Dividend Payout', '2026-06-12 19:56:31', 'CREDIT', 'acc-30abb641-34fb-468c-98cb-ee3d8471027b');
INSERT INTO account_operation (id, amount, description, operation_date, type, bank_account_id) VALUES (2759, 1295.79, 'Freelance Payment', '2026-04-06 19:56:31', 'CREDIT', 'acc-30abb641-34fb-468c-98cb-ee3d8471027b');
INSERT INTO account_operation (id, amount, description, operation_date, type, bank_account_id) VALUES (2760, 1930.51, 'BIM Store', '2025-10-04 19:56:31', 'DEBIT', 'acc-30abb641-34fb-468c-98cb-ee3d8471027b');
INSERT INTO account_operation (id, amount, description, operation_date, type, bank_account_id) VALUES (2761, 10958.23, 'Cash Deposit', '2026-01-18 19:56:31', 'CREDIT', 'acc-30abb641-34fb-468c-98cb-ee3d8471027b');
INSERT INTO account_operation (id, amount, description, operation_date, type, bank_account_id) VALUES (2762, 1915.38, 'Maroc Telecom', '2025-09-25 19:56:31', 'DEBIT', 'acc-30abb641-34fb-468c-98cb-ee3d8471027b');
INSERT INTO account_operation (id, amount, description, operation_date, type, bank_account_id) VALUES (2763, 1824.21, 'Cash Deposit', '2025-11-19 19:56:31', 'CREDIT', 'acc-30abb641-34fb-468c-98cb-ee3d8471027b');
INSERT INTO account_operation (id, amount, description, operation_date, type, bank_account_id) VALUES (2764, 1520.8, 'LC Waikiki', '2026-03-12 19:56:31', 'DEBIT', 'acc-30abb641-34fb-468c-98cb-ee3d8471027b');
INSERT INTO account_operation (id, amount, description, operation_date, type, bank_account_id) VALUES (2765, 1751.79, 'Inwi', '2026-04-10 19:56:31', 'DEBIT', 'acc-30abb641-34fb-468c-98cb-ee3d8471027b');
INSERT INTO account_operation (id, amount, description, operation_date, type, bank_account_id) VALUES (2766, 1557.27, 'Pharmacy', '2025-12-11 19:56:31', 'DEBIT', 'acc-30abb641-34fb-468c-98cb-ee3d8471027b');
INSERT INTO account_operation (id, amount, description, operation_date, type, bank_account_id) VALUES (2767, 8543.4, 'Salary Deposit', '2025-11-13 19:56:31', 'CREDIT', 'acc-30abb641-34fb-468c-98cb-ee3d8471027b');
INSERT INTO account_operation (id, amount, description, operation_date, type, bank_account_id) VALUES (2768, 5513.76, 'Salary Deposit', '2026-02-14 19:56:31', 'CREDIT', 'acc-30abb641-34fb-468c-98cb-ee3d8471027b');
INSERT INTO account_operation (id, amount, description, operation_date, type, bank_account_id) VALUES (2769, 700.39, 'Pharmacy', '2025-11-03 19:56:31', 'DEBIT', 'acc-30abb641-34fb-468c-98cb-ee3d8471027b');
INSERT INTO account_operation (id, amount, description, operation_date, type, bank_account_id) VALUES (2770, 269.82, 'Marjane Supermarket', '2025-12-26 19:56:31', 'DEBIT', 'acc-30abb641-34fb-468c-98cb-ee3d8471027b');
INSERT INTO account_operation (id, amount, description, operation_date, type, bank_account_id) VALUES (2771, 10932.06, 'Cash Deposit', '2026-04-22 19:56:31', 'CREDIT', 'acc-30abb641-34fb-468c-98cb-ee3d8471027b');
INSERT INTO account_operation (id, amount, description, operation_date, type, bank_account_id) VALUES (2772, 586.18, 'LC Waikiki', '2026-04-12 19:56:31', 'DEBIT', 'acc-30abb641-34fb-468c-98cb-ee3d8471027b');
INSERT INTO account_operation (id, amount, description, operation_date, type, bank_account_id) VALUES (2773, 10819.16, 'Freelance Payment', '2025-12-22 19:56:31', 'CREDIT', 'acc-30abb641-34fb-468c-98cb-ee3d8471027b');
INSERT INTO account_operation (id, amount, description, operation_date, type, bank_account_id) VALUES (2774, 838.58, 'Redal', '2026-01-03 19:56:31', 'DEBIT', 'acc-30abb641-34fb-468c-98cb-ee3d8471027b');
INSERT INTO account_operation (id, amount, description, operation_date, type, bank_account_id) VALUES (2775, 6454.97, 'Freelance Payment', '2026-03-30 19:56:31', 'CREDIT', 'acc-30abb641-34fb-468c-98cb-ee3d8471027b');
INSERT INTO account_operation (id, amount, description, operation_date, type, bank_account_id) VALUES (2776, 1438.33, 'Inwi', '2026-03-22 19:56:31', 'DEBIT', 'acc-30abb641-34fb-468c-98cb-ee3d8471027b');
INSERT INTO account_operation (id, amount, description, operation_date, type, bank_account_id) VALUES (2777, 1302.83, 'Transfer Received', '2025-12-20 19:56:31', 'CREDIT', 'acc-30abb641-34fb-468c-98cb-ee3d8471027b');
INSERT INTO account_operation (id, amount, description, operation_date, type, bank_account_id) VALUES (2778, 14713.28, 'Dividend Payout', '2025-10-13 19:56:31', 'CREDIT', 'acc-30abb641-34fb-468c-98cb-ee3d8471027b');
INSERT INTO account_operation (id, amount, description, operation_date, type, bank_account_id) VALUES (2779, 1267.45, 'Local Cafe', '2025-12-03 19:56:31', 'DEBIT', 'acc-30abb641-34fb-468c-98cb-ee3d8471027b');
INSERT INTO account_operation (id, amount, description, operation_date, type, bank_account_id) VALUES (2780, 25.75, 'Netflix Subscription', '2025-08-27 19:56:31', 'DEBIT', 'acc-30abb641-34fb-468c-98cb-ee3d8471027b');
INSERT INTO account_operation (id, amount, description, operation_date, type, bank_account_id) VALUES (2781, 790.55, 'BIM Store', '2026-02-20 19:56:31', 'DEBIT', 'acc-30abb641-34fb-468c-98cb-ee3d8471027b');
INSERT INTO account_operation (id, amount, description, operation_date, type, bank_account_id) VALUES (2782, 211.71, 'Maroc Telecom', '2025-09-05 19:56:31', 'DEBIT', 'acc-30abb641-34fb-468c-98cb-ee3d8471027b');
INSERT INTO account_operation (id, amount, description, operation_date, type, bank_account_id) VALUES (2783, 1231.89, 'ONEE Electricity', '2026-01-05 19:56:31', 'DEBIT', 'acc-30abb641-34fb-468c-98cb-ee3d8471027b');
INSERT INTO account_operation (id, amount, description, operation_date, type, bank_account_id) VALUES (2784, 1440.9, 'Marjane Supermarket', '2026-01-21 19:56:31', 'DEBIT', 'acc-30abb641-34fb-468c-98cb-ee3d8471027b');
INSERT INTO account_operation (id, amount, description, operation_date, type, bank_account_id) VALUES (2785, 1082.73, 'Restaurant', '2026-05-04 19:56:31', 'DEBIT', 'acc-30abb641-34fb-468c-98cb-ee3d8471027b');
INSERT INTO account_operation (id, amount, description, operation_date, type, bank_account_id) VALUES (2786, 187.91, 'Netflix Subscription', '2025-10-22 19:56:31', 'DEBIT', 'acc-30abb641-34fb-468c-98cb-ee3d8471027b');
INSERT INTO account_operation (id, amount, description, operation_date, type, bank_account_id) VALUES (2787, 6099.92, 'Salary Deposit', '2026-02-09 19:56:31', 'CREDIT', 'acc-30abb641-34fb-468c-98cb-ee3d8471027b');
INSERT INTO account_operation (id, amount, description, operation_date, type, bank_account_id) VALUES (2788, 796.95, 'Amendis', '2025-11-07 19:56:31', 'DEBIT', 'acc-30abb641-34fb-468c-98cb-ee3d8471027b');
INSERT INTO account_operation (id, amount, description, operation_date, type, bank_account_id) VALUES (2789, 5826.37, 'Salary Deposit', '2025-08-06 19:56:31', 'CREDIT', 'acc-30abb641-34fb-468c-98cb-ee3d8471027b');
INSERT INTO account_operation (id, amount, description, operation_date, type, bank_account_id) VALUES (2790, 12673.75, 'Dividend Payout', '2025-10-28 19:56:31', 'CREDIT', 'acc-30abb641-34fb-468c-98cb-ee3d8471027b');
INSERT INTO account_operation (id, amount, description, operation_date, type, bank_account_id) VALUES (2791, 973.49, 'ONCF Train', '2026-03-31 19:56:31', 'DEBIT', 'acc-30abb641-34fb-468c-98cb-ee3d8471027b');
INSERT INTO account_operation (id, amount, description, operation_date, type, bank_account_id) VALUES (2792, 5593.37, 'Dividend Payout', '2025-09-03 19:56:31', 'CREDIT', 'acc-30abb641-34fb-468c-98cb-ee3d8471027b');

INSERT INTO customer (id, name, email) VALUES (48, 'Hamza El Amrani', 'hamza.el amrani@gmail.com');
INSERT INTO bank_account (id, type, balance, created_at, customer_id, over_draft, interest_rate) VALUES ('acc-5fe3d2dc-4b90-4135-a866-ba3eedd5643b', 'SAVE', 47937.97, '2025-09-30 19:56:31', 48, NULL, 2.12);
INSERT INTO account_operation (id, amount, description, operation_date, type, bank_account_id) VALUES (2793, 18378.54, 'Initial Account Funding', '2025-09-30 19:56:31', 'CREDIT', 'acc-5fe3d2dc-4b90-4135-a866-ba3eedd5643b');
INSERT INTO account_operation (id, amount, description, operation_date, type, bank_account_id) VALUES (2794, 1196.44, 'Netflix Subscription', '2026-06-19 19:56:31', 'DEBIT', 'acc-5fe3d2dc-4b90-4135-a866-ba3eedd5643b');
INSERT INTO account_operation (id, amount, description, operation_date, type, bank_account_id) VALUES (2795, 54.54, 'Pharmacy', '2025-12-14 19:56:31', 'DEBIT', 'acc-5fe3d2dc-4b90-4135-a866-ba3eedd5643b');
INSERT INTO account_operation (id, amount, description, operation_date, type, bank_account_id) VALUES (2796, 1218.5, 'Marjane Supermarket', '2025-12-17 19:56:31', 'DEBIT', 'acc-5fe3d2dc-4b90-4135-a866-ba3eedd5643b');
INSERT INTO account_operation (id, amount, description, operation_date, type, bank_account_id) VALUES (2797, 827.54, 'LC Waikiki', '2026-01-13 19:56:31', 'DEBIT', 'acc-5fe3d2dc-4b90-4135-a866-ba3eedd5643b');
INSERT INTO account_operation (id, amount, description, operation_date, type, bank_account_id) VALUES (2798, 1177.01, 'ONEE Electricity', '2026-06-15 19:56:31', 'DEBIT', 'acc-5fe3d2dc-4b90-4135-a866-ba3eedd5643b');
INSERT INTO account_operation (id, amount, description, operation_date, type, bank_account_id) VALUES (2799, 13897.66, 'Dividend Payout', '2026-01-22 19:56:31', 'CREDIT', 'acc-5fe3d2dc-4b90-4135-a866-ba3eedd5643b');
INSERT INTO account_operation (id, amount, description, operation_date, type, bank_account_id) VALUES (2800, 8010.86, 'Dividend Payout', '2026-06-06 19:56:31', 'CREDIT', 'acc-5fe3d2dc-4b90-4135-a866-ba3eedd5643b');
INSERT INTO account_operation (id, amount, description, operation_date, type, bank_account_id) VALUES (2801, 10131.57, 'Freelance Payment', '2026-03-08 19:56:31', 'CREDIT', 'acc-5fe3d2dc-4b90-4135-a866-ba3eedd5643b');
INSERT INTO account_operation (id, amount, description, operation_date, type, bank_account_id) VALUES (2802, 1735.31, 'ONEE Electricity', '2026-04-14 19:56:31', 'DEBIT', 'acc-5fe3d2dc-4b90-4135-a866-ba3eedd5643b');
INSERT INTO account_operation (id, amount, description, operation_date, type, bank_account_id) VALUES (2803, 1112.02, 'LC Waikiki', '2025-10-23 19:56:31', 'DEBIT', 'acc-5fe3d2dc-4b90-4135-a866-ba3eedd5643b');
INSERT INTO account_operation (id, amount, description, operation_date, type, bank_account_id) VALUES (2804, 1876.87, 'Local Cafe', '2025-11-06 19:56:31', 'DEBIT', 'acc-5fe3d2dc-4b90-4135-a866-ba3eedd5643b');
INSERT INTO account_operation (id, amount, description, operation_date, type, bank_account_id) VALUES (2805, 549.02, 'ONEE Electricity', '2026-04-22 19:56:31', 'DEBIT', 'acc-5fe3d2dc-4b90-4135-a866-ba3eedd5643b');
INSERT INTO account_operation (id, amount, description, operation_date, type, bank_account_id) VALUES (2806, 268.16, 'Spotify', '2025-10-22 19:56:31', 'DEBIT', 'acc-5fe3d2dc-4b90-4135-a866-ba3eedd5643b');
INSERT INTO account_operation (id, amount, description, operation_date, type, bank_account_id) VALUES (2807, 1629.85, 'Inwi', '2026-03-19 19:56:31', 'DEBIT', 'acc-5fe3d2dc-4b90-4135-a866-ba3eedd5643b');
INSERT INTO account_operation (id, amount, description, operation_date, type, bank_account_id) VALUES (2808, 1303.61, 'Transfer Received', '2025-12-01 19:56:31', 'CREDIT', 'acc-5fe3d2dc-4b90-4135-a866-ba3eedd5643b');
INSERT INTO account_operation (id, amount, description, operation_date, type, bank_account_id) VALUES (2809, 271.69, 'ONCF Train', '2025-10-08 19:56:31', 'DEBIT', 'acc-5fe3d2dc-4b90-4135-a866-ba3eedd5643b');
INSERT INTO account_operation (id, amount, description, operation_date, type, bank_account_id) VALUES (2810, 34.19, 'Zara', '2026-06-24 19:56:31', 'DEBIT', 'acc-5fe3d2dc-4b90-4135-a866-ba3eedd5643b');
INSERT INTO account_operation (id, amount, description, operation_date, type, bank_account_id) VALUES (2811, 212.77, 'Pharmacy', '2025-12-06 19:56:31', 'DEBIT', 'acc-5fe3d2dc-4b90-4135-a866-ba3eedd5643b');
INSERT INTO account_operation (id, amount, description, operation_date, type, bank_account_id) VALUES (2812, 29.04, 'Pharmacy', '2025-10-08 19:56:31', 'DEBIT', 'acc-5fe3d2dc-4b90-4135-a866-ba3eedd5643b');
INSERT INTO account_operation (id, amount, description, operation_date, type, bank_account_id) VALUES (2813, 13409.25, 'Dividend Payout', '2026-01-15 19:56:31', 'CREDIT', 'acc-5fe3d2dc-4b90-4135-a866-ba3eedd5643b');
INSERT INTO account_operation (id, amount, description, operation_date, type, bank_account_id) VALUES (2814, 1814.51, 'Cash Deposit', '2025-10-08 19:56:31', 'CREDIT', 'acc-5fe3d2dc-4b90-4135-a866-ba3eedd5643b');
INSERT INTO account_operation (id, amount, description, operation_date, type, bank_account_id) VALUES (2815, 1394.1, 'Restaurant', '2025-11-05 19:56:31', 'DEBIT', 'acc-5fe3d2dc-4b90-4135-a866-ba3eedd5643b');
INSERT INTO account_operation (id, amount, description, operation_date, type, bank_account_id) VALUES (2816, 1573.78, 'CTM Bus', '2026-05-19 19:56:31', 'DEBIT', 'acc-5fe3d2dc-4b90-4135-a866-ba3eedd5643b');
INSERT INTO account_operation (id, amount, description, operation_date, type, bank_account_id) VALUES (2817, 1903.17, 'ONEE Electricity', '2025-12-26 19:56:31', 'DEBIT', 'acc-5fe3d2dc-4b90-4135-a866-ba3eedd5643b');
INSERT INTO account_operation (id, amount, description, operation_date, type, bank_account_id) VALUES (2818, 4482.22, 'Salary Deposit', '2025-10-25 19:56:31', 'CREDIT', 'acc-5fe3d2dc-4b90-4135-a866-ba3eedd5643b');
INSERT INTO account_operation (id, amount, description, operation_date, type, bank_account_id) VALUES (2819, 222.08, 'Local Cafe', '2025-12-30 19:56:31', 'DEBIT', 'acc-5fe3d2dc-4b90-4135-a866-ba3eedd5643b');
INSERT INTO account_operation (id, amount, description, operation_date, type, bank_account_id) VALUES (2820, 140.05, 'BIM Store', '2026-01-03 19:56:31', 'DEBIT', 'acc-5fe3d2dc-4b90-4135-a866-ba3eedd5643b');
INSERT INTO account_operation (id, amount, description, operation_date, type, bank_account_id) VALUES (2821, 998.26, 'Inwi', '2026-04-05 19:56:31', 'DEBIT', 'acc-5fe3d2dc-4b90-4135-a866-ba3eedd5643b');
INSERT INTO account_operation (id, amount, description, operation_date, type, bank_account_id) VALUES (2822, 267.3, 'ONEE Electricity', '2026-01-17 19:56:31', 'DEBIT', 'acc-5fe3d2dc-4b90-4135-a866-ba3eedd5643b');
INSERT INTO account_operation (id, amount, description, operation_date, type, bank_account_id) VALUES (2823, 1942.04, 'Netflix Subscription', '2025-12-14 19:56:31', 'DEBIT', 'acc-5fe3d2dc-4b90-4135-a866-ba3eedd5643b');
INSERT INTO account_operation (id, amount, description, operation_date, type, bank_account_id) VALUES (2824, 1231.5, 'Pharmacy', '2026-03-19 19:56:31', 'DEBIT', 'acc-5fe3d2dc-4b90-4135-a866-ba3eedd5643b');
INSERT INTO account_operation (id, amount, description, operation_date, type, bank_account_id) VALUES (2825, 1688.43, 'ONCF Train', '2026-02-19 19:56:31', 'DEBIT', 'acc-5fe3d2dc-4b90-4135-a866-ba3eedd5643b');
INSERT INTO account_operation (id, amount, description, operation_date, type, bank_account_id) VALUES (2826, 523.6, 'ONEE Electricity', '2026-05-11 19:56:31', 'DEBIT', 'acc-5fe3d2dc-4b90-4135-a866-ba3eedd5643b');
INSERT INTO account_operation (id, amount, description, operation_date, type, bank_account_id) VALUES (2827, 773.16, 'Maroc Telecom', '2026-06-22 19:56:31', 'DEBIT', 'acc-5fe3d2dc-4b90-4135-a866-ba3eedd5643b');
INSERT INTO account_operation (id, amount, description, operation_date, type, bank_account_id) VALUES (2828, 794.71, 'BIM Store', '2026-02-22 19:56:31', 'DEBIT', 'acc-5fe3d2dc-4b90-4135-a866-ba3eedd5643b');
INSERT INTO account_operation (id, amount, description, operation_date, type, bank_account_id) VALUES (2829, 574.04, 'Marjane Supermarket', '2026-03-01 19:56:31', 'DEBIT', 'acc-5fe3d2dc-4b90-4135-a866-ba3eedd5643b');
INSERT INTO account_operation (id, amount, description, operation_date, type, bank_account_id) VALUES (2830, 444.25, 'ONCF Train', '2026-06-21 19:56:31', 'DEBIT', 'acc-5fe3d2dc-4b90-4135-a866-ba3eedd5643b');
INSERT INTO account_operation (id, amount, description, operation_date, type, bank_account_id) VALUES (2831, 1298.64, 'Maroc Telecom', '2026-04-28 19:56:31', 'DEBIT', 'acc-5fe3d2dc-4b90-4135-a866-ba3eedd5643b');
INSERT INTO account_operation (id, amount, description, operation_date, type, bank_account_id) VALUES (2832, 566.8, 'Orange', '2026-03-27 19:56:31', 'DEBIT', 'acc-5fe3d2dc-4b90-4135-a866-ba3eedd5643b');
INSERT INTO account_operation (id, amount, description, operation_date, type, bank_account_id) VALUES (2833, 7625.12, 'Freelance Payment', '2026-02-13 19:56:31', 'CREDIT', 'acc-5fe3d2dc-4b90-4135-a866-ba3eedd5643b');
INSERT INTO account_operation (id, amount, description, operation_date, type, bank_account_id) VALUES (2834, 726.74, 'Maroc Telecom', '2025-10-04 19:56:31', 'DEBIT', 'acc-5fe3d2dc-4b90-4135-a866-ba3eedd5643b');
INSERT INTO account_operation (id, amount, description, operation_date, type, bank_account_id) VALUES (2835, 1181.09, 'Spotify', '2026-01-03 19:56:31', 'DEBIT', 'acc-5fe3d2dc-4b90-4135-a866-ba3eedd5643b');
INSERT INTO account_operation (id, amount, description, operation_date, type, bank_account_id) VALUES (2836, 1558.26, 'Netflix Subscription', '2025-11-02 19:56:31', 'DEBIT', 'acc-5fe3d2dc-4b90-4135-a866-ba3eedd5643b');
INSERT INTO account_operation (id, amount, description, operation_date, type, bank_account_id) VALUES (2837, 411.1, 'Decathlon', '2026-02-01 19:56:31', 'DEBIT', 'acc-5fe3d2dc-4b90-4135-a866-ba3eedd5643b');
INSERT INTO account_operation (id, amount, description, operation_date, type, bank_account_id) VALUES (2838, 1937.42, 'Carrefour', '2025-11-10 19:56:31', 'DEBIT', 'acc-5fe3d2dc-4b90-4135-a866-ba3eedd5643b');
INSERT INTO account_operation (id, amount, description, operation_date, type, bank_account_id) VALUES (2839, 1281.31, 'Zara', '2025-11-17 19:56:31', 'DEBIT', 'acc-5fe3d2dc-4b90-4135-a866-ba3eedd5643b');
INSERT INTO account_operation (id, amount, description, operation_date, type, bank_account_id) VALUES (2840, 4509.41, 'Transfer Received', '2026-03-20 19:56:31', 'CREDIT', 'acc-5fe3d2dc-4b90-4135-a866-ba3eedd5643b');

INSERT INTO customer (id, name, email) VALUES (49, 'Mehdi El Idrissi', 'mehdi.el idrissi@gmail.com');
INSERT INTO bank_account (id, type, balance, created_at, customer_id, over_draft, interest_rate) VALUES ('acc-68819d33-16a6-4e7f-a8a2-4cef2754c84d', 'SAVE', 90706.53, '2025-08-09 19:56:31', 49, NULL, 3.8);
INSERT INTO account_operation (id, amount, description, operation_date, type, bank_account_id) VALUES (2841, 31014.47, 'Initial Account Funding', '2025-08-09 19:56:31', 'CREDIT', 'acc-68819d33-16a6-4e7f-a8a2-4cef2754c84d');
INSERT INTO account_operation (id, amount, description, operation_date, type, bank_account_id) VALUES (2842, 1465.35, 'LC Waikiki', '2026-04-04 19:56:31', 'DEBIT', 'acc-68819d33-16a6-4e7f-a8a2-4cef2754c84d');
INSERT INTO account_operation (id, amount, description, operation_date, type, bank_account_id) VALUES (2843, 1620.36, 'Local Cafe', '2025-12-03 19:56:31', 'DEBIT', 'acc-68819d33-16a6-4e7f-a8a2-4cef2754c84d');
INSERT INTO account_operation (id, amount, description, operation_date, type, bank_account_id) VALUES (2844, 1202.74, 'ONEE Electricity', '2026-03-26 19:56:31', 'DEBIT', 'acc-68819d33-16a6-4e7f-a8a2-4cef2754c84d');
INSERT INTO account_operation (id, amount, description, operation_date, type, bank_account_id) VALUES (2845, 6010.54, 'Transfer Received', '2026-05-06 19:56:31', 'CREDIT', 'acc-68819d33-16a6-4e7f-a8a2-4cef2754c84d');
INSERT INTO account_operation (id, amount, description, operation_date, type, bank_account_id) VALUES (2846, 315.53, 'Local Cafe', '2025-11-26 19:56:31', 'DEBIT', 'acc-68819d33-16a6-4e7f-a8a2-4cef2754c84d');
INSERT INTO account_operation (id, amount, description, operation_date, type, bank_account_id) VALUES (2847, 1075.91, 'Restaurant', '2026-06-08 19:56:31', 'DEBIT', 'acc-68819d33-16a6-4e7f-a8a2-4cef2754c84d');
INSERT INTO account_operation (id, amount, description, operation_date, type, bank_account_id) VALUES (2848, 12592.14, 'Salary Deposit', '2026-03-16 19:56:31', 'CREDIT', 'acc-68819d33-16a6-4e7f-a8a2-4cef2754c84d');
INSERT INTO account_operation (id, amount, description, operation_date, type, bank_account_id) VALUES (2849, 12364.78, 'Salary Deposit', '2026-04-29 19:56:31', 'CREDIT', 'acc-68819d33-16a6-4e7f-a8a2-4cef2754c84d');
INSERT INTO account_operation (id, amount, description, operation_date, type, bank_account_id) VALUES (2850, 6491.27, 'Freelance Payment', '2025-12-25 19:56:31', 'CREDIT', 'acc-68819d33-16a6-4e7f-a8a2-4cef2754c84d');
INSERT INTO account_operation (id, amount, description, operation_date, type, bank_account_id) VALUES (2851, 2410.29, 'Salary Deposit', '2026-05-19 19:56:31', 'CREDIT', 'acc-68819d33-16a6-4e7f-a8a2-4cef2754c84d');
INSERT INTO account_operation (id, amount, description, operation_date, type, bank_account_id) VALUES (2852, 1251.35, 'Amendis', '2026-03-01 19:56:31', 'DEBIT', 'acc-68819d33-16a6-4e7f-a8a2-4cef2754c84d');
INSERT INTO account_operation (id, amount, description, operation_date, type, bank_account_id) VALUES (2853, 1732.42, 'Salary Deposit', '2026-02-28 19:56:31', 'CREDIT', 'acc-68819d33-16a6-4e7f-a8a2-4cef2754c84d');
INSERT INTO account_operation (id, amount, description, operation_date, type, bank_account_id) VALUES (2854, 8207.53, 'Cash Deposit', '2026-02-10 19:56:31', 'CREDIT', 'acc-68819d33-16a6-4e7f-a8a2-4cef2754c84d');
INSERT INTO account_operation (id, amount, description, operation_date, type, bank_account_id) VALUES (2855, 1981.87, 'Netflix Subscription', '2026-05-23 19:56:31', 'DEBIT', 'acc-68819d33-16a6-4e7f-a8a2-4cef2754c84d');
INSERT INTO account_operation (id, amount, description, operation_date, type, bank_account_id) VALUES (2856, 699.63, 'Netflix Subscription', '2026-03-22 19:56:31', 'DEBIT', 'acc-68819d33-16a6-4e7f-a8a2-4cef2754c84d');
INSERT INTO account_operation (id, amount, description, operation_date, type, bank_account_id) VALUES (2857, 351.34, 'LC Waikiki', '2026-03-14 19:56:31', 'DEBIT', 'acc-68819d33-16a6-4e7f-a8a2-4cef2754c84d');
INSERT INTO account_operation (id, amount, description, operation_date, type, bank_account_id) VALUES (2858, 766.44, 'Redal', '2025-11-11 19:56:31', 'DEBIT', 'acc-68819d33-16a6-4e7f-a8a2-4cef2754c84d');
INSERT INTO account_operation (id, amount, description, operation_date, type, bank_account_id) VALUES (2859, 1107.75, 'Netflix Subscription', '2025-08-24 19:56:31', 'DEBIT', 'acc-68819d33-16a6-4e7f-a8a2-4cef2754c84d');
INSERT INTO account_operation (id, amount, description, operation_date, type, bank_account_id) VALUES (2860, 509.08, 'LC Waikiki', '2026-04-17 19:56:31', 'DEBIT', 'acc-68819d33-16a6-4e7f-a8a2-4cef2754c84d');
INSERT INTO account_operation (id, amount, description, operation_date, type, bank_account_id) VALUES (2861, 853.18, 'Inwi', '2026-03-31 19:56:31', 'DEBIT', 'acc-68819d33-16a6-4e7f-a8a2-4cef2754c84d');
INSERT INTO account_operation (id, amount, description, operation_date, type, bank_account_id) VALUES (2862, 1161.91, 'Decathlon', '2026-01-05 19:56:31', 'DEBIT', 'acc-68819d33-16a6-4e7f-a8a2-4cef2754c84d');
INSERT INTO account_operation (id, amount, description, operation_date, type, bank_account_id) VALUES (2863, 690.41, 'LC Waikiki', '2025-10-21 19:56:31', 'DEBIT', 'acc-68819d33-16a6-4e7f-a8a2-4cef2754c84d');
INSERT INTO account_operation (id, amount, description, operation_date, type, bank_account_id) VALUES (2864, 4642.99, 'Freelance Payment', '2026-01-12 19:56:31', 'CREDIT', 'acc-68819d33-16a6-4e7f-a8a2-4cef2754c84d');
INSERT INTO account_operation (id, amount, description, operation_date, type, bank_account_id) VALUES (2865, 925.19, 'Netflix Subscription', '2025-10-24 19:56:31', 'DEBIT', 'acc-68819d33-16a6-4e7f-a8a2-4cef2754c84d');
INSERT INTO account_operation (id, amount, description, operation_date, type, bank_account_id) VALUES (2866, 1388.37, 'Maroc Telecom', '2026-03-12 19:56:31', 'DEBIT', 'acc-68819d33-16a6-4e7f-a8a2-4cef2754c84d');
INSERT INTO account_operation (id, amount, description, operation_date, type, bank_account_id) VALUES (2867, 9927.39, 'Salary Deposit', '2025-12-30 19:56:31', 'CREDIT', 'acc-68819d33-16a6-4e7f-a8a2-4cef2754c84d');
INSERT INTO account_operation (id, amount, description, operation_date, type, bank_account_id) VALUES (2868, 794.56, 'Maroc Telecom', '2025-09-22 19:56:31', 'DEBIT', 'acc-68819d33-16a6-4e7f-a8a2-4cef2754c84d');
INSERT INTO account_operation (id, amount, description, operation_date, type, bank_account_id) VALUES (2869, 150.72, 'Orange', '2025-12-22 19:56:31', 'DEBIT', 'acc-68819d33-16a6-4e7f-a8a2-4cef2754c84d');
INSERT INTO account_operation (id, amount, description, operation_date, type, bank_account_id) VALUES (2870, 703.52, 'Marjane Supermarket', '2026-01-12 19:56:31', 'DEBIT', 'acc-68819d33-16a6-4e7f-a8a2-4cef2754c84d');
INSERT INTO account_operation (id, amount, description, operation_date, type, bank_account_id) VALUES (2871, 6579.19, 'Freelance Payment', '2026-02-20 19:56:31', 'CREDIT', 'acc-68819d33-16a6-4e7f-a8a2-4cef2754c84d');
INSERT INTO account_operation (id, amount, description, operation_date, type, bank_account_id) VALUES (2872, 13623.57, 'Transfer Received', '2025-09-08 19:56:31', 'CREDIT', 'acc-68819d33-16a6-4e7f-a8a2-4cef2754c84d');
INSERT INTO account_operation (id, amount, description, operation_date, type, bank_account_id) VALUES (2873, 1503.88, 'Amendis', '2026-04-03 19:56:31', 'DEBIT', 'acc-68819d33-16a6-4e7f-a8a2-4cef2754c84d');
INSERT INTO account_operation (id, amount, description, operation_date, type, bank_account_id) VALUES (2874, 1400.17, 'Orange', '2025-08-26 19:56:31', 'DEBIT', 'acc-68819d33-16a6-4e7f-a8a2-4cef2754c84d');
INSERT INTO account_operation (id, amount, description, operation_date, type, bank_account_id) VALUES (2875, 1898.21, 'BIM Store', '2026-01-01 19:56:31', 'DEBIT', 'acc-68819d33-16a6-4e7f-a8a2-4cef2754c84d');
INSERT INTO account_operation (id, amount, description, operation_date, type, bank_account_id) VALUES (2876, 8194.09, 'Cash Deposit', '2026-04-17 19:56:31', 'CREDIT', 'acc-68819d33-16a6-4e7f-a8a2-4cef2754c84d');
INSERT INTO account_operation (id, amount, description, operation_date, type, bank_account_id) VALUES (2877, 1581.43, 'Carrefour', '2026-04-08 19:56:31', 'DEBIT', 'acc-68819d33-16a6-4e7f-a8a2-4cef2754c84d');
INSERT INTO account_operation (id, amount, description, operation_date, type, bank_account_id) VALUES (2878, 518.48, 'Local Cafe', '2026-06-17 19:56:31', 'DEBIT', 'acc-68819d33-16a6-4e7f-a8a2-4cef2754c84d');
INSERT INTO account_operation (id, amount, description, operation_date, type, bank_account_id) VALUES (2879, 1245.68, 'LC Waikiki', '2026-06-14 19:56:31', 'DEBIT', 'acc-68819d33-16a6-4e7f-a8a2-4cef2754c84d');
INSERT INTO account_operation (id, amount, description, operation_date, type, bank_account_id) VALUES (2880, 1712.83, 'ONEE Electricity', '2026-05-03 19:56:31', 'DEBIT', 'acc-68819d33-16a6-4e7f-a8a2-4cef2754c84d');
INSERT INTO account_operation (id, amount, description, operation_date, type, bank_account_id) VALUES (2881, 1819.28, 'Local Cafe', '2025-10-23 19:56:31', 'DEBIT', 'acc-68819d33-16a6-4e7f-a8a2-4cef2754c84d');
INSERT INTO account_operation (id, amount, description, operation_date, type, bank_account_id) VALUES (2882, 751.16, 'Carrefour', '2026-04-08 19:56:31', 'DEBIT', 'acc-68819d33-16a6-4e7f-a8a2-4cef2754c84d');
INSERT INTO account_operation (id, amount, description, operation_date, type, bank_account_id) VALUES (2883, 1149.84, 'Carrefour', '2026-05-28 19:56:31', 'DEBIT', 'acc-68819d33-16a6-4e7f-a8a2-4cef2754c84d');
INSERT INTO account_operation (id, amount, description, operation_date, type, bank_account_id) VALUES (2884, 1158.41, 'Transfer Received', '2025-09-12 19:56:31', 'CREDIT', 'acc-68819d33-16a6-4e7f-a8a2-4cef2754c84d');
INSERT INTO account_operation (id, amount, description, operation_date, type, bank_account_id) VALUES (2885, 1194.65, 'Maroc Telecom', '2026-05-31 19:56:31', 'DEBIT', 'acc-68819d33-16a6-4e7f-a8a2-4cef2754c84d');
INSERT INTO account_operation (id, amount, description, operation_date, type, bank_account_id) VALUES (2886, 451.73, 'Zara', '2026-05-30 19:56:31', 'DEBIT', 'acc-68819d33-16a6-4e7f-a8a2-4cef2754c84d');
INSERT INTO bank_account (id, type, balance, created_at, customer_id, over_draft, interest_rate) VALUES ('acc-12bb60e0-f093-401d-94be-2927e8e95157', 'CURR', 72682.14, '2025-12-04 19:56:31', 49, 7090.0, NULL);
INSERT INTO account_operation (id, amount, description, operation_date, type, bank_account_id) VALUES (2887, 40715.85, 'Initial Account Funding', '2025-12-04 19:56:31', 'CREDIT', 'acc-12bb60e0-f093-401d-94be-2927e8e95157');
INSERT INTO account_operation (id, amount, description, operation_date, type, bank_account_id) VALUES (2888, 1217.76, 'Carrefour', '2026-02-25 19:56:31', 'DEBIT', 'acc-12bb60e0-f093-401d-94be-2927e8e95157');
INSERT INTO account_operation (id, amount, description, operation_date, type, bank_account_id) VALUES (2889, 4672.63, 'Transfer Received', '2025-12-21 19:56:31', 'CREDIT', 'acc-12bb60e0-f093-401d-94be-2927e8e95157');
INSERT INTO account_operation (id, amount, description, operation_date, type, bank_account_id) VALUES (2890, 13979.59, 'Dividend Payout', '2025-12-30 19:56:31', 'CREDIT', 'acc-12bb60e0-f093-401d-94be-2927e8e95157');
INSERT INTO account_operation (id, amount, description, operation_date, type, bank_account_id) VALUES (2891, 1933.7, 'CTM Bus', '2026-05-13 19:56:31', 'DEBIT', 'acc-12bb60e0-f093-401d-94be-2927e8e95157');
INSERT INTO account_operation (id, amount, description, operation_date, type, bank_account_id) VALUES (2892, 191.8, 'BIM Store', '2026-05-03 19:56:31', 'DEBIT', 'acc-12bb60e0-f093-401d-94be-2927e8e95157');
INSERT INTO account_operation (id, amount, description, operation_date, type, bank_account_id) VALUES (2893, 1889.27, 'Dividend Payout', '2025-12-07 19:56:31', 'CREDIT', 'acc-12bb60e0-f093-401d-94be-2927e8e95157');
INSERT INTO account_operation (id, amount, description, operation_date, type, bank_account_id) VALUES (2894, 620.23, 'Carrefour', '2026-02-04 19:56:31', 'DEBIT', 'acc-12bb60e0-f093-401d-94be-2927e8e95157');
INSERT INTO account_operation (id, amount, description, operation_date, type, bank_account_id) VALUES (2895, 7498.75, 'Cash Deposit', '2025-12-23 19:56:31', 'CREDIT', 'acc-12bb60e0-f093-401d-94be-2927e8e95157');
INSERT INTO account_operation (id, amount, description, operation_date, type, bank_account_id) VALUES (2896, 3432.77, 'Freelance Payment', '2026-06-07 19:56:31', 'CREDIT', 'acc-12bb60e0-f093-401d-94be-2927e8e95157');
INSERT INTO account_operation (id, amount, description, operation_date, type, bank_account_id) VALUES (2897, 1745.84, 'BIM Store', '2026-01-14 19:56:31', 'DEBIT', 'acc-12bb60e0-f093-401d-94be-2927e8e95157');
INSERT INTO account_operation (id, amount, description, operation_date, type, bank_account_id) VALUES (2898, 1651.07, 'Local Cafe', '2026-01-07 19:56:31', 'DEBIT', 'acc-12bb60e0-f093-401d-94be-2927e8e95157');
INSERT INTO account_operation (id, amount, description, operation_date, type, bank_account_id) VALUES (2899, 737.41, 'LC Waikiki', '2026-06-27 19:56:31', 'DEBIT', 'acc-12bb60e0-f093-401d-94be-2927e8e95157');
INSERT INTO account_operation (id, amount, description, operation_date, type, bank_account_id) VALUES (2900, 4119.55, 'Cash Deposit', '2026-02-25 19:56:31', 'CREDIT', 'acc-12bb60e0-f093-401d-94be-2927e8e95157');
INSERT INTO account_operation (id, amount, description, operation_date, type, bank_account_id) VALUES (2901, 8119.22, 'Transfer Received', '2026-01-02 19:56:31', 'CREDIT', 'acc-12bb60e0-f093-401d-94be-2927e8e95157');
INSERT INTO account_operation (id, amount, description, operation_date, type, bank_account_id) VALUES (2902, 817.14, 'Amendis', '2026-03-18 19:56:31', 'DEBIT', 'acc-12bb60e0-f093-401d-94be-2927e8e95157');
INSERT INTO account_operation (id, amount, description, operation_date, type, bank_account_id) VALUES (2903, 686.54, 'Maroc Telecom', '2026-01-25 19:56:31', 'DEBIT', 'acc-12bb60e0-f093-401d-94be-2927e8e95157');
INSERT INTO account_operation (id, amount, description, operation_date, type, bank_account_id) VALUES (2904, 1744.73, 'Local Cafe', '2026-01-12 19:56:31', 'DEBIT', 'acc-12bb60e0-f093-401d-94be-2927e8e95157');
INSERT INTO account_operation (id, amount, description, operation_date, type, bank_account_id) VALUES (2905, 1537.22, 'Inwi', '2025-12-26 19:56:31', 'DEBIT', 'acc-12bb60e0-f093-401d-94be-2927e8e95157');
INSERT INTO account_operation (id, amount, description, operation_date, type, bank_account_id) VALUES (2906, 1757.19, 'Local Cafe', '2026-05-20 19:56:31', 'DEBIT', 'acc-12bb60e0-f093-401d-94be-2927e8e95157');
INSERT INTO account_operation (id, amount, description, operation_date, type, bank_account_id) VALUES (2907, 736.99, 'Zara', '2026-02-13 19:56:31', 'DEBIT', 'acc-12bb60e0-f093-401d-94be-2927e8e95157');
INSERT INTO account_operation (id, amount, description, operation_date, type, bank_account_id) VALUES (2908, 1505.38, 'Inwi', '2026-03-29 19:56:31', 'DEBIT', 'acc-12bb60e0-f093-401d-94be-2927e8e95157');
INSERT INTO account_operation (id, amount, description, operation_date, type, bank_account_id) VALUES (2909, 578.58, 'CTM Bus', '2026-03-17 19:56:31', 'DEBIT', 'acc-12bb60e0-f093-401d-94be-2927e8e95157');
INSERT INTO account_operation (id, amount, description, operation_date, type, bank_account_id) VALUES (2910, 38.7, 'Amendis', '2026-02-26 19:56:31', 'DEBIT', 'acc-12bb60e0-f093-401d-94be-2927e8e95157');
INSERT INTO account_operation (id, amount, description, operation_date, type, bank_account_id) VALUES (2911, 996.96, 'CTM Bus', '2026-06-02 19:56:31', 'DEBIT', 'acc-12bb60e0-f093-401d-94be-2927e8e95157');
INSERT INTO account_operation (id, amount, description, operation_date, type, bank_account_id) VALUES (2912, 11013.42, 'Transfer Received', '2026-03-22 19:56:31', 'CREDIT', 'acc-12bb60e0-f093-401d-94be-2927e8e95157');
INSERT INTO account_operation (id, amount, description, operation_date, type, bank_account_id) VALUES (2913, 1090.05, 'Carrefour', '2026-03-16 19:56:31', 'DEBIT', 'acc-12bb60e0-f093-401d-94be-2927e8e95157');
INSERT INTO account_operation (id, amount, description, operation_date, type, bank_account_id) VALUES (2914, 1417.61, 'Carrefour', '2026-02-21 19:56:31', 'DEBIT', 'acc-12bb60e0-f093-401d-94be-2927e8e95157');
INSERT INTO account_operation (id, amount, description, operation_date, type, bank_account_id) VALUES (2915, 101.43, 'Zara', '2026-05-06 19:56:31', 'DEBIT', 'acc-12bb60e0-f093-401d-94be-2927e8e95157');
INSERT INTO account_operation (id, amount, description, operation_date, type, bank_account_id) VALUES (2916, 31.65, 'Netflix Subscription', '2026-03-04 19:56:31', 'DEBIT', 'acc-12bb60e0-f093-401d-94be-2927e8e95157');
INSERT INTO account_operation (id, amount, description, operation_date, type, bank_account_id) VALUES (2917, 1620.93, 'Carrefour', '2026-03-14 19:56:31', 'DEBIT', 'acc-12bb60e0-f093-401d-94be-2927e8e95157');
INSERT INTO bank_account (id, type, balance, created_at, customer_id, over_draft, interest_rate) VALUES ('acc-44291042-5504-458d-ae1c-82aa0927edb5', 'SAVE', 136369.42, '2025-12-24 19:56:31', 49, NULL, 4.05);
INSERT INTO account_operation (id, amount, description, operation_date, type, bank_account_id) VALUES (2918, 47652.38, 'Initial Account Funding', '2025-12-24 19:56:31', 'CREDIT', 'acc-44291042-5504-458d-ae1c-82aa0927edb5');
INSERT INTO account_operation (id, amount, description, operation_date, type, bank_account_id) VALUES (2919, 171.18, 'Maroc Telecom', '2026-05-13 19:56:31', 'DEBIT', 'acc-44291042-5504-458d-ae1c-82aa0927edb5');
INSERT INTO account_operation (id, amount, description, operation_date, type, bank_account_id) VALUES (2920, 552.17, 'Orange', '2026-01-03 19:56:31', 'DEBIT', 'acc-44291042-5504-458d-ae1c-82aa0927edb5');
INSERT INTO account_operation (id, amount, description, operation_date, type, bank_account_id) VALUES (2921, 1086.8, 'CTM Bus', '2026-06-15 19:56:31', 'DEBIT', 'acc-44291042-5504-458d-ae1c-82aa0927edb5');
INSERT INTO account_operation (id, amount, description, operation_date, type, bank_account_id) VALUES (2922, 3730.11, 'Cash Deposit', '2026-04-10 19:56:31', 'CREDIT', 'acc-44291042-5504-458d-ae1c-82aa0927edb5');
INSERT INTO account_operation (id, amount, description, operation_date, type, bank_account_id) VALUES (2923, 1648.01, 'Redal', '2026-03-01 19:56:31', 'DEBIT', 'acc-44291042-5504-458d-ae1c-82aa0927edb5');
INSERT INTO account_operation (id, amount, description, operation_date, type, bank_account_id) VALUES (2924, 11956.06, 'Cash Deposit', '2026-05-07 19:56:31', 'CREDIT', 'acc-44291042-5504-458d-ae1c-82aa0927edb5');
INSERT INTO account_operation (id, amount, description, operation_date, type, bank_account_id) VALUES (2925, 3938.19, 'Salary Deposit', '2026-04-04 19:56:31', 'CREDIT', 'acc-44291042-5504-458d-ae1c-82aa0927edb5');
INSERT INTO account_operation (id, amount, description, operation_date, type, bank_account_id) VALUES (2926, 1547.02, 'Inwi', '2026-06-14 19:56:31', 'DEBIT', 'acc-44291042-5504-458d-ae1c-82aa0927edb5');
INSERT INTO account_operation (id, amount, description, operation_date, type, bank_account_id) VALUES (2927, 1484.14, 'Redal', '2026-04-26 19:56:31', 'DEBIT', 'acc-44291042-5504-458d-ae1c-82aa0927edb5');
INSERT INTO account_operation (id, amount, description, operation_date, type, bank_account_id) VALUES (2928, 1691.93, 'Amendis', '2026-06-01 19:56:31', 'DEBIT', 'acc-44291042-5504-458d-ae1c-82aa0927edb5');
INSERT INTO account_operation (id, amount, description, operation_date, type, bank_account_id) VALUES (2929, 1318.24, 'ONEE Electricity', '2026-04-23 19:56:31', 'DEBIT', 'acc-44291042-5504-458d-ae1c-82aa0927edb5');
INSERT INTO account_operation (id, amount, description, operation_date, type, bank_account_id) VALUES (2930, 108.82, 'Pharmacy', '2026-05-07 19:56:31', 'DEBIT', 'acc-44291042-5504-458d-ae1c-82aa0927edb5');
INSERT INTO account_operation (id, amount, description, operation_date, type, bank_account_id) VALUES (2931, 5327.37, 'Cash Deposit', '2026-04-03 19:56:31', 'CREDIT', 'acc-44291042-5504-458d-ae1c-82aa0927edb5');
INSERT INTO account_operation (id, amount, description, operation_date, type, bank_account_id) VALUES (2932, 94.53, 'Decathlon', '2026-04-30 19:56:31', 'DEBIT', 'acc-44291042-5504-458d-ae1c-82aa0927edb5');
INSERT INTO account_operation (id, amount, description, operation_date, type, bank_account_id) VALUES (2933, 9285.68, 'Freelance Payment', '2026-01-07 19:56:31', 'CREDIT', 'acc-44291042-5504-458d-ae1c-82aa0927edb5');
INSERT INTO account_operation (id, amount, description, operation_date, type, bank_account_id) VALUES (2934, 593.54, 'Local Cafe', '2026-02-05 19:56:31', 'DEBIT', 'acc-44291042-5504-458d-ae1c-82aa0927edb5');
INSERT INTO account_operation (id, amount, description, operation_date, type, bank_account_id) VALUES (2935, 1117.45, 'Maroc Telecom', '2026-01-02 19:56:31', 'DEBIT', 'acc-44291042-5504-458d-ae1c-82aa0927edb5');
INSERT INTO account_operation (id, amount, description, operation_date, type, bank_account_id) VALUES (2936, 1758.76, 'BIM Store', '2026-05-31 19:56:31', 'DEBIT', 'acc-44291042-5504-458d-ae1c-82aa0927edb5');
INSERT INTO account_operation (id, amount, description, operation_date, type, bank_account_id) VALUES (2937, 9921.38, 'Salary Deposit', '2026-04-07 19:56:31', 'CREDIT', 'acc-44291042-5504-458d-ae1c-82aa0927edb5');
INSERT INTO account_operation (id, amount, description, operation_date, type, bank_account_id) VALUES (2938, 1095.31, 'Decathlon', '2026-05-18 19:56:31', 'DEBIT', 'acc-44291042-5504-458d-ae1c-82aa0927edb5');
INSERT INTO account_operation (id, amount, description, operation_date, type, bank_account_id) VALUES (2939, 1351.04, 'ONCF Train', '2026-04-15 19:56:31', 'DEBIT', 'acc-44291042-5504-458d-ae1c-82aa0927edb5');
INSERT INTO account_operation (id, amount, description, operation_date, type, bank_account_id) VALUES (2940, 107.66, 'Amendis', '2026-04-28 19:56:31', 'DEBIT', 'acc-44291042-5504-458d-ae1c-82aa0927edb5');
INSERT INTO account_operation (id, amount, description, operation_date, type, bank_account_id) VALUES (2941, 476.96, 'Zara', '2026-03-11 19:56:31', 'DEBIT', 'acc-44291042-5504-458d-ae1c-82aa0927edb5');
INSERT INTO account_operation (id, amount, description, operation_date, type, bank_account_id) VALUES (2942, 697.59, 'Redal', '2026-06-06 19:56:31', 'DEBIT', 'acc-44291042-5504-458d-ae1c-82aa0927edb5');
INSERT INTO account_operation (id, amount, description, operation_date, type, bank_account_id) VALUES (2943, 4847.88, 'Cash Deposit', '2026-01-29 19:56:31', 'CREDIT', 'acc-44291042-5504-458d-ae1c-82aa0927edb5');
INSERT INTO account_operation (id, amount, description, operation_date, type, bank_account_id) VALUES (2944, 979.64, 'Pharmacy', '2026-05-27 19:56:31', 'DEBIT', 'acc-44291042-5504-458d-ae1c-82aa0927edb5');
INSERT INTO account_operation (id, amount, description, operation_date, type, bank_account_id) VALUES (2945, 946.22, 'Netflix Subscription', '2026-06-05 19:56:31', 'DEBIT', 'acc-44291042-5504-458d-ae1c-82aa0927edb5');
INSERT INTO account_operation (id, amount, description, operation_date, type, bank_account_id) VALUES (2946, 1699.46, 'ONCF Train', '2026-03-16 19:56:31', 'DEBIT', 'acc-44291042-5504-458d-ae1c-82aa0927edb5');
INSERT INTO account_operation (id, amount, description, operation_date, type, bank_account_id) VALUES (2947, 11645.35, 'Cash Deposit', '2026-01-04 19:56:31', 'CREDIT', 'acc-44291042-5504-458d-ae1c-82aa0927edb5');
INSERT INTO account_operation (id, amount, description, operation_date, type, bank_account_id) VALUES (2948, 951.32, 'Pharmacy', '2025-12-28 19:56:31', 'DEBIT', 'acc-44291042-5504-458d-ae1c-82aa0927edb5');
INSERT INTO account_operation (id, amount, description, operation_date, type, bank_account_id) VALUES (2949, 117.83, 'Pharmacy', '2026-03-14 19:56:31', 'DEBIT', 'acc-44291042-5504-458d-ae1c-82aa0927edb5');
INSERT INTO account_operation (id, amount, description, operation_date, type, bank_account_id) VALUES (2950, 9071.28, 'Freelance Payment', '2026-02-23 19:56:31', 'CREDIT', 'acc-44291042-5504-458d-ae1c-82aa0927edb5');
INSERT INTO account_operation (id, amount, description, operation_date, type, bank_account_id) VALUES (2951, 1639.84, 'Local Cafe', '2026-06-02 19:56:31', 'DEBIT', 'acc-44291042-5504-458d-ae1c-82aa0927edb5');
INSERT INTO account_operation (id, amount, description, operation_date, type, bank_account_id) VALUES (2952, 14755.48, 'Transfer Received', '2026-01-17 19:56:31', 'CREDIT', 'acc-44291042-5504-458d-ae1c-82aa0927edb5');
INSERT INTO account_operation (id, amount, description, operation_date, type, bank_account_id) VALUES (2953, 1586.62, 'CTM Bus', '2026-03-24 19:56:31', 'DEBIT', 'acc-44291042-5504-458d-ae1c-82aa0927edb5');
INSERT INTO account_operation (id, amount, description, operation_date, type, bank_account_id) VALUES (2954, 1306.24, 'Inwi', '2026-03-21 19:56:31', 'DEBIT', 'acc-44291042-5504-458d-ae1c-82aa0927edb5');
INSERT INTO account_operation (id, amount, description, operation_date, type, bank_account_id) VALUES (2955, 1076.32, 'Decathlon', '2026-02-23 19:56:31', 'DEBIT', 'acc-44291042-5504-458d-ae1c-82aa0927edb5');
INSERT INTO account_operation (id, amount, description, operation_date, type, bank_account_id) VALUES (2956, 5116.45, 'Dividend Payout', '2026-02-02 19:56:31', 'CREDIT', 'acc-44291042-5504-458d-ae1c-82aa0927edb5');
INSERT INTO account_operation (id, amount, description, operation_date, type, bank_account_id) VALUES (2957, 1446.61, 'Netflix Subscription', '2026-04-03 19:56:31', 'DEBIT', 'acc-44291042-5504-458d-ae1c-82aa0927edb5');
INSERT INTO account_operation (id, amount, description, operation_date, type, bank_account_id) VALUES (2958, 1187.96, 'Orange', '2026-04-22 19:56:31', 'DEBIT', 'acc-44291042-5504-458d-ae1c-82aa0927edb5');
INSERT INTO account_operation (id, amount, description, operation_date, type, bank_account_id) VALUES (2959, 808.15, 'Spotify', '2026-02-01 19:56:31', 'DEBIT', 'acc-44291042-5504-458d-ae1c-82aa0927edb5');
INSERT INTO account_operation (id, amount, description, operation_date, type, bank_account_id) VALUES (2960, 777.21, 'Spotify', '2026-02-11 19:56:31', 'DEBIT', 'acc-44291042-5504-458d-ae1c-82aa0927edb5');
INSERT INTO account_operation (id, amount, description, operation_date, type, bank_account_id) VALUES (2961, 4609.2, 'Transfer Received', '2026-02-07 19:56:31', 'CREDIT', 'acc-44291042-5504-458d-ae1c-82aa0927edb5');
INSERT INTO account_operation (id, amount, description, operation_date, type, bank_account_id) VALUES (2962, 8862.61, 'Dividend Payout', '2026-01-16 19:56:31', 'CREDIT', 'acc-44291042-5504-458d-ae1c-82aa0927edb5');
INSERT INTO account_operation (id, amount, description, operation_date, type, bank_account_id) VALUES (2963, 542.09, 'Amendis', '2026-04-08 19:56:31', 'DEBIT', 'acc-44291042-5504-458d-ae1c-82aa0927edb5');
INSERT INTO account_operation (id, amount, description, operation_date, type, bank_account_id) VALUES (2964, 161.42, 'Local Cafe', '2026-04-24 19:56:31', 'DEBIT', 'acc-44291042-5504-458d-ae1c-82aa0927edb5');
INSERT INTO account_operation (id, amount, description, operation_date, type, bank_account_id) VALUES (2965, 8060.91, 'Freelance Payment', '2026-02-23 19:56:31', 'CREDIT', 'acc-44291042-5504-458d-ae1c-82aa0927edb5');
INSERT INTO account_operation (id, amount, description, operation_date, type, bank_account_id) VALUES (2966, 340.52, 'ONCF Train', '2026-05-26 19:56:31', 'DEBIT', 'acc-44291042-5504-458d-ae1c-82aa0927edb5');
INSERT INTO account_operation (id, amount, description, operation_date, type, bank_account_id) VALUES (2967, 10057.69, 'Cash Deposit', '2026-04-12 19:56:31', 'CREDIT', 'acc-44291042-5504-458d-ae1c-82aa0927edb5');

INSERT INTO customer (id, name, email) VALUES (50, 'Yassine Bennis', 'yassine.bennis@gmail.com');
INSERT INTO bank_account (id, type, balance, created_at, customer_id, over_draft, interest_rate) VALUES ('acc-d04ed761-d7e2-483d-a553-6e969bcea2af', 'CURR', 126741.15, '2025-07-26 19:56:31', 50, 7519.41, NULL);
INSERT INTO account_operation (id, amount, description, operation_date, type, bank_account_id) VALUES (2968, 32760.73, 'Initial Account Funding', '2025-07-26 19:56:31', 'CREDIT', 'acc-d04ed761-d7e2-483d-a553-6e969bcea2af');
INSERT INTO account_operation (id, amount, description, operation_date, type, bank_account_id) VALUES (2969, 1384.88, 'Pharmacy', '2026-04-25 19:56:31', 'DEBIT', 'acc-d04ed761-d7e2-483d-a553-6e969bcea2af');
INSERT INTO account_operation (id, amount, description, operation_date, type, bank_account_id) VALUES (2970, 1125.25, 'Maroc Telecom', '2026-05-09 19:56:31', 'DEBIT', 'acc-d04ed761-d7e2-483d-a553-6e969bcea2af');
INSERT INTO account_operation (id, amount, description, operation_date, type, bank_account_id) VALUES (2971, 6329.01, 'Salary Deposit', '2026-06-03 19:56:31', 'CREDIT', 'acc-d04ed761-d7e2-483d-a553-6e969bcea2af');
INSERT INTO account_operation (id, amount, description, operation_date, type, bank_account_id) VALUES (2972, 868.51, 'Redal', '2026-02-21 19:56:31', 'DEBIT', 'acc-d04ed761-d7e2-483d-a553-6e969bcea2af');
INSERT INTO account_operation (id, amount, description, operation_date, type, bank_account_id) VALUES (2973, 13979.89, 'Freelance Payment', '2026-02-22 19:56:31', 'CREDIT', 'acc-d04ed761-d7e2-483d-a553-6e969bcea2af');
INSERT INTO account_operation (id, amount, description, operation_date, type, bank_account_id) VALUES (2974, 41.43, 'Decathlon', '2025-12-07 19:56:31', 'DEBIT', 'acc-d04ed761-d7e2-483d-a553-6e969bcea2af');
INSERT INTO account_operation (id, amount, description, operation_date, type, bank_account_id) VALUES (2975, 318.8, 'BIM Store', '2026-04-30 19:56:31', 'DEBIT', 'acc-d04ed761-d7e2-483d-a553-6e969bcea2af');
INSERT INTO account_operation (id, amount, description, operation_date, type, bank_account_id) VALUES (2976, 2961.38, 'Transfer Received', '2025-10-26 19:56:31', 'CREDIT', 'acc-d04ed761-d7e2-483d-a553-6e969bcea2af');
INSERT INTO account_operation (id, amount, description, operation_date, type, bank_account_id) VALUES (2977, 218.76, 'Local Cafe', '2025-11-15 19:56:31', 'DEBIT', 'acc-d04ed761-d7e2-483d-a553-6e969bcea2af');
INSERT INTO account_operation (id, amount, description, operation_date, type, bank_account_id) VALUES (2978, 4824.46, 'Salary Deposit', '2025-09-29 19:56:31', 'CREDIT', 'acc-d04ed761-d7e2-483d-a553-6e969bcea2af');
INSERT INTO account_operation (id, amount, description, operation_date, type, bank_account_id) VALUES (2979, 7870.48, 'Dividend Payout', '2025-11-10 19:56:31', 'CREDIT', 'acc-d04ed761-d7e2-483d-a553-6e969bcea2af');
INSERT INTO account_operation (id, amount, description, operation_date, type, bank_account_id) VALUES (2980, 559.8, 'Restaurant', '2025-07-26 19:56:31', 'DEBIT', 'acc-d04ed761-d7e2-483d-a553-6e969bcea2af');
INSERT INTO account_operation (id, amount, description, operation_date, type, bank_account_id) VALUES (2981, 8778.79, 'Transfer Received', '2025-12-21 19:56:31', 'CREDIT', 'acc-d04ed761-d7e2-483d-a553-6e969bcea2af');
INSERT INTO account_operation (id, amount, description, operation_date, type, bank_account_id) VALUES (2982, 1702.91, 'Zara', '2025-08-07 19:56:31', 'DEBIT', 'acc-d04ed761-d7e2-483d-a553-6e969bcea2af');
INSERT INTO account_operation (id, amount, description, operation_date, type, bank_account_id) VALUES (2983, 892.85, 'Inwi', '2025-08-31 19:56:31', 'DEBIT', 'acc-d04ed761-d7e2-483d-a553-6e969bcea2af');
INSERT INTO account_operation (id, amount, description, operation_date, type, bank_account_id) VALUES (2984, 1344.54, 'Decathlon', '2025-08-18 19:56:31', 'DEBIT', 'acc-d04ed761-d7e2-483d-a553-6e969bcea2af');
INSERT INTO account_operation (id, amount, description, operation_date, type, bank_account_id) VALUES (2985, 440.83, 'Netflix Subscription', '2025-09-22 19:56:31', 'DEBIT', 'acc-d04ed761-d7e2-483d-a553-6e969bcea2af');
INSERT INTO account_operation (id, amount, description, operation_date, type, bank_account_id) VALUES (2986, 3793.26, 'Dividend Payout', '2025-09-17 19:56:31', 'CREDIT', 'acc-d04ed761-d7e2-483d-a553-6e969bcea2af');
INSERT INTO account_operation (id, amount, description, operation_date, type, bank_account_id) VALUES (2987, 467.59, 'ONEE Electricity', '2026-05-12 19:56:31', 'DEBIT', 'acc-d04ed761-d7e2-483d-a553-6e969bcea2af');
INSERT INTO account_operation (id, amount, description, operation_date, type, bank_account_id) VALUES (2988, 12149.63, 'Cash Deposit', '2026-06-21 19:56:31', 'CREDIT', 'acc-d04ed761-d7e2-483d-a553-6e969bcea2af');
INSERT INTO account_operation (id, amount, description, operation_date, type, bank_account_id) VALUES (2989, 3293.32, 'Cash Deposit', '2025-08-18 19:56:31', 'CREDIT', 'acc-d04ed761-d7e2-483d-a553-6e969bcea2af');
INSERT INTO account_operation (id, amount, description, operation_date, type, bank_account_id) VALUES (2990, 4758.91, 'Dividend Payout', '2025-12-05 19:56:31', 'CREDIT', 'acc-d04ed761-d7e2-483d-a553-6e969bcea2af');
INSERT INTO account_operation (id, amount, description, operation_date, type, bank_account_id) VALUES (2991, 1452.48, 'Maroc Telecom', '2026-04-20 19:56:31', 'DEBIT', 'acc-d04ed761-d7e2-483d-a553-6e969bcea2af');
INSERT INTO account_operation (id, amount, description, operation_date, type, bank_account_id) VALUES (2992, 389.51, 'BIM Store', '2026-03-10 19:56:31', 'DEBIT', 'acc-d04ed761-d7e2-483d-a553-6e969bcea2af');
INSERT INTO account_operation (id, amount, description, operation_date, type, bank_account_id) VALUES (2993, 11095.08, 'Cash Deposit', '2026-03-15 19:56:31', 'CREDIT', 'acc-d04ed761-d7e2-483d-a553-6e969bcea2af');
INSERT INTO account_operation (id, amount, description, operation_date, type, bank_account_id) VALUES (2994, 764.59, 'Orange', '2025-11-19 19:56:31', 'DEBIT', 'acc-d04ed761-d7e2-483d-a553-6e969bcea2af');
INSERT INTO account_operation (id, amount, description, operation_date, type, bank_account_id) VALUES (2995, 952.6, 'Carrefour', '2025-09-02 19:56:31', 'DEBIT', 'acc-d04ed761-d7e2-483d-a553-6e969bcea2af');
INSERT INTO account_operation (id, amount, description, operation_date, type, bank_account_id) VALUES (2996, 9130.17, 'Dividend Payout', '2026-06-15 19:56:31', 'CREDIT', 'acc-d04ed761-d7e2-483d-a553-6e969bcea2af');
INSERT INTO account_operation (id, amount, description, operation_date, type, bank_account_id) VALUES (2997, 3952.51, 'Transfer Received', '2026-05-02 19:56:31', 'CREDIT', 'acc-d04ed761-d7e2-483d-a553-6e969bcea2af');
INSERT INTO account_operation (id, amount, description, operation_date, type, bank_account_id) VALUES (2998, 1835.9, 'Local Cafe', '2025-11-26 19:56:31', 'DEBIT', 'acc-d04ed761-d7e2-483d-a553-6e969bcea2af');
INSERT INTO account_operation (id, amount, description, operation_date, type, bank_account_id) VALUES (2999, 1177.1, 'Zara', '2026-04-16 19:56:31', 'DEBIT', 'acc-d04ed761-d7e2-483d-a553-6e969bcea2af');
INSERT INTO account_operation (id, amount, description, operation_date, type, bank_account_id) VALUES (3000, 1185.29, 'Carrefour', '2025-11-26 19:56:31', 'DEBIT', 'acc-d04ed761-d7e2-483d-a553-6e969bcea2af');
INSERT INTO account_operation (id, amount, description, operation_date, type, bank_account_id) VALUES (3001, 10199.57, 'Cash Deposit', '2026-06-20 19:56:31', 'CREDIT', 'acc-d04ed761-d7e2-483d-a553-6e969bcea2af');
INSERT INTO account_operation (id, amount, description, operation_date, type, bank_account_id) VALUES (3002, 769.2, 'Maroc Telecom', '2025-09-27 19:56:31', 'DEBIT', 'acc-d04ed761-d7e2-483d-a553-6e969bcea2af');
INSERT INTO account_operation (id, amount, description, operation_date, type, bank_account_id) VALUES (3003, 228.78, 'Pharmacy', '2026-05-07 19:56:31', 'DEBIT', 'acc-d04ed761-d7e2-483d-a553-6e969bcea2af');
INSERT INTO account_operation (id, amount, description, operation_date, type, bank_account_id) VALUES (3004, 12136.14, 'Cash Deposit', '2026-02-13 19:56:31', 'CREDIT', 'acc-d04ed761-d7e2-483d-a553-6e969bcea2af');
INSERT INTO account_operation (id, amount, description, operation_date, type, bank_account_id) VALUES (3005, 744.97, 'Spotify', '2026-02-11 19:56:31', 'DEBIT', 'acc-d04ed761-d7e2-483d-a553-6e969bcea2af');
INSERT INTO account_operation (id, amount, description, operation_date, type, bank_account_id) VALUES (3006, 928.76, 'Zara', '2026-06-16 19:56:31', 'DEBIT', 'acc-d04ed761-d7e2-483d-a553-6e969bcea2af');
INSERT INTO account_operation (id, amount, description, operation_date, type, bank_account_id) VALUES (3007, 1476.85, 'Carrefour', '2025-11-18 19:56:31', 'DEBIT', 'acc-d04ed761-d7e2-483d-a553-6e969bcea2af');

INSERT INTO customer (id, name, email) VALUES (51, 'Khadija Lahlou', 'khadija.lahlou@gmail.com');
INSERT INTO bank_account (id, type, balance, created_at, customer_id, over_draft, interest_rate) VALUES ('acc-cd57964b-084c-4c26-a29c-2c515b43945f', 'CURR', 35302.66, '2025-07-11 19:56:31', 51, 4660.49, NULL);
INSERT INTO account_operation (id, amount, description, operation_date, type, bank_account_id) VALUES (3008, 24197.76, 'Initial Account Funding', '2025-07-11 19:56:31', 'CREDIT', 'acc-cd57964b-084c-4c26-a29c-2c515b43945f');
INSERT INTO account_operation (id, amount, description, operation_date, type, bank_account_id) VALUES (3009, 1160.36, 'ONEE Electricity', '2026-03-25 19:56:31', 'DEBIT', 'acc-cd57964b-084c-4c26-a29c-2c515b43945f');
INSERT INTO account_operation (id, amount, description, operation_date, type, bank_account_id) VALUES (3010, 611.6, 'Netflix Subscription', '2025-12-24 19:56:31', 'DEBIT', 'acc-cd57964b-084c-4c26-a29c-2c515b43945f');
INSERT INTO account_operation (id, amount, description, operation_date, type, bank_account_id) VALUES (3011, 41.96, 'Spotify', '2026-03-11 19:56:31', 'DEBIT', 'acc-cd57964b-084c-4c26-a29c-2c515b43945f');
INSERT INTO account_operation (id, amount, description, operation_date, type, bank_account_id) VALUES (3012, 1033.85, 'LC Waikiki', '2026-06-04 19:56:31', 'DEBIT', 'acc-cd57964b-084c-4c26-a29c-2c515b43945f');
INSERT INTO account_operation (id, amount, description, operation_date, type, bank_account_id) VALUES (3013, 1152.24, 'Restaurant', '2025-09-27 19:56:31', 'DEBIT', 'acc-cd57964b-084c-4c26-a29c-2c515b43945f');
INSERT INTO account_operation (id, amount, description, operation_date, type, bank_account_id) VALUES (3014, 1793.9, 'Marjane Supermarket', '2025-08-09 19:56:31', 'DEBIT', 'acc-cd57964b-084c-4c26-a29c-2c515b43945f');
INSERT INTO account_operation (id, amount, description, operation_date, type, bank_account_id) VALUES (3015, 1106.03, 'ONCF Train', '2025-09-25 19:56:31', 'DEBIT', 'acc-cd57964b-084c-4c26-a29c-2c515b43945f');
INSERT INTO account_operation (id, amount, description, operation_date, type, bank_account_id) VALUES (3016, 457.37, 'Spotify', '2026-02-14 19:56:31', 'DEBIT', 'acc-cd57964b-084c-4c26-a29c-2c515b43945f');
INSERT INTO account_operation (id, amount, description, operation_date, type, bank_account_id) VALUES (3017, 4284.82, 'Transfer Received', '2026-06-10 19:56:31', 'CREDIT', 'acc-cd57964b-084c-4c26-a29c-2c515b43945f');
INSERT INTO account_operation (id, amount, description, operation_date, type, bank_account_id) VALUES (3018, 851.29, 'Inwi', '2026-06-10 19:56:31', 'DEBIT', 'acc-cd57964b-084c-4c26-a29c-2c515b43945f');
INSERT INTO account_operation (id, amount, description, operation_date, type, bank_account_id) VALUES (3019, 4298.86, 'Cash Deposit', '2025-12-07 19:56:31', 'CREDIT', 'acc-cd57964b-084c-4c26-a29c-2c515b43945f');
INSERT INTO account_operation (id, amount, description, operation_date, type, bank_account_id) VALUES (3020, 645.7, 'ONEE Electricity', '2026-06-11 19:56:31', 'DEBIT', 'acc-cd57964b-084c-4c26-a29c-2c515b43945f');
INSERT INTO account_operation (id, amount, description, operation_date, type, bank_account_id) VALUES (3021, 994.75, 'Local Cafe', '2026-06-27 19:56:31', 'DEBIT', 'acc-cd57964b-084c-4c26-a29c-2c515b43945f');
INSERT INTO account_operation (id, amount, description, operation_date, type, bank_account_id) VALUES (3022, 7912.01, 'Freelance Payment', '2025-08-10 19:56:31', 'CREDIT', 'acc-cd57964b-084c-4c26-a29c-2c515b43945f');
INSERT INTO account_operation (id, amount, description, operation_date, type, bank_account_id) VALUES (3023, 1168.42, 'Redal', '2026-03-08 19:56:31', 'DEBIT', 'acc-cd57964b-084c-4c26-a29c-2c515b43945f');
INSERT INTO account_operation (id, amount, description, operation_date, type, bank_account_id) VALUES (3024, 1006.28, 'ONEE Electricity', '2025-09-16 19:56:31', 'DEBIT', 'acc-cd57964b-084c-4c26-a29c-2c515b43945f');
INSERT INTO account_operation (id, amount, description, operation_date, type, bank_account_id) VALUES (3025, 1270.98, 'Restaurant', '2026-01-19 19:56:31', 'DEBIT', 'acc-cd57964b-084c-4c26-a29c-2c515b43945f');
INSERT INTO account_operation (id, amount, description, operation_date, type, bank_account_id) VALUES (3026, 1875.34, 'Spotify', '2026-03-04 19:56:31', 'DEBIT', 'acc-cd57964b-084c-4c26-a29c-2c515b43945f');
INSERT INTO account_operation (id, amount, description, operation_date, type, bank_account_id) VALUES (3027, 1952.0, 'Netflix Subscription', '2025-09-03 19:56:31', 'DEBIT', 'acc-cd57964b-084c-4c26-a29c-2c515b43945f');
INSERT INTO account_operation (id, amount, description, operation_date, type, bank_account_id) VALUES (3028, 1307.49, 'Decathlon', '2026-03-01 19:56:31', 'DEBIT', 'acc-cd57964b-084c-4c26-a29c-2c515b43945f');
INSERT INTO account_operation (id, amount, description, operation_date, type, bank_account_id) VALUES (3029, 4559.02, 'Freelance Payment', '2026-05-21 19:56:31', 'CREDIT', 'acc-cd57964b-084c-4c26-a29c-2c515b43945f');
INSERT INTO account_operation (id, amount, description, operation_date, type, bank_account_id) VALUES (3030, 1292.55, 'ONCF Train', '2026-02-17 19:56:31', 'DEBIT', 'acc-cd57964b-084c-4c26-a29c-2c515b43945f');
INSERT INTO account_operation (id, amount, description, operation_date, type, bank_account_id) VALUES (3031, 955.75, 'Spotify', '2025-07-29 19:56:31', 'DEBIT', 'acc-cd57964b-084c-4c26-a29c-2c515b43945f');
INSERT INTO account_operation (id, amount, description, operation_date, type, bank_account_id) VALUES (3032, 1826.96, 'LC Waikiki', '2025-12-12 19:56:31', 'DEBIT', 'acc-cd57964b-084c-4c26-a29c-2c515b43945f');
INSERT INTO account_operation (id, amount, description, operation_date, type, bank_account_id) VALUES (3033, 7713.66, 'Transfer Received', '2025-07-24 19:56:31', 'CREDIT', 'acc-cd57964b-084c-4c26-a29c-2c515b43945f');
INSERT INTO account_operation (id, amount, description, operation_date, type, bank_account_id) VALUES (3034, 990.21, 'Orange', '2025-08-24 19:56:31', 'DEBIT', 'acc-cd57964b-084c-4c26-a29c-2c515b43945f');
INSERT INTO account_operation (id, amount, description, operation_date, type, bank_account_id) VALUES (3035, 12.89, 'Spotify', '2025-11-13 19:56:31', 'DEBIT', 'acc-cd57964b-084c-4c26-a29c-2c515b43945f');
INSERT INTO account_operation (id, amount, description, operation_date, type, bank_account_id) VALUES (3036, 1611.15, 'Zara', '2025-07-22 19:56:31', 'DEBIT', 'acc-cd57964b-084c-4c26-a29c-2c515b43945f');
INSERT INTO account_operation (id, amount, description, operation_date, type, bank_account_id) VALUES (3037, 1272.44, 'Decathlon', '2026-04-24 19:56:31', 'DEBIT', 'acc-cd57964b-084c-4c26-a29c-2c515b43945f');
INSERT INTO account_operation (id, amount, description, operation_date, type, bank_account_id) VALUES (3038, 466.76, 'CTM Bus', '2026-03-19 19:56:31', 'DEBIT', 'acc-cd57964b-084c-4c26-a29c-2c515b43945f');
INSERT INTO account_operation (id, amount, description, operation_date, type, bank_account_id) VALUES (3039, 893.92, 'Pharmacy', '2026-04-23 19:56:31', 'DEBIT', 'acc-cd57964b-084c-4c26-a29c-2c515b43945f');
INSERT INTO account_operation (id, amount, description, operation_date, type, bank_account_id) VALUES (3040, 680.39, 'Redal', '2026-06-20 19:56:31', 'DEBIT', 'acc-cd57964b-084c-4c26-a29c-2c515b43945f');
INSERT INTO account_operation (id, amount, description, operation_date, type, bank_account_id) VALUES (3041, 1725.4, 'BIM Store', '2026-01-03 19:56:31', 'DEBIT', 'acc-cd57964b-084c-4c26-a29c-2c515b43945f');
INSERT INTO account_operation (id, amount, description, operation_date, type, bank_account_id) VALUES (3042, 11435.02, 'Dividend Payout', '2026-03-02 19:56:31', 'CREDIT', 'acc-cd57964b-084c-4c26-a29c-2c515b43945f');
INSERT INTO account_operation (id, amount, description, operation_date, type, bank_account_id) VALUES (3043, 186.85, 'CTM Bus', '2025-10-02 19:56:31', 'DEBIT', 'acc-cd57964b-084c-4c26-a29c-2c515b43945f');
INSERT INTO account_operation (id, amount, description, operation_date, type, bank_account_id) VALUES (3044, 1628.46, 'Amendis', '2025-11-18 19:56:31', 'DEBIT', 'acc-cd57964b-084c-4c26-a29c-2c515b43945f');
INSERT INTO account_operation (id, amount, description, operation_date, type, bank_account_id) VALUES (3045, 14866.39, 'Dividend Payout', '2026-06-27 19:56:31', 'CREDIT', 'acc-cd57964b-084c-4c26-a29c-2c515b43945f');
INSERT INTO account_operation (id, amount, description, operation_date, type, bank_account_id) VALUES (3046, 1575.11, 'Maroc Telecom', '2026-06-16 19:56:31', 'DEBIT', 'acc-cd57964b-084c-4c26-a29c-2c515b43945f');
INSERT INTO account_operation (id, amount, description, operation_date, type, bank_account_id) VALUES (3047, 1511.98, 'Inwi', '2026-04-06 19:56:31', 'DEBIT', 'acc-cd57964b-084c-4c26-a29c-2c515b43945f');
INSERT INTO account_operation (id, amount, description, operation_date, type, bank_account_id) VALUES (3048, 747.8, 'Local Cafe', '2026-05-21 19:56:31', 'DEBIT', 'acc-cd57964b-084c-4c26-a29c-2c515b43945f');
INSERT INTO account_operation (id, amount, description, operation_date, type, bank_account_id) VALUES (3049, 751.15, 'Amendis', '2025-09-03 19:56:31', 'DEBIT', 'acc-cd57964b-084c-4c26-a29c-2c515b43945f');
INSERT INTO account_operation (id, amount, description, operation_date, type, bank_account_id) VALUES (3050, 608.98, 'CTM Bus', '2026-02-01 19:56:31', 'DEBIT', 'acc-cd57964b-084c-4c26-a29c-2c515b43945f');
INSERT INTO account_operation (id, amount, description, operation_date, type, bank_account_id) VALUES (3051, 708.64, 'Restaurant', '2025-11-19 19:56:31', 'DEBIT', 'acc-cd57964b-084c-4c26-a29c-2c515b43945f');
INSERT INTO account_operation (id, amount, description, operation_date, type, bank_account_id) VALUES (3052, 904.57, 'Pharmacy', '2026-04-04 19:56:31', 'DEBIT', 'acc-cd57964b-084c-4c26-a29c-2c515b43945f');
INSERT INTO account_operation (id, amount, description, operation_date, type, bank_account_id) VALUES (3053, 1587.53, 'ONCF Train', '2025-12-17 19:56:31', 'DEBIT', 'acc-cd57964b-084c-4c26-a29c-2c515b43945f');
INSERT INTO account_operation (id, amount, description, operation_date, type, bank_account_id) VALUES (3054, 1597.88, 'Pharmacy', '2025-08-25 19:56:31', 'DEBIT', 'acc-cd57964b-084c-4c26-a29c-2c515b43945f');
INSERT INTO account_operation (id, amount, description, operation_date, type, bank_account_id) VALUES (3055, 1858.19, 'Maroc Telecom', '2025-12-17 19:56:31', 'DEBIT', 'acc-cd57964b-084c-4c26-a29c-2c515b43945f');
INSERT INTO account_operation (id, amount, description, operation_date, type, bank_account_id) VALUES (3056, 139.76, 'Spotify', '2025-09-10 19:56:31', 'DEBIT', 'acc-cd57964b-084c-4c26-a29c-2c515b43945f');

INSERT INTO customer (id, name, email) VALUES (52, 'Mehdi El Amrani', 'mehdi.el amrani@gmail.com');
INSERT INTO bank_account (id, type, balance, created_at, customer_id, over_draft, interest_rate) VALUES ('acc-5906ca42-239f-4b35-b223-45860ef3ae70', 'SAVE', 117084.3, '2025-07-10 19:56:31', 52, NULL, 4.07);
INSERT INTO account_operation (id, amount, description, operation_date, type, bank_account_id) VALUES (3057, 41909.72, 'Initial Account Funding', '2025-07-10 19:56:31', 'CREDIT', 'acc-5906ca42-239f-4b35-b223-45860ef3ae70');
INSERT INTO account_operation (id, amount, description, operation_date, type, bank_account_id) VALUES (3058, 2131.73, 'Salary Deposit', '2025-11-28 19:56:31', 'CREDIT', 'acc-5906ca42-239f-4b35-b223-45860ef3ae70');
INSERT INTO account_operation (id, amount, description, operation_date, type, bank_account_id) VALUES (3059, 4966.13, 'Cash Deposit', '2026-02-20 19:56:31', 'CREDIT', 'acc-5906ca42-239f-4b35-b223-45860ef3ae70');
INSERT INTO account_operation (id, amount, description, operation_date, type, bank_account_id) VALUES (3060, 11457.59, 'Dividend Payout', '2025-12-03 19:56:31', 'CREDIT', 'acc-5906ca42-239f-4b35-b223-45860ef3ae70');
INSERT INTO account_operation (id, amount, description, operation_date, type, bank_account_id) VALUES (3061, 1474.15, 'Local Cafe', '2026-05-24 19:56:31', 'DEBIT', 'acc-5906ca42-239f-4b35-b223-45860ef3ae70');
INSERT INTO account_operation (id, amount, description, operation_date, type, bank_account_id) VALUES (3062, 1278.32, 'Maroc Telecom', '2026-03-11 19:56:31', 'DEBIT', 'acc-5906ca42-239f-4b35-b223-45860ef3ae70');
INSERT INTO account_operation (id, amount, description, operation_date, type, bank_account_id) VALUES (3063, 656.33, 'BIM Store', '2026-06-14 19:56:31', 'DEBIT', 'acc-5906ca42-239f-4b35-b223-45860ef3ae70');
INSERT INTO account_operation (id, amount, description, operation_date, type, bank_account_id) VALUES (3064, 2395.75, 'Cash Deposit', '2026-05-04 19:56:31', 'CREDIT', 'acc-5906ca42-239f-4b35-b223-45860ef3ae70');
INSERT INTO account_operation (id, amount, description, operation_date, type, bank_account_id) VALUES (3065, 5145.23, 'Freelance Payment', '2026-03-25 19:56:31', 'CREDIT', 'acc-5906ca42-239f-4b35-b223-45860ef3ae70');
INSERT INTO account_operation (id, amount, description, operation_date, type, bank_account_id) VALUES (3066, 9764.13, 'Cash Deposit', '2025-07-22 19:56:31', 'CREDIT', 'acc-5906ca42-239f-4b35-b223-45860ef3ae70');
INSERT INTO account_operation (id, amount, description, operation_date, type, bank_account_id) VALUES (3067, 740.96, 'CTM Bus', '2026-02-11 19:56:31', 'DEBIT', 'acc-5906ca42-239f-4b35-b223-45860ef3ae70');
INSERT INTO account_operation (id, amount, description, operation_date, type, bank_account_id) VALUES (3068, 14619.66, 'Freelance Payment', '2025-12-28 19:56:31', 'CREDIT', 'acc-5906ca42-239f-4b35-b223-45860ef3ae70');
INSERT INTO account_operation (id, amount, description, operation_date, type, bank_account_id) VALUES (3069, 10150.83, 'Salary Deposit', '2026-06-14 19:56:31', 'CREDIT', 'acc-5906ca42-239f-4b35-b223-45860ef3ae70');
INSERT INTO account_operation (id, amount, description, operation_date, type, bank_account_id) VALUES (3070, 9519.47, 'Salary Deposit', '2025-11-14 19:56:31', 'CREDIT', 'acc-5906ca42-239f-4b35-b223-45860ef3ae70');
INSERT INTO account_operation (id, amount, description, operation_date, type, bank_account_id) VALUES (3071, 13428.41, 'Dividend Payout', '2026-01-08 19:56:31', 'CREDIT', 'acc-5906ca42-239f-4b35-b223-45860ef3ae70');
INSERT INTO account_operation (id, amount, description, operation_date, type, bank_account_id) VALUES (3072, 371.59, 'Pharmacy', '2025-09-30 19:56:31', 'DEBIT', 'acc-5906ca42-239f-4b35-b223-45860ef3ae70');
INSERT INTO account_operation (id, amount, description, operation_date, type, bank_account_id) VALUES (3073, 1711.4, 'Amendis', '2026-02-07 19:56:31', 'DEBIT', 'acc-5906ca42-239f-4b35-b223-45860ef3ae70');
INSERT INTO account_operation (id, amount, description, operation_date, type, bank_account_id) VALUES (3074, 174.15, 'Local Cafe', '2025-09-12 19:56:31', 'DEBIT', 'acc-5906ca42-239f-4b35-b223-45860ef3ae70');
INSERT INTO account_operation (id, amount, description, operation_date, type, bank_account_id) VALUES (3075, 1036.81, 'Spotify', '2026-02-26 19:56:31', 'DEBIT', 'acc-5906ca42-239f-4b35-b223-45860ef3ae70');
INSERT INTO account_operation (id, amount, description, operation_date, type, bank_account_id) VALUES (3076, 7797.89, 'Transfer Received', '2026-06-05 19:56:31', 'CREDIT', 'acc-5906ca42-239f-4b35-b223-45860ef3ae70');
INSERT INTO account_operation (id, amount, description, operation_date, type, bank_account_id) VALUES (3077, 74.02, 'CTM Bus', '2026-05-25 19:56:31', 'DEBIT', 'acc-5906ca42-239f-4b35-b223-45860ef3ae70');
INSERT INTO account_operation (id, amount, description, operation_date, type, bank_account_id) VALUES (3078, 1130.88, 'Pharmacy', '2026-05-03 19:56:31', 'DEBIT', 'acc-5906ca42-239f-4b35-b223-45860ef3ae70');
INSERT INTO account_operation (id, amount, description, operation_date, type, bank_account_id) VALUES (3079, 1119.36, 'BIM Store', '2026-05-16 19:56:31', 'DEBIT', 'acc-5906ca42-239f-4b35-b223-45860ef3ae70');
INSERT INTO account_operation (id, amount, description, operation_date, type, bank_account_id) VALUES (3080, 1337.95, 'Pharmacy', '2026-01-22 19:56:31', 'DEBIT', 'acc-5906ca42-239f-4b35-b223-45860ef3ae70');
INSERT INTO account_operation (id, amount, description, operation_date, type, bank_account_id) VALUES (3081, 1699.24, 'Restaurant', '2025-09-18 19:56:31', 'DEBIT', 'acc-5906ca42-239f-4b35-b223-45860ef3ae70');
INSERT INTO account_operation (id, amount, description, operation_date, type, bank_account_id) VALUES (3082, 1450.48, 'Inwi', '2025-11-30 19:56:31', 'DEBIT', 'acc-5906ca42-239f-4b35-b223-45860ef3ae70');
INSERT INTO account_operation (id, amount, description, operation_date, type, bank_account_id) VALUES (3083, 1946.6, 'Netflix Subscription', '2026-04-28 19:56:31', 'DEBIT', 'acc-5906ca42-239f-4b35-b223-45860ef3ae70');
INSERT INTO bank_account (id, type, balance, created_at, customer_id, over_draft, interest_rate) VALUES ('acc-ae5c83b2-69b1-416f-a6ae-38daea326b9b', 'CURR', 104617.84, '2025-07-01 19:56:31', 52, 8615.01, NULL);
INSERT INTO account_operation (id, amount, description, operation_date, type, bank_account_id) VALUES (3084, 48958.91, 'Initial Account Funding', '2025-07-01 19:56:31', 'CREDIT', 'acc-ae5c83b2-69b1-416f-a6ae-38daea326b9b');
INSERT INTO account_operation (id, amount, description, operation_date, type, bank_account_id) VALUES (3085, 1220.16, 'ONEE Electricity', '2026-03-10 19:56:31', 'DEBIT', 'acc-ae5c83b2-69b1-416f-a6ae-38daea326b9b');
INSERT INTO account_operation (id, amount, description, operation_date, type, bank_account_id) VALUES (3086, 622.2, 'BIM Store', '2025-07-28 19:56:31', 'DEBIT', 'acc-ae5c83b2-69b1-416f-a6ae-38daea326b9b');
INSERT INTO account_operation (id, amount, description, operation_date, type, bank_account_id) VALUES (3087, 197.99, 'Restaurant', '2025-07-17 19:56:31', 'DEBIT', 'acc-ae5c83b2-69b1-416f-a6ae-38daea326b9b');
INSERT INTO account_operation (id, amount, description, operation_date, type, bank_account_id) VALUES (3088, 14782.37, 'Freelance Payment', '2025-10-31 19:56:31', 'CREDIT', 'acc-ae5c83b2-69b1-416f-a6ae-38daea326b9b');
INSERT INTO account_operation (id, amount, description, operation_date, type, bank_account_id) VALUES (3089, 657.92, 'Redal', '2025-10-19 19:56:31', 'DEBIT', 'acc-ae5c83b2-69b1-416f-a6ae-38daea326b9b');
INSERT INTO account_operation (id, amount, description, operation_date, type, bank_account_id) VALUES (3090, 889.92, 'Carrefour', '2026-06-11 19:56:31', 'DEBIT', 'acc-ae5c83b2-69b1-416f-a6ae-38daea326b9b');
INSERT INTO account_operation (id, amount, description, operation_date, type, bank_account_id) VALUES (3091, 712.57, 'Netflix Subscription', '2025-11-08 19:56:31', 'DEBIT', 'acc-ae5c83b2-69b1-416f-a6ae-38daea326b9b');
INSERT INTO account_operation (id, amount, description, operation_date, type, bank_account_id) VALUES (3092, 684.59, 'BIM Store', '2025-10-12 19:56:31', 'DEBIT', 'acc-ae5c83b2-69b1-416f-a6ae-38daea326b9b');
INSERT INTO account_operation (id, amount, description, operation_date, type, bank_account_id) VALUES (3093, 1430.25, 'Zara', '2025-07-25 19:56:31', 'DEBIT', 'acc-ae5c83b2-69b1-416f-a6ae-38daea326b9b');
INSERT INTO account_operation (id, amount, description, operation_date, type, bank_account_id) VALUES (3094, 769.57, 'Inwi', '2026-01-02 19:56:31', 'DEBIT', 'acc-ae5c83b2-69b1-416f-a6ae-38daea326b9b');
INSERT INTO account_operation (id, amount, description, operation_date, type, bank_account_id) VALUES (3095, 1556.19, 'ONCF Train', '2025-10-30 19:56:31', 'DEBIT', 'acc-ae5c83b2-69b1-416f-a6ae-38daea326b9b');
INSERT INTO account_operation (id, amount, description, operation_date, type, bank_account_id) VALUES (3096, 921.03, 'ONCF Train', '2025-08-20 19:56:31', 'DEBIT', 'acc-ae5c83b2-69b1-416f-a6ae-38daea326b9b');
INSERT INTO account_operation (id, amount, description, operation_date, type, bank_account_id) VALUES (3097, 673.67, 'Amendis', '2026-02-01 19:56:31', 'DEBIT', 'acc-ae5c83b2-69b1-416f-a6ae-38daea326b9b');
INSERT INTO account_operation (id, amount, description, operation_date, type, bank_account_id) VALUES (3098, 9600.72, 'Transfer Received', '2026-04-28 19:56:31', 'CREDIT', 'acc-ae5c83b2-69b1-416f-a6ae-38daea326b9b');
INSERT INTO account_operation (id, amount, description, operation_date, type, bank_account_id) VALUES (3099, 11494.96, 'Transfer Received', '2026-04-02 19:56:31', 'CREDIT', 'acc-ae5c83b2-69b1-416f-a6ae-38daea326b9b');
INSERT INTO account_operation (id, amount, description, operation_date, type, bank_account_id) VALUES (3100, 14116.23, 'Cash Deposit', '2026-01-31 19:56:31', 'CREDIT', 'acc-ae5c83b2-69b1-416f-a6ae-38daea326b9b');
INSERT INTO account_operation (id, amount, description, operation_date, type, bank_account_id) VALUES (3101, 470.59, 'CTM Bus', '2026-01-29 19:56:31', 'DEBIT', 'acc-ae5c83b2-69b1-416f-a6ae-38daea326b9b');
INSERT INTO account_operation (id, amount, description, operation_date, type, bank_account_id) VALUES (3102, 12306.2, 'Dividend Payout', '2025-11-16 19:56:31', 'CREDIT', 'acc-ae5c83b2-69b1-416f-a6ae-38daea326b9b');
INSERT INTO account_operation (id, amount, description, operation_date, type, bank_account_id) VALUES (3103, 4886.54, 'Cash Deposit', '2025-08-29 19:56:31', 'CREDIT', 'acc-ae5c83b2-69b1-416f-a6ae-38daea326b9b');
INSERT INTO account_operation (id, amount, description, operation_date, type, bank_account_id) VALUES (3104, 721.44, 'Maroc Telecom', '2026-01-18 19:56:31', 'DEBIT', 'acc-ae5c83b2-69b1-416f-a6ae-38daea326b9b');
INSERT INTO bank_account (id, type, balance, created_at, customer_id, over_draft, interest_rate) VALUES ('acc-2de3a2c7-0a17-44e9-9ed3-51085d2f6abc', 'CURR', 92959.47, '2025-09-06 19:56:31', 52, 7057.29, NULL);
INSERT INTO account_operation (id, amount, description, operation_date, type, bank_account_id) VALUES (3105, 37810.68, 'Initial Account Funding', '2025-09-06 19:56:31', 'CREDIT', 'acc-2de3a2c7-0a17-44e9-9ed3-51085d2f6abc');
INSERT INTO account_operation (id, amount, description, operation_date, type, bank_account_id) VALUES (3106, 6879.48, 'Transfer Received', '2025-10-26 19:56:31', 'CREDIT', 'acc-2de3a2c7-0a17-44e9-9ed3-51085d2f6abc');
INSERT INTO account_operation (id, amount, description, operation_date, type, bank_account_id) VALUES (3107, 1971.03, 'ONEE Electricity', '2026-02-03 19:56:31', 'DEBIT', 'acc-2de3a2c7-0a17-44e9-9ed3-51085d2f6abc');
INSERT INTO account_operation (id, amount, description, operation_date, type, bank_account_id) VALUES (3108, 397.99, 'Zara', '2025-10-25 19:56:31', 'DEBIT', 'acc-2de3a2c7-0a17-44e9-9ed3-51085d2f6abc');
INSERT INTO account_operation (id, amount, description, operation_date, type, bank_account_id) VALUES (3109, 1818.62, 'Decathlon', '2026-02-24 19:56:31', 'DEBIT', 'acc-2de3a2c7-0a17-44e9-9ed3-51085d2f6abc');
INSERT INTO account_operation (id, amount, description, operation_date, type, bank_account_id) VALUES (3110, 5152.43, 'Dividend Payout', '2026-01-21 19:56:31', 'CREDIT', 'acc-2de3a2c7-0a17-44e9-9ed3-51085d2f6abc');
INSERT INTO account_operation (id, amount, description, operation_date, type, bank_account_id) VALUES (3111, 1148.57, 'Inwi', '2026-06-25 19:56:31', 'DEBIT', 'acc-2de3a2c7-0a17-44e9-9ed3-51085d2f6abc');
INSERT INTO account_operation (id, amount, description, operation_date, type, bank_account_id) VALUES (3112, 827.25, 'ONCF Train', '2026-06-23 19:56:31', 'DEBIT', 'acc-2de3a2c7-0a17-44e9-9ed3-51085d2f6abc');
INSERT INTO account_operation (id, amount, description, operation_date, type, bank_account_id) VALUES (3113, 1846.92, 'Carrefour', '2026-04-20 19:56:31', 'DEBIT', 'acc-2de3a2c7-0a17-44e9-9ed3-51085d2f6abc');
INSERT INTO account_operation (id, amount, description, operation_date, type, bank_account_id) VALUES (3114, 1143.86, 'BIM Store', '2026-04-11 19:56:31', 'DEBIT', 'acc-2de3a2c7-0a17-44e9-9ed3-51085d2f6abc');
INSERT INTO account_operation (id, amount, description, operation_date, type, bank_account_id) VALUES (3115, 445.06, 'Netflix Subscription', '2026-01-17 19:56:31', 'DEBIT', 'acc-2de3a2c7-0a17-44e9-9ed3-51085d2f6abc');
INSERT INTO account_operation (id, amount, description, operation_date, type, bank_account_id) VALUES (3116, 853.3, 'Amendis', '2025-11-19 19:56:31', 'DEBIT', 'acc-2de3a2c7-0a17-44e9-9ed3-51085d2f6abc');
INSERT INTO account_operation (id, amount, description, operation_date, type, bank_account_id) VALUES (3117, 659.32, 'Maroc Telecom', '2026-03-21 19:56:31', 'DEBIT', 'acc-2de3a2c7-0a17-44e9-9ed3-51085d2f6abc');
INSERT INTO account_operation (id, amount, description, operation_date, type, bank_account_id) VALUES (3118, 11976.33, 'Salary Deposit', '2026-04-20 19:56:31', 'CREDIT', 'acc-2de3a2c7-0a17-44e9-9ed3-51085d2f6abc');
INSERT INTO account_operation (id, amount, description, operation_date, type, bank_account_id) VALUES (3119, 1909.95, 'Pharmacy', '2026-05-17 19:56:31', 'DEBIT', 'acc-2de3a2c7-0a17-44e9-9ed3-51085d2f6abc');
INSERT INTO account_operation (id, amount, description, operation_date, type, bank_account_id) VALUES (3120, 9620.67, 'Transfer Received', '2025-12-18 19:56:31', 'CREDIT', 'acc-2de3a2c7-0a17-44e9-9ed3-51085d2f6abc');
INSERT INTO account_operation (id, amount, description, operation_date, type, bank_account_id) VALUES (3121, 11747.54, 'Transfer Received', '2026-03-15 19:56:31', 'CREDIT', 'acc-2de3a2c7-0a17-44e9-9ed3-51085d2f6abc');
INSERT INTO account_operation (id, amount, description, operation_date, type, bank_account_id) VALUES (3122, 1874.04, 'Carrefour', '2026-01-27 19:56:31', 'DEBIT', 'acc-2de3a2c7-0a17-44e9-9ed3-51085d2f6abc');
INSERT INTO account_operation (id, amount, description, operation_date, type, bank_account_id) VALUES (3123, 11236.56, 'Salary Deposit', '2026-04-27 19:56:31', 'CREDIT', 'acc-2de3a2c7-0a17-44e9-9ed3-51085d2f6abc');
INSERT INTO account_operation (id, amount, description, operation_date, type, bank_account_id) VALUES (3124, 1258.98, 'Netflix Subscription', '2025-09-17 19:56:31', 'DEBIT', 'acc-2de3a2c7-0a17-44e9-9ed3-51085d2f6abc');
INSERT INTO account_operation (id, amount, description, operation_date, type, bank_account_id) VALUES (3125, 3053.81, 'Cash Deposit', '2026-01-26 19:56:31', 'CREDIT', 'acc-2de3a2c7-0a17-44e9-9ed3-51085d2f6abc');
INSERT INTO account_operation (id, amount, description, operation_date, type, bank_account_id) VALUES (3126, 1099.45, 'Restaurant', '2026-03-23 19:56:31', 'DEBIT', 'acc-2de3a2c7-0a17-44e9-9ed3-51085d2f6abc');
INSERT INTO account_operation (id, amount, description, operation_date, type, bank_account_id) VALUES (3127, 434.26, 'CTM Bus', '2026-03-11 19:56:31', 'DEBIT', 'acc-2de3a2c7-0a17-44e9-9ed3-51085d2f6abc');
INSERT INTO account_operation (id, amount, description, operation_date, type, bank_account_id) VALUES (3128, 1576.86, 'Amendis', '2025-11-14 19:56:31', 'DEBIT', 'acc-2de3a2c7-0a17-44e9-9ed3-51085d2f6abc');
INSERT INTO account_operation (id, amount, description, operation_date, type, bank_account_id) VALUES (3129, 1652.32, 'CTM Bus', '2025-11-29 19:56:31', 'DEBIT', 'acc-2de3a2c7-0a17-44e9-9ed3-51085d2f6abc');
INSERT INTO account_operation (id, amount, description, operation_date, type, bank_account_id) VALUES (3130, 335.26, 'Pharmacy', '2025-10-08 19:56:31', 'DEBIT', 'acc-2de3a2c7-0a17-44e9-9ed3-51085d2f6abc');
INSERT INTO account_operation (id, amount, description, operation_date, type, bank_account_id) VALUES (3131, 1289.47, 'Local Cafe', '2026-01-21 19:56:31', 'DEBIT', 'acc-2de3a2c7-0a17-44e9-9ed3-51085d2f6abc');
INSERT INTO account_operation (id, amount, description, operation_date, type, bank_account_id) VALUES (3132, 533.52, 'Decathlon', '2026-04-20 19:56:31', 'DEBIT', 'acc-2de3a2c7-0a17-44e9-9ed3-51085d2f6abc');
INSERT INTO account_operation (id, amount, description, operation_date, type, bank_account_id) VALUES (3133, 909.96, 'BIM Store', '2025-10-04 19:56:31', 'DEBIT', 'acc-2de3a2c7-0a17-44e9-9ed3-51085d2f6abc');
INSERT INTO account_operation (id, amount, description, operation_date, type, bank_account_id) VALUES (3134, 3452.77, 'Transfer Received', '2025-10-13 19:56:31', 'CREDIT', 'acc-2de3a2c7-0a17-44e9-9ed3-51085d2f6abc');
INSERT INTO account_operation (id, amount, description, operation_date, type, bank_account_id) VALUES (3135, 3173.39, 'Cash Deposit', '2026-01-27 19:56:31', 'CREDIT', 'acc-2de3a2c7-0a17-44e9-9ed3-51085d2f6abc');
INSERT INTO account_operation (id, amount, description, operation_date, type, bank_account_id) VALUES (3136, 1009.31, 'Pharmacy', '2025-11-21 19:56:31', 'DEBIT', 'acc-2de3a2c7-0a17-44e9-9ed3-51085d2f6abc');
INSERT INTO account_operation (id, amount, description, operation_date, type, bank_account_id) VALUES (3137, 578.25, 'BIM Store', '2026-03-19 19:56:31', 'DEBIT', 'acc-2de3a2c7-0a17-44e9-9ed3-51085d2f6abc');
INSERT INTO account_operation (id, amount, description, operation_date, type, bank_account_id) VALUES (3138, 905.99, 'Spotify', '2026-05-30 19:56:31', 'DEBIT', 'acc-2de3a2c7-0a17-44e9-9ed3-51085d2f6abc');
INSERT INTO account_operation (id, amount, description, operation_date, type, bank_account_id) VALUES (3139, 190.84, 'Orange', '2025-12-28 19:56:31', 'DEBIT', 'acc-2de3a2c7-0a17-44e9-9ed3-51085d2f6abc');
INSERT INTO account_operation (id, amount, description, operation_date, type, bank_account_id) VALUES (3140, 2467.92, 'Dividend Payout', '2026-02-02 19:56:31', 'CREDIT', 'acc-2de3a2c7-0a17-44e9-9ed3-51085d2f6abc');
INSERT INTO account_operation (id, amount, description, operation_date, type, bank_account_id) VALUES (3141, 4333.13, 'Salary Deposit', '2026-06-14 19:56:31', 'CREDIT', 'acc-2de3a2c7-0a17-44e9-9ed3-51085d2f6abc');
INSERT INTO account_operation (id, amount, description, operation_date, type, bank_account_id) VALUES (3142, 1373.03, 'Netflix Subscription', '2025-11-13 19:56:31', 'DEBIT', 'acc-2de3a2c7-0a17-44e9-9ed3-51085d2f6abc');
INSERT INTO account_operation (id, amount, description, operation_date, type, bank_account_id) VALUES (3143, 3161.46, 'Transfer Received', '2025-10-05 19:56:31', 'CREDIT', 'acc-2de3a2c7-0a17-44e9-9ed3-51085d2f6abc');
INSERT INTO account_operation (id, amount, description, operation_date, type, bank_account_id) VALUES (3144, 294.24, 'Redal', '2025-10-07 19:56:31', 'DEBIT', 'acc-2de3a2c7-0a17-44e9-9ed3-51085d2f6abc');
INSERT INTO account_operation (id, amount, description, operation_date, type, bank_account_id) VALUES (3145, 807.79, 'ONEE Electricity', '2026-04-16 19:56:31', 'DEBIT', 'acc-2de3a2c7-0a17-44e9-9ed3-51085d2f6abc');
INSERT INTO account_operation (id, amount, description, operation_date, type, bank_account_id) VALUES (3146, 1903.73, 'Spotify', '2026-03-12 19:56:31', 'DEBIT', 'acc-2de3a2c7-0a17-44e9-9ed3-51085d2f6abc');
INSERT INTO account_operation (id, amount, description, operation_date, type, bank_account_id) VALUES (3147, 838.85, 'Restaurant', '2025-10-10 19:56:31', 'DEBIT', 'acc-2de3a2c7-0a17-44e9-9ed3-51085d2f6abc');
INSERT INTO account_operation (id, amount, description, operation_date, type, bank_account_id) VALUES (3148, 1563.34, 'Amendis', '2026-02-07 19:56:31', 'DEBIT', 'acc-2de3a2c7-0a17-44e9-9ed3-51085d2f6abc');
INSERT INTO account_operation (id, amount, description, operation_date, type, bank_account_id) VALUES (3149, 1905.6, 'Redal', '2025-11-01 19:56:31', 'DEBIT', 'acc-2de3a2c7-0a17-44e9-9ed3-51085d2f6abc');
INSERT INTO account_operation (id, amount, description, operation_date, type, bank_account_id) VALUES (3150, 4642.8, 'Transfer Received', '2025-12-03 19:56:31', 'CREDIT', 'acc-2de3a2c7-0a17-44e9-9ed3-51085d2f6abc');
INSERT INTO account_operation (id, amount, description, operation_date, type, bank_account_id) VALUES (3151, 218.13, 'BIM Store', '2026-02-19 19:56:31', 'DEBIT', 'acc-2de3a2c7-0a17-44e9-9ed3-51085d2f6abc');
INSERT INTO account_operation (id, amount, description, operation_date, type, bank_account_id) VALUES (3152, 146.11, 'Decathlon', '2026-02-28 19:56:31', 'DEBIT', 'acc-2de3a2c7-0a17-44e9-9ed3-51085d2f6abc');
INSERT INTO account_operation (id, amount, description, operation_date, type, bank_account_id) VALUES (3153, 1297.56, 'Netflix Subscription', '2026-01-14 19:56:31', 'DEBIT', 'acc-2de3a2c7-0a17-44e9-9ed3-51085d2f6abc');
INSERT INTO account_operation (id, amount, description, operation_date, type, bank_account_id) VALUES (3154, 11269.26, 'Freelance Payment', '2025-09-24 19:56:31', 'CREDIT', 'acc-2de3a2c7-0a17-44e9-9ed3-51085d2f6abc');

INSERT INTO customer (id, name, email) VALUES (53, 'Youssef Lahlou', 'youssef.lahlou@gmail.com');
INSERT INTO bank_account (id, type, balance, created_at, customer_id, over_draft, interest_rate) VALUES ('acc-9122f555-5c65-4797-953a-7cd4394160c6', 'CURR', 81368.65, '2025-10-19 19:56:31', 53, 1473.03, NULL);
INSERT INTO account_operation (id, amount, description, operation_date, type, bank_account_id) VALUES (3155, 10072.9, 'Initial Account Funding', '2025-10-19 19:56:31', 'CREDIT', 'acc-9122f555-5c65-4797-953a-7cd4394160c6');
INSERT INTO account_operation (id, amount, description, operation_date, type, bank_account_id) VALUES (3156, 8886.73, 'Cash Deposit', '2026-03-11 19:56:31', 'CREDIT', 'acc-9122f555-5c65-4797-953a-7cd4394160c6');
INSERT INTO account_operation (id, amount, description, operation_date, type, bank_account_id) VALUES (3157, 1300.82, 'Maroc Telecom', '2026-02-07 19:56:31', 'DEBIT', 'acc-9122f555-5c65-4797-953a-7cd4394160c6');
INSERT INTO account_operation (id, amount, description, operation_date, type, bank_account_id) VALUES (3158, 235.57, 'Redal', '2025-12-16 19:56:31', 'DEBIT', 'acc-9122f555-5c65-4797-953a-7cd4394160c6');
INSERT INTO account_operation (id, amount, description, operation_date, type, bank_account_id) VALUES (3159, 1155.14, 'Local Cafe', '2026-05-21 19:56:31', 'DEBIT', 'acc-9122f555-5c65-4797-953a-7cd4394160c6');
INSERT INTO account_operation (id, amount, description, operation_date, type, bank_account_id) VALUES (3160, 471.67, 'BIM Store', '2025-11-19 19:56:31', 'DEBIT', 'acc-9122f555-5c65-4797-953a-7cd4394160c6');
INSERT INTO account_operation (id, amount, description, operation_date, type, bank_account_id) VALUES (3161, 14843.1, 'Freelance Payment', '2026-05-04 19:56:31', 'CREDIT', 'acc-9122f555-5c65-4797-953a-7cd4394160c6');
INSERT INTO account_operation (id, amount, description, operation_date, type, bank_account_id) VALUES (3162, 1733.85, 'Maroc Telecom', '2026-04-10 19:56:31', 'DEBIT', 'acc-9122f555-5c65-4797-953a-7cd4394160c6');
INSERT INTO account_operation (id, amount, description, operation_date, type, bank_account_id) VALUES (3163, 12774.15, 'Cash Deposit', '2025-10-29 19:56:31', 'CREDIT', 'acc-9122f555-5c65-4797-953a-7cd4394160c6');
INSERT INTO account_operation (id, amount, description, operation_date, type, bank_account_id) VALUES (3164, 11861.72, 'Transfer Received', '2026-06-05 19:56:31', 'CREDIT', 'acc-9122f555-5c65-4797-953a-7cd4394160c6');
INSERT INTO account_operation (id, amount, description, operation_date, type, bank_account_id) VALUES (3165, 1488.56, 'Orange', '2026-01-24 19:56:31', 'DEBIT', 'acc-9122f555-5c65-4797-953a-7cd4394160c6');
INSERT INTO account_operation (id, amount, description, operation_date, type, bank_account_id) VALUES (3166, 298.72, 'Orange', '2026-05-08 19:56:31', 'DEBIT', 'acc-9122f555-5c65-4797-953a-7cd4394160c6');
INSERT INTO account_operation (id, amount, description, operation_date, type, bank_account_id) VALUES (3167, 1365.93, 'Inwi', '2026-06-22 19:56:31', 'DEBIT', 'acc-9122f555-5c65-4797-953a-7cd4394160c6');
INSERT INTO account_operation (id, amount, description, operation_date, type, bank_account_id) VALUES (3168, 10162.62, 'Cash Deposit', '2026-01-04 19:56:31', 'CREDIT', 'acc-9122f555-5c65-4797-953a-7cd4394160c6');
INSERT INTO account_operation (id, amount, description, operation_date, type, bank_account_id) VALUES (3169, 1229.37, 'ONEE Electricity', '2025-12-19 19:56:31', 'DEBIT', 'acc-9122f555-5c65-4797-953a-7cd4394160c6');
INSERT INTO account_operation (id, amount, description, operation_date, type, bank_account_id) VALUES (3170, 1151.78, 'Orange', '2025-11-18 19:56:31', 'DEBIT', 'acc-9122f555-5c65-4797-953a-7cd4394160c6');
INSERT INTO account_operation (id, amount, description, operation_date, type, bank_account_id) VALUES (3171, 981.71, 'ONEE Electricity', '2025-11-20 19:56:31', 'DEBIT', 'acc-9122f555-5c65-4797-953a-7cd4394160c6');
INSERT INTO account_operation (id, amount, description, operation_date, type, bank_account_id) VALUES (3172, 11334.3, 'Freelance Payment', '2025-10-23 19:56:31', 'CREDIT', 'acc-9122f555-5c65-4797-953a-7cd4394160c6');
INSERT INTO account_operation (id, amount, description, operation_date, type, bank_account_id) VALUES (3173, 571.83, 'BIM Store', '2026-03-06 19:56:31', 'DEBIT', 'acc-9122f555-5c65-4797-953a-7cd4394160c6');
INSERT INTO account_operation (id, amount, description, operation_date, type, bank_account_id) VALUES (3174, 13418.08, 'Dividend Payout', '2026-03-11 19:56:31', 'CREDIT', 'acc-9122f555-5c65-4797-953a-7cd4394160c6');

INSERT INTO customer (id, name, email) VALUES (54, 'Ayoub Lahlou', 'ayoub.lahlou@gmail.com');
INSERT INTO bank_account (id, type, balance, created_at, customer_id, over_draft, interest_rate) VALUES ('acc-803e02f0-9939-4bbf-9ea9-c5a36fdf8a8a', 'CURR', 67787.82, '2025-08-20 19:56:31', 54, 5952.64, NULL);
INSERT INTO account_operation (id, amount, description, operation_date, type, bank_account_id) VALUES (3175, 31170.75, 'Initial Account Funding', '2025-08-20 19:56:31', 'CREDIT', 'acc-803e02f0-9939-4bbf-9ea9-c5a36fdf8a8a');
INSERT INTO account_operation (id, amount, description, operation_date, type, bank_account_id) VALUES (3176, 880.8, 'ONCF Train', '2026-04-18 19:56:31', 'DEBIT', 'acc-803e02f0-9939-4bbf-9ea9-c5a36fdf8a8a');
INSERT INTO account_operation (id, amount, description, operation_date, type, bank_account_id) VALUES (3177, 9104.69, 'Freelance Payment', '2026-02-25 19:56:31', 'CREDIT', 'acc-803e02f0-9939-4bbf-9ea9-c5a36fdf8a8a');
INSERT INTO account_operation (id, amount, description, operation_date, type, bank_account_id) VALUES (3178, 490.57, 'Redal', '2026-04-24 19:56:31', 'DEBIT', 'acc-803e02f0-9939-4bbf-9ea9-c5a36fdf8a8a');
INSERT INTO account_operation (id, amount, description, operation_date, type, bank_account_id) VALUES (3179, 149.34, 'Maroc Telecom', '2026-05-30 19:56:31', 'DEBIT', 'acc-803e02f0-9939-4bbf-9ea9-c5a36fdf8a8a');
INSERT INTO account_operation (id, amount, description, operation_date, type, bank_account_id) VALUES (3180, 396.0, 'Redal', '2026-03-07 19:56:31', 'DEBIT', 'acc-803e02f0-9939-4bbf-9ea9-c5a36fdf8a8a');
INSERT INTO account_operation (id, amount, description, operation_date, type, bank_account_id) VALUES (3181, 539.16, 'ONEE Electricity', '2026-04-22 19:56:31', 'DEBIT', 'acc-803e02f0-9939-4bbf-9ea9-c5a36fdf8a8a');
INSERT INTO account_operation (id, amount, description, operation_date, type, bank_account_id) VALUES (3182, 1386.32, 'LC Waikiki', '2026-04-12 19:56:31', 'DEBIT', 'acc-803e02f0-9939-4bbf-9ea9-c5a36fdf8a8a');
INSERT INTO account_operation (id, amount, description, operation_date, type, bank_account_id) VALUES (3183, 377.7, 'Marjane Supermarket', '2026-05-17 19:56:31', 'DEBIT', 'acc-803e02f0-9939-4bbf-9ea9-c5a36fdf8a8a');
INSERT INTO account_operation (id, amount, description, operation_date, type, bank_account_id) VALUES (3184, 14307.25, 'Freelance Payment', '2026-04-13 19:56:31', 'CREDIT', 'acc-803e02f0-9939-4bbf-9ea9-c5a36fdf8a8a');
INSERT INTO account_operation (id, amount, description, operation_date, type, bank_account_id) VALUES (3185, 1647.83, 'Pharmacy', '2026-03-29 19:56:31', 'DEBIT', 'acc-803e02f0-9939-4bbf-9ea9-c5a36fdf8a8a');
INSERT INTO account_operation (id, amount, description, operation_date, type, bank_account_id) VALUES (3186, 935.24, 'CTM Bus', '2026-04-18 19:56:31', 'DEBIT', 'acc-803e02f0-9939-4bbf-9ea9-c5a36fdf8a8a');
INSERT INTO account_operation (id, amount, description, operation_date, type, bank_account_id) VALUES (3187, 10150.38, 'Salary Deposit', '2025-12-29 19:56:31', 'CREDIT', 'acc-803e02f0-9939-4bbf-9ea9-c5a36fdf8a8a');
INSERT INTO account_operation (id, amount, description, operation_date, type, bank_account_id) VALUES (3188, 609.58, 'CTM Bus', '2026-01-01 19:56:31', 'DEBIT', 'acc-803e02f0-9939-4bbf-9ea9-c5a36fdf8a8a');
INSERT INTO account_operation (id, amount, description, operation_date, type, bank_account_id) VALUES (3189, 7852.22, 'Transfer Received', '2026-05-03 19:56:31', 'CREDIT', 'acc-803e02f0-9939-4bbf-9ea9-c5a36fdf8a8a');
INSERT INTO account_operation (id, amount, description, operation_date, type, bank_account_id) VALUES (3190, 227.02, 'Orange', '2026-03-10 19:56:31', 'DEBIT', 'acc-803e02f0-9939-4bbf-9ea9-c5a36fdf8a8a');
INSERT INTO account_operation (id, amount, description, operation_date, type, bank_account_id) VALUES (3191, 1312.81, 'ONCF Train', '2025-11-05 19:56:31', 'DEBIT', 'acc-803e02f0-9939-4bbf-9ea9-c5a36fdf8a8a');
INSERT INTO account_operation (id, amount, description, operation_date, type, bank_account_id) VALUES (3192, 6561.74, 'Freelance Payment', '2026-05-05 19:56:31', 'CREDIT', 'acc-803e02f0-9939-4bbf-9ea9-c5a36fdf8a8a');
INSERT INTO account_operation (id, amount, description, operation_date, type, bank_account_id) VALUES (3193, 1788.69, 'Transfer Received', '2026-06-25 19:56:31', 'CREDIT', 'acc-803e02f0-9939-4bbf-9ea9-c5a36fdf8a8a');
INSERT INTO account_operation (id, amount, description, operation_date, type, bank_account_id) VALUES (3194, 1516.54, 'CTM Bus', '2026-04-29 19:56:31', 'DEBIT', 'acc-803e02f0-9939-4bbf-9ea9-c5a36fdf8a8a');
INSERT INTO account_operation (id, amount, description, operation_date, type, bank_account_id) VALUES (3195, 1435.32, 'Pharmacy', '2026-05-10 19:56:31', 'DEBIT', 'acc-803e02f0-9939-4bbf-9ea9-c5a36fdf8a8a');
INSERT INTO account_operation (id, amount, description, operation_date, type, bank_account_id) VALUES (3196, 1243.67, 'Restaurant', '2026-01-16 19:56:31', 'DEBIT', 'acc-803e02f0-9939-4bbf-9ea9-c5a36fdf8a8a');

INSERT INTO customer (id, name, email) VALUES (55, 'Hamza El Fassi', 'hamza.el fassi@gmail.com');
INSERT INTO bank_account (id, type, balance, created_at, customer_id, over_draft, interest_rate) VALUES ('acc-ed84cdad-00bb-4502-9216-59ab300c69f9', 'CURR', 46927.91, '2025-11-08 19:56:31', 55, 8044.75, NULL);
INSERT INTO account_operation (id, amount, description, operation_date, type, bank_account_id) VALUES (3197, 20148.4, 'Initial Account Funding', '2025-11-08 19:56:31', 'CREDIT', 'acc-ed84cdad-00bb-4502-9216-59ab300c69f9');
INSERT INTO account_operation (id, amount, description, operation_date, type, bank_account_id) VALUES (3198, 9369.03, 'Salary Deposit', '2026-02-07 19:56:31', 'CREDIT', 'acc-ed84cdad-00bb-4502-9216-59ab300c69f9');
INSERT INTO account_operation (id, amount, description, operation_date, type, bank_account_id) VALUES (3199, 1391.21, 'Local Cafe', '2026-06-04 19:56:31', 'DEBIT', 'acc-ed84cdad-00bb-4502-9216-59ab300c69f9');
INSERT INTO account_operation (id, amount, description, operation_date, type, bank_account_id) VALUES (3200, 7902.87, 'Dividend Payout', '2026-03-20 19:56:31', 'CREDIT', 'acc-ed84cdad-00bb-4502-9216-59ab300c69f9');
INSERT INTO account_operation (id, amount, description, operation_date, type, bank_account_id) VALUES (3201, 834.05, 'Spotify', '2026-05-16 19:56:31', 'DEBIT', 'acc-ed84cdad-00bb-4502-9216-59ab300c69f9');
INSERT INTO account_operation (id, amount, description, operation_date, type, bank_account_id) VALUES (3202, 6453.23, 'Salary Deposit', '2026-05-01 19:56:31', 'CREDIT', 'acc-ed84cdad-00bb-4502-9216-59ab300c69f9');
INSERT INTO account_operation (id, amount, description, operation_date, type, bank_account_id) VALUES (3203, 1407.81, 'Inwi', '2026-01-31 19:56:31', 'DEBIT', 'acc-ed84cdad-00bb-4502-9216-59ab300c69f9');
INSERT INTO account_operation (id, amount, description, operation_date, type, bank_account_id) VALUES (3204, 12109.5, 'Salary Deposit', '2026-06-23 19:56:31', 'CREDIT', 'acc-ed84cdad-00bb-4502-9216-59ab300c69f9');
INSERT INTO account_operation (id, amount, description, operation_date, type, bank_account_id) VALUES (3205, 1055.0, 'LC Waikiki', '2026-05-23 19:56:31', 'DEBIT', 'acc-ed84cdad-00bb-4502-9216-59ab300c69f9');
INSERT INTO account_operation (id, amount, description, operation_date, type, bank_account_id) VALUES (3206, 1524.12, 'Zara', '2026-05-07 19:56:31', 'DEBIT', 'acc-ed84cdad-00bb-4502-9216-59ab300c69f9');
INSERT INTO account_operation (id, amount, description, operation_date, type, bank_account_id) VALUES (3207, 1168.37, 'Netflix Subscription', '2026-01-13 19:56:31', 'DEBIT', 'acc-ed84cdad-00bb-4502-9216-59ab300c69f9');
INSERT INTO account_operation (id, amount, description, operation_date, type, bank_account_id) VALUES (3208, 515.91, 'Restaurant', '2026-03-11 19:56:31', 'DEBIT', 'acc-ed84cdad-00bb-4502-9216-59ab300c69f9');
INSERT INTO account_operation (id, amount, description, operation_date, type, bank_account_id) VALUES (3209, 933.8, 'Inwi', '2026-01-12 19:56:31', 'DEBIT', 'acc-ed84cdad-00bb-4502-9216-59ab300c69f9');
INSERT INTO account_operation (id, amount, description, operation_date, type, bank_account_id) VALUES (3210, 1984.37, 'CTM Bus', '2025-12-29 19:56:31', 'DEBIT', 'acc-ed84cdad-00bb-4502-9216-59ab300c69f9');
INSERT INTO account_operation (id, amount, description, operation_date, type, bank_account_id) VALUES (3211, 1759.52, 'Salary Deposit', '2026-01-24 19:56:31', 'CREDIT', 'acc-ed84cdad-00bb-4502-9216-59ab300c69f9');
INSERT INTO bank_account (id, type, balance, created_at, customer_id, over_draft, interest_rate) VALUES ('acc-f1be9a50-76c7-4ef3-a173-48a6766ee03b', 'CURR', 58371.91, '2026-03-01 19:56:31', 55, 9957.56, NULL);
INSERT INTO account_operation (id, amount, description, operation_date, type, bank_account_id) VALUES (3212, 6804.63, 'Initial Account Funding', '2026-03-01 19:56:31', 'CREDIT', 'acc-f1be9a50-76c7-4ef3-a173-48a6766ee03b');
INSERT INTO account_operation (id, amount, description, operation_date, type, bank_account_id) VALUES (3213, 10887.68, 'Transfer Received', '2026-05-08 19:56:31', 'CREDIT', 'acc-f1be9a50-76c7-4ef3-a173-48a6766ee03b');
INSERT INTO account_operation (id, amount, description, operation_date, type, bank_account_id) VALUES (3214, 532.28, 'Redal', '2026-06-02 19:56:31', 'DEBIT', 'acc-f1be9a50-76c7-4ef3-a173-48a6766ee03b');
INSERT INTO account_operation (id, amount, description, operation_date, type, bank_account_id) VALUES (3215, 505.32, 'Restaurant', '2026-05-19 19:56:31', 'DEBIT', 'acc-f1be9a50-76c7-4ef3-a173-48a6766ee03b');
INSERT INTO account_operation (id, amount, description, operation_date, type, bank_account_id) VALUES (3216, 986.11, 'Spotify', '2026-04-06 19:56:31', 'DEBIT', 'acc-f1be9a50-76c7-4ef3-a173-48a6766ee03b');
INSERT INTO account_operation (id, amount, description, operation_date, type, bank_account_id) VALUES (3217, 658.96, 'ONEE Electricity', '2026-03-31 19:56:31', 'DEBIT', 'acc-f1be9a50-76c7-4ef3-a173-48a6766ee03b');
INSERT INTO account_operation (id, amount, description, operation_date, type, bank_account_id) VALUES (3218, 764.14, 'Decathlon', '2026-06-16 19:56:31', 'DEBIT', 'acc-f1be9a50-76c7-4ef3-a173-48a6766ee03b');
INSERT INTO account_operation (id, amount, description, operation_date, type, bank_account_id) VALUES (3219, 303.7, 'Orange', '2026-04-05 19:56:31', 'DEBIT', 'acc-f1be9a50-76c7-4ef3-a173-48a6766ee03b');
INSERT INTO account_operation (id, amount, description, operation_date, type, bank_account_id) VALUES (3220, 1822.34, 'Orange', '2026-04-02 19:56:31', 'DEBIT', 'acc-f1be9a50-76c7-4ef3-a173-48a6766ee03b');
INSERT INTO account_operation (id, amount, description, operation_date, type, bank_account_id) VALUES (3221, 12926.54, 'Cash Deposit', '2026-05-14 19:56:31', 'CREDIT', 'acc-f1be9a50-76c7-4ef3-a173-48a6766ee03b');
INSERT INTO account_operation (id, amount, description, operation_date, type, bank_account_id) VALUES (3222, 985.29, 'ONEE Electricity', '2026-04-26 19:56:31', 'DEBIT', 'acc-f1be9a50-76c7-4ef3-a173-48a6766ee03b');
INSERT INTO account_operation (id, amount, description, operation_date, type, bank_account_id) VALUES (3223, 1239.96, 'ONCF Train', '2026-03-07 19:56:31', 'DEBIT', 'acc-f1be9a50-76c7-4ef3-a173-48a6766ee03b');
INSERT INTO account_operation (id, amount, description, operation_date, type, bank_account_id) VALUES (3224, 1880.07, 'Zara', '2026-03-09 19:56:31', 'DEBIT', 'acc-f1be9a50-76c7-4ef3-a173-48a6766ee03b');
INSERT INTO account_operation (id, amount, description, operation_date, type, bank_account_id) VALUES (3225, 1317.34, 'Spotify', '2026-06-21 19:56:31', 'DEBIT', 'acc-f1be9a50-76c7-4ef3-a173-48a6766ee03b');
INSERT INTO account_operation (id, amount, description, operation_date, type, bank_account_id) VALUES (3226, 968.44, 'Maroc Telecom', '2026-05-14 19:56:31', 'DEBIT', 'acc-f1be9a50-76c7-4ef3-a173-48a6766ee03b');
INSERT INTO account_operation (id, amount, description, operation_date, type, bank_account_id) VALUES (3227, 14850.28, 'Dividend Payout', '2026-06-25 19:56:31', 'CREDIT', 'acc-f1be9a50-76c7-4ef3-a173-48a6766ee03b');
INSERT INTO account_operation (id, amount, description, operation_date, type, bank_account_id) VALUES (3228, 11899.22, 'Freelance Payment', '2026-03-01 19:56:31', 'CREDIT', 'acc-f1be9a50-76c7-4ef3-a173-48a6766ee03b');
INSERT INTO account_operation (id, amount, description, operation_date, type, bank_account_id) VALUES (3229, 903.1, 'BIM Store', '2026-06-13 19:56:31', 'DEBIT', 'acc-f1be9a50-76c7-4ef3-a173-48a6766ee03b');
INSERT INTO account_operation (id, amount, description, operation_date, type, bank_account_id) VALUES (3230, 174.01, 'Pharmacy', '2026-04-25 19:56:31', 'DEBIT', 'acc-f1be9a50-76c7-4ef3-a173-48a6766ee03b');
INSERT INTO account_operation (id, amount, description, operation_date, type, bank_account_id) VALUES (3231, 14280.63, 'Salary Deposit', '2026-06-05 19:56:31', 'CREDIT', 'acc-f1be9a50-76c7-4ef3-a173-48a6766ee03b');
INSERT INTO account_operation (id, amount, description, operation_date, type, bank_account_id) VALUES (3232, 11119.03, 'Salary Deposit', '2026-06-03 19:56:31', 'CREDIT', 'acc-f1be9a50-76c7-4ef3-a173-48a6766ee03b');
INSERT INTO account_operation (id, amount, description, operation_date, type, bank_account_id) VALUES (3233, 1662.47, 'Local Cafe', '2026-03-28 19:56:31', 'DEBIT', 'acc-f1be9a50-76c7-4ef3-a173-48a6766ee03b');
INSERT INTO account_operation (id, amount, description, operation_date, type, bank_account_id) VALUES (3234, 716.98, 'Pharmacy', '2026-05-04 19:56:31', 'DEBIT', 'acc-f1be9a50-76c7-4ef3-a173-48a6766ee03b');
INSERT INTO account_operation (id, amount, description, operation_date, type, bank_account_id) VALUES (3235, 571.87, 'ONCF Train', '2026-06-29 19:56:31', 'DEBIT', 'acc-f1be9a50-76c7-4ef3-a173-48a6766ee03b');
INSERT INTO account_operation (id, amount, description, operation_date, type, bank_account_id) VALUES (3236, 615.94, 'Redal', '2026-03-01 19:56:31', 'DEBIT', 'acc-f1be9a50-76c7-4ef3-a173-48a6766ee03b');
INSERT INTO account_operation (id, amount, description, operation_date, type, bank_account_id) VALUES (3237, 1810.16, 'BIM Store', '2026-06-27 19:56:31', 'DEBIT', 'acc-f1be9a50-76c7-4ef3-a173-48a6766ee03b');
INSERT INTO account_operation (id, amount, description, operation_date, type, bank_account_id) VALUES (3238, 1549.51, 'Pharmacy', '2026-05-27 19:56:31', 'DEBIT', 'acc-f1be9a50-76c7-4ef3-a173-48a6766ee03b');
INSERT INTO account_operation (id, amount, description, operation_date, type, bank_account_id) VALUES (3239, 809.77, 'Maroc Telecom', '2026-05-21 19:56:31', 'DEBIT', 'acc-f1be9a50-76c7-4ef3-a173-48a6766ee03b');
INSERT INTO account_operation (id, amount, description, operation_date, type, bank_account_id) VALUES (3240, 1751.52, 'Restaurant', '2026-04-13 19:56:31', 'DEBIT', 'acc-f1be9a50-76c7-4ef3-a173-48a6766ee03b');
INSERT INTO account_operation (id, amount, description, operation_date, type, bank_account_id) VALUES (3241, 1817.96, 'Maroc Telecom', '2026-04-09 19:56:31', 'DEBIT', 'acc-f1be9a50-76c7-4ef3-a173-48a6766ee03b');
INSERT INTO account_operation (id, amount, description, operation_date, type, bank_account_id) VALUES (3242, 48.86, 'Zara', '2026-04-30 19:56:31', 'DEBIT', 'acc-f1be9a50-76c7-4ef3-a173-48a6766ee03b');

INSERT INTO customer (id, name, email) VALUES (56, 'Fatima Zahra El Idrissi', 'fatima.zahra.el idrissi@gmail.com');
INSERT INTO bank_account (id, type, balance, created_at, customer_id, over_draft, interest_rate) VALUES ('acc-026356a3-b91f-48aa-ba51-0272b5258d36', 'CURR', 26927.99, '2025-11-06 19:56:31', 56, 6633.31, NULL);
INSERT INTO account_operation (id, amount, description, operation_date, type, bank_account_id) VALUES (3243, 5531.73, 'Initial Account Funding', '2025-11-06 19:56:31', 'CREDIT', 'acc-026356a3-b91f-48aa-ba51-0272b5258d36');
INSERT INTO account_operation (id, amount, description, operation_date, type, bank_account_id) VALUES (3244, 10199.41, 'Salary Deposit', '2026-01-31 19:56:31', 'CREDIT', 'acc-026356a3-b91f-48aa-ba51-0272b5258d36');
INSERT INTO account_operation (id, amount, description, operation_date, type, bank_account_id) VALUES (3245, 214.32, 'ONEE Electricity', '2026-04-08 19:56:31', 'DEBIT', 'acc-026356a3-b91f-48aa-ba51-0272b5258d36');
INSERT INTO account_operation (id, amount, description, operation_date, type, bank_account_id) VALUES (3246, 1634.83, 'Orange', '2026-01-22 19:56:31', 'DEBIT', 'acc-026356a3-b91f-48aa-ba51-0272b5258d36');
INSERT INTO account_operation (id, amount, description, operation_date, type, bank_account_id) VALUES (3247, 1317.43, 'CTM Bus', '2026-01-13 19:56:31', 'DEBIT', 'acc-026356a3-b91f-48aa-ba51-0272b5258d36');
INSERT INTO account_operation (id, amount, description, operation_date, type, bank_account_id) VALUES (3248, 556.93, 'Netflix Subscription', '2026-05-02 19:56:31', 'DEBIT', 'acc-026356a3-b91f-48aa-ba51-0272b5258d36');
INSERT INTO account_operation (id, amount, description, operation_date, type, bank_account_id) VALUES (3249, 2047.92, 'Salary Deposit', '2026-01-17 19:56:31', 'CREDIT', 'acc-026356a3-b91f-48aa-ba51-0272b5258d36');
INSERT INTO account_operation (id, amount, description, operation_date, type, bank_account_id) VALUES (3250, 4191.5, 'Salary Deposit', '2026-06-25 19:56:31', 'CREDIT', 'acc-026356a3-b91f-48aa-ba51-0272b5258d36');
INSERT INTO account_operation (id, amount, description, operation_date, type, bank_account_id) VALUES (3251, 603.45, 'Amendis', '2026-05-14 19:56:31', 'DEBIT', 'acc-026356a3-b91f-48aa-ba51-0272b5258d36');
INSERT INTO account_operation (id, amount, description, operation_date, type, bank_account_id) VALUES (3252, 1461.65, 'Orange', '2026-06-23 19:56:31', 'DEBIT', 'acc-026356a3-b91f-48aa-ba51-0272b5258d36');
INSERT INTO account_operation (id, amount, description, operation_date, type, bank_account_id) VALUES (3253, 646.36, 'Zara', '2026-04-08 19:56:31', 'DEBIT', 'acc-026356a3-b91f-48aa-ba51-0272b5258d36');
INSERT INTO account_operation (id, amount, description, operation_date, type, bank_account_id) VALUES (3254, 1439.44, 'Restaurant', '2026-05-14 19:56:31', 'DEBIT', 'acc-026356a3-b91f-48aa-ba51-0272b5258d36');
INSERT INTO account_operation (id, amount, description, operation_date, type, bank_account_id) VALUES (3255, 1018.51, 'Carrefour', '2025-11-26 19:56:31', 'DEBIT', 'acc-026356a3-b91f-48aa-ba51-0272b5258d36');
INSERT INTO account_operation (id, amount, description, operation_date, type, bank_account_id) VALUES (3256, 58.18, 'BIM Store', '2026-05-20 19:56:31', 'DEBIT', 'acc-026356a3-b91f-48aa-ba51-0272b5258d36');
INSERT INTO account_operation (id, amount, description, operation_date, type, bank_account_id) VALUES (3257, 1817.37, 'Netflix Subscription', '2026-06-20 19:56:31', 'DEBIT', 'acc-026356a3-b91f-48aa-ba51-0272b5258d36');
INSERT INTO account_operation (id, amount, description, operation_date, type, bank_account_id) VALUES (3258, 1781.5, 'Carrefour', '2025-11-12 19:56:31', 'DEBIT', 'acc-026356a3-b91f-48aa-ba51-0272b5258d36');
INSERT INTO account_operation (id, amount, description, operation_date, type, bank_account_id) VALUES (3259, 506.07, 'ONCF Train', '2026-05-19 19:56:31', 'DEBIT', 'acc-026356a3-b91f-48aa-ba51-0272b5258d36');
INSERT INTO account_operation (id, amount, description, operation_date, type, bank_account_id) VALUES (3260, 12953.25, 'Salary Deposit', '2026-04-02 19:56:31', 'CREDIT', 'acc-026356a3-b91f-48aa-ba51-0272b5258d36');
INSERT INTO account_operation (id, amount, description, operation_date, type, bank_account_id) VALUES (3261, 136.28, 'CTM Bus', '2026-06-20 19:56:31', 'DEBIT', 'acc-026356a3-b91f-48aa-ba51-0272b5258d36');
INSERT INTO account_operation (id, amount, description, operation_date, type, bank_account_id) VALUES (3262, 1643.38, 'BIM Store', '2026-05-02 19:56:31', 'DEBIT', 'acc-026356a3-b91f-48aa-ba51-0272b5258d36');
INSERT INTO account_operation (id, amount, description, operation_date, type, bank_account_id) VALUES (3263, 1825.19, 'Marjane Supermarket', '2025-12-01 19:56:31', 'DEBIT', 'acc-026356a3-b91f-48aa-ba51-0272b5258d36');
INSERT INTO account_operation (id, amount, description, operation_date, type, bank_account_id) VALUES (3264, 1376.45, 'ONEE Electricity', '2025-11-16 19:56:31', 'DEBIT', 'acc-026356a3-b91f-48aa-ba51-0272b5258d36');
INSERT INTO account_operation (id, amount, description, operation_date, type, bank_account_id) VALUES (3265, 1009.99, 'Orange', '2026-02-06 19:56:31', 'DEBIT', 'acc-026356a3-b91f-48aa-ba51-0272b5258d36');
INSERT INTO account_operation (id, amount, description, operation_date, type, bank_account_id) VALUES (3266, 888.27, 'ONEE Electricity', '2025-11-09 19:56:31', 'DEBIT', 'acc-026356a3-b91f-48aa-ba51-0272b5258d36');
INSERT INTO account_operation (id, amount, description, operation_date, type, bank_account_id) VALUES (3267, 603.1, 'Local Cafe', '2026-04-18 19:56:31', 'DEBIT', 'acc-026356a3-b91f-48aa-ba51-0272b5258d36');
INSERT INTO account_operation (id, amount, description, operation_date, type, bank_account_id) VALUES (3268, 3290.91, 'Transfer Received', '2025-11-11 19:56:31', 'CREDIT', 'acc-026356a3-b91f-48aa-ba51-0272b5258d36');
INSERT INTO account_operation (id, amount, description, operation_date, type, bank_account_id) VALUES (3269, 1911.63, 'CTM Bus', '2026-05-02 19:56:31', 'DEBIT', 'acc-026356a3-b91f-48aa-ba51-0272b5258d36');
INSERT INTO account_operation (id, amount, description, operation_date, type, bank_account_id) VALUES (3270, 1891.0, 'Marjane Supermarket', '2026-06-03 19:56:31', 'DEBIT', 'acc-026356a3-b91f-48aa-ba51-0272b5258d36');
INSERT INTO account_operation (id, amount, description, operation_date, type, bank_account_id) VALUES (3271, 365.34, 'Local Cafe', '2026-01-07 19:56:31', 'DEBIT', 'acc-026356a3-b91f-48aa-ba51-0272b5258d36');
INSERT INTO account_operation (id, amount, description, operation_date, type, bank_account_id) VALUES (3272, 1271.25, 'Restaurant', '2025-11-22 19:56:31', 'DEBIT', 'acc-026356a3-b91f-48aa-ba51-0272b5258d36');
INSERT INTO account_operation (id, amount, description, operation_date, type, bank_account_id) VALUES (3273, 132.51, 'Decathlon', '2026-03-18 19:56:31', 'DEBIT', 'acc-026356a3-b91f-48aa-ba51-0272b5258d36');
INSERT INTO account_operation (id, amount, description, operation_date, type, bank_account_id) VALUES (3274, 1521.49, 'Inwi', '2026-06-16 19:56:31', 'DEBIT', 'acc-026356a3-b91f-48aa-ba51-0272b5258d36');
INSERT INTO account_operation (id, amount, description, operation_date, type, bank_account_id) VALUES (3275, 131.02, 'LC Waikiki', '2026-05-03 19:56:31', 'DEBIT', 'acc-026356a3-b91f-48aa-ba51-0272b5258d36');
INSERT INTO account_operation (id, amount, description, operation_date, type, bank_account_id) VALUES (3276, 183.19, 'ONEE Electricity', '2025-12-06 19:56:31', 'DEBIT', 'acc-026356a3-b91f-48aa-ba51-0272b5258d36');
INSERT INTO account_operation (id, amount, description, operation_date, type, bank_account_id) VALUES (3277, 899.26, 'Netflix Subscription', '2026-01-17 19:56:31', 'DEBIT', 'acc-026356a3-b91f-48aa-ba51-0272b5258d36');
INSERT INTO account_operation (id, amount, description, operation_date, type, bank_account_id) VALUES (3278, 1258.57, 'ONCF Train', '2026-05-25 19:56:31', 'DEBIT', 'acc-026356a3-b91f-48aa-ba51-0272b5258d36');
INSERT INTO account_operation (id, amount, description, operation_date, type, bank_account_id) VALUES (3279, 1583.39, 'Local Cafe', '2025-12-28 19:56:31', 'DEBIT', 'acc-026356a3-b91f-48aa-ba51-0272b5258d36');
INSERT INTO account_operation (id, amount, description, operation_date, type, bank_account_id) VALUES (3280, 1481.79, 'ONEE Electricity', '2026-01-18 19:56:31', 'DEBIT', 'acc-026356a3-b91f-48aa-ba51-0272b5258d36');
INSERT INTO account_operation (id, amount, description, operation_date, type, bank_account_id) VALUES (3281, 1530.72, 'Restaurant', '2025-12-17 19:56:31', 'DEBIT', 'acc-026356a3-b91f-48aa-ba51-0272b5258d36');
INSERT INTO account_operation (id, amount, description, operation_date, type, bank_account_id) VALUES (3282, 148.3, 'CTM Bus', '2026-05-26 19:56:31', 'DEBIT', 'acc-026356a3-b91f-48aa-ba51-0272b5258d36');
INSERT INTO account_operation (id, amount, description, operation_date, type, bank_account_id) VALUES (3283, 109.55, 'Amendis', '2026-01-10 19:56:31', 'DEBIT', 'acc-026356a3-b91f-48aa-ba51-0272b5258d36');
INSERT INTO account_operation (id, amount, description, operation_date, type, bank_account_id) VALUES (3284, 10895.89, 'Transfer Received', '2025-12-28 19:56:31', 'CREDIT', 'acc-026356a3-b91f-48aa-ba51-0272b5258d36');
INSERT INTO account_operation (id, amount, description, operation_date, type, bank_account_id) VALUES (3285, 6262.38, 'Dividend Payout', '2025-12-12 19:56:31', 'CREDIT', 'acc-026356a3-b91f-48aa-ba51-0272b5258d36');
INSERT INTO account_operation (id, amount, description, operation_date, type, bank_account_id) VALUES (3286, 6512.71, 'Dividend Payout', '2026-01-04 19:56:31', 'CREDIT', 'acc-026356a3-b91f-48aa-ba51-0272b5258d36');

INSERT INTO customer (id, name, email) VALUES (57, 'Youssef Alaoui', 'youssef.alaoui@gmail.com');
INSERT INTO bank_account (id, type, balance, created_at, customer_id, over_draft, interest_rate) VALUES ('acc-7c664837-2442-4d07-a45a-f108fddf62a9', 'SAVE', 77356.16, '2026-03-19 19:56:31', 57, NULL, 1.83);
INSERT INTO account_operation (id, amount, description, operation_date, type, bank_account_id) VALUES (3287, 40749.09, 'Initial Account Funding', '2026-03-19 19:56:31', 'CREDIT', 'acc-7c664837-2442-4d07-a45a-f108fddf62a9');
INSERT INTO account_operation (id, amount, description, operation_date, type, bank_account_id) VALUES (3288, 5263.27, 'Transfer Received', '2026-04-02 19:56:31', 'CREDIT', 'acc-7c664837-2442-4d07-a45a-f108fddf62a9');
INSERT INTO account_operation (id, amount, description, operation_date, type, bank_account_id) VALUES (3289, 57.86, 'CTM Bus', '2026-05-06 19:56:31', 'DEBIT', 'acc-7c664837-2442-4d07-a45a-f108fddf62a9');
INSERT INTO account_operation (id, amount, description, operation_date, type, bank_account_id) VALUES (3290, 14007.6, 'Cash Deposit', '2026-04-08 19:56:31', 'CREDIT', 'acc-7c664837-2442-4d07-a45a-f108fddf62a9');
INSERT INTO account_operation (id, amount, description, operation_date, type, bank_account_id) VALUES (3291, 1373.99, 'Local Cafe', '2026-04-12 19:56:31', 'DEBIT', 'acc-7c664837-2442-4d07-a45a-f108fddf62a9');
INSERT INTO account_operation (id, amount, description, operation_date, type, bank_account_id) VALUES (3292, 435.67, 'Redal', '2026-05-03 19:56:31', 'DEBIT', 'acc-7c664837-2442-4d07-a45a-f108fddf62a9');
INSERT INTO account_operation (id, amount, description, operation_date, type, bank_account_id) VALUES (3293, 629.32, 'LC Waikiki', '2026-04-12 19:56:31', 'DEBIT', 'acc-7c664837-2442-4d07-a45a-f108fddf62a9');
INSERT INTO account_operation (id, amount, description, operation_date, type, bank_account_id) VALUES (3294, 14490.9, 'Cash Deposit', '2026-06-10 19:56:31', 'CREDIT', 'acc-7c664837-2442-4d07-a45a-f108fddf62a9');
INSERT INTO account_operation (id, amount, description, operation_date, type, bank_account_id) VALUES (3295, 1017.49, 'Orange', '2026-04-09 19:56:31', 'DEBIT', 'acc-7c664837-2442-4d07-a45a-f108fddf62a9');
INSERT INTO account_operation (id, amount, description, operation_date, type, bank_account_id) VALUES (3296, 441.18, 'Decathlon', '2026-06-06 19:56:31', 'DEBIT', 'acc-7c664837-2442-4d07-a45a-f108fddf62a9');
INSERT INTO account_operation (id, amount, description, operation_date, type, bank_account_id) VALUES (3297, 412.87, 'Pharmacy', '2026-06-26 19:56:31', 'DEBIT', 'acc-7c664837-2442-4d07-a45a-f108fddf62a9');
INSERT INTO account_operation (id, amount, description, operation_date, type, bank_account_id) VALUES (3298, 210.99, 'LC Waikiki', '2026-06-24 19:56:31', 'DEBIT', 'acc-7c664837-2442-4d07-a45a-f108fddf62a9');
INSERT INTO account_operation (id, amount, description, operation_date, type, bank_account_id) VALUES (3299, 99.21, 'ONCF Train', '2026-04-13 19:56:31', 'DEBIT', 'acc-7c664837-2442-4d07-a45a-f108fddf62a9');
INSERT INTO account_operation (id, amount, description, operation_date, type, bank_account_id) VALUES (3300, 262.55, 'Pharmacy', '2026-06-25 19:56:31', 'DEBIT', 'acc-7c664837-2442-4d07-a45a-f108fddf62a9');
INSERT INTO account_operation (id, amount, description, operation_date, type, bank_account_id) VALUES (3301, 913.71, 'ONCF Train', '2026-06-21 19:56:31', 'DEBIT', 'acc-7c664837-2442-4d07-a45a-f108fddf62a9');
INSERT INTO account_operation (id, amount, description, operation_date, type, bank_account_id) VALUES (3302, 11354.36, 'Transfer Received', '2026-05-22 19:56:31', 'CREDIT', 'acc-7c664837-2442-4d07-a45a-f108fddf62a9');
INSERT INTO account_operation (id, amount, description, operation_date, type, bank_account_id) VALUES (3303, 781.32, 'Orange', '2026-06-26 19:56:31', 'DEBIT', 'acc-7c664837-2442-4d07-a45a-f108fddf62a9');
INSERT INTO account_operation (id, amount, description, operation_date, type, bank_account_id) VALUES (3304, 455.2, 'Spotify', '2026-06-13 19:56:31', 'DEBIT', 'acc-7c664837-2442-4d07-a45a-f108fddf62a9');
INSERT INTO account_operation (id, amount, description, operation_date, type, bank_account_id) VALUES (3305, 1092.95, 'Redal', '2026-05-24 19:56:31', 'DEBIT', 'acc-7c664837-2442-4d07-a45a-f108fddf62a9');
INSERT INTO account_operation (id, amount, description, operation_date, type, bank_account_id) VALUES (3306, 324.75, 'ONCF Train', '2026-04-26 19:56:31', 'DEBIT', 'acc-7c664837-2442-4d07-a45a-f108fddf62a9');

INSERT INTO customer (id, name, email) VALUES (58, 'Khadija Tazi', 'khadija.tazi@gmail.com');
INSERT INTO bank_account (id, type, balance, created_at, customer_id, over_draft, interest_rate) VALUES ('acc-a7d4d2b9-ca29-430e-bcba-cbc3fb3d65e3', 'CURR', 99795.08, '2025-07-04 19:56:31', 58, 3669.64, NULL);
INSERT INTO account_operation (id, amount, description, operation_date, type, bank_account_id) VALUES (3307, 47514.56, 'Initial Account Funding', '2025-07-04 19:56:31', 'CREDIT', 'acc-a7d4d2b9-ca29-430e-bcba-cbc3fb3d65e3');
INSERT INTO account_operation (id, amount, description, operation_date, type, bank_account_id) VALUES (3308, 1872.47, 'ONEE Electricity', '2026-03-20 19:56:31', 'DEBIT', 'acc-a7d4d2b9-ca29-430e-bcba-cbc3fb3d65e3');
INSERT INTO account_operation (id, amount, description, operation_date, type, bank_account_id) VALUES (3309, 1934.86, 'Carrefour', '2025-12-28 19:56:31', 'DEBIT', 'acc-a7d4d2b9-ca29-430e-bcba-cbc3fb3d65e3');
INSERT INTO account_operation (id, amount, description, operation_date, type, bank_account_id) VALUES (3310, 1830.97, 'Restaurant', '2026-01-02 19:56:31', 'DEBIT', 'acc-a7d4d2b9-ca29-430e-bcba-cbc3fb3d65e3');
INSERT INTO account_operation (id, amount, description, operation_date, type, bank_account_id) VALUES (3311, 344.54, 'Restaurant', '2026-02-16 19:56:31', 'DEBIT', 'acc-a7d4d2b9-ca29-430e-bcba-cbc3fb3d65e3');
INSERT INTO account_operation (id, amount, description, operation_date, type, bank_account_id) VALUES (3312, 317.78, 'CTM Bus', '2025-07-24 19:56:31', 'DEBIT', 'acc-a7d4d2b9-ca29-430e-bcba-cbc3fb3d65e3');
INSERT INTO account_operation (id, amount, description, operation_date, type, bank_account_id) VALUES (3313, 14579.3, 'Cash Deposit', '2025-12-31 19:56:31', 'CREDIT', 'acc-a7d4d2b9-ca29-430e-bcba-cbc3fb3d65e3');
INSERT INTO account_operation (id, amount, description, operation_date, type, bank_account_id) VALUES (3314, 13617.9, 'Cash Deposit', '2025-12-12 19:56:31', 'CREDIT', 'acc-a7d4d2b9-ca29-430e-bcba-cbc3fb3d65e3');
INSERT INTO account_operation (id, amount, description, operation_date, type, bank_account_id) VALUES (3315, 914.95, 'BIM Store', '2025-12-05 19:56:31', 'DEBIT', 'acc-a7d4d2b9-ca29-430e-bcba-cbc3fb3d65e3');
INSERT INTO account_operation (id, amount, description, operation_date, type, bank_account_id) VALUES (3316, 791.18, 'CTM Bus', '2026-02-28 19:56:31', 'DEBIT', 'acc-a7d4d2b9-ca29-430e-bcba-cbc3fb3d65e3');
INSERT INTO account_operation (id, amount, description, operation_date, type, bank_account_id) VALUES (3317, 411.57, 'ONEE Electricity', '2025-09-09 19:56:31', 'DEBIT', 'acc-a7d4d2b9-ca29-430e-bcba-cbc3fb3d65e3');
INSERT INTO account_operation (id, amount, description, operation_date, type, bank_account_id) VALUES (3318, 1315.93, 'Local Cafe', '2025-11-14 19:56:31', 'DEBIT', 'acc-a7d4d2b9-ca29-430e-bcba-cbc3fb3d65e3');
INSERT INTO account_operation (id, amount, description, operation_date, type, bank_account_id) VALUES (3319, 1198.91, 'Zara', '2026-05-30 19:56:31', 'DEBIT', 'acc-a7d4d2b9-ca29-430e-bcba-cbc3fb3d65e3');
INSERT INTO account_operation (id, amount, description, operation_date, type, bank_account_id) VALUES (3320, 34.33, 'Pharmacy', '2025-11-28 19:56:31', 'DEBIT', 'acc-a7d4d2b9-ca29-430e-bcba-cbc3fb3d65e3');
INSERT INTO account_operation (id, amount, description, operation_date, type, bank_account_id) VALUES (3321, 274.15, 'Pharmacy', '2025-10-06 19:56:31', 'DEBIT', 'acc-a7d4d2b9-ca29-430e-bcba-cbc3fb3d65e3');
INSERT INTO account_operation (id, amount, description, operation_date, type, bank_account_id) VALUES (3322, 1517.83, 'Local Cafe', '2026-05-26 19:56:31', 'DEBIT', 'acc-a7d4d2b9-ca29-430e-bcba-cbc3fb3d65e3');
INSERT INTO account_operation (id, amount, description, operation_date, type, bank_account_id) VALUES (3323, 390.57, 'Zara', '2026-03-15 19:56:31', 'DEBIT', 'acc-a7d4d2b9-ca29-430e-bcba-cbc3fb3d65e3');
INSERT INTO account_operation (id, amount, description, operation_date, type, bank_account_id) VALUES (3324, 1880.66, 'Restaurant', '2025-08-07 19:56:31', 'DEBIT', 'acc-a7d4d2b9-ca29-430e-bcba-cbc3fb3d65e3');
INSERT INTO account_operation (id, amount, description, operation_date, type, bank_account_id) VALUES (3325, 1505.47, 'Netflix Subscription', '2025-08-20 19:56:31', 'DEBIT', 'acc-a7d4d2b9-ca29-430e-bcba-cbc3fb3d65e3');
INSERT INTO account_operation (id, amount, description, operation_date, type, bank_account_id) VALUES (3326, 1256.55, 'Orange', '2026-03-24 19:56:31', 'DEBIT', 'acc-a7d4d2b9-ca29-430e-bcba-cbc3fb3d65e3');
INSERT INTO account_operation (id, amount, description, operation_date, type, bank_account_id) VALUES (3327, 4831.61, 'Transfer Received', '2025-07-12 19:56:31', 'CREDIT', 'acc-a7d4d2b9-ca29-430e-bcba-cbc3fb3d65e3');
INSERT INTO account_operation (id, amount, description, operation_date, type, bank_account_id) VALUES (3328, 10934.4, 'Cash Deposit', '2025-10-11 19:56:31', 'CREDIT', 'acc-a7d4d2b9-ca29-430e-bcba-cbc3fb3d65e3');
INSERT INTO account_operation (id, amount, description, operation_date, type, bank_account_id) VALUES (3329, 1851.14, 'CTM Bus', '2026-05-01 19:56:31', 'DEBIT', 'acc-a7d4d2b9-ca29-430e-bcba-cbc3fb3d65e3');
INSERT INTO account_operation (id, amount, description, operation_date, type, bank_account_id) VALUES (3330, 1855.79, 'Carrefour', '2026-06-10 19:56:31', 'DEBIT', 'acc-a7d4d2b9-ca29-430e-bcba-cbc3fb3d65e3');
INSERT INTO account_operation (id, amount, description, operation_date, type, bank_account_id) VALUES (3331, 462.41, 'Orange', '2025-12-06 19:56:31', 'DEBIT', 'acc-a7d4d2b9-ca29-430e-bcba-cbc3fb3d65e3');
INSERT INTO account_operation (id, amount, description, operation_date, type, bank_account_id) VALUES (3332, 993.9, 'Redal', '2026-04-08 19:56:31', 'DEBIT', 'acc-a7d4d2b9-ca29-430e-bcba-cbc3fb3d65e3');
INSERT INTO account_operation (id, amount, description, operation_date, type, bank_account_id) VALUES (3333, 620.73, 'Amendis', '2025-11-12 19:56:31', 'DEBIT', 'acc-a7d4d2b9-ca29-430e-bcba-cbc3fb3d65e3');
INSERT INTO account_operation (id, amount, description, operation_date, type, bank_account_id) VALUES (3334, 161.65, 'LC Waikiki', '2026-02-13 19:56:31', 'DEBIT', 'acc-a7d4d2b9-ca29-430e-bcba-cbc3fb3d65e3');
INSERT INTO account_operation (id, amount, description, operation_date, type, bank_account_id) VALUES (3335, 667.25, 'CTM Bus', '2026-01-26 19:56:31', 'DEBIT', 'acc-a7d4d2b9-ca29-430e-bcba-cbc3fb3d65e3');
INSERT INTO account_operation (id, amount, description, operation_date, type, bank_account_id) VALUES (3336, 7516.33, 'Dividend Payout', '2026-04-21 19:56:31', 'CREDIT', 'acc-a7d4d2b9-ca29-430e-bcba-cbc3fb3d65e3');
INSERT INTO account_operation (id, amount, description, operation_date, type, bank_account_id) VALUES (3337, 12233.34, 'Dividend Payout', '2025-10-25 19:56:31', 'CREDIT', 'acc-a7d4d2b9-ca29-430e-bcba-cbc3fb3d65e3');
INSERT INTO account_operation (id, amount, description, operation_date, type, bank_account_id) VALUES (3338, 6108.47, 'Salary Deposit', '2025-08-29 19:56:31', 'CREDIT', 'acc-a7d4d2b9-ca29-430e-bcba-cbc3fb3d65e3');
INSERT INTO account_operation (id, amount, description, operation_date, type, bank_account_id) VALUES (3339, 470.81, 'ONEE Electricity', '2026-05-23 19:56:31', 'DEBIT', 'acc-a7d4d2b9-ca29-430e-bcba-cbc3fb3d65e3');
INSERT INTO account_operation (id, amount, description, operation_date, type, bank_account_id) VALUES (3340, 446.58, 'Carrefour', '2025-11-28 19:56:31', 'DEBIT', 'acc-a7d4d2b9-ca29-430e-bcba-cbc3fb3d65e3');
INSERT INTO account_operation (id, amount, description, operation_date, type, bank_account_id) VALUES (3341, 1561.61, 'Inwi', '2025-08-30 19:56:31', 'DEBIT', 'acc-a7d4d2b9-ca29-430e-bcba-cbc3fb3d65e3');
INSERT INTO account_operation (id, amount, description, operation_date, type, bank_account_id) VALUES (3342, 160.29, 'ONEE Electricity', '2025-12-26 19:56:31', 'DEBIT', 'acc-a7d4d2b9-ca29-430e-bcba-cbc3fb3d65e3');
INSERT INTO account_operation (id, amount, description, operation_date, type, bank_account_id) VALUES (3343, 1983.77, 'Spotify', '2026-04-10 19:56:31', 'DEBIT', 'acc-a7d4d2b9-ca29-430e-bcba-cbc3fb3d65e3');
INSERT INTO account_operation (id, amount, description, operation_date, type, bank_account_id) VALUES (3344, 4644.79, 'Transfer Received', '2026-02-27 19:56:31', 'CREDIT', 'acc-a7d4d2b9-ca29-430e-bcba-cbc3fb3d65e3');
INSERT INTO account_operation (id, amount, description, operation_date, type, bank_account_id) VALUES (3345, 463.69, 'LC Waikiki', '2025-10-02 19:56:31', 'DEBIT', 'acc-a7d4d2b9-ca29-430e-bcba-cbc3fb3d65e3');
INSERT INTO account_operation (id, amount, description, operation_date, type, bank_account_id) VALUES (3346, 331.07, 'Pharmacy', '2026-03-09 19:56:31', 'DEBIT', 'acc-a7d4d2b9-ca29-430e-bcba-cbc3fb3d65e3');
INSERT INTO account_operation (id, amount, description, operation_date, type, bank_account_id) VALUES (3347, 828.7, 'Inwi', '2026-04-09 19:56:31', 'DEBIT', 'acc-a7d4d2b9-ca29-430e-bcba-cbc3fb3d65e3');
INSERT INTO account_operation (id, amount, description, operation_date, type, bank_account_id) VALUES (3348, 1490.09, 'Salary Deposit', '2026-03-13 19:56:31', 'CREDIT', 'acc-a7d4d2b9-ca29-430e-bcba-cbc3fb3d65e3');
INSERT INTO account_operation (id, amount, description, operation_date, type, bank_account_id) VALUES (3349, 7546.79, 'Cash Deposit', '2026-03-06 19:56:31', 'CREDIT', 'acc-a7d4d2b9-ca29-430e-bcba-cbc3fb3d65e3');
INSERT INTO account_operation (id, amount, description, operation_date, type, bank_account_id) VALUES (3350, 570.39, 'Zara', '2026-02-20 19:56:31', 'DEBIT', 'acc-a7d4d2b9-ca29-430e-bcba-cbc3fb3d65e3');
INSERT INTO bank_account (id, type, balance, created_at, customer_id, over_draft, interest_rate) VALUES ('acc-c459518f-2557-469f-afbd-1dacc29f1375', 'CURR', 40797.78, '2025-08-06 19:56:31', 58, 3551.06, NULL);
INSERT INTO account_operation (id, amount, description, operation_date, type, bank_account_id) VALUES (3351, 44890.53, 'Initial Account Funding', '2025-08-06 19:56:31', 'CREDIT', 'acc-c459518f-2557-469f-afbd-1dacc29f1375');
INSERT INTO account_operation (id, amount, description, operation_date, type, bank_account_id) VALUES (3352, 1819.74, 'Inwi', '2025-12-02 19:56:31', 'DEBIT', 'acc-c459518f-2557-469f-afbd-1dacc29f1375');
INSERT INTO account_operation (id, amount, description, operation_date, type, bank_account_id) VALUES (3353, 1810.7, 'Maroc Telecom', '2026-02-02 19:56:31', 'DEBIT', 'acc-c459518f-2557-469f-afbd-1dacc29f1375');
INSERT INTO account_operation (id, amount, description, operation_date, type, bank_account_id) VALUES (3354, 283.69, 'Restaurant', '2026-03-20 19:56:31', 'DEBIT', 'acc-c459518f-2557-469f-afbd-1dacc29f1375');
INSERT INTO account_operation (id, amount, description, operation_date, type, bank_account_id) VALUES (3355, 1793.59, 'CTM Bus', '2026-04-04 19:56:31', 'DEBIT', 'acc-c459518f-2557-469f-afbd-1dacc29f1375');
INSERT INTO account_operation (id, amount, description, operation_date, type, bank_account_id) VALUES (3356, 1312.27, 'LC Waikiki', '2026-06-01 19:56:31', 'DEBIT', 'acc-c459518f-2557-469f-afbd-1dacc29f1375');
INSERT INTO account_operation (id, amount, description, operation_date, type, bank_account_id) VALUES (3357, 2651.85, 'Transfer Received', '2025-08-30 19:56:31', 'CREDIT', 'acc-c459518f-2557-469f-afbd-1dacc29f1375');
INSERT INTO account_operation (id, amount, description, operation_date, type, bank_account_id) VALUES (3358, 112.38, 'Orange', '2026-04-21 19:56:31', 'DEBIT', 'acc-c459518f-2557-469f-afbd-1dacc29f1375');
INSERT INTO account_operation (id, amount, description, operation_date, type, bank_account_id) VALUES (3359, 1176.13, 'Orange', '2025-12-14 19:56:31', 'DEBIT', 'acc-c459518f-2557-469f-afbd-1dacc29f1375');
INSERT INTO account_operation (id, amount, description, operation_date, type, bank_account_id) VALUES (3360, 1763.13, 'Zara', '2026-01-26 19:56:31', 'DEBIT', 'acc-c459518f-2557-469f-afbd-1dacc29f1375');
INSERT INTO account_operation (id, amount, description, operation_date, type, bank_account_id) VALUES (3361, 3327.03, 'Salary Deposit', '2025-10-15 19:56:31', 'CREDIT', 'acc-c459518f-2557-469f-afbd-1dacc29f1375');

INSERT INTO customer (id, name, email) VALUES (59, 'Hassan Alaoui', 'hassan.alaoui@gmail.com');
INSERT INTO bank_account (id, type, balance, created_at, customer_id, over_draft, interest_rate) VALUES ('acc-8c752f59-54a6-4aab-a931-5ae0ee4daa32', 'SAVE', 96008.78, '2025-08-05 19:56:31', 59, NULL, 2.48);
INSERT INTO account_operation (id, amount, description, operation_date, type, bank_account_id) VALUES (3362, 25871.73, 'Initial Account Funding', '2025-08-05 19:56:31', 'CREDIT', 'acc-8c752f59-54a6-4aab-a931-5ae0ee4daa32');
INSERT INTO account_operation (id, amount, description, operation_date, type, bank_account_id) VALUES (3363, 1211.16, 'Restaurant', '2026-05-19 19:56:31', 'DEBIT', 'acc-8c752f59-54a6-4aab-a931-5ae0ee4daa32');
INSERT INTO account_operation (id, amount, description, operation_date, type, bank_account_id) VALUES (3364, 401.13, 'CTM Bus', '2026-01-26 19:56:31', 'DEBIT', 'acc-8c752f59-54a6-4aab-a931-5ae0ee4daa32');
INSERT INTO account_operation (id, amount, description, operation_date, type, bank_account_id) VALUES (3365, 95.98, 'Zara', '2026-01-06 19:56:31', 'DEBIT', 'acc-8c752f59-54a6-4aab-a931-5ae0ee4daa32');
INSERT INTO account_operation (id, amount, description, operation_date, type, bank_account_id) VALUES (3366, 14200.72, 'Cash Deposit', '2026-03-09 19:56:31', 'CREDIT', 'acc-8c752f59-54a6-4aab-a931-5ae0ee4daa32');
INSERT INTO account_operation (id, amount, description, operation_date, type, bank_account_id) VALUES (3367, 8860.15, 'Freelance Payment', '2026-04-26 19:56:31', 'CREDIT', 'acc-8c752f59-54a6-4aab-a931-5ae0ee4daa32');
INSERT INTO account_operation (id, amount, description, operation_date, type, bank_account_id) VALUES (3368, 9351.23, 'Transfer Received', '2026-04-10 19:56:31', 'CREDIT', 'acc-8c752f59-54a6-4aab-a931-5ae0ee4daa32');
INSERT INTO account_operation (id, amount, description, operation_date, type, bank_account_id) VALUES (3369, 8657.4, 'Dividend Payout', '2026-04-14 19:56:31', 'CREDIT', 'acc-8c752f59-54a6-4aab-a931-5ae0ee4daa32');
INSERT INTO account_operation (id, amount, description, operation_date, type, bank_account_id) VALUES (3370, 187.38, 'ONEE Electricity', '2026-05-25 19:56:31', 'DEBIT', 'acc-8c752f59-54a6-4aab-a931-5ae0ee4daa32');
INSERT INTO account_operation (id, amount, description, operation_date, type, bank_account_id) VALUES (3371, 1615.93, 'Carrefour', '2026-01-15 19:56:31', 'DEBIT', 'acc-8c752f59-54a6-4aab-a931-5ae0ee4daa32');
INSERT INTO account_operation (id, amount, description, operation_date, type, bank_account_id) VALUES (3372, 22.9, 'CTM Bus', '2025-11-12 19:56:31', 'DEBIT', 'acc-8c752f59-54a6-4aab-a931-5ae0ee4daa32');
INSERT INTO account_operation (id, amount, description, operation_date, type, bank_account_id) VALUES (3373, 1895.14, 'Cash Deposit', '2026-03-03 19:56:31', 'CREDIT', 'acc-8c752f59-54a6-4aab-a931-5ae0ee4daa32');
INSERT INTO account_operation (id, amount, description, operation_date, type, bank_account_id) VALUES (3374, 6332.3, 'Salary Deposit', '2026-02-27 19:56:31', 'CREDIT', 'acc-8c752f59-54a6-4aab-a931-5ae0ee4daa32');
INSERT INTO account_operation (id, amount, description, operation_date, type, bank_account_id) VALUES (3375, 1875.1, 'BIM Store', '2026-01-31 19:56:31', 'DEBIT', 'acc-8c752f59-54a6-4aab-a931-5ae0ee4daa32');
INSERT INTO account_operation (id, amount, description, operation_date, type, bank_account_id) VALUES (3376, 1007.7, 'Amendis', '2025-08-22 19:56:31', 'DEBIT', 'acc-8c752f59-54a6-4aab-a931-5ae0ee4daa32');
INSERT INTO account_operation (id, amount, description, operation_date, type, bank_account_id) VALUES (3377, 1481.8, 'ONEE Electricity', '2026-01-19 19:56:31', 'DEBIT', 'acc-8c752f59-54a6-4aab-a931-5ae0ee4daa32');
INSERT INTO account_operation (id, amount, description, operation_date, type, bank_account_id) VALUES (3378, 194.33, 'Decathlon', '2026-02-07 19:56:31', 'DEBIT', 'acc-8c752f59-54a6-4aab-a931-5ae0ee4daa32');
INSERT INTO account_operation (id, amount, description, operation_date, type, bank_account_id) VALUES (3379, 4109.16, 'Dividend Payout', '2026-05-11 19:56:31', 'CREDIT', 'acc-8c752f59-54a6-4aab-a931-5ae0ee4daa32');
INSERT INTO account_operation (id, amount, description, operation_date, type, bank_account_id) VALUES (3380, 1574.86, 'Maroc Telecom', '2025-11-01 19:56:31', 'DEBIT', 'acc-8c752f59-54a6-4aab-a931-5ae0ee4daa32');
INSERT INTO account_operation (id, amount, description, operation_date, type, bank_account_id) VALUES (3381, 13028.41, 'Dividend Payout', '2026-05-09 19:56:31', 'CREDIT', 'acc-8c752f59-54a6-4aab-a931-5ae0ee4daa32');
INSERT INTO account_operation (id, amount, description, operation_date, type, bank_account_id) VALUES (3382, 602.7, 'Marjane Supermarket', '2026-03-28 19:56:31', 'DEBIT', 'acc-8c752f59-54a6-4aab-a931-5ae0ee4daa32');
INSERT INTO account_operation (id, amount, description, operation_date, type, bank_account_id) VALUES (3383, 778.49, 'Spotify', '2026-03-04 19:56:31', 'DEBIT', 'acc-8c752f59-54a6-4aab-a931-5ae0ee4daa32');
INSERT INTO account_operation (id, amount, description, operation_date, type, bank_account_id) VALUES (3384, 942.19, 'Marjane Supermarket', '2025-11-23 19:56:31', 'DEBIT', 'acc-8c752f59-54a6-4aab-a931-5ae0ee4daa32');
INSERT INTO account_operation (id, amount, description, operation_date, type, bank_account_id) VALUES (3385, 420.72, 'CTM Bus', '2026-02-18 19:56:31', 'DEBIT', 'acc-8c752f59-54a6-4aab-a931-5ae0ee4daa32');
INSERT INTO account_operation (id, amount, description, operation_date, type, bank_account_id) VALUES (3386, 9764.1, 'Transfer Received', '2025-11-06 19:56:31', 'CREDIT', 'acc-8c752f59-54a6-4aab-a931-5ae0ee4daa32');
INSERT INTO account_operation (id, amount, description, operation_date, type, bank_account_id) VALUES (3387, 6350.81, 'Freelance Payment', '2026-05-22 19:56:31', 'CREDIT', 'acc-8c752f59-54a6-4aab-a931-5ae0ee4daa32');
INSERT INTO bank_account (id, type, balance, created_at, customer_id, over_draft, interest_rate) VALUES ('acc-8b565f00-cd9d-429f-b339-df4d6bbfe5f5', 'CURR', 68354.59, '2025-09-26 19:56:31', 59, 7477.65, NULL);
INSERT INTO account_operation (id, amount, description, operation_date, type, bank_account_id) VALUES (3388, 28408.81, 'Initial Account Funding', '2025-09-26 19:56:31', 'CREDIT', 'acc-8b565f00-cd9d-429f-b339-df4d6bbfe5f5');
INSERT INTO account_operation (id, amount, description, operation_date, type, bank_account_id) VALUES (3389, 3022.84, 'Cash Deposit', '2026-04-02 19:56:31', 'CREDIT', 'acc-8b565f00-cd9d-429f-b339-df4d6bbfe5f5');
INSERT INTO account_operation (id, amount, description, operation_date, type, bank_account_id) VALUES (3390, 292.64, 'Orange', '2026-06-14 19:56:31', 'DEBIT', 'acc-8b565f00-cd9d-429f-b339-df4d6bbfe5f5');
INSERT INTO account_operation (id, amount, description, operation_date, type, bank_account_id) VALUES (3391, 1220.92, 'Zara', '2025-12-14 19:56:31', 'DEBIT', 'acc-8b565f00-cd9d-429f-b339-df4d6bbfe5f5');
INSERT INTO account_operation (id, amount, description, operation_date, type, bank_account_id) VALUES (3392, 1768.88, 'Marjane Supermarket', '2025-12-02 19:56:31', 'DEBIT', 'acc-8b565f00-cd9d-429f-b339-df4d6bbfe5f5');
INSERT INTO account_operation (id, amount, description, operation_date, type, bank_account_id) VALUES (3393, 455.94, 'Orange', '2026-02-07 19:56:31', 'DEBIT', 'acc-8b565f00-cd9d-429f-b339-df4d6bbfe5f5');
INSERT INTO account_operation (id, amount, description, operation_date, type, bank_account_id) VALUES (3394, 7518.43, 'Cash Deposit', '2025-10-22 19:56:31', 'CREDIT', 'acc-8b565f00-cd9d-429f-b339-df4d6bbfe5f5');
INSERT INTO account_operation (id, amount, description, operation_date, type, bank_account_id) VALUES (3395, 1003.37, 'Spotify', '2025-10-17 19:56:31', 'DEBIT', 'acc-8b565f00-cd9d-429f-b339-df4d6bbfe5f5');
INSERT INTO account_operation (id, amount, description, operation_date, type, bank_account_id) VALUES (3396, 14157.51, 'Cash Deposit', '2026-05-22 19:56:31', 'CREDIT', 'acc-8b565f00-cd9d-429f-b339-df4d6bbfe5f5');
INSERT INTO account_operation (id, amount, description, operation_date, type, bank_account_id) VALUES (3397, 1815.05, 'Marjane Supermarket', '2026-03-15 19:56:31', 'DEBIT', 'acc-8b565f00-cd9d-429f-b339-df4d6bbfe5f5');
INSERT INTO account_operation (id, amount, description, operation_date, type, bank_account_id) VALUES (3398, 12260.46, 'Transfer Received', '2025-12-31 19:56:31', 'CREDIT', 'acc-8b565f00-cd9d-429f-b339-df4d6bbfe5f5');
INSERT INTO account_operation (id, amount, description, operation_date, type, bank_account_id) VALUES (3399, 636.45, 'Marjane Supermarket', '2025-10-25 19:56:31', 'DEBIT', 'acc-8b565f00-cd9d-429f-b339-df4d6bbfe5f5');
INSERT INTO account_operation (id, amount, description, operation_date, type, bank_account_id) VALUES (3400, 851.09, 'Netflix Subscription', '2025-10-05 19:56:31', 'DEBIT', 'acc-8b565f00-cd9d-429f-b339-df4d6bbfe5f5');
INSERT INTO account_operation (id, amount, description, operation_date, type, bank_account_id) VALUES (3401, 10547.44, 'Freelance Payment', '2026-04-02 19:56:31', 'CREDIT', 'acc-8b565f00-cd9d-429f-b339-df4d6bbfe5f5');
INSERT INTO account_operation (id, amount, description, operation_date, type, bank_account_id) VALUES (3402, 3141.13, 'Dividend Payout', '2026-01-15 19:56:31', 'CREDIT', 'acc-8b565f00-cd9d-429f-b339-df4d6bbfe5f5');
INSERT INTO account_operation (id, amount, description, operation_date, type, bank_account_id) VALUES (3403, 942.95, 'Marjane Supermarket', '2025-12-10 19:56:31', 'DEBIT', 'acc-8b565f00-cd9d-429f-b339-df4d6bbfe5f5');
INSERT INTO account_operation (id, amount, description, operation_date, type, bank_account_id) VALUES (3404, 1407.27, 'Local Cafe', '2026-04-04 19:56:31', 'DEBIT', 'acc-8b565f00-cd9d-429f-b339-df4d6bbfe5f5');
INSERT INTO account_operation (id, amount, description, operation_date, type, bank_account_id) VALUES (3405, 173.87, 'Orange', '2026-01-18 19:56:31', 'DEBIT', 'acc-8b565f00-cd9d-429f-b339-df4d6bbfe5f5');
INSERT INTO account_operation (id, amount, description, operation_date, type, bank_account_id) VALUES (3406, 79.32, 'Amendis', '2026-01-05 19:56:31', 'DEBIT', 'acc-8b565f00-cd9d-429f-b339-df4d6bbfe5f5');
INSERT INTO account_operation (id, amount, description, operation_date, type, bank_account_id) VALUES (3407, 54.28, 'Local Cafe', '2026-01-12 19:56:31', 'DEBIT', 'acc-8b565f00-cd9d-429f-b339-df4d6bbfe5f5');
INSERT INTO bank_account (id, type, balance, created_at, customer_id, over_draft, interest_rate) VALUES ('acc-44fdf987-fdce-4aa5-923e-cb4ef48cad91', 'CURR', 47813.19, '2025-09-01 19:56:31', 59, 8672.08, NULL);
INSERT INTO account_operation (id, amount, description, operation_date, type, bank_account_id) VALUES (3408, 32166.15, 'Initial Account Funding', '2025-09-01 19:56:31', 'CREDIT', 'acc-44fdf987-fdce-4aa5-923e-cb4ef48cad91');
INSERT INTO account_operation (id, amount, description, operation_date, type, bank_account_id) VALUES (3409, 1628.85, 'Redal', '2025-12-05 19:56:31', 'DEBIT', 'acc-44fdf987-fdce-4aa5-923e-cb4ef48cad91');
INSERT INTO account_operation (id, amount, description, operation_date, type, bank_account_id) VALUES (3410, 645.08, 'Pharmacy', '2026-03-05 19:56:31', 'DEBIT', 'acc-44fdf987-fdce-4aa5-923e-cb4ef48cad91');
INSERT INTO account_operation (id, amount, description, operation_date, type, bank_account_id) VALUES (3411, 1470.19, 'Decathlon', '2025-12-20 19:56:31', 'DEBIT', 'acc-44fdf987-fdce-4aa5-923e-cb4ef48cad91');
INSERT INTO account_operation (id, amount, description, operation_date, type, bank_account_id) VALUES (3412, 480.46, 'Orange', '2026-01-07 19:56:31', 'DEBIT', 'acc-44fdf987-fdce-4aa5-923e-cb4ef48cad91');
INSERT INTO account_operation (id, amount, description, operation_date, type, bank_account_id) VALUES (3413, 1207.47, 'Maroc Telecom', '2026-02-23 19:56:31', 'DEBIT', 'acc-44fdf987-fdce-4aa5-923e-cb4ef48cad91');
INSERT INTO account_operation (id, amount, description, operation_date, type, bank_account_id) VALUES (3414, 368.98, 'Marjane Supermarket', '2026-06-23 19:56:31', 'DEBIT', 'acc-44fdf987-fdce-4aa5-923e-cb4ef48cad91');
INSERT INTO account_operation (id, amount, description, operation_date, type, bank_account_id) VALUES (3415, 208.23, 'Redal', '2025-11-10 19:56:31', 'DEBIT', 'acc-44fdf987-fdce-4aa5-923e-cb4ef48cad91');
INSERT INTO account_operation (id, amount, description, operation_date, type, bank_account_id) VALUES (3416, 777.95, 'Maroc Telecom', '2025-12-04 19:56:31', 'DEBIT', 'acc-44fdf987-fdce-4aa5-923e-cb4ef48cad91');
INSERT INTO account_operation (id, amount, description, operation_date, type, bank_account_id) VALUES (3417, 4729.19, 'Cash Deposit', '2026-04-06 19:56:31', 'CREDIT', 'acc-44fdf987-fdce-4aa5-923e-cb4ef48cad91');
INSERT INTO account_operation (id, amount, description, operation_date, type, bank_account_id) VALUES (3418, 13461.58, 'Transfer Received', '2025-11-24 19:56:31', 'CREDIT', 'acc-44fdf987-fdce-4aa5-923e-cb4ef48cad91');
INSERT INTO account_operation (id, amount, description, operation_date, type, bank_account_id) VALUES (3419, 1933.91, 'Maroc Telecom', '2026-06-26 19:56:31', 'DEBIT', 'acc-44fdf987-fdce-4aa5-923e-cb4ef48cad91');
INSERT INTO account_operation (id, amount, description, operation_date, type, bank_account_id) VALUES (3420, 811.73, 'ONCF Train', '2026-02-01 19:56:31', 'DEBIT', 'acc-44fdf987-fdce-4aa5-923e-cb4ef48cad91');
INSERT INTO account_operation (id, amount, description, operation_date, type, bank_account_id) VALUES (3421, 195.67, 'Zara', '2025-09-28 19:56:31', 'DEBIT', 'acc-44fdf987-fdce-4aa5-923e-cb4ef48cad91');
INSERT INTO account_operation (id, amount, description, operation_date, type, bank_account_id) VALUES (3422, 11912.8, 'Dividend Payout', '2025-11-08 19:56:31', 'CREDIT', 'acc-44fdf987-fdce-4aa5-923e-cb4ef48cad91');
INSERT INTO account_operation (id, amount, description, operation_date, type, bank_account_id) VALUES (3423, 1060.55, 'Redal', '2026-06-07 19:56:31', 'DEBIT', 'acc-44fdf987-fdce-4aa5-923e-cb4ef48cad91');
INSERT INTO account_operation (id, amount, description, operation_date, type, bank_account_id) VALUES (3424, 1184.54, 'Carrefour', '2025-12-11 19:56:31', 'DEBIT', 'acc-44fdf987-fdce-4aa5-923e-cb4ef48cad91');
INSERT INTO account_operation (id, amount, description, operation_date, type, bank_account_id) VALUES (3425, 757.95, 'Inwi', '2026-02-25 19:56:31', 'DEBIT', 'acc-44fdf987-fdce-4aa5-923e-cb4ef48cad91');
INSERT INTO account_operation (id, amount, description, operation_date, type, bank_account_id) VALUES (3426, 5355.95, 'Dividend Payout', '2025-10-12 19:56:31', 'CREDIT', 'acc-44fdf987-fdce-4aa5-923e-cb4ef48cad91');
INSERT INTO account_operation (id, amount, description, operation_date, type, bank_account_id) VALUES (3427, 1144.65, 'BIM Store', '2025-12-21 19:56:31', 'DEBIT', 'acc-44fdf987-fdce-4aa5-923e-cb4ef48cad91');
INSERT INTO account_operation (id, amount, description, operation_date, type, bank_account_id) VALUES (3428, 596.34, 'Amendis', '2026-04-01 19:56:31', 'DEBIT', 'acc-44fdf987-fdce-4aa5-923e-cb4ef48cad91');
INSERT INTO account_operation (id, amount, description, operation_date, type, bank_account_id) VALUES (3429, 919.84, 'Local Cafe', '2026-01-23 19:56:31', 'DEBIT', 'acc-44fdf987-fdce-4aa5-923e-cb4ef48cad91');
INSERT INTO account_operation (id, amount, description, operation_date, type, bank_account_id) VALUES (3430, 1978.09, 'Orange', '2026-01-11 19:56:31', 'DEBIT', 'acc-44fdf987-fdce-4aa5-923e-cb4ef48cad91');
INSERT INTO account_operation (id, amount, description, operation_date, type, bank_account_id) VALUES (3431, 1464.85, 'BIM Store', '2025-11-27 19:56:31', 'DEBIT', 'acc-44fdf987-fdce-4aa5-923e-cb4ef48cad91');
INSERT INTO account_operation (id, amount, description, operation_date, type, bank_account_id) VALUES (3432, 958.01, 'LC Waikiki', '2026-03-10 19:56:31', 'DEBIT', 'acc-44fdf987-fdce-4aa5-923e-cb4ef48cad91');
INSERT INTO account_operation (id, amount, description, operation_date, type, bank_account_id) VALUES (3433, 1729.16, 'Cash Deposit', '2026-05-24 19:56:31', 'CREDIT', 'acc-44fdf987-fdce-4aa5-923e-cb4ef48cad91');
INSERT INTO account_operation (id, amount, description, operation_date, type, bank_account_id) VALUES (3434, 1748.3, 'LC Waikiki', '2025-11-08 19:56:31', 'DEBIT', 'acc-44fdf987-fdce-4aa5-923e-cb4ef48cad91');

INSERT INTO customer (id, name, email) VALUES (60, 'Omar Benali', 'omar.benali@gmail.com');
INSERT INTO bank_account (id, type, balance, created_at, customer_id, over_draft, interest_rate) VALUES ('acc-424e5d64-aefb-4809-ad64-f4f946dfd47f', 'SAVE', 3512.94, '2026-02-10 19:56:31', 60, NULL, 2.26);
INSERT INTO account_operation (id, amount, description, operation_date, type, bank_account_id) VALUES (3435, 9912.68, 'Initial Account Funding', '2026-02-10 19:56:31', 'CREDIT', 'acc-424e5d64-aefb-4809-ad64-f4f946dfd47f');
INSERT INTO account_operation (id, amount, description, operation_date, type, bank_account_id) VALUES (3436, 1487.36, 'CTM Bus', '2026-04-21 19:56:31', 'DEBIT', 'acc-424e5d64-aefb-4809-ad64-f4f946dfd47f');
INSERT INTO account_operation (id, amount, description, operation_date, type, bank_account_id) VALUES (3437, 1252.19, 'Pharmacy', '2026-06-06 19:56:31', 'DEBIT', 'acc-424e5d64-aefb-4809-ad64-f4f946dfd47f');
INSERT INTO account_operation (id, amount, description, operation_date, type, bank_account_id) VALUES (3438, 1118.67, 'Amendis', '2026-06-21 19:56:31', 'DEBIT', 'acc-424e5d64-aefb-4809-ad64-f4f946dfd47f');
INSERT INTO account_operation (id, amount, description, operation_date, type, bank_account_id) VALUES (3439, 1933.5, 'Marjane Supermarket', '2026-03-13 19:56:31', 'DEBIT', 'acc-424e5d64-aefb-4809-ad64-f4f946dfd47f');
INSERT INTO account_operation (id, amount, description, operation_date, type, bank_account_id) VALUES (3440, 1221.29, 'LC Waikiki', '2026-05-01 19:56:31', 'DEBIT', 'acc-424e5d64-aefb-4809-ad64-f4f946dfd47f');
INSERT INTO account_operation (id, amount, description, operation_date, type, bank_account_id) VALUES (3441, 2390.02, 'Dividend Payout', '2026-05-06 19:56:31', 'CREDIT', 'acc-424e5d64-aefb-4809-ad64-f4f946dfd47f');
INSERT INTO account_operation (id, amount, description, operation_date, type, bank_account_id) VALUES (3442, 48.86, 'ONEE Electricity', '2026-06-22 19:56:31', 'DEBIT', 'acc-424e5d64-aefb-4809-ad64-f4f946dfd47f');
INSERT INTO account_operation (id, amount, description, operation_date, type, bank_account_id) VALUES (3443, 479.71, 'Redal', '2026-03-04 19:56:31', 'DEBIT', 'acc-424e5d64-aefb-4809-ad64-f4f946dfd47f');
INSERT INTO account_operation (id, amount, description, operation_date, type, bank_account_id) VALUES (3444, 869.34, 'Amendis', '2026-05-12 19:56:31', 'DEBIT', 'acc-424e5d64-aefb-4809-ad64-f4f946dfd47f');
INSERT INTO account_operation (id, amount, description, operation_date, type, bank_account_id) VALUES (3445, 1618.56, 'Netflix Subscription', '2026-05-23 19:56:31', 'DEBIT', 'acc-424e5d64-aefb-4809-ad64-f4f946dfd47f');
INSERT INTO account_operation (id, amount, description, operation_date, type, bank_account_id) VALUES (3446, 1236.68, 'Marjane Supermarket', '2026-06-28 19:56:31', 'DEBIT', 'acc-424e5d64-aefb-4809-ad64-f4f946dfd47f');
INSERT INTO account_operation (id, amount, description, operation_date, type, bank_account_id) VALUES (3447, 2269.74, 'Transfer Received', '2026-02-21 19:56:31', 'CREDIT', 'acc-424e5d64-aefb-4809-ad64-f4f946dfd47f');
INSERT INTO account_operation (id, amount, description, operation_date, type, bank_account_id) VALUES (3448, 1650.91, 'Inwi', '2026-02-27 19:56:31', 'DEBIT', 'acc-424e5d64-aefb-4809-ad64-f4f946dfd47f');
INSERT INTO account_operation (id, amount, description, operation_date, type, bank_account_id) VALUES (3449, 765.87, 'LC Waikiki', '2026-06-08 19:56:31', 'DEBIT', 'acc-424e5d64-aefb-4809-ad64-f4f946dfd47f');
INSERT INTO account_operation (id, amount, description, operation_date, type, bank_account_id) VALUES (3450, 3209.03, 'Freelance Payment', '2026-05-07 19:56:31', 'CREDIT', 'acc-424e5d64-aefb-4809-ad64-f4f946dfd47f');
INSERT INTO account_operation (id, amount, description, operation_date, type, bank_account_id) VALUES (3451, 5326.68, 'Transfer Received', '2026-06-24 19:56:31', 'CREDIT', 'acc-424e5d64-aefb-4809-ad64-f4f946dfd47f');
INSERT INTO account_operation (id, amount, description, operation_date, type, bank_account_id) VALUES (3452, 188.8, 'Amendis', '2026-06-22 19:56:31', 'DEBIT', 'acc-424e5d64-aefb-4809-ad64-f4f946dfd47f');
INSERT INTO account_operation (id, amount, description, operation_date, type, bank_account_id) VALUES (3453, 577.62, 'LC Waikiki', '2026-05-31 19:56:31', 'DEBIT', 'acc-424e5d64-aefb-4809-ad64-f4f946dfd47f');
INSERT INTO account_operation (id, amount, description, operation_date, type, bank_account_id) VALUES (3454, 2463.82, 'Dividend Payout', '2026-06-05 19:56:31', 'CREDIT', 'acc-424e5d64-aefb-4809-ad64-f4f946dfd47f');
INSERT INTO account_operation (id, amount, description, operation_date, type, bank_account_id) VALUES (3455, 1908.62, 'ONEE Electricity', '2026-05-03 19:56:31', 'DEBIT', 'acc-424e5d64-aefb-4809-ad64-f4f946dfd47f');
INSERT INTO account_operation (id, amount, description, operation_date, type, bank_account_id) VALUES (3456, 603.22, 'ONEE Electricity', '2026-04-23 19:56:31', 'DEBIT', 'acc-424e5d64-aefb-4809-ad64-f4f946dfd47f');
INSERT INTO account_operation (id, amount, description, operation_date, type, bank_account_id) VALUES (3457, 1209.6, 'ONCF Train', '2026-02-10 19:56:31', 'DEBIT', 'acc-424e5d64-aefb-4809-ad64-f4f946dfd47f');
INSERT INTO account_operation (id, amount, description, operation_date, type, bank_account_id) VALUES (3458, 597.47, 'Inwi', '2026-03-18 19:56:31', 'DEBIT', 'acc-424e5d64-aefb-4809-ad64-f4f946dfd47f');
INSERT INTO account_operation (id, amount, description, operation_date, type, bank_account_id) VALUES (3459, 1577.26, 'Decathlon', '2026-02-28 19:56:31', 'DEBIT', 'acc-424e5d64-aefb-4809-ad64-f4f946dfd47f');
INSERT INTO account_operation (id, amount, description, operation_date, type, bank_account_id) VALUES (3460, 53.14, 'Orange', '2026-05-18 19:56:31', 'DEBIT', 'acc-424e5d64-aefb-4809-ad64-f4f946dfd47f');
INSERT INTO account_operation (id, amount, description, operation_date, type, bank_account_id) VALUES (3461, 1399.13, 'CTM Bus', '2026-05-16 19:56:31', 'DEBIT', 'acc-424e5d64-aefb-4809-ad64-f4f946dfd47f');
INSERT INTO account_operation (id, amount, description, operation_date, type, bank_account_id) VALUES (3462, 261.23, 'Redal', '2026-03-25 19:56:31', 'DEBIT', 'acc-424e5d64-aefb-4809-ad64-f4f946dfd47f');
INSERT INTO bank_account (id, type, balance, created_at, customer_id, over_draft, interest_rate) VALUES ('acc-6bc0a992-3839-46cf-81fe-dd345f561ff9', 'CURR', 50205.88, '2025-11-25 19:56:31', 60, 6346.38, NULL);
INSERT INTO account_operation (id, amount, description, operation_date, type, bank_account_id) VALUES (3463, 22436.28, 'Initial Account Funding', '2025-11-25 19:56:31', 'CREDIT', 'acc-6bc0a992-3839-46cf-81fe-dd345f561ff9');
INSERT INTO account_operation (id, amount, description, operation_date, type, bank_account_id) VALUES (3464, 7816.12, 'Transfer Received', '2026-03-14 19:56:31', 'CREDIT', 'acc-6bc0a992-3839-46cf-81fe-dd345f561ff9');
INSERT INTO account_operation (id, amount, description, operation_date, type, bank_account_id) VALUES (3465, 1106.81, 'Cash Deposit', '2026-03-24 19:56:31', 'CREDIT', 'acc-6bc0a992-3839-46cf-81fe-dd345f561ff9');
INSERT INTO account_operation (id, amount, description, operation_date, type, bank_account_id) VALUES (3466, 664.96, 'Pharmacy', '2026-05-29 19:56:31', 'DEBIT', 'acc-6bc0a992-3839-46cf-81fe-dd345f561ff9');
INSERT INTO account_operation (id, amount, description, operation_date, type, bank_account_id) VALUES (3467, 3932.4, 'Salary Deposit', '2026-04-23 19:56:31', 'CREDIT', 'acc-6bc0a992-3839-46cf-81fe-dd345f561ff9');
INSERT INTO account_operation (id, amount, description, operation_date, type, bank_account_id) VALUES (3468, 13171.01, 'Cash Deposit', '2026-06-01 19:56:31', 'CREDIT', 'acc-6bc0a992-3839-46cf-81fe-dd345f561ff9');
INSERT INTO account_operation (id, amount, description, operation_date, type, bank_account_id) VALUES (3469, 1206.01, 'Inwi', '2026-01-14 19:56:31', 'DEBIT', 'acc-6bc0a992-3839-46cf-81fe-dd345f561ff9');
INSERT INTO account_operation (id, amount, description, operation_date, type, bank_account_id) VALUES (3470, 9144.8, 'Dividend Payout', '2026-05-06 19:56:31', 'CREDIT', 'acc-6bc0a992-3839-46cf-81fe-dd345f561ff9');
INSERT INTO account_operation (id, amount, description, operation_date, type, bank_account_id) VALUES (3471, 115.06, 'Pharmacy', '2026-06-25 19:56:31', 'DEBIT', 'acc-6bc0a992-3839-46cf-81fe-dd345f561ff9');
INSERT INTO account_operation (id, amount, description, operation_date, type, bank_account_id) VALUES (3472, 1637.3, 'LC Waikiki', '2026-05-10 19:56:31', 'DEBIT', 'acc-6bc0a992-3839-46cf-81fe-dd345f561ff9');
INSERT INTO account_operation (id, amount, description, operation_date, type, bank_account_id) VALUES (3473, 731.52, 'Inwi', '2025-12-30 19:56:31', 'DEBIT', 'acc-6bc0a992-3839-46cf-81fe-dd345f561ff9');
INSERT INTO account_operation (id, amount, description, operation_date, type, bank_account_id) VALUES (3474, 644.46, 'CTM Bus', '2026-01-08 19:56:31', 'DEBIT', 'acc-6bc0a992-3839-46cf-81fe-dd345f561ff9');
INSERT INTO account_operation (id, amount, description, operation_date, type, bank_account_id) VALUES (3475, 1988.11, 'Restaurant', '2026-04-28 19:56:31', 'DEBIT', 'acc-6bc0a992-3839-46cf-81fe-dd345f561ff9');
INSERT INTO account_operation (id, amount, description, operation_date, type, bank_account_id) VALUES (3476, 414.12, 'Redal', '2026-02-01 19:56:31', 'DEBIT', 'acc-6bc0a992-3839-46cf-81fe-dd345f561ff9');

INSERT INTO customer (id, name, email) VALUES (61, 'Mehdi Bennis', 'mehdi.bennis@gmail.com');
INSERT INTO bank_account (id, type, balance, created_at, customer_id, over_draft, interest_rate) VALUES ('acc-905e4e67-71eb-409f-a96f-c22534a97829', 'CURR', 123313.93, '2025-10-26 19:56:31', 61, 8602.97, NULL);
INSERT INTO account_operation (id, amount, description, operation_date, type, bank_account_id) VALUES (3477, 41005.9, 'Initial Account Funding', '2025-10-26 19:56:31', 'CREDIT', 'acc-905e4e67-71eb-409f-a96f-c22534a97829');
INSERT INTO account_operation (id, amount, description, operation_date, type, bank_account_id) VALUES (3478, 12036.73, 'Freelance Payment', '2025-11-10 19:56:31', 'CREDIT', 'acc-905e4e67-71eb-409f-a96f-c22534a97829');
INSERT INTO account_operation (id, amount, description, operation_date, type, bank_account_id) VALUES (3479, 13190.09, 'Transfer Received', '2026-03-26 19:56:31', 'CREDIT', 'acc-905e4e67-71eb-409f-a96f-c22534a97829');
INSERT INTO account_operation (id, amount, description, operation_date, type, bank_account_id) VALUES (3480, 1987.17, 'Carrefour', '2026-01-30 19:56:31', 'DEBIT', 'acc-905e4e67-71eb-409f-a96f-c22534a97829');
INSERT INTO account_operation (id, amount, description, operation_date, type, bank_account_id) VALUES (3481, 6107.69, 'Salary Deposit', '2025-12-24 19:56:31', 'CREDIT', 'acc-905e4e67-71eb-409f-a96f-c22534a97829');
INSERT INTO account_operation (id, amount, description, operation_date, type, bank_account_id) VALUES (3482, 1783.15, 'Redal', '2025-12-13 19:56:31', 'DEBIT', 'acc-905e4e67-71eb-409f-a96f-c22534a97829');
INSERT INTO account_operation (id, amount, description, operation_date, type, bank_account_id) VALUES (3483, 1908.65, 'Orange', '2026-05-29 19:56:31', 'DEBIT', 'acc-905e4e67-71eb-409f-a96f-c22534a97829');
INSERT INTO account_operation (id, amount, description, operation_date, type, bank_account_id) VALUES (3484, 9329.93, 'Freelance Payment', '2025-11-19 19:56:31', 'CREDIT', 'acc-905e4e67-71eb-409f-a96f-c22534a97829');
INSERT INTO account_operation (id, amount, description, operation_date, type, bank_account_id) VALUES (3485, 795.04, 'BIM Store', '2025-11-06 19:56:31', 'DEBIT', 'acc-905e4e67-71eb-409f-a96f-c22534a97829');
INSERT INTO account_operation (id, amount, description, operation_date, type, bank_account_id) VALUES (3486, 458.14, 'BIM Store', '2026-06-04 19:56:31', 'DEBIT', 'acc-905e4e67-71eb-409f-a96f-c22534a97829');
INSERT INTO account_operation (id, amount, description, operation_date, type, bank_account_id) VALUES (3487, 1869.19, 'Maroc Telecom', '2025-12-14 19:56:31', 'DEBIT', 'acc-905e4e67-71eb-409f-a96f-c22534a97829');
INSERT INTO account_operation (id, amount, description, operation_date, type, bank_account_id) VALUES (3488, 14434.72, 'Cash Deposit', '2026-01-18 19:56:31', 'CREDIT', 'acc-905e4e67-71eb-409f-a96f-c22534a97829');
INSERT INTO account_operation (id, amount, description, operation_date, type, bank_account_id) VALUES (3489, 3563.38, 'Dividend Payout', '2026-03-01 19:56:31', 'CREDIT', 'acc-905e4e67-71eb-409f-a96f-c22534a97829');
INSERT INTO account_operation (id, amount, description, operation_date, type, bank_account_id) VALUES (3490, 3201.4, 'Salary Deposit', '2026-02-07 19:56:31', 'CREDIT', 'acc-905e4e67-71eb-409f-a96f-c22534a97829');
INSERT INTO account_operation (id, amount, description, operation_date, type, bank_account_id) VALUES (3491, 5950.85, 'Transfer Received', '2025-11-16 19:56:31', 'CREDIT', 'acc-905e4e67-71eb-409f-a96f-c22534a97829');
INSERT INTO account_operation (id, amount, description, operation_date, type, bank_account_id) VALUES (3492, 1161.07, 'Redal', '2026-05-16 19:56:31', 'DEBIT', 'acc-905e4e67-71eb-409f-a96f-c22534a97829');
INSERT INTO account_operation (id, amount, description, operation_date, type, bank_account_id) VALUES (3493, 124.48, 'Amendis', '2025-10-30 19:56:31', 'DEBIT', 'acc-905e4e67-71eb-409f-a96f-c22534a97829');
INSERT INTO account_operation (id, amount, description, operation_date, type, bank_account_id) VALUES (3494, 7976.5, 'Salary Deposit', '2026-03-26 19:56:31', 'CREDIT', 'acc-905e4e67-71eb-409f-a96f-c22534a97829');
INSERT INTO account_operation (id, amount, description, operation_date, type, bank_account_id) VALUES (3495, 2054.78, 'Cash Deposit', '2026-04-21 19:56:31', 'CREDIT', 'acc-905e4e67-71eb-409f-a96f-c22534a97829');
INSERT INTO account_operation (id, amount, description, operation_date, type, bank_account_id) VALUES (3496, 1060.9, 'Netflix Subscription', '2026-01-12 19:56:31', 'DEBIT', 'acc-905e4e67-71eb-409f-a96f-c22534a97829');
INSERT INTO account_operation (id, amount, description, operation_date, type, bank_account_id) VALUES (3497, 564.01, 'Carrefour', '2026-06-20 19:56:31', 'DEBIT', 'acc-905e4e67-71eb-409f-a96f-c22534a97829');
INSERT INTO account_operation (id, amount, description, operation_date, type, bank_account_id) VALUES (3498, 1229.93, 'Orange', '2026-04-24 19:56:31', 'DEBIT', 'acc-905e4e67-71eb-409f-a96f-c22534a97829');
INSERT INTO account_operation (id, amount, description, operation_date, type, bank_account_id) VALUES (3499, 1873.49, 'Orange', '2026-02-08 19:56:31', 'DEBIT', 'acc-905e4e67-71eb-409f-a96f-c22534a97829');
INSERT INTO account_operation (id, amount, description, operation_date, type, bank_account_id) VALUES (3500, 1226.83, 'Decathlon', '2025-11-22 19:56:31', 'DEBIT', 'acc-905e4e67-71eb-409f-a96f-c22534a97829');
INSERT INTO account_operation (id, amount, description, operation_date, type, bank_account_id) VALUES (3501, 1963.73, 'Zara', '2026-01-13 19:56:31', 'DEBIT', 'acc-905e4e67-71eb-409f-a96f-c22534a97829');
INSERT INTO account_operation (id, amount, description, operation_date, type, bank_account_id) VALUES (3502, 357.0, 'Inwi', '2026-01-16 19:56:31', 'DEBIT', 'acc-905e4e67-71eb-409f-a96f-c22534a97829');
INSERT INTO account_operation (id, amount, description, operation_date, type, bank_account_id) VALUES (3503, 6383.65, 'Transfer Received', '2025-12-08 19:56:31', 'CREDIT', 'acc-905e4e67-71eb-409f-a96f-c22534a97829');
INSERT INTO account_operation (id, amount, description, operation_date, type, bank_account_id) VALUES (3504, 1658.71, 'Amendis', '2026-05-10 19:56:31', 'DEBIT', 'acc-905e4e67-71eb-409f-a96f-c22534a97829');
INSERT INTO account_operation (id, amount, description, operation_date, type, bank_account_id) VALUES (3505, 1554.7, 'Marjane Supermarket', '2025-12-16 19:56:31', 'DEBIT', 'acc-905e4e67-71eb-409f-a96f-c22534a97829');
INSERT INTO account_operation (id, amount, description, operation_date, type, bank_account_id) VALUES (3506, 764.32, 'Maroc Telecom', '2026-05-28 19:56:31', 'DEBIT', 'acc-905e4e67-71eb-409f-a96f-c22534a97829');
INSERT INTO account_operation (id, amount, description, operation_date, type, bank_account_id) VALUES (3507, 11610.64, 'Transfer Received', '2026-05-08 19:56:31', 'CREDIT', 'acc-905e4e67-71eb-409f-a96f-c22534a97829');
INSERT INTO account_operation (id, amount, description, operation_date, type, bank_account_id) VALUES (3508, 1994.41, 'Salary Deposit', '2026-06-22 19:56:31', 'CREDIT', 'acc-905e4e67-71eb-409f-a96f-c22534a97829');
INSERT INTO account_operation (id, amount, description, operation_date, type, bank_account_id) VALUES (3509, 246.14, 'Zara', '2025-11-19 19:56:31', 'DEBIT', 'acc-905e4e67-71eb-409f-a96f-c22534a97829');
INSERT INTO account_operation (id, amount, description, operation_date, type, bank_account_id) VALUES (3510, 1439.1, 'ONCF Train', '2026-01-23 19:56:31', 'DEBIT', 'acc-905e4e67-71eb-409f-a96f-c22534a97829');
INSERT INTO account_operation (id, amount, description, operation_date, type, bank_account_id) VALUES (3511, 1215.97, 'Restaurant', '2026-06-24 19:56:31', 'DEBIT', 'acc-905e4e67-71eb-409f-a96f-c22534a97829');
INSERT INTO account_operation (id, amount, description, operation_date, type, bank_account_id) VALUES (3512, 6476.42, 'Cash Deposit', '2025-12-04 19:56:31', 'CREDIT', 'acc-905e4e67-71eb-409f-a96f-c22534a97829');
INSERT INTO account_operation (id, amount, description, operation_date, type, bank_account_id) VALUES (3513, 3238.56, 'Salary Deposit', '2026-06-04 19:56:31', 'CREDIT', 'acc-905e4e67-71eb-409f-a96f-c22534a97829');
INSERT INTO bank_account (id, type, balance, created_at, customer_id, over_draft, interest_rate) VALUES ('acc-f848bf18-9f0f-4c29-8b61-ac6d32833423', 'CURR', 90405.16, '2025-12-06 19:56:31', 61, 1452.4, NULL);
INSERT INTO account_operation (id, amount, description, operation_date, type, bank_account_id) VALUES (3514, 48923.96, 'Initial Account Funding', '2025-12-06 19:56:31', 'CREDIT', 'acc-f848bf18-9f0f-4c29-8b61-ac6d32833423');
INSERT INTO account_operation (id, amount, description, operation_date, type, bank_account_id) VALUES (3515, 758.84, 'Zara', '2026-06-23 19:56:31', 'DEBIT', 'acc-f848bf18-9f0f-4c29-8b61-ac6d32833423');
INSERT INTO account_operation (id, amount, description, operation_date, type, bank_account_id) VALUES (3516, 2806.38, 'Salary Deposit', '2026-06-09 19:56:31', 'CREDIT', 'acc-f848bf18-9f0f-4c29-8b61-ac6d32833423');
INSERT INTO account_operation (id, amount, description, operation_date, type, bank_account_id) VALUES (3517, 640.75, 'ONEE Electricity', '2026-06-07 19:56:31', 'DEBIT', 'acc-f848bf18-9f0f-4c29-8b61-ac6d32833423');
INSERT INTO account_operation (id, amount, description, operation_date, type, bank_account_id) VALUES (3518, 1331.23, 'Orange', '2026-03-10 19:56:31', 'DEBIT', 'acc-f848bf18-9f0f-4c29-8b61-ac6d32833423');
INSERT INTO account_operation (id, amount, description, operation_date, type, bank_account_id) VALUES (3519, 12924.2, 'Transfer Received', '2026-05-05 19:56:31', 'CREDIT', 'acc-f848bf18-9f0f-4c29-8b61-ac6d32833423');
INSERT INTO account_operation (id, amount, description, operation_date, type, bank_account_id) VALUES (3520, 1834.61, 'Marjane Supermarket', '2026-05-06 19:56:31', 'DEBIT', 'acc-f848bf18-9f0f-4c29-8b61-ac6d32833423');
INSERT INTO account_operation (id, amount, description, operation_date, type, bank_account_id) VALUES (3521, 1067.41, 'Redal', '2026-03-04 19:56:31', 'DEBIT', 'acc-f848bf18-9f0f-4c29-8b61-ac6d32833423');
INSERT INTO account_operation (id, amount, description, operation_date, type, bank_account_id) VALUES (3522, 12638.66, 'Freelance Payment', '2025-12-31 19:56:31', 'CREDIT', 'acc-f848bf18-9f0f-4c29-8b61-ac6d32833423');
INSERT INTO account_operation (id, amount, description, operation_date, type, bank_account_id) VALUES (3523, 77.81, 'Redal', '2026-03-06 19:56:31', 'DEBIT', 'acc-f848bf18-9f0f-4c29-8b61-ac6d32833423');
INSERT INTO account_operation (id, amount, description, operation_date, type, bank_account_id) VALUES (3524, 296.36, 'BIM Store', '2026-06-07 19:56:31', 'DEBIT', 'acc-f848bf18-9f0f-4c29-8b61-ac6d32833423');
INSERT INTO account_operation (id, amount, description, operation_date, type, bank_account_id) VALUES (3525, 9892.6, 'Salary Deposit', '2026-04-27 19:56:31', 'CREDIT', 'acc-f848bf18-9f0f-4c29-8b61-ac6d32833423');
INSERT INTO account_operation (id, amount, description, operation_date, type, bank_account_id) VALUES (3526, 249.29, 'CTM Bus', '2026-06-27 19:56:31', 'DEBIT', 'acc-f848bf18-9f0f-4c29-8b61-ac6d32833423');
INSERT INTO account_operation (id, amount, description, operation_date, type, bank_account_id) VALUES (3527, 4133.73, 'Dividend Payout', '2026-04-23 19:56:31', 'CREDIT', 'acc-f848bf18-9f0f-4c29-8b61-ac6d32833423');
INSERT INTO account_operation (id, amount, description, operation_date, type, bank_account_id) VALUES (3528, 1853.43, 'Maroc Telecom', '2026-01-12 19:56:31', 'DEBIT', 'acc-f848bf18-9f0f-4c29-8b61-ac6d32833423');
INSERT INTO account_operation (id, amount, description, operation_date, type, bank_account_id) VALUES (3529, 10758.01, 'Salary Deposit', '2025-12-20 19:56:31', 'CREDIT', 'acc-f848bf18-9f0f-4c29-8b61-ac6d32833423');
INSERT INTO account_operation (id, amount, description, operation_date, type, bank_account_id) VALUES (3530, 497.14, 'ONCF Train', '2025-12-10 19:56:31', 'DEBIT', 'acc-f848bf18-9f0f-4c29-8b61-ac6d32833423');
INSERT INTO account_operation (id, amount, description, operation_date, type, bank_account_id) VALUES (3531, 311.24, 'Redal', '2025-12-30 19:56:31', 'DEBIT', 'acc-f848bf18-9f0f-4c29-8b61-ac6d32833423');
INSERT INTO account_operation (id, amount, description, operation_date, type, bank_account_id) VALUES (3532, 1107.53, 'Orange', '2026-06-06 19:56:31', 'DEBIT', 'acc-f848bf18-9f0f-4c29-8b61-ac6d32833423');
INSERT INTO account_operation (id, amount, description, operation_date, type, bank_account_id) VALUES (3533, 1012.32, 'Spotify', '2026-02-04 19:56:31', 'DEBIT', 'acc-f848bf18-9f0f-4c29-8b61-ac6d32833423');
INSERT INTO account_operation (id, amount, description, operation_date, type, bank_account_id) VALUES (3534, 126.89, 'ONEE Electricity', '2026-05-20 19:56:31', 'DEBIT', 'acc-f848bf18-9f0f-4c29-8b61-ac6d32833423');
INSERT INTO account_operation (id, amount, description, operation_date, type, bank_account_id) VALUES (3535, 390.27, 'BIM Store', '2026-03-18 19:56:31', 'DEBIT', 'acc-f848bf18-9f0f-4c29-8b61-ac6d32833423');
INSERT INTO account_operation (id, amount, description, operation_date, type, bank_account_id) VALUES (3536, 117.26, 'CTM Bus', '2025-12-20 19:56:31', 'DEBIT', 'acc-f848bf18-9f0f-4c29-8b61-ac6d32833423');
INSERT INTO bank_account (id, type, balance, created_at, customer_id, over_draft, interest_rate) VALUES ('acc-3080d4f8-99d0-427e-9cc0-b9c6825709fb', 'CURR', 122470.06, '2025-09-09 19:56:31', 61, 1716.59, NULL);
INSERT INTO account_operation (id, amount, description, operation_date, type, bank_account_id) VALUES (3537, 48734.28, 'Initial Account Funding', '2025-09-09 19:56:31', 'CREDIT', 'acc-3080d4f8-99d0-427e-9cc0-b9c6825709fb');
INSERT INTO account_operation (id, amount, description, operation_date, type, bank_account_id) VALUES (3538, 11663.34, 'Salary Deposit', '2025-12-29 19:56:31', 'CREDIT', 'acc-3080d4f8-99d0-427e-9cc0-b9c6825709fb');
INSERT INTO account_operation (id, amount, description, operation_date, type, bank_account_id) VALUES (3539, 891.94, 'ONEE Electricity', '2025-10-13 19:56:31', 'DEBIT', 'acc-3080d4f8-99d0-427e-9cc0-b9c6825709fb');
INSERT INTO account_operation (id, amount, description, operation_date, type, bank_account_id) VALUES (3540, 143.8, 'Spotify', '2025-11-28 19:56:31', 'DEBIT', 'acc-3080d4f8-99d0-427e-9cc0-b9c6825709fb');
INSERT INTO account_operation (id, amount, description, operation_date, type, bank_account_id) VALUES (3541, 1892.96, 'Pharmacy', '2025-11-04 19:56:31', 'DEBIT', 'acc-3080d4f8-99d0-427e-9cc0-b9c6825709fb');
INSERT INTO account_operation (id, amount, description, operation_date, type, bank_account_id) VALUES (3542, 1655.6, 'Carrefour', '2026-06-21 19:56:31', 'DEBIT', 'acc-3080d4f8-99d0-427e-9cc0-b9c6825709fb');
INSERT INTO account_operation (id, amount, description, operation_date, type, bank_account_id) VALUES (3543, 1798.07, 'Amendis', '2026-03-25 19:56:31', 'DEBIT', 'acc-3080d4f8-99d0-427e-9cc0-b9c6825709fb');
INSERT INTO account_operation (id, amount, description, operation_date, type, bank_account_id) VALUES (3544, 623.88, 'Restaurant', '2025-10-19 19:56:31', 'DEBIT', 'acc-3080d4f8-99d0-427e-9cc0-b9c6825709fb');
INSERT INTO account_operation (id, amount, description, operation_date, type, bank_account_id) VALUES (3545, 12877.49, 'Transfer Received', '2025-10-08 19:56:31', 'CREDIT', 'acc-3080d4f8-99d0-427e-9cc0-b9c6825709fb');
INSERT INTO account_operation (id, amount, description, operation_date, type, bank_account_id) VALUES (3546, 696.86, 'Amendis', '2026-02-23 19:56:31', 'DEBIT', 'acc-3080d4f8-99d0-427e-9cc0-b9c6825709fb');
INSERT INTO account_operation (id, amount, description, operation_date, type, bank_account_id) VALUES (3547, 1536.13, 'Carrefour', '2026-06-08 19:56:31', 'DEBIT', 'acc-3080d4f8-99d0-427e-9cc0-b9c6825709fb');
INSERT INTO account_operation (id, amount, description, operation_date, type, bank_account_id) VALUES (3548, 509.81, 'ONCF Train', '2025-12-09 19:56:31', 'DEBIT', 'acc-3080d4f8-99d0-427e-9cc0-b9c6825709fb');
INSERT INTO account_operation (id, amount, description, operation_date, type, bank_account_id) VALUES (3549, 1142.73, 'BIM Store', '2025-12-06 19:56:31', 'DEBIT', 'acc-3080d4f8-99d0-427e-9cc0-b9c6825709fb');
INSERT INTO account_operation (id, amount, description, operation_date, type, bank_account_id) VALUES (3550, 14686.7, 'Salary Deposit', '2025-09-25 19:56:31', 'CREDIT', 'acc-3080d4f8-99d0-427e-9cc0-b9c6825709fb');
INSERT INTO account_operation (id, amount, description, operation_date, type, bank_account_id) VALUES (3551, 241.71, 'Marjane Supermarket', '2026-03-26 19:56:31', 'DEBIT', 'acc-3080d4f8-99d0-427e-9cc0-b9c6825709fb');
INSERT INTO account_operation (id, amount, description, operation_date, type, bank_account_id) VALUES (3552, 613.04, 'Spotify', '2025-09-29 19:56:31', 'DEBIT', 'acc-3080d4f8-99d0-427e-9cc0-b9c6825709fb');
INSERT INTO account_operation (id, amount, description, operation_date, type, bank_account_id) VALUES (3553, 8628.62, 'Cash Deposit', '2026-05-03 19:56:31', 'CREDIT', 'acc-3080d4f8-99d0-427e-9cc0-b9c6825709fb');
INSERT INTO account_operation (id, amount, description, operation_date, type, bank_account_id) VALUES (3554, 201.92, 'Pharmacy', '2026-01-01 19:56:31', 'DEBIT', 'acc-3080d4f8-99d0-427e-9cc0-b9c6825709fb');
INSERT INTO account_operation (id, amount, description, operation_date, type, bank_account_id) VALUES (3555, 714.61, 'BIM Store', '2025-11-23 19:56:31', 'DEBIT', 'acc-3080d4f8-99d0-427e-9cc0-b9c6825709fb');
INSERT INTO account_operation (id, amount, description, operation_date, type, bank_account_id) VALUES (3556, 8116.92, 'Transfer Received', '2026-03-07 19:56:31', 'CREDIT', 'acc-3080d4f8-99d0-427e-9cc0-b9c6825709fb');
INSERT INTO account_operation (id, amount, description, operation_date, type, bank_account_id) VALUES (3557, 590.05, 'Pharmacy', '2026-06-28 19:56:31', 'DEBIT', 'acc-3080d4f8-99d0-427e-9cc0-b9c6825709fb');
INSERT INTO account_operation (id, amount, description, operation_date, type, bank_account_id) VALUES (3558, 12403.94, 'Dividend Payout', '2026-01-26 19:56:31', 'CREDIT', 'acc-3080d4f8-99d0-427e-9cc0-b9c6825709fb');
INSERT INTO account_operation (id, amount, description, operation_date, type, bank_account_id) VALUES (3559, 596.52, 'Zara', '2026-05-28 19:56:31', 'DEBIT', 'acc-3080d4f8-99d0-427e-9cc0-b9c6825709fb');
INSERT INTO account_operation (id, amount, description, operation_date, type, bank_account_id) VALUES (3560, 8266.22, 'Cash Deposit', '2025-12-29 19:56:31', 'CREDIT', 'acc-3080d4f8-99d0-427e-9cc0-b9c6825709fb');
INSERT INTO account_operation (id, amount, description, operation_date, type, bank_account_id) VALUES (3561, 312.74, 'Inwi', '2025-12-04 19:56:31', 'DEBIT', 'acc-3080d4f8-99d0-427e-9cc0-b9c6825709fb');
INSERT INTO account_operation (id, amount, description, operation_date, type, bank_account_id) VALUES (3562, 1903.05, 'Restaurant', '2026-01-22 19:56:31', 'DEBIT', 'acc-3080d4f8-99d0-427e-9cc0-b9c6825709fb');
INSERT INTO account_operation (id, amount, description, operation_date, type, bank_account_id) VALUES (3563, 1904.1, 'BIM Store', '2025-12-20 19:56:31', 'DEBIT', 'acc-3080d4f8-99d0-427e-9cc0-b9c6825709fb');
INSERT INTO account_operation (id, amount, description, operation_date, type, bank_account_id) VALUES (3564, 653.35, 'Maroc Telecom', '2025-11-17 19:56:31', 'DEBIT', 'acc-3080d4f8-99d0-427e-9cc0-b9c6825709fb');
INSERT INTO account_operation (id, amount, description, operation_date, type, bank_account_id) VALUES (3565, 1303.08, 'ONEE Electricity', '2026-02-17 19:56:31', 'DEBIT', 'acc-3080d4f8-99d0-427e-9cc0-b9c6825709fb');
INSERT INTO account_operation (id, amount, description, operation_date, type, bank_account_id) VALUES (3566, 5161.47, 'Salary Deposit', '2025-10-03 19:56:31', 'CREDIT', 'acc-3080d4f8-99d0-427e-9cc0-b9c6825709fb');
INSERT INTO account_operation (id, amount, description, operation_date, type, bank_account_id) VALUES (3567, 35.11, 'Spotify', '2026-04-02 19:56:31', 'DEBIT', 'acc-3080d4f8-99d0-427e-9cc0-b9c6825709fb');
INSERT INTO account_operation (id, amount, description, operation_date, type, bank_account_id) VALUES (3568, 638.68, 'CTM Bus', '2026-04-28 19:56:31', 'DEBIT', 'acc-3080d4f8-99d0-427e-9cc0-b9c6825709fb');
INSERT INTO account_operation (id, amount, description, operation_date, type, bank_account_id) VALUES (3569, 1727.35, 'Amendis', '2025-12-12 19:56:31', 'DEBIT', 'acc-3080d4f8-99d0-427e-9cc0-b9c6825709fb');
INSERT INTO account_operation (id, amount, description, operation_date, type, bank_account_id) VALUES (3570, 14258.17, 'Dividend Payout', '2025-12-09 19:56:31', 'CREDIT', 'acc-3080d4f8-99d0-427e-9cc0-b9c6825709fb');

INSERT INTO customer (id, name, email) VALUES (62, 'Amina Bennani', 'amina.bennani@gmail.com');
INSERT INTO bank_account (id, type, balance, created_at, customer_id, over_draft, interest_rate) VALUES ('acc-6f09b8d2-3f26-4daf-8f31-13bcbb3147a6', 'CURR', 72187.18, '2025-12-27 19:56:31', 62, 8844.35, NULL);
INSERT INTO account_operation (id, amount, description, operation_date, type, bank_account_id) VALUES (3571, 18971.63, 'Initial Account Funding', '2025-12-27 19:56:31', 'CREDIT', 'acc-6f09b8d2-3f26-4daf-8f31-13bcbb3147a6');
INSERT INTO account_operation (id, amount, description, operation_date, type, bank_account_id) VALUES (3572, 298.34, 'Carrefour', '2026-01-18 19:56:31', 'DEBIT', 'acc-6f09b8d2-3f26-4daf-8f31-13bcbb3147a6');
INSERT INTO account_operation (id, amount, description, operation_date, type, bank_account_id) VALUES (3573, 1258.48, 'Amendis', '2026-03-15 19:56:31', 'DEBIT', 'acc-6f09b8d2-3f26-4daf-8f31-13bcbb3147a6');
INSERT INTO account_operation (id, amount, description, operation_date, type, bank_account_id) VALUES (3574, 895.94, 'Orange', '2026-02-24 19:56:31', 'DEBIT', 'acc-6f09b8d2-3f26-4daf-8f31-13bcbb3147a6');
INSERT INTO account_operation (id, amount, description, operation_date, type, bank_account_id) VALUES (3575, 569.88, 'Local Cafe', '2026-04-14 19:56:31', 'DEBIT', 'acc-6f09b8d2-3f26-4daf-8f31-13bcbb3147a6');
INSERT INTO account_operation (id, amount, description, operation_date, type, bank_account_id) VALUES (3576, 13482.2, 'Salary Deposit', '2026-01-24 19:56:31', 'CREDIT', 'acc-6f09b8d2-3f26-4daf-8f31-13bcbb3147a6');
INSERT INTO account_operation (id, amount, description, operation_date, type, bank_account_id) VALUES (3577, 10391.94, 'Dividend Payout', '2026-02-26 19:56:31', 'CREDIT', 'acc-6f09b8d2-3f26-4daf-8f31-13bcbb3147a6');
INSERT INTO account_operation (id, amount, description, operation_date, type, bank_account_id) VALUES (3578, 1342.67, 'Cash Deposit', '2026-04-03 19:56:31', 'CREDIT', 'acc-6f09b8d2-3f26-4daf-8f31-13bcbb3147a6');
INSERT INTO account_operation (id, amount, description, operation_date, type, bank_account_id) VALUES (3579, 1458.02, 'Redal', '2026-03-01 19:56:31', 'DEBIT', 'acc-6f09b8d2-3f26-4daf-8f31-13bcbb3147a6');
INSERT INTO account_operation (id, amount, description, operation_date, type, bank_account_id) VALUES (3580, 1701.71, 'Netflix Subscription', '2026-01-22 19:56:31', 'DEBIT', 'acc-6f09b8d2-3f26-4daf-8f31-13bcbb3147a6');
INSERT INTO account_operation (id, amount, description, operation_date, type, bank_account_id) VALUES (3581, 552.55, 'Zara', '2026-06-18 19:56:31', 'DEBIT', 'acc-6f09b8d2-3f26-4daf-8f31-13bcbb3147a6');
INSERT INTO account_operation (id, amount, description, operation_date, type, bank_account_id) VALUES (3582, 698.6, 'Netflix Subscription', '2026-06-12 19:56:31', 'DEBIT', 'acc-6f09b8d2-3f26-4daf-8f31-13bcbb3147a6');
INSERT INTO account_operation (id, amount, description, operation_date, type, bank_account_id) VALUES (3583, 10779.28, 'Transfer Received', '2026-02-25 19:56:31', 'CREDIT', 'acc-6f09b8d2-3f26-4daf-8f31-13bcbb3147a6');
INSERT INTO account_operation (id, amount, description, operation_date, type, bank_account_id) VALUES (3584, 11736.12, 'Salary Deposit', '2026-02-09 19:56:31', 'CREDIT', 'acc-6f09b8d2-3f26-4daf-8f31-13bcbb3147a6');
INSERT INTO account_operation (id, amount, description, operation_date, type, bank_account_id) VALUES (3585, 1285.35, 'ONCF Train', '2026-05-18 19:56:31', 'DEBIT', 'acc-6f09b8d2-3f26-4daf-8f31-13bcbb3147a6');
INSERT INTO account_operation (id, amount, description, operation_date, type, bank_account_id) VALUES (3586, 933.76, 'CTM Bus', '2026-05-11 19:56:31', 'DEBIT', 'acc-6f09b8d2-3f26-4daf-8f31-13bcbb3147a6');
INSERT INTO account_operation (id, amount, description, operation_date, type, bank_account_id) VALUES (3587, 293.0, 'Zara', '2026-05-12 19:56:31', 'DEBIT', 'acc-6f09b8d2-3f26-4daf-8f31-13bcbb3147a6');
INSERT INTO account_operation (id, amount, description, operation_date, type, bank_account_id) VALUES (3588, 1169.39, 'Zara', '2026-04-14 19:56:31', 'DEBIT', 'acc-6f09b8d2-3f26-4daf-8f31-13bcbb3147a6');
INSERT INTO account_operation (id, amount, description, operation_date, type, bank_account_id) VALUES (3589, 801.55, 'Orange', '2026-03-22 19:56:31', 'DEBIT', 'acc-6f09b8d2-3f26-4daf-8f31-13bcbb3147a6');
INSERT INTO account_operation (id, amount, description, operation_date, type, bank_account_id) VALUES (3590, 1898.14, 'BIM Store', '2026-06-18 19:56:31', 'DEBIT', 'acc-6f09b8d2-3f26-4daf-8f31-13bcbb3147a6');
INSERT INTO account_operation (id, amount, description, operation_date, type, bank_account_id) VALUES (3591, 474.85, 'CTM Bus', '2026-02-02 19:56:31', 'DEBIT', 'acc-6f09b8d2-3f26-4daf-8f31-13bcbb3147a6');
INSERT INTO account_operation (id, amount, description, operation_date, type, bank_account_id) VALUES (3592, 403.52, 'Amendis', '2026-01-10 19:56:31', 'DEBIT', 'acc-6f09b8d2-3f26-4daf-8f31-13bcbb3147a6');
INSERT INTO account_operation (id, amount, description, operation_date, type, bank_account_id) VALUES (3593, 1937.86, 'CTM Bus', '2026-02-02 19:56:31', 'DEBIT', 'acc-6f09b8d2-3f26-4daf-8f31-13bcbb3147a6');
INSERT INTO account_operation (id, amount, description, operation_date, type, bank_account_id) VALUES (3594, 1440.82, 'Marjane Supermarket', '2026-01-31 19:56:31', 'DEBIT', 'acc-6f09b8d2-3f26-4daf-8f31-13bcbb3147a6');
INSERT INTO account_operation (id, amount, description, operation_date, type, bank_account_id) VALUES (3595, 1109.43, 'Carrefour', '2026-01-02 19:56:31', 'DEBIT', 'acc-6f09b8d2-3f26-4daf-8f31-13bcbb3147a6');
INSERT INTO account_operation (id, amount, description, operation_date, type, bank_account_id) VALUES (3596, 643.86, 'Marjane Supermarket', '2026-06-26 19:56:31', 'DEBIT', 'acc-6f09b8d2-3f26-4daf-8f31-13bcbb3147a6');
INSERT INTO account_operation (id, amount, description, operation_date, type, bank_account_id) VALUES (3597, 1135.13, 'Decathlon', '2026-06-23 19:56:31', 'DEBIT', 'acc-6f09b8d2-3f26-4daf-8f31-13bcbb3147a6');
INSERT INTO account_operation (id, amount, description, operation_date, type, bank_account_id) VALUES (3598, 1954.89, 'Amendis', '2025-12-27 19:56:31', 'DEBIT', 'acc-6f09b8d2-3f26-4daf-8f31-13bcbb3147a6');
INSERT INTO account_operation (id, amount, description, operation_date, type, bank_account_id) VALUES (3599, 1528.25, 'CTM Bus', '2026-06-05 19:56:31', 'DEBIT', 'acc-6f09b8d2-3f26-4daf-8f31-13bcbb3147a6');
INSERT INTO account_operation (id, amount, description, operation_date, type, bank_account_id) VALUES (3600, 1617.84, 'CTM Bus', '2026-05-13 19:56:31', 'DEBIT', 'acc-6f09b8d2-3f26-4daf-8f31-13bcbb3147a6');
INSERT INTO account_operation (id, amount, description, operation_date, type, bank_account_id) VALUES (3601, 1271.17, 'Decathlon', '2026-05-06 19:56:31', 'DEBIT', 'acc-6f09b8d2-3f26-4daf-8f31-13bcbb3147a6');
INSERT INTO account_operation (id, amount, description, operation_date, type, bank_account_id) VALUES (3602, 1763.68, 'Spotify', '2026-05-27 19:56:31', 'DEBIT', 'acc-6f09b8d2-3f26-4daf-8f31-13bcbb3147a6');
INSERT INTO account_operation (id, amount, description, operation_date, type, bank_account_id) VALUES (3603, 1371.77, 'Orange', '2026-06-28 19:56:31', 'DEBIT', 'acc-6f09b8d2-3f26-4daf-8f31-13bcbb3147a6');
INSERT INTO account_operation (id, amount, description, operation_date, type, bank_account_id) VALUES (3604, 1423.54, 'Orange', '2026-01-24 19:56:31', 'DEBIT', 'acc-6f09b8d2-3f26-4daf-8f31-13bcbb3147a6');
INSERT INTO account_operation (id, amount, description, operation_date, type, bank_account_id) VALUES (3605, 319.9, 'Pharmacy', '2026-03-02 19:56:31', 'DEBIT', 'acc-6f09b8d2-3f26-4daf-8f31-13bcbb3147a6');
INSERT INTO account_operation (id, amount, description, operation_date, type, bank_account_id) VALUES (3606, 11036.61, 'Transfer Received', '2026-01-18 19:56:31', 'CREDIT', 'acc-6f09b8d2-3f26-4daf-8f31-13bcbb3147a6');
INSERT INTO account_operation (id, amount, description, operation_date, type, bank_account_id) VALUES (3607, 802.66, 'BIM Store', '2026-02-18 19:56:31', 'DEBIT', 'acc-6f09b8d2-3f26-4daf-8f31-13bcbb3147a6');
INSERT INTO account_operation (id, amount, description, operation_date, type, bank_account_id) VALUES (3608, 9514.84, 'Cash Deposit', '2026-04-18 19:56:31', 'CREDIT', 'acc-6f09b8d2-3f26-4daf-8f31-13bcbb3147a6');
INSERT INTO account_operation (id, amount, description, operation_date, type, bank_account_id) VALUES (3609, 24.83, 'Zara', '2026-03-21 19:56:31', 'DEBIT', 'acc-6f09b8d2-3f26-4daf-8f31-13bcbb3147a6');
INSERT INTO account_operation (id, amount, description, operation_date, type, bank_account_id) VALUES (3610, 668.57, 'Netflix Subscription', '2026-06-09 19:56:31', 'DEBIT', 'acc-6f09b8d2-3f26-4daf-8f31-13bcbb3147a6');
INSERT INTO account_operation (id, amount, description, operation_date, type, bank_account_id) VALUES (3611, 1099.67, 'Local Cafe', '2026-04-28 19:56:31', 'DEBIT', 'acc-6f09b8d2-3f26-4daf-8f31-13bcbb3147a6');
INSERT INTO account_operation (id, amount, description, operation_date, type, bank_account_id) VALUES (3612, 5334.74, 'Transfer Received', '2026-05-10 19:56:31', 'CREDIT', 'acc-6f09b8d2-3f26-4daf-8f31-13bcbb3147a6');
INSERT INTO account_operation (id, amount, description, operation_date, type, bank_account_id) VALUES (3613, 14982.13, 'Transfer Received', '2026-04-13 19:56:31', 'CREDIT', 'acc-6f09b8d2-3f26-4daf-8f31-13bcbb3147a6');
INSERT INTO account_operation (id, amount, description, operation_date, type, bank_account_id) VALUES (3614, 578.03, 'LC Waikiki', '2026-06-16 19:56:31', 'DEBIT', 'acc-6f09b8d2-3f26-4daf-8f31-13bcbb3147a6');
INSERT INTO bank_account (id, type, balance, created_at, customer_id, over_draft, interest_rate) VALUES ('acc-e16f1e1a-0e6c-4616-9dd0-88d7b0e45c29', 'CURR', 41512.97, '2026-02-05 19:56:31', 62, 3956.64, NULL);
INSERT INTO account_operation (id, amount, description, operation_date, type, bank_account_id) VALUES (3615, 14297.03, 'Initial Account Funding', '2026-02-05 19:56:31', 'CREDIT', 'acc-e16f1e1a-0e6c-4616-9dd0-88d7b0e45c29');
INSERT INTO account_operation (id, amount, description, operation_date, type, bank_account_id) VALUES (3616, 11380.49, 'Dividend Payout', '2026-06-16 19:56:31', 'CREDIT', 'acc-e16f1e1a-0e6c-4616-9dd0-88d7b0e45c29');
INSERT INTO account_operation (id, amount, description, operation_date, type, bank_account_id) VALUES (3617, 1598.71, 'Spotify', '2026-02-05 19:56:31', 'DEBIT', 'acc-e16f1e1a-0e6c-4616-9dd0-88d7b0e45c29');
INSERT INTO account_operation (id, amount, description, operation_date, type, bank_account_id) VALUES (3618, 13139.83, 'Cash Deposit', '2026-02-10 19:56:31', 'CREDIT', 'acc-e16f1e1a-0e6c-4616-9dd0-88d7b0e45c29');
INSERT INTO account_operation (id, amount, description, operation_date, type, bank_account_id) VALUES (3619, 1488.36, 'ONEE Electricity', '2026-04-29 19:56:31', 'DEBIT', 'acc-e16f1e1a-0e6c-4616-9dd0-88d7b0e45c29');
INSERT INTO account_operation (id, amount, description, operation_date, type, bank_account_id) VALUES (3620, 4184.25, 'Cash Deposit', '2026-06-22 19:56:31', 'CREDIT', 'acc-e16f1e1a-0e6c-4616-9dd0-88d7b0e45c29');
INSERT INTO account_operation (id, amount, description, operation_date, type, bank_account_id) VALUES (3621, 1497.58, 'BIM Store', '2026-06-28 19:56:31', 'DEBIT', 'acc-e16f1e1a-0e6c-4616-9dd0-88d7b0e45c29');
INSERT INTO account_operation (id, amount, description, operation_date, type, bank_account_id) VALUES (3622, 796.23, 'Redal', '2026-06-14 19:56:31', 'DEBIT', 'acc-e16f1e1a-0e6c-4616-9dd0-88d7b0e45c29');
INSERT INTO account_operation (id, amount, description, operation_date, type, bank_account_id) VALUES (3623, 1720.11, 'Inwi', '2026-04-14 19:56:31', 'DEBIT', 'acc-e16f1e1a-0e6c-4616-9dd0-88d7b0e45c29');
INSERT INTO account_operation (id, amount, description, operation_date, type, bank_account_id) VALUES (3624, 7636.91, 'Freelance Payment', '2026-03-17 19:56:31', 'CREDIT', 'acc-e16f1e1a-0e6c-4616-9dd0-88d7b0e45c29');
INSERT INTO account_operation (id, amount, description, operation_date, type, bank_account_id) VALUES (3625, 1435.44, 'Orange', '2026-03-19 19:56:31', 'DEBIT', 'acc-e16f1e1a-0e6c-4616-9dd0-88d7b0e45c29');
INSERT INTO account_operation (id, amount, description, operation_date, type, bank_account_id) VALUES (3626, 589.11, 'LC Waikiki', '2026-05-30 19:56:31', 'DEBIT', 'acc-e16f1e1a-0e6c-4616-9dd0-88d7b0e45c29');

INSERT INTO customer (id, name, email) VALUES (63, 'Omar Mansouri', 'omar.mansouri@gmail.com');
INSERT INTO bank_account (id, type, balance, created_at, customer_id, over_draft, interest_rate) VALUES ('acc-28bbc183-e0cd-48e1-b12d-af0917165ad2', 'SAVE', 91555.78, '2026-04-24 19:56:31', 63, NULL, 2.91);
INSERT INTO account_operation (id, amount, description, operation_date, type, bank_account_id) VALUES (3627, 37499.52, 'Initial Account Funding', '2026-04-24 19:56:31', 'CREDIT', 'acc-28bbc183-e0cd-48e1-b12d-af0917165ad2');
INSERT INTO account_operation (id, amount, description, operation_date, type, bank_account_id) VALUES (3628, 602.49, 'Decathlon', '2026-05-30 19:56:31', 'DEBIT', 'acc-28bbc183-e0cd-48e1-b12d-af0917165ad2');
INSERT INTO account_operation (id, amount, description, operation_date, type, bank_account_id) VALUES (3629, 1853.78, 'ONCF Train', '2026-06-26 19:56:31', 'DEBIT', 'acc-28bbc183-e0cd-48e1-b12d-af0917165ad2');
INSERT INTO account_operation (id, amount, description, operation_date, type, bank_account_id) VALUES (3630, 12613.21, 'Dividend Payout', '2026-05-09 19:56:31', 'CREDIT', 'acc-28bbc183-e0cd-48e1-b12d-af0917165ad2');
INSERT INTO account_operation (id, amount, description, operation_date, type, bank_account_id) VALUES (3631, 332.5, 'LC Waikiki', '2026-06-13 19:56:31', 'DEBIT', 'acc-28bbc183-e0cd-48e1-b12d-af0917165ad2');
INSERT INTO account_operation (id, amount, description, operation_date, type, bank_account_id) VALUES (3632, 1479.72, 'Inwi', '2026-06-12 19:56:31', 'DEBIT', 'acc-28bbc183-e0cd-48e1-b12d-af0917165ad2');
INSERT INTO account_operation (id, amount, description, operation_date, type, bank_account_id) VALUES (3633, 1672.53, 'Local Cafe', '2026-06-28 19:56:31', 'DEBIT', 'acc-28bbc183-e0cd-48e1-b12d-af0917165ad2');
INSERT INTO account_operation (id, amount, description, operation_date, type, bank_account_id) VALUES (3634, 1135.26, 'LC Waikiki', '2026-05-29 19:56:31', 'DEBIT', 'acc-28bbc183-e0cd-48e1-b12d-af0917165ad2');
INSERT INTO account_operation (id, amount, description, operation_date, type, bank_account_id) VALUES (3635, 8131.57, 'Cash Deposit', '2026-04-25 19:56:31', 'CREDIT', 'acc-28bbc183-e0cd-48e1-b12d-af0917165ad2');
INSERT INTO account_operation (id, amount, description, operation_date, type, bank_account_id) VALUES (3636, 845.06, 'Inwi', '2026-06-27 19:56:31', 'DEBIT', 'acc-28bbc183-e0cd-48e1-b12d-af0917165ad2');
INSERT INTO account_operation (id, amount, description, operation_date, type, bank_account_id) VALUES (3637, 1904.41, 'Zara', '2026-04-25 19:56:31', 'DEBIT', 'acc-28bbc183-e0cd-48e1-b12d-af0917165ad2');
INSERT INTO account_operation (id, amount, description, operation_date, type, bank_account_id) VALUES (3638, 410.3, 'Netflix Subscription', '2026-05-04 19:56:31', 'DEBIT', 'acc-28bbc183-e0cd-48e1-b12d-af0917165ad2');
INSERT INTO account_operation (id, amount, description, operation_date, type, bank_account_id) VALUES (3639, 1774.9, 'Cash Deposit', '2026-05-03 19:56:31', 'CREDIT', 'acc-28bbc183-e0cd-48e1-b12d-af0917165ad2');
INSERT INTO account_operation (id, amount, description, operation_date, type, bank_account_id) VALUES (3640, 1801.29, 'Spotify', '2026-04-25 19:56:31', 'DEBIT', 'acc-28bbc183-e0cd-48e1-b12d-af0917165ad2');
INSERT INTO account_operation (id, amount, description, operation_date, type, bank_account_id) VALUES (3641, 5206.79, 'Freelance Payment', '2026-06-19 19:56:31', 'CREDIT', 'acc-28bbc183-e0cd-48e1-b12d-af0917165ad2');
INSERT INTO account_operation (id, amount, description, operation_date, type, bank_account_id) VALUES (3642, 998.33, 'Maroc Telecom', '2026-06-29 19:56:31', 'DEBIT', 'acc-28bbc183-e0cd-48e1-b12d-af0917165ad2');
INSERT INTO account_operation (id, amount, description, operation_date, type, bank_account_id) VALUES (3643, 1963.17, 'Orange', '2026-06-18 19:56:31', 'DEBIT', 'acc-28bbc183-e0cd-48e1-b12d-af0917165ad2');
INSERT INTO account_operation (id, amount, description, operation_date, type, bank_account_id) VALUES (3644, 586.6, 'Amendis', '2026-06-15 19:56:31', 'DEBIT', 'acc-28bbc183-e0cd-48e1-b12d-af0917165ad2');
INSERT INTO account_operation (id, amount, description, operation_date, type, bank_account_id) VALUES (3645, 710.65, 'ONCF Train', '2026-05-21 19:56:31', 'DEBIT', 'acc-28bbc183-e0cd-48e1-b12d-af0917165ad2');
INSERT INTO account_operation (id, amount, description, operation_date, type, bank_account_id) VALUES (3646, 1620.06, 'Redal', '2026-04-30 19:56:31', 'DEBIT', 'acc-28bbc183-e0cd-48e1-b12d-af0917165ad2');
INSERT INTO account_operation (id, amount, description, operation_date, type, bank_account_id) VALUES (3647, 1973.52, 'ONCF Train', '2026-05-27 19:56:31', 'DEBIT', 'acc-28bbc183-e0cd-48e1-b12d-af0917165ad2');
INSERT INTO account_operation (id, amount, description, operation_date, type, bank_account_id) VALUES (3648, 210.47, 'Carrefour', '2026-05-16 19:56:31', 'DEBIT', 'acc-28bbc183-e0cd-48e1-b12d-af0917165ad2');
INSERT INTO account_operation (id, amount, description, operation_date, type, bank_account_id) VALUES (3649, 1643.09, 'Decathlon', '2026-06-25 19:56:31', 'DEBIT', 'acc-28bbc183-e0cd-48e1-b12d-af0917165ad2');
INSERT INTO account_operation (id, amount, description, operation_date, type, bank_account_id) VALUES (3650, 1335.61, 'CTM Bus', '2026-04-30 19:56:31', 'DEBIT', 'acc-28bbc183-e0cd-48e1-b12d-af0917165ad2');
INSERT INTO account_operation (id, amount, description, operation_date, type, bank_account_id) VALUES (3651, 1086.15, 'Transfer Received', '2026-06-01 19:56:31', 'CREDIT', 'acc-28bbc183-e0cd-48e1-b12d-af0917165ad2');
INSERT INTO account_operation (id, amount, description, operation_date, type, bank_account_id) VALUES (3652, 5201.51, 'Dividend Payout', '2026-06-08 19:56:31', 'CREDIT', 'acc-28bbc183-e0cd-48e1-b12d-af0917165ad2');
INSERT INTO account_operation (id, amount, description, operation_date, type, bank_account_id) VALUES (3653, 7485.9, 'Transfer Received', '2026-05-15 19:56:31', 'CREDIT', 'acc-28bbc183-e0cd-48e1-b12d-af0917165ad2');
INSERT INTO account_operation (id, amount, description, operation_date, type, bank_account_id) VALUES (3654, 12996.72, 'Dividend Payout', '2026-06-28 19:56:31', 'CREDIT', 'acc-28bbc183-e0cd-48e1-b12d-af0917165ad2');
INSERT INTO account_operation (id, amount, description, operation_date, type, bank_account_id) VALUES (3655, 14569.85, 'Dividend Payout', '2026-04-27 19:56:31', 'CREDIT', 'acc-28bbc183-e0cd-48e1-b12d-af0917165ad2');
INSERT INTO account_operation (id, amount, description, operation_date, type, bank_account_id) VALUES (3656, 1393.94, 'Maroc Telecom', '2026-06-09 19:56:31', 'DEBIT', 'acc-28bbc183-e0cd-48e1-b12d-af0917165ad2');
INSERT INTO account_operation (id, amount, description, operation_date, type, bank_account_id) VALUES (3657, 35.15, 'Restaurant', '2026-06-13 19:56:31', 'DEBIT', 'acc-28bbc183-e0cd-48e1-b12d-af0917165ad2');
INSERT INTO account_operation (id, amount, description, operation_date, type, bank_account_id) VALUES (3658, 1950.74, 'Orange', '2026-05-31 19:56:31', 'DEBIT', 'acc-28bbc183-e0cd-48e1-b12d-af0917165ad2');
INSERT INTO account_operation (id, amount, description, operation_date, type, bank_account_id) VALUES (3659, 502.87, 'LC Waikiki', '2026-06-29 19:56:31', 'DEBIT', 'acc-28bbc183-e0cd-48e1-b12d-af0917165ad2');
INSERT INTO account_operation (id, amount, description, operation_date, type, bank_account_id) VALUES (3660, 885.36, 'LC Waikiki', '2026-05-13 19:56:31', 'DEBIT', 'acc-28bbc183-e0cd-48e1-b12d-af0917165ad2');
INSERT INTO account_operation (id, amount, description, operation_date, type, bank_account_id) VALUES (3661, 313.03, 'ONEE Electricity', '2026-06-19 19:56:31', 'DEBIT', 'acc-28bbc183-e0cd-48e1-b12d-af0917165ad2');
INSERT INTO account_operation (id, amount, description, operation_date, type, bank_account_id) VALUES (3662, 444.72, 'Pharmacy', '2026-06-07 19:56:31', 'DEBIT', 'acc-28bbc183-e0cd-48e1-b12d-af0917165ad2');
INSERT INTO account_operation (id, amount, description, operation_date, type, bank_account_id) VALUES (3663, 1563.9, 'Local Cafe', '2026-05-22 19:56:31', 'DEBIT', 'acc-28bbc183-e0cd-48e1-b12d-af0917165ad2');
INSERT INTO account_operation (id, amount, description, operation_date, type, bank_account_id) VALUES (3664, 294.75, 'Restaurant', '2026-05-04 19:56:31', 'DEBIT', 'acc-28bbc183-e0cd-48e1-b12d-af0917165ad2');
INSERT INTO account_operation (id, amount, description, operation_date, type, bank_account_id) VALUES (3665, 109.23, 'Restaurant', '2026-05-21 19:56:31', 'DEBIT', 'acc-28bbc183-e0cd-48e1-b12d-af0917165ad2');
INSERT INTO account_operation (id, amount, description, operation_date, type, bank_account_id) VALUES (3666, 358.03, 'Orange', '2026-06-06 19:56:31', 'DEBIT', 'acc-28bbc183-e0cd-48e1-b12d-af0917165ad2');
INSERT INTO account_operation (id, amount, description, operation_date, type, bank_account_id) VALUES (3667, 806.02, 'ONCF Train', '2026-05-10 19:56:31', 'DEBIT', 'acc-28bbc183-e0cd-48e1-b12d-af0917165ad2');
INSERT INTO account_operation (id, amount, description, operation_date, type, bank_account_id) VALUES (3668, 5904.22, 'Dividend Payout', '2026-04-25 19:56:31', 'CREDIT', 'acc-28bbc183-e0cd-48e1-b12d-af0917165ad2');
INSERT INTO account_operation (id, amount, description, operation_date, type, bank_account_id) VALUES (3669, 525.29, 'Spotify', '2026-04-29 19:56:31', 'DEBIT', 'acc-28bbc183-e0cd-48e1-b12d-af0917165ad2');
INSERT INTO account_operation (id, amount, description, operation_date, type, bank_account_id) VALUES (3670, 13235.02, 'Dividend Payout', '2026-06-11 19:56:31', 'CREDIT', 'acc-28bbc183-e0cd-48e1-b12d-af0917165ad2');
INSERT INTO account_operation (id, amount, description, operation_date, type, bank_account_id) VALUES (3671, 1887.71, 'Marjane Supermarket', '2026-06-13 19:56:31', 'DEBIT', 'acc-28bbc183-e0cd-48e1-b12d-af0917165ad2');
INSERT INTO bank_account (id, type, balance, created_at, customer_id, over_draft, interest_rate) VALUES ('acc-533176be-fbb3-42aa-bf86-cbf073161a5c', 'CURR', 119380.69, '2025-10-18 19:56:31', 63, 7025.47, NULL);
INSERT INTO account_operation (id, amount, description, operation_date, type, bank_account_id) VALUES (3672, 35330.46, 'Initial Account Funding', '2025-10-18 19:56:31', 'CREDIT', 'acc-533176be-fbb3-42aa-bf86-cbf073161a5c');
INSERT INTO account_operation (id, amount, description, operation_date, type, bank_account_id) VALUES (3673, 255.83, 'ONCF Train', '2025-12-15 19:56:31', 'DEBIT', 'acc-533176be-fbb3-42aa-bf86-cbf073161a5c');
INSERT INTO account_operation (id, amount, description, operation_date, type, bank_account_id) VALUES (3674, 1286.86, 'Cash Deposit', '2026-01-05 19:56:31', 'CREDIT', 'acc-533176be-fbb3-42aa-bf86-cbf073161a5c');
INSERT INTO account_operation (id, amount, description, operation_date, type, bank_account_id) VALUES (3675, 12864.97, 'Cash Deposit', '2025-11-10 19:56:31', 'CREDIT', 'acc-533176be-fbb3-42aa-bf86-cbf073161a5c');
INSERT INTO account_operation (id, amount, description, operation_date, type, bank_account_id) VALUES (3676, 9436.21, 'Freelance Payment', '2025-11-07 19:56:31', 'CREDIT', 'acc-533176be-fbb3-42aa-bf86-cbf073161a5c');
INSERT INTO account_operation (id, amount, description, operation_date, type, bank_account_id) VALUES (3677, 18.47, 'Maroc Telecom', '2026-04-09 19:56:31', 'DEBIT', 'acc-533176be-fbb3-42aa-bf86-cbf073161a5c');
INSERT INTO account_operation (id, amount, description, operation_date, type, bank_account_id) VALUES (3678, 6957.47, 'Cash Deposit', '2025-10-20 19:56:31', 'CREDIT', 'acc-533176be-fbb3-42aa-bf86-cbf073161a5c');
INSERT INTO account_operation (id, amount, description, operation_date, type, bank_account_id) VALUES (3679, 1440.0, 'ONEE Electricity', '2026-03-29 19:56:31', 'DEBIT', 'acc-533176be-fbb3-42aa-bf86-cbf073161a5c');
INSERT INTO account_operation (id, amount, description, operation_date, type, bank_account_id) VALUES (3680, 905.1, 'Carrefour', '2026-05-24 19:56:31', 'DEBIT', 'acc-533176be-fbb3-42aa-bf86-cbf073161a5c');
INSERT INTO account_operation (id, amount, description, operation_date, type, bank_account_id) VALUES (3681, 407.41, 'ONEE Electricity', '2026-05-25 19:56:31', 'DEBIT', 'acc-533176be-fbb3-42aa-bf86-cbf073161a5c');
INSERT INTO account_operation (id, amount, description, operation_date, type, bank_account_id) VALUES (3682, 3554.85, 'Freelance Payment', '2025-11-29 19:56:31', 'CREDIT', 'acc-533176be-fbb3-42aa-bf86-cbf073161a5c');
INSERT INTO account_operation (id, amount, description, operation_date, type, bank_account_id) VALUES (3683, 1624.46, 'Amendis', '2025-12-17 19:56:31', 'DEBIT', 'acc-533176be-fbb3-42aa-bf86-cbf073161a5c');
INSERT INTO account_operation (id, amount, description, operation_date, type, bank_account_id) VALUES (3684, 1546.93, 'Salary Deposit', '2026-01-17 19:56:31', 'CREDIT', 'acc-533176be-fbb3-42aa-bf86-cbf073161a5c');
INSERT INTO account_operation (id, amount, description, operation_date, type, bank_account_id) VALUES (3685, 1168.55, 'Marjane Supermarket', '2026-01-04 19:56:31', 'DEBIT', 'acc-533176be-fbb3-42aa-bf86-cbf073161a5c');
INSERT INTO account_operation (id, amount, description, operation_date, type, bank_account_id) VALUES (3686, 1373.14, 'Netflix Subscription', '2026-01-17 19:56:31', 'DEBIT', 'acc-533176be-fbb3-42aa-bf86-cbf073161a5c');
INSERT INTO account_operation (id, amount, description, operation_date, type, bank_account_id) VALUES (3687, 10442.06, 'Cash Deposit', '2026-04-18 19:56:31', 'CREDIT', 'acc-533176be-fbb3-42aa-bf86-cbf073161a5c');
INSERT INTO account_operation (id, amount, description, operation_date, type, bank_account_id) VALUES (3688, 1316.94, 'Salary Deposit', '2026-04-10 19:56:31', 'CREDIT', 'acc-533176be-fbb3-42aa-bf86-cbf073161a5c');
INSERT INTO account_operation (id, amount, description, operation_date, type, bank_account_id) VALUES (3689, 1808.89, 'ONCF Train', '2025-11-04 19:56:31', 'DEBIT', 'acc-533176be-fbb3-42aa-bf86-cbf073161a5c');
INSERT INTO account_operation (id, amount, description, operation_date, type, bank_account_id) VALUES (3690, 444.84, 'Spotify', '2026-01-26 19:56:31', 'DEBIT', 'acc-533176be-fbb3-42aa-bf86-cbf073161a5c');
INSERT INTO account_operation (id, amount, description, operation_date, type, bank_account_id) VALUES (3691, 8309.65, 'Transfer Received', '2026-04-08 19:56:31', 'CREDIT', 'acc-533176be-fbb3-42aa-bf86-cbf073161a5c');
INSERT INTO account_operation (id, amount, description, operation_date, type, bank_account_id) VALUES (3692, 1752.9, 'ONCF Train', '2026-01-09 19:56:31', 'DEBIT', 'acc-533176be-fbb3-42aa-bf86-cbf073161a5c');
INSERT INTO account_operation (id, amount, description, operation_date, type, bank_account_id) VALUES (3693, 3137.8, 'Dividend Payout', '2026-02-20 19:56:31', 'CREDIT', 'acc-533176be-fbb3-42aa-bf86-cbf073161a5c');
INSERT INTO account_operation (id, amount, description, operation_date, type, bank_account_id) VALUES (3694, 10203.01, 'Cash Deposit', '2026-03-18 19:56:31', 'CREDIT', 'acc-533176be-fbb3-42aa-bf86-cbf073161a5c');
INSERT INTO account_operation (id, amount, description, operation_date, type, bank_account_id) VALUES (3695, 209.31, 'Amendis', '2026-04-13 19:56:31', 'DEBIT', 'acc-533176be-fbb3-42aa-bf86-cbf073161a5c');
INSERT INTO account_operation (id, amount, description, operation_date, type, bank_account_id) VALUES (3696, 2431.57, 'Cash Deposit', '2026-04-05 19:56:31', 'CREDIT', 'acc-533176be-fbb3-42aa-bf86-cbf073161a5c');
INSERT INTO account_operation (id, amount, description, operation_date, type, bank_account_id) VALUES (3697, 13038.23, 'Dividend Payout', '2025-11-05 19:56:31', 'CREDIT', 'acc-533176be-fbb3-42aa-bf86-cbf073161a5c');
INSERT INTO account_operation (id, amount, description, operation_date, type, bank_account_id) VALUES (3698, 4764.07, 'Transfer Received', '2025-11-15 19:56:31', 'CREDIT', 'acc-533176be-fbb3-42aa-bf86-cbf073161a5c');
INSERT INTO account_operation (id, amount, description, operation_date, type, bank_account_id) VALUES (3699, 1854.38, 'Decathlon', '2025-11-06 19:56:31', 'DEBIT', 'acc-533176be-fbb3-42aa-bf86-cbf073161a5c');
INSERT INTO account_operation (id, amount, description, operation_date, type, bank_account_id) VALUES (3700, 10707.16, 'Freelance Payment', '2025-11-17 19:56:31', 'CREDIT', 'acc-533176be-fbb3-42aa-bf86-cbf073161a5c');
INSERT INTO account_operation (id, amount, description, operation_date, type, bank_account_id) VALUES (3701, 1593.86, 'Redal', '2025-12-10 19:56:31', 'DEBIT', 'acc-533176be-fbb3-42aa-bf86-cbf073161a5c');
INSERT INTO account_operation (id, amount, description, operation_date, type, bank_account_id) VALUES (3702, 1583.06, 'Spotify', '2026-01-05 19:56:31', 'DEBIT', 'acc-533176be-fbb3-42aa-bf86-cbf073161a5c');
INSERT INTO account_operation (id, amount, description, operation_date, type, bank_account_id) VALUES (3703, 321.4, 'ONEE Electricity', '2026-01-31 19:56:31', 'DEBIT', 'acc-533176be-fbb3-42aa-bf86-cbf073161a5c');
INSERT INTO account_operation (id, amount, description, operation_date, type, bank_account_id) VALUES (3704, 1741.43, 'Local Cafe', '2026-02-13 19:56:31', 'DEBIT', 'acc-533176be-fbb3-42aa-bf86-cbf073161a5c');
INSERT INTO account_operation (id, amount, description, operation_date, type, bank_account_id) VALUES (3705, 325.2, 'ONCF Train', '2025-11-09 19:56:31', 'DEBIT', 'acc-533176be-fbb3-42aa-bf86-cbf073161a5c');
INSERT INTO account_operation (id, amount, description, operation_date, type, bank_account_id) VALUES (3706, 1420.37, 'Decathlon', '2026-05-14 19:56:31', 'DEBIT', 'acc-533176be-fbb3-42aa-bf86-cbf073161a5c');
INSERT INTO account_operation (id, amount, description, operation_date, type, bank_account_id) VALUES (3707, 551.49, 'ONEE Electricity', '2026-06-23 19:56:31', 'DEBIT', 'acc-533176be-fbb3-42aa-bf86-cbf073161a5c');
INSERT INTO account_operation (id, amount, description, operation_date, type, bank_account_id) VALUES (3708, 10573.76, 'Freelance Payment', '2025-10-31 19:56:31', 'CREDIT', 'acc-533176be-fbb3-42aa-bf86-cbf073161a5c');
INSERT INTO account_operation (id, amount, description, operation_date, type, bank_account_id) VALUES (3709, 249.63, 'ONCF Train', '2026-01-24 19:56:31', 'DEBIT', 'acc-533176be-fbb3-42aa-bf86-cbf073161a5c');
INSERT INTO account_operation (id, amount, description, operation_date, type, bank_account_id) VALUES (3710, 1296.8, 'Orange', '2026-04-02 19:56:31', 'DEBIT', 'acc-533176be-fbb3-42aa-bf86-cbf073161a5c');
INSERT INTO account_operation (id, amount, description, operation_date, type, bank_account_id) VALUES (3711, 799.05, 'BIM Store', '2026-02-05 19:56:31', 'DEBIT', 'acc-533176be-fbb3-42aa-bf86-cbf073161a5c');
INSERT INTO account_operation (id, amount, description, operation_date, type, bank_account_id) VALUES (3712, 1939.15, 'CTM Bus', '2026-05-08 19:56:31', 'DEBIT', 'acc-533176be-fbb3-42aa-bf86-cbf073161a5c');
INSERT INTO account_operation (id, amount, description, operation_date, type, bank_account_id) VALUES (3713, 417.88, 'Restaurant', '2025-11-30 19:56:31', 'DEBIT', 'acc-533176be-fbb3-42aa-bf86-cbf073161a5c');
INSERT INTO account_operation (id, amount, description, operation_date, type, bank_account_id) VALUES (3714, 1018.71, 'CTM Bus', '2026-06-04 19:56:31', 'DEBIT', 'acc-533176be-fbb3-42aa-bf86-cbf073161a5c');

INSERT INTO customer (id, name, email) VALUES (64, 'Amina El Idrissi', 'amina.el idrissi@gmail.com');
INSERT INTO bank_account (id, type, balance, created_at, customer_id, over_draft, interest_rate) VALUES ('acc-cc403704-780b-4117-80c2-0676ea7af400', 'CURR', 49529.67, '2025-07-03 19:56:31', 64, 6067.16, NULL);
INSERT INTO account_operation (id, amount, description, operation_date, type, bank_account_id) VALUES (3715, 7773.88, 'Initial Account Funding', '2025-07-03 19:56:31', 'CREDIT', 'acc-cc403704-780b-4117-80c2-0676ea7af400');
INSERT INTO account_operation (id, amount, description, operation_date, type, bank_account_id) VALUES (3716, 1181.82, 'Spotify', '2026-03-15 19:56:31', 'DEBIT', 'acc-cc403704-780b-4117-80c2-0676ea7af400');
INSERT INTO account_operation (id, amount, description, operation_date, type, bank_account_id) VALUES (3717, 1067.26, 'Spotify', '2026-04-29 19:56:31', 'DEBIT', 'acc-cc403704-780b-4117-80c2-0676ea7af400');
INSERT INTO account_operation (id, amount, description, operation_date, type, bank_account_id) VALUES (3718, 1674.46, 'Zara', '2025-10-05 19:56:31', 'DEBIT', 'acc-cc403704-780b-4117-80c2-0676ea7af400');
INSERT INTO account_operation (id, amount, description, operation_date, type, bank_account_id) VALUES (3719, 13209.17, 'Cash Deposit', '2026-01-13 19:56:31', 'CREDIT', 'acc-cc403704-780b-4117-80c2-0676ea7af400');
INSERT INTO account_operation (id, amount, description, operation_date, type, bank_account_id) VALUES (3720, 1459.16, 'ONEE Electricity', '2026-05-02 19:56:31', 'DEBIT', 'acc-cc403704-780b-4117-80c2-0676ea7af400');
INSERT INTO account_operation (id, amount, description, operation_date, type, bank_account_id) VALUES (3721, 920.26, 'ONEE Electricity', '2025-10-03 19:56:31', 'DEBIT', 'acc-cc403704-780b-4117-80c2-0676ea7af400');
INSERT INTO account_operation (id, amount, description, operation_date, type, bank_account_id) VALUES (3722, 9969.58, 'Freelance Payment', '2025-09-20 19:56:31', 'CREDIT', 'acc-cc403704-780b-4117-80c2-0676ea7af400');
INSERT INTO account_operation (id, amount, description, operation_date, type, bank_account_id) VALUES (3723, 144.59, 'Maroc Telecom', '2025-07-29 19:56:31', 'DEBIT', 'acc-cc403704-780b-4117-80c2-0676ea7af400');
INSERT INTO account_operation (id, amount, description, operation_date, type, bank_account_id) VALUES (3724, 12302.73, 'Freelance Payment', '2026-03-08 19:56:31', 'CREDIT', 'acc-cc403704-780b-4117-80c2-0676ea7af400');
INSERT INTO account_operation (id, amount, description, operation_date, type, bank_account_id) VALUES (3725, 665.63, 'LC Waikiki', '2026-05-10 19:56:31', 'DEBIT', 'acc-cc403704-780b-4117-80c2-0676ea7af400');
INSERT INTO account_operation (id, amount, description, operation_date, type, bank_account_id) VALUES (3726, 1952.45, 'Amendis', '2025-07-10 19:56:31', 'DEBIT', 'acc-cc403704-780b-4117-80c2-0676ea7af400');
INSERT INTO account_operation (id, amount, description, operation_date, type, bank_account_id) VALUES (3727, 855.98, 'Redal', '2026-03-29 19:56:31', 'DEBIT', 'acc-cc403704-780b-4117-80c2-0676ea7af400');
INSERT INTO account_operation (id, amount, description, operation_date, type, bank_account_id) VALUES (3728, 1689.54, 'Carrefour', '2025-11-08 19:56:31', 'DEBIT', 'acc-cc403704-780b-4117-80c2-0676ea7af400');
INSERT INTO account_operation (id, amount, description, operation_date, type, bank_account_id) VALUES (3729, 1146.69, 'Restaurant', '2026-02-25 19:56:31', 'DEBIT', 'acc-cc403704-780b-4117-80c2-0676ea7af400');
INSERT INTO account_operation (id, amount, description, operation_date, type, bank_account_id) VALUES (3730, 347.27, 'Zara', '2026-05-16 19:56:31', 'DEBIT', 'acc-cc403704-780b-4117-80c2-0676ea7af400');
INSERT INTO account_operation (id, amount, description, operation_date, type, bank_account_id) VALUES (3731, 650.1, 'LC Waikiki', '2025-08-08 19:56:31', 'DEBIT', 'acc-cc403704-780b-4117-80c2-0676ea7af400');
INSERT INTO account_operation (id, amount, description, operation_date, type, bank_account_id) VALUES (3732, 11313.36, 'Transfer Received', '2025-11-23 19:56:31', 'CREDIT', 'acc-cc403704-780b-4117-80c2-0676ea7af400');
INSERT INTO account_operation (id, amount, description, operation_date, type, bank_account_id) VALUES (3733, 541.25, 'ONEE Electricity', '2025-07-07 19:56:31', 'DEBIT', 'acc-cc403704-780b-4117-80c2-0676ea7af400');
INSERT INTO account_operation (id, amount, description, operation_date, type, bank_account_id) VALUES (3734, 1435.03, 'Local Cafe', '2025-12-06 19:56:31', 'DEBIT', 'acc-cc403704-780b-4117-80c2-0676ea7af400');
INSERT INTO account_operation (id, amount, description, operation_date, type, bank_account_id) VALUES (3735, 1145.11, 'Local Cafe', '2026-05-06 19:56:31', 'DEBIT', 'acc-cc403704-780b-4117-80c2-0676ea7af400');
INSERT INTO account_operation (id, amount, description, operation_date, type, bank_account_id) VALUES (3736, 1533.86, 'Freelance Payment', '2025-11-11 19:56:31', 'CREDIT', 'acc-cc403704-780b-4117-80c2-0676ea7af400');
INSERT INTO account_operation (id, amount, description, operation_date, type, bank_account_id) VALUES (3737, 8749.65, 'Cash Deposit', '2025-11-30 19:56:31', 'CREDIT', 'acc-cc403704-780b-4117-80c2-0676ea7af400');
INSERT INTO account_operation (id, amount, description, operation_date, type, bank_account_id) VALUES (3738, 438.17, 'Zara', '2025-12-06 19:56:31', 'DEBIT', 'acc-cc403704-780b-4117-80c2-0676ea7af400');
INSERT INTO account_operation (id, amount, description, operation_date, type, bank_account_id) VALUES (3739, 4631.06, 'Transfer Received', '2026-01-10 19:56:31', 'CREDIT', 'acc-cc403704-780b-4117-80c2-0676ea7af400');
INSERT INTO account_operation (id, amount, description, operation_date, type, bank_account_id) VALUES (3740, 447.79, 'Marjane Supermarket', '2026-02-05 19:56:31', 'DEBIT', 'acc-cc403704-780b-4117-80c2-0676ea7af400');
INSERT INTO account_operation (id, amount, description, operation_date, type, bank_account_id) VALUES (3741, 1652.26, 'Redal', '2026-01-27 19:56:31', 'DEBIT', 'acc-cc403704-780b-4117-80c2-0676ea7af400');
INSERT INTO account_operation (id, amount, description, operation_date, type, bank_account_id) VALUES (3742, 701.83, 'Restaurant', '2026-04-09 19:56:31', 'DEBIT', 'acc-cc403704-780b-4117-80c2-0676ea7af400');
INSERT INTO account_operation (id, amount, description, operation_date, type, bank_account_id) VALUES (3743, 1670.65, 'ONCF Train', '2025-08-28 19:56:31', 'DEBIT', 'acc-cc403704-780b-4117-80c2-0676ea7af400');
INSERT INTO account_operation (id, amount, description, operation_date, type, bank_account_id) VALUES (3744, 3369.5, 'Dividend Payout', '2026-01-21 19:56:31', 'CREDIT', 'acc-cc403704-780b-4117-80c2-0676ea7af400');
INSERT INTO account_operation (id, amount, description, operation_date, type, bank_account_id) VALUES (3745, 1535.82, 'Inwi', '2025-10-04 19:56:31', 'DEBIT', 'acc-cc403704-780b-4117-80c2-0676ea7af400');
INSERT INTO bank_account (id, type, balance, created_at, customer_id, over_draft, interest_rate) VALUES ('acc-89f88790-66e2-4573-b12c-c5e1949ed49f', 'SAVE', 68885.08, '2026-03-13 19:56:31', 64, NULL, 1.76);
INSERT INTO account_operation (id, amount, description, operation_date, type, bank_account_id) VALUES (3746, 38846.16, 'Initial Account Funding', '2026-03-13 19:56:31', 'CREDIT', 'acc-89f88790-66e2-4573-b12c-c5e1949ed49f');
INSERT INTO account_operation (id, amount, description, operation_date, type, bank_account_id) VALUES (3747, 769.95, 'Decathlon', '2026-04-06 19:56:31', 'DEBIT', 'acc-89f88790-66e2-4573-b12c-c5e1949ed49f');
INSERT INTO account_operation (id, amount, description, operation_date, type, bank_account_id) VALUES (3748, 718.5, 'ONEE Electricity', '2026-03-23 19:56:31', 'DEBIT', 'acc-89f88790-66e2-4573-b12c-c5e1949ed49f');
INSERT INTO account_operation (id, amount, description, operation_date, type, bank_account_id) VALUES (3749, 1936.29, 'ONEE Electricity', '2026-03-26 19:56:31', 'DEBIT', 'acc-89f88790-66e2-4573-b12c-c5e1949ed49f');
INSERT INTO account_operation (id, amount, description, operation_date, type, bank_account_id) VALUES (3750, 1844.52, 'BIM Store', '2026-06-12 19:56:31', 'DEBIT', 'acc-89f88790-66e2-4573-b12c-c5e1949ed49f');
INSERT INTO account_operation (id, amount, description, operation_date, type, bank_account_id) VALUES (3751, 1472.84, 'ONEE Electricity', '2026-04-22 19:56:31', 'DEBIT', 'acc-89f88790-66e2-4573-b12c-c5e1949ed49f');
INSERT INTO account_operation (id, amount, description, operation_date, type, bank_account_id) VALUES (3752, 8081.69, 'Dividend Payout', '2026-06-21 19:56:31', 'CREDIT', 'acc-89f88790-66e2-4573-b12c-c5e1949ed49f');
INSERT INTO account_operation (id, amount, description, operation_date, type, bank_account_id) VALUES (3753, 1596.0, 'BIM Store', '2026-05-20 19:56:31', 'DEBIT', 'acc-89f88790-66e2-4573-b12c-c5e1949ed49f');
INSERT INTO account_operation (id, amount, description, operation_date, type, bank_account_id) VALUES (3754, 783.27, 'ONCF Train', '2026-06-21 19:56:31', 'DEBIT', 'acc-89f88790-66e2-4573-b12c-c5e1949ed49f');
INSERT INTO account_operation (id, amount, description, operation_date, type, bank_account_id) VALUES (3755, 3962.59, 'Cash Deposit', '2026-04-09 19:56:31', 'CREDIT', 'acc-89f88790-66e2-4573-b12c-c5e1949ed49f');
INSERT INTO account_operation (id, amount, description, operation_date, type, bank_account_id) VALUES (3756, 1665.32, 'BIM Store', '2026-03-13 19:56:31', 'DEBIT', 'acc-89f88790-66e2-4573-b12c-c5e1949ed49f');
INSERT INTO account_operation (id, amount, description, operation_date, type, bank_account_id) VALUES (3757, 1395.03, 'Zara', '2026-06-11 19:56:31', 'DEBIT', 'acc-89f88790-66e2-4573-b12c-c5e1949ed49f');
INSERT INTO account_operation (id, amount, description, operation_date, type, bank_account_id) VALUES (3758, 7514.31, 'Freelance Payment', '2026-03-22 19:56:31', 'CREDIT', 'acc-89f88790-66e2-4573-b12c-c5e1949ed49f');
INSERT INTO account_operation (id, amount, description, operation_date, type, bank_account_id) VALUES (3759, 1202.68, 'Orange', '2026-04-04 19:56:31', 'DEBIT', 'acc-89f88790-66e2-4573-b12c-c5e1949ed49f');
INSERT INTO account_operation (id, amount, description, operation_date, type, bank_account_id) VALUES (3760, 8072.08, 'Freelance Payment', '2026-06-25 19:56:31', 'CREDIT', 'acc-89f88790-66e2-4573-b12c-c5e1949ed49f');
INSERT INTO account_operation (id, amount, description, operation_date, type, bank_account_id) VALUES (3761, 2347.2, 'Dividend Payout', '2026-04-28 19:56:31', 'CREDIT', 'acc-89f88790-66e2-4573-b12c-c5e1949ed49f');
INSERT INTO account_operation (id, amount, description, operation_date, type, bank_account_id) VALUES (3762, 971.16, 'CTM Bus', '2026-03-28 19:56:31', 'DEBIT', 'acc-89f88790-66e2-4573-b12c-c5e1949ed49f');
INSERT INTO account_operation (id, amount, description, operation_date, type, bank_account_id) VALUES (3763, 819.9, 'ONCF Train', '2026-04-12 19:56:31', 'DEBIT', 'acc-89f88790-66e2-4573-b12c-c5e1949ed49f');
INSERT INTO account_operation (id, amount, description, operation_date, type, bank_account_id) VALUES (3764, 4545.36, 'Salary Deposit', '2026-06-02 19:56:31', 'CREDIT', 'acc-89f88790-66e2-4573-b12c-c5e1949ed49f');
INSERT INTO account_operation (id, amount, description, operation_date, type, bank_account_id) VALUES (3765, 1724.21, 'CTM Bus', '2026-05-25 19:56:31', 'DEBIT', 'acc-89f88790-66e2-4573-b12c-c5e1949ed49f');
INSERT INTO account_operation (id, amount, description, operation_date, type, bank_account_id) VALUES (3766, 1977.69, 'Spotify', '2026-03-28 19:56:31', 'DEBIT', 'acc-89f88790-66e2-4573-b12c-c5e1949ed49f');
INSERT INTO account_operation (id, amount, description, operation_date, type, bank_account_id) VALUES (3767, 80.47, 'Redal', '2026-06-01 19:56:31', 'DEBIT', 'acc-89f88790-66e2-4573-b12c-c5e1949ed49f');
INSERT INTO account_operation (id, amount, description, operation_date, type, bank_account_id) VALUES (3768, 1279.55, 'BIM Store', '2026-06-14 19:56:31', 'DEBIT', 'acc-89f88790-66e2-4573-b12c-c5e1949ed49f');
INSERT INTO account_operation (id, amount, description, operation_date, type, bank_account_id) VALUES (3769, 420.18, 'Decathlon', '2026-04-30 19:56:31', 'DEBIT', 'acc-89f88790-66e2-4573-b12c-c5e1949ed49f');
INSERT INTO account_operation (id, amount, description, operation_date, type, bank_account_id) VALUES (3770, 708.62, 'Inwi', '2026-06-22 19:56:31', 'DEBIT', 'acc-89f88790-66e2-4573-b12c-c5e1949ed49f');
INSERT INTO account_operation (id, amount, description, operation_date, type, bank_account_id) VALUES (3771, 10572.54, 'Transfer Received', '2026-05-27 19:56:31', 'CREDIT', 'acc-89f88790-66e2-4573-b12c-c5e1949ed49f');
INSERT INTO account_operation (id, amount, description, operation_date, type, bank_account_id) VALUES (3772, 984.75, 'Orange', '2026-06-07 19:56:31', 'DEBIT', 'acc-89f88790-66e2-4573-b12c-c5e1949ed49f');
INSERT INTO account_operation (id, amount, description, operation_date, type, bank_account_id) VALUES (3773, 813.48, 'Restaurant', '2026-05-04 19:56:31', 'DEBIT', 'acc-89f88790-66e2-4573-b12c-c5e1949ed49f');
INSERT INTO account_operation (id, amount, description, operation_date, type, bank_account_id) VALUES (3774, 8948.61, 'Cash Deposit', '2026-04-10 19:56:31', 'CREDIT', 'acc-89f88790-66e2-4573-b12c-c5e1949ed49f');
INSERT INTO account_operation (id, amount, description, operation_date, type, bank_account_id) VALUES (3775, 841.05, 'LC Waikiki', '2026-03-24 19:56:31', 'DEBIT', 'acc-89f88790-66e2-4573-b12c-c5e1949ed49f');
INSERT INTO bank_account (id, type, balance, created_at, customer_id, over_draft, interest_rate) VALUES ('acc-191512f3-8d1c-4fa6-98ec-f1d5fa28ff3a', 'SAVE', 128345.31, '2026-02-24 19:56:31', 64, NULL, 2.49);
INSERT INTO account_operation (id, amount, description, operation_date, type, bank_account_id) VALUES (3776, 8791.06, 'Initial Account Funding', '2026-02-24 19:56:31', 'CREDIT', 'acc-191512f3-8d1c-4fa6-98ec-f1d5fa28ff3a');
INSERT INTO account_operation (id, amount, description, operation_date, type, bank_account_id) VALUES (3777, 10518.27, 'Cash Deposit', '2026-05-01 19:56:31', 'CREDIT', 'acc-191512f3-8d1c-4fa6-98ec-f1d5fa28ff3a');
INSERT INTO account_operation (id, amount, description, operation_date, type, bank_account_id) VALUES (3778, 1320.52, 'Netflix Subscription', '2026-03-09 19:56:31', 'DEBIT', 'acc-191512f3-8d1c-4fa6-98ec-f1d5fa28ff3a');
INSERT INTO account_operation (id, amount, description, operation_date, type, bank_account_id) VALUES (3779, 1339.51, 'Decathlon', '2026-03-17 19:56:31', 'DEBIT', 'acc-191512f3-8d1c-4fa6-98ec-f1d5fa28ff3a');
INSERT INTO account_operation (id, amount, description, operation_date, type, bank_account_id) VALUES (3780, 713.42, 'Orange', '2026-05-05 19:56:31', 'DEBIT', 'acc-191512f3-8d1c-4fa6-98ec-f1d5fa28ff3a');
INSERT INTO account_operation (id, amount, description, operation_date, type, bank_account_id) VALUES (3781, 4854.53, 'Transfer Received', '2026-04-21 19:56:31', 'CREDIT', 'acc-191512f3-8d1c-4fa6-98ec-f1d5fa28ff3a');
INSERT INTO account_operation (id, amount, description, operation_date, type, bank_account_id) VALUES (3782, 927.92, 'CTM Bus', '2026-04-25 19:56:31', 'DEBIT', 'acc-191512f3-8d1c-4fa6-98ec-f1d5fa28ff3a');
INSERT INTO account_operation (id, amount, description, operation_date, type, bank_account_id) VALUES (3783, 1912.28, 'Transfer Received', '2026-03-10 19:56:31', 'CREDIT', 'acc-191512f3-8d1c-4fa6-98ec-f1d5fa28ff3a');
INSERT INTO account_operation (id, amount, description, operation_date, type, bank_account_id) VALUES (3784, 1065.22, 'Carrefour', '2026-05-27 19:56:31', 'DEBIT', 'acc-191512f3-8d1c-4fa6-98ec-f1d5fa28ff3a');
INSERT INTO account_operation (id, amount, description, operation_date, type, bank_account_id) VALUES (3785, 4723.68, 'Transfer Received', '2026-04-30 19:56:31', 'CREDIT', 'acc-191512f3-8d1c-4fa6-98ec-f1d5fa28ff3a');
INSERT INTO account_operation (id, amount, description, operation_date, type, bank_account_id) VALUES (3786, 1152.44, 'Inwi', '2026-06-25 19:56:31', 'DEBIT', 'acc-191512f3-8d1c-4fa6-98ec-f1d5fa28ff3a');
INSERT INTO account_operation (id, amount, description, operation_date, type, bank_account_id) VALUES (3787, 12313.59, 'Dividend Payout', '2026-03-08 19:56:31', 'CREDIT', 'acc-191512f3-8d1c-4fa6-98ec-f1d5fa28ff3a');
INSERT INTO account_operation (id, amount, description, operation_date, type, bank_account_id) VALUES (3788, 74.93, 'Netflix Subscription', '2026-04-24 19:56:31', 'DEBIT', 'acc-191512f3-8d1c-4fa6-98ec-f1d5fa28ff3a');
INSERT INTO account_operation (id, amount, description, operation_date, type, bank_account_id) VALUES (3789, 1416.43, 'Zara', '2026-03-21 19:56:31', 'DEBIT', 'acc-191512f3-8d1c-4fa6-98ec-f1d5fa28ff3a');
INSERT INTO account_operation (id, amount, description, operation_date, type, bank_account_id) VALUES (3790, 1801.18, 'Netflix Subscription', '2026-03-22 19:56:31', 'DEBIT', 'acc-191512f3-8d1c-4fa6-98ec-f1d5fa28ff3a');
INSERT INTO account_operation (id, amount, description, operation_date, type, bank_account_id) VALUES (3791, 1985.86, 'Salary Deposit', '2026-06-24 19:56:31', 'CREDIT', 'acc-191512f3-8d1c-4fa6-98ec-f1d5fa28ff3a');
INSERT INTO account_operation (id, amount, description, operation_date, type, bank_account_id) VALUES (3792, 1569.4, 'BIM Store', '2026-03-12 19:56:31', 'DEBIT', 'acc-191512f3-8d1c-4fa6-98ec-f1d5fa28ff3a');
INSERT INTO account_operation (id, amount, description, operation_date, type, bank_account_id) VALUES (3793, 20.56, 'Decathlon', '2026-06-17 19:56:31', 'DEBIT', 'acc-191512f3-8d1c-4fa6-98ec-f1d5fa28ff3a');
INSERT INTO account_operation (id, amount, description, operation_date, type, bank_account_id) VALUES (3794, 10263.82, 'Cash Deposit', '2026-05-11 19:56:31', 'CREDIT', 'acc-191512f3-8d1c-4fa6-98ec-f1d5fa28ff3a');
INSERT INTO account_operation (id, amount, description, operation_date, type, bank_account_id) VALUES (3795, 9771.66, 'Freelance Payment', '2026-04-13 19:56:31', 'CREDIT', 'acc-191512f3-8d1c-4fa6-98ec-f1d5fa28ff3a');
INSERT INTO account_operation (id, amount, description, operation_date, type, bank_account_id) VALUES (3796, 117.7, 'BIM Store', '2026-05-04 19:56:31', 'DEBIT', 'acc-191512f3-8d1c-4fa6-98ec-f1d5fa28ff3a');
INSERT INTO account_operation (id, amount, description, operation_date, type, bank_account_id) VALUES (3797, 12992.48, 'Freelance Payment', '2026-04-24 19:56:31', 'CREDIT', 'acc-191512f3-8d1c-4fa6-98ec-f1d5fa28ff3a');
INSERT INTO account_operation (id, amount, description, operation_date, type, bank_account_id) VALUES (3798, 7590.6, 'Dividend Payout', '2026-03-23 19:56:31', 'CREDIT', 'acc-191512f3-8d1c-4fa6-98ec-f1d5fa28ff3a');
INSERT INTO account_operation (id, amount, description, operation_date, type, bank_account_id) VALUES (3799, 11135.69, 'Transfer Received', '2026-06-11 19:56:31', 'CREDIT', 'acc-191512f3-8d1c-4fa6-98ec-f1d5fa28ff3a');
INSERT INTO account_operation (id, amount, description, operation_date, type, bank_account_id) VALUES (3800, 3961.79, 'Cash Deposit', '2026-06-02 19:56:31', 'CREDIT', 'acc-191512f3-8d1c-4fa6-98ec-f1d5fa28ff3a');
INSERT INTO account_operation (id, amount, description, operation_date, type, bank_account_id) VALUES (3801, 1110.01, 'Cash Deposit', '2026-03-28 19:56:31', 'CREDIT', 'acc-191512f3-8d1c-4fa6-98ec-f1d5fa28ff3a');
INSERT INTO account_operation (id, amount, description, operation_date, type, bank_account_id) VALUES (3802, 75.24, 'Netflix Subscription', '2026-05-05 19:56:31', 'DEBIT', 'acc-191512f3-8d1c-4fa6-98ec-f1d5fa28ff3a');
INSERT INTO account_operation (id, amount, description, operation_date, type, bank_account_id) VALUES (3803, 602.0, 'Decathlon', '2026-05-31 19:56:31', 'DEBIT', 'acc-191512f3-8d1c-4fa6-98ec-f1d5fa28ff3a');
INSERT INTO account_operation (id, amount, description, operation_date, type, bank_account_id) VALUES (3804, 1022.87, 'Redal', '2026-05-21 19:56:31', 'DEBIT', 'acc-191512f3-8d1c-4fa6-98ec-f1d5fa28ff3a');
INSERT INTO account_operation (id, amount, description, operation_date, type, bank_account_id) VALUES (3805, 13849.17, 'Cash Deposit', '2026-06-24 19:56:31', 'CREDIT', 'acc-191512f3-8d1c-4fa6-98ec-f1d5fa28ff3a');
INSERT INTO account_operation (id, amount, description, operation_date, type, bank_account_id) VALUES (3806, 10211.24, 'Dividend Payout', '2026-06-22 19:56:31', 'CREDIT', 'acc-191512f3-8d1c-4fa6-98ec-f1d5fa28ff3a');
INSERT INTO account_operation (id, amount, description, operation_date, type, bank_account_id) VALUES (3807, 1518.07, 'Dividend Payout', '2026-05-12 19:56:31', 'CREDIT', 'acc-191512f3-8d1c-4fa6-98ec-f1d5fa28ff3a');
INSERT INTO account_operation (id, amount, description, operation_date, type, bank_account_id) VALUES (3808, 14060.85, 'Cash Deposit', '2026-02-24 19:56:31', 'CREDIT', 'acc-191512f3-8d1c-4fa6-98ec-f1d5fa28ff3a');

INSERT INTO customer (id, name, email) VALUES (65, 'Ayoub El Amrani', 'ayoub.el amrani@gmail.com');
INSERT INTO bank_account (id, type, balance, created_at, customer_id, over_draft, interest_rate) VALUES ('acc-d7773f2c-1da6-42cc-a2c3-1ab8a2324a7a', 'SAVE', 66379.95, '2026-04-04 19:56:31', 65, NULL, 4.68);
INSERT INTO account_operation (id, amount, description, operation_date, type, bank_account_id) VALUES (3809, 32659.41, 'Initial Account Funding', '2026-04-04 19:56:31', 'CREDIT', 'acc-d7773f2c-1da6-42cc-a2c3-1ab8a2324a7a');
INSERT INTO account_operation (id, amount, description, operation_date, type, bank_account_id) VALUES (3810, 801.13, 'Orange', '2026-05-05 19:56:31', 'DEBIT', 'acc-d7773f2c-1da6-42cc-a2c3-1ab8a2324a7a');
INSERT INTO account_operation (id, amount, description, operation_date, type, bank_account_id) VALUES (3811, 7427.99, 'Cash Deposit', '2026-04-14 19:56:31', 'CREDIT', 'acc-d7773f2c-1da6-42cc-a2c3-1ab8a2324a7a');
INSERT INTO account_operation (id, amount, description, operation_date, type, bank_account_id) VALUES (3812, 698.64, 'ONCF Train', '2026-04-15 19:56:31', 'DEBIT', 'acc-d7773f2c-1da6-42cc-a2c3-1ab8a2324a7a');
INSERT INTO account_operation (id, amount, description, operation_date, type, bank_account_id) VALUES (3813, 1500.51, 'Marjane Supermarket', '2026-04-17 19:56:31', 'DEBIT', 'acc-d7773f2c-1da6-42cc-a2c3-1ab8a2324a7a');
INSERT INTO account_operation (id, amount, description, operation_date, type, bank_account_id) VALUES (3814, 738.92, 'Pharmacy', '2026-05-17 19:56:31', 'DEBIT', 'acc-d7773f2c-1da6-42cc-a2c3-1ab8a2324a7a');
INSERT INTO account_operation (id, amount, description, operation_date, type, bank_account_id) VALUES (3815, 1789.84, 'Local Cafe', '2026-05-31 19:56:31', 'DEBIT', 'acc-d7773f2c-1da6-42cc-a2c3-1ab8a2324a7a');
INSERT INTO account_operation (id, amount, description, operation_date, type, bank_account_id) VALUES (3816, 1617.24, 'Restaurant', '2026-04-07 19:56:31', 'DEBIT', 'acc-d7773f2c-1da6-42cc-a2c3-1ab8a2324a7a');
INSERT INTO account_operation (id, amount, description, operation_date, type, bank_account_id) VALUES (3817, 2074.77, 'Cash Deposit', '2026-05-24 19:56:31', 'CREDIT', 'acc-d7773f2c-1da6-42cc-a2c3-1ab8a2324a7a');
INSERT INTO account_operation (id, amount, description, operation_date, type, bank_account_id) VALUES (3818, 1756.01, 'Redal', '2026-06-14 19:56:31', 'DEBIT', 'acc-d7773f2c-1da6-42cc-a2c3-1ab8a2324a7a');
INSERT INTO account_operation (id, amount, description, operation_date, type, bank_account_id) VALUES (3819, 1363.49, 'Zara', '2026-06-12 19:56:31', 'DEBIT', 'acc-d7773f2c-1da6-42cc-a2c3-1ab8a2324a7a');
INSERT INTO account_operation (id, amount, description, operation_date, type, bank_account_id) VALUES (3820, 1890.25, 'Zara', '2026-06-19 19:56:31', 'DEBIT', 'acc-d7773f2c-1da6-42cc-a2c3-1ab8a2324a7a');
INSERT INTO account_operation (id, amount, description, operation_date, type, bank_account_id) VALUES (3821, 1905.6, 'LC Waikiki', '2026-04-26 19:56:31', 'DEBIT', 'acc-d7773f2c-1da6-42cc-a2c3-1ab8a2324a7a');
INSERT INTO account_operation (id, amount, description, operation_date, type, bank_account_id) VALUES (3822, 6661.84, 'Transfer Received', '2026-06-09 19:56:31', 'CREDIT', 'acc-d7773f2c-1da6-42cc-a2c3-1ab8a2324a7a');
INSERT INTO account_operation (id, amount, description, operation_date, type, bank_account_id) VALUES (3823, 1112.07, 'Maroc Telecom', '2026-06-28 19:56:31', 'DEBIT', 'acc-d7773f2c-1da6-42cc-a2c3-1ab8a2324a7a');
INSERT INTO account_operation (id, amount, description, operation_date, type, bank_account_id) VALUES (3824, 6489.43, 'Salary Deposit', '2026-04-15 19:56:31', 'CREDIT', 'acc-d7773f2c-1da6-42cc-a2c3-1ab8a2324a7a');
INSERT INTO account_operation (id, amount, description, operation_date, type, bank_account_id) VALUES (3825, 1587.79, 'Zara', '2026-05-18 19:56:31', 'DEBIT', 'acc-d7773f2c-1da6-42cc-a2c3-1ab8a2324a7a');
INSERT INTO account_operation (id, amount, description, operation_date, type, bank_account_id) VALUES (3826, 14888.83, 'Salary Deposit', '2026-04-16 19:56:31', 'CREDIT', 'acc-d7773f2c-1da6-42cc-a2c3-1ab8a2324a7a');
INSERT INTO account_operation (id, amount, description, operation_date, type, bank_account_id) VALUES (3827, 579.01, 'Carrefour', '2026-04-26 19:56:31', 'DEBIT', 'acc-d7773f2c-1da6-42cc-a2c3-1ab8a2324a7a');
INSERT INTO account_operation (id, amount, description, operation_date, type, bank_account_id) VALUES (3828, 2801.09, 'Freelance Payment', '2026-04-12 19:56:31', 'CREDIT', 'acc-d7773f2c-1da6-42cc-a2c3-1ab8a2324a7a');
INSERT INTO account_operation (id, amount, description, operation_date, type, bank_account_id) VALUES (3829, 6950.68, 'Freelance Payment', '2026-06-14 19:56:31', 'CREDIT', 'acc-d7773f2c-1da6-42cc-a2c3-1ab8a2324a7a');
INSERT INTO account_operation (id, amount, description, operation_date, type, bank_account_id) VALUES (3830, 505.85, 'Restaurant', '2026-05-20 19:56:31', 'DEBIT', 'acc-d7773f2c-1da6-42cc-a2c3-1ab8a2324a7a');
INSERT INTO account_operation (id, amount, description, operation_date, type, bank_account_id) VALUES (3831, 5621.34, 'Freelance Payment', '2026-05-13 19:56:31', 'CREDIT', 'acc-d7773f2c-1da6-42cc-a2c3-1ab8a2324a7a');
INSERT INTO account_operation (id, amount, description, operation_date, type, bank_account_id) VALUES (3832, 1453.77, 'Dividend Payout', '2026-04-12 19:56:31', 'CREDIT', 'acc-d7773f2c-1da6-42cc-a2c3-1ab8a2324a7a');
INSERT INTO account_operation (id, amount, description, operation_date, type, bank_account_id) VALUES (3833, 642.87, 'ONEE Electricity', '2026-04-14 19:56:31', 'DEBIT', 'acc-d7773f2c-1da6-42cc-a2c3-1ab8a2324a7a');
INSERT INTO account_operation (id, amount, description, operation_date, type, bank_account_id) VALUES (3834, 1702.95, 'Netflix Subscription', '2026-04-20 19:56:31', 'DEBIT', 'acc-d7773f2c-1da6-42cc-a2c3-1ab8a2324a7a');
INSERT INTO account_operation (id, amount, description, operation_date, type, bank_account_id) VALUES (3835, 457.03, 'Amendis', '2026-05-25 19:56:31', 'DEBIT', 'acc-d7773f2c-1da6-42cc-a2c3-1ab8a2324a7a');

INSERT INTO customer (id, name, email) VALUES (66, 'Hamza Bennis', 'hamza.bennis@gmail.com');
INSERT INTO bank_account (id, type, balance, created_at, customer_id, over_draft, interest_rate) VALUES ('acc-2683cbf5-c87b-4437-b8cd-5ce8f82f869e', 'CURR', 28359.38, '2025-12-04 19:56:31', 66, 6428.11, NULL);
INSERT INTO account_operation (id, amount, description, operation_date, type, bank_account_id) VALUES (3836, 7422.78, 'Initial Account Funding', '2025-12-04 19:56:31', 'CREDIT', 'acc-2683cbf5-c87b-4437-b8cd-5ce8f82f869e');
INSERT INTO account_operation (id, amount, description, operation_date, type, bank_account_id) VALUES (3837, 941.03, 'Redal', '2026-05-26 19:56:31', 'DEBIT', 'acc-2683cbf5-c87b-4437-b8cd-5ce8f82f869e');
INSERT INTO account_operation (id, amount, description, operation_date, type, bank_account_id) VALUES (3838, 1520.83, 'Restaurant', '2026-01-17 19:56:31', 'DEBIT', 'acc-2683cbf5-c87b-4437-b8cd-5ce8f82f869e');
INSERT INTO account_operation (id, amount, description, operation_date, type, bank_account_id) VALUES (3839, 1537.3, 'Redal', '2026-03-08 19:56:31', 'DEBIT', 'acc-2683cbf5-c87b-4437-b8cd-5ce8f82f869e');
INSERT INTO account_operation (id, amount, description, operation_date, type, bank_account_id) VALUES (3840, 1668.03, 'Carrefour', '2026-04-14 19:56:31', 'DEBIT', 'acc-2683cbf5-c87b-4437-b8cd-5ce8f82f869e');
INSERT INTO account_operation (id, amount, description, operation_date, type, bank_account_id) VALUES (3841, 595.85, 'Orange', '2026-04-28 19:56:31', 'DEBIT', 'acc-2683cbf5-c87b-4437-b8cd-5ce8f82f869e');
INSERT INTO account_operation (id, amount, description, operation_date, type, bank_account_id) VALUES (3842, 1794.42, 'Redal', '2026-01-27 19:56:31', 'DEBIT', 'acc-2683cbf5-c87b-4437-b8cd-5ce8f82f869e');
INSERT INTO account_operation (id, amount, description, operation_date, type, bank_account_id) VALUES (3843, 6294.82, 'Cash Deposit', '2026-01-10 19:56:31', 'CREDIT', 'acc-2683cbf5-c87b-4437-b8cd-5ce8f82f869e');
INSERT INTO account_operation (id, amount, description, operation_date, type, bank_account_id) VALUES (3844, 188.49, 'Decathlon', '2025-12-05 19:56:31', 'DEBIT', 'acc-2683cbf5-c87b-4437-b8cd-5ce8f82f869e');
INSERT INTO account_operation (id, amount, description, operation_date, type, bank_account_id) VALUES (3845, 1460.48, 'Marjane Supermarket', '2026-04-16 19:56:31', 'DEBIT', 'acc-2683cbf5-c87b-4437-b8cd-5ce8f82f869e');
INSERT INTO account_operation (id, amount, description, operation_date, type, bank_account_id) VALUES (3846, 782.75, 'Redal', '2026-01-13 19:56:31', 'DEBIT', 'acc-2683cbf5-c87b-4437-b8cd-5ce8f82f869e');
INSERT INTO account_operation (id, amount, description, operation_date, type, bank_account_id) VALUES (3847, 357.9, 'Inwi', '2026-06-22 19:56:31', 'DEBIT', 'acc-2683cbf5-c87b-4437-b8cd-5ce8f82f869e');
INSERT INTO account_operation (id, amount, description, operation_date, type, bank_account_id) VALUES (3848, 498.9, 'Spotify', '2025-12-20 19:56:31', 'DEBIT', 'acc-2683cbf5-c87b-4437-b8cd-5ce8f82f869e');
INSERT INTO account_operation (id, amount, description, operation_date, type, bank_account_id) VALUES (3849, 1738.36, 'Freelance Payment', '2026-06-21 19:56:31', 'CREDIT', 'acc-2683cbf5-c87b-4437-b8cd-5ce8f82f869e');
INSERT INTO account_operation (id, amount, description, operation_date, type, bank_account_id) VALUES (3850, 325.25, 'Decathlon', '2026-04-22 19:56:31', 'DEBIT', 'acc-2683cbf5-c87b-4437-b8cd-5ce8f82f869e');
INSERT INTO account_operation (id, amount, description, operation_date, type, bank_account_id) VALUES (3851, 1933.77, 'Dividend Payout', '2026-02-23 19:56:31', 'CREDIT', 'acc-2683cbf5-c87b-4437-b8cd-5ce8f82f869e');
INSERT INTO account_operation (id, amount, description, operation_date, type, bank_account_id) VALUES (3852, 9362.27, 'Transfer Received', '2026-03-16 19:56:31', 'CREDIT', 'acc-2683cbf5-c87b-4437-b8cd-5ce8f82f869e');
INSERT INTO account_operation (id, amount, description, operation_date, type, bank_account_id) VALUES (3853, 1817.35, 'Restaurant', '2026-02-28 19:56:31', 'DEBIT', 'acc-2683cbf5-c87b-4437-b8cd-5ce8f82f869e');
INSERT INTO account_operation (id, amount, description, operation_date, type, bank_account_id) VALUES (3854, 5554.09, 'Freelance Payment', '2026-02-04 19:56:31', 'CREDIT', 'acc-2683cbf5-c87b-4437-b8cd-5ce8f82f869e');
INSERT INTO account_operation (id, amount, description, operation_date, type, bank_account_id) VALUES (3855, 666.53, 'CTM Bus', '2026-05-26 19:56:31', 'DEBIT', 'acc-2683cbf5-c87b-4437-b8cd-5ce8f82f869e');
INSERT INTO account_operation (id, amount, description, operation_date, type, bank_account_id) VALUES (3856, 10208.4, 'Freelance Payment', '2025-12-24 19:56:31', 'CREDIT', 'acc-2683cbf5-c87b-4437-b8cd-5ce8f82f869e');

INSERT INTO customer (id, name, email) VALUES (67, 'Sanae Lahlou', 'sanae.lahlou@gmail.com');
INSERT INTO bank_account (id, type, balance, created_at, customer_id, over_draft, interest_rate) VALUES ('acc-9451b0a9-103d-4682-bdbd-d8e15da6ab6b', 'SAVE', 79783.68, '2026-02-09 19:56:31', 67, NULL, 4.76);
INSERT INTO account_operation (id, amount, description, operation_date, type, bank_account_id) VALUES (3857, 47166.89, 'Initial Account Funding', '2026-02-09 19:56:31', 'CREDIT', 'acc-9451b0a9-103d-4682-bdbd-d8e15da6ab6b');
INSERT INTO account_operation (id, amount, description, operation_date, type, bank_account_id) VALUES (3858, 416.03, 'Zara', '2026-04-18 19:56:31', 'DEBIT', 'acc-9451b0a9-103d-4682-bdbd-d8e15da6ab6b');
INSERT INTO account_operation (id, amount, description, operation_date, type, bank_account_id) VALUES (3859, 1416.75, 'Netflix Subscription', '2026-05-26 19:56:31', 'DEBIT', 'acc-9451b0a9-103d-4682-bdbd-d8e15da6ab6b');
INSERT INTO account_operation (id, amount, description, operation_date, type, bank_account_id) VALUES (3860, 282.53, 'Netflix Subscription', '2026-05-26 19:56:31', 'DEBIT', 'acc-9451b0a9-103d-4682-bdbd-d8e15da6ab6b');
INSERT INTO account_operation (id, amount, description, operation_date, type, bank_account_id) VALUES (3861, 1693.02, 'Netflix Subscription', '2026-02-23 19:56:31', 'DEBIT', 'acc-9451b0a9-103d-4682-bdbd-d8e15da6ab6b');
INSERT INTO account_operation (id, amount, description, operation_date, type, bank_account_id) VALUES (3862, 800.14, 'Redal', '2026-05-10 19:56:31', 'DEBIT', 'acc-9451b0a9-103d-4682-bdbd-d8e15da6ab6b');
INSERT INTO account_operation (id, amount, description, operation_date, type, bank_account_id) VALUES (3863, 1226.52, 'Local Cafe', '2026-04-06 19:56:31', 'DEBIT', 'acc-9451b0a9-103d-4682-bdbd-d8e15da6ab6b');
INSERT INTO account_operation (id, amount, description, operation_date, type, bank_account_id) VALUES (3864, 1602.54, 'Spotify', '2026-06-02 19:56:31', 'DEBIT', 'acc-9451b0a9-103d-4682-bdbd-d8e15da6ab6b');
INSERT INTO account_operation (id, amount, description, operation_date, type, bank_account_id) VALUES (3865, 10210.99, 'Cash Deposit', '2026-04-28 19:56:31', 'CREDIT', 'acc-9451b0a9-103d-4682-bdbd-d8e15da6ab6b');
INSERT INTO account_operation (id, amount, description, operation_date, type, bank_account_id) VALUES (3866, 11323.94, 'Cash Deposit', '2026-05-13 19:56:31', 'CREDIT', 'acc-9451b0a9-103d-4682-bdbd-d8e15da6ab6b');
INSERT INTO account_operation (id, amount, description, operation_date, type, bank_account_id) VALUES (3867, 1331.13, 'BIM Store', '2026-03-31 19:56:31', 'DEBIT', 'acc-9451b0a9-103d-4682-bdbd-d8e15da6ab6b');
INSERT INTO account_operation (id, amount, description, operation_date, type, bank_account_id) VALUES (3868, 183.97, 'Restaurant', '2026-06-19 19:56:31', 'DEBIT', 'acc-9451b0a9-103d-4682-bdbd-d8e15da6ab6b');
INSERT INTO account_operation (id, amount, description, operation_date, type, bank_account_id) VALUES (3869, 1018.4, 'Orange', '2026-06-07 19:56:31', 'DEBIT', 'acc-9451b0a9-103d-4682-bdbd-d8e15da6ab6b');
INSERT INTO account_operation (id, amount, description, operation_date, type, bank_account_id) VALUES (3870, 1857.39, 'CTM Bus', '2026-04-06 19:56:31', 'DEBIT', 'acc-9451b0a9-103d-4682-bdbd-d8e15da6ab6b');
INSERT INTO account_operation (id, amount, description, operation_date, type, bank_account_id) VALUES (3871, 1765.31, 'Salary Deposit', '2026-02-21 19:56:31', 'CREDIT', 'acc-9451b0a9-103d-4682-bdbd-d8e15da6ab6b');
INSERT INTO account_operation (id, amount, description, operation_date, type, bank_account_id) VALUES (3872, 437.5, 'Local Cafe', '2026-04-21 19:56:31', 'DEBIT', 'acc-9451b0a9-103d-4682-bdbd-d8e15da6ab6b');
INSERT INTO account_operation (id, amount, description, operation_date, type, bank_account_id) VALUES (3873, 278.71, 'BIM Store', '2026-05-17 19:56:31', 'DEBIT', 'acc-9451b0a9-103d-4682-bdbd-d8e15da6ab6b');
INSERT INTO account_operation (id, amount, description, operation_date, type, bank_account_id) VALUES (3874, 933.84, 'Pharmacy', '2026-06-12 19:56:31', 'DEBIT', 'acc-9451b0a9-103d-4682-bdbd-d8e15da6ab6b');
INSERT INTO account_operation (id, amount, description, operation_date, type, bank_account_id) VALUES (3875, 4468.56, 'Cash Deposit', '2026-05-31 19:56:31', 'CREDIT', 'acc-9451b0a9-103d-4682-bdbd-d8e15da6ab6b');
INSERT INTO account_operation (id, amount, description, operation_date, type, bank_account_id) VALUES (3876, 329.58, 'Inwi', '2026-04-07 19:56:31', 'DEBIT', 'acc-9451b0a9-103d-4682-bdbd-d8e15da6ab6b');
INSERT INTO account_operation (id, amount, description, operation_date, type, bank_account_id) VALUES (3877, 1728.88, 'BIM Store', '2026-06-07 19:56:31', 'DEBIT', 'acc-9451b0a9-103d-4682-bdbd-d8e15da6ab6b');
INSERT INTO account_operation (id, amount, description, operation_date, type, bank_account_id) VALUES (3878, 1881.37, 'Freelance Payment', '2026-06-07 19:56:31', 'CREDIT', 'acc-9451b0a9-103d-4682-bdbd-d8e15da6ab6b');
INSERT INTO account_operation (id, amount, description, operation_date, type, bank_account_id) VALUES (3879, 757.0, 'CTM Bus', '2026-05-30 19:56:31', 'DEBIT', 'acc-9451b0a9-103d-4682-bdbd-d8e15da6ab6b');
INSERT INTO account_operation (id, amount, description, operation_date, type, bank_account_id) VALUES (3880, 7331.09, 'Transfer Received', '2026-05-29 19:56:31', 'CREDIT', 'acc-9451b0a9-103d-4682-bdbd-d8e15da6ab6b');
INSERT INTO account_operation (id, amount, description, operation_date, type, bank_account_id) VALUES (3881, 14573.23, 'Cash Deposit', '2026-03-27 19:56:31', 'CREDIT', 'acc-9451b0a9-103d-4682-bdbd-d8e15da6ab6b');
INSERT INTO account_operation (id, amount, description, operation_date, type, bank_account_id) VALUES (3882, 1377.03, 'Pharmacy', '2026-03-18 19:56:31', 'DEBIT', 'acc-9451b0a9-103d-4682-bdbd-d8e15da6ab6b');
INSERT INTO account_operation (id, amount, description, operation_date, type, bank_account_id) VALUES (3883, 698.81, 'LC Waikiki', '2026-05-19 19:56:31', 'DEBIT', 'acc-9451b0a9-103d-4682-bdbd-d8e15da6ab6b');
INSERT INTO account_operation (id, amount, description, operation_date, type, bank_account_id) VALUES (3884, 567.93, 'Restaurant', '2026-03-22 19:56:31', 'DEBIT', 'acc-9451b0a9-103d-4682-bdbd-d8e15da6ab6b');

INSERT INTO customer (id, name, email) VALUES (68, 'Omar Lahlou', 'omar.lahlou@gmail.com');
INSERT INTO bank_account (id, type, balance, created_at, customer_id, over_draft, interest_rate) VALUES ('acc-a9d242e2-8813-4482-899f-4325857fb795', 'SAVE', 63974.34, '2026-02-25 19:56:31', 68, NULL, 3.48);
INSERT INTO account_operation (id, amount, description, operation_date, type, bank_account_id) VALUES (3885, 24120.88, 'Initial Account Funding', '2026-02-25 19:56:31', 'CREDIT', 'acc-a9d242e2-8813-4482-899f-4325857fb795');
INSERT INTO account_operation (id, amount, description, operation_date, type, bank_account_id) VALUES (3886, 963.31, 'Netflix Subscription', '2026-05-10 19:56:31', 'DEBIT', 'acc-a9d242e2-8813-4482-899f-4325857fb795');
INSERT INTO account_operation (id, amount, description, operation_date, type, bank_account_id) VALUES (3887, 14593.93, 'Transfer Received', '2026-04-17 19:56:31', 'CREDIT', 'acc-a9d242e2-8813-4482-899f-4325857fb795');
INSERT INTO account_operation (id, amount, description, operation_date, type, bank_account_id) VALUES (3888, 13678.74, 'Transfer Received', '2026-05-26 19:56:31', 'CREDIT', 'acc-a9d242e2-8813-4482-899f-4325857fb795');
INSERT INTO account_operation (id, amount, description, operation_date, type, bank_account_id) VALUES (3889, 877.4, 'Restaurant', '2026-05-30 19:56:31', 'DEBIT', 'acc-a9d242e2-8813-4482-899f-4325857fb795');
INSERT INTO account_operation (id, amount, description, operation_date, type, bank_account_id) VALUES (3890, 545.02, 'Marjane Supermarket', '2026-05-14 19:56:31', 'DEBIT', 'acc-a9d242e2-8813-4482-899f-4325857fb795');
INSERT INTO account_operation (id, amount, description, operation_date, type, bank_account_id) VALUES (3891, 5559.8, 'Dividend Payout', '2026-05-07 19:56:31', 'CREDIT', 'acc-a9d242e2-8813-4482-899f-4325857fb795');
INSERT INTO account_operation (id, amount, description, operation_date, type, bank_account_id) VALUES (3892, 1109.46, 'BIM Store', '2026-05-21 19:56:31', 'DEBIT', 'acc-a9d242e2-8813-4482-899f-4325857fb795');
INSERT INTO account_operation (id, amount, description, operation_date, type, bank_account_id) VALUES (3893, 1886.67, 'ONCF Train', '2026-06-19 19:56:31', 'DEBIT', 'acc-a9d242e2-8813-4482-899f-4325857fb795');
INSERT INTO account_operation (id, amount, description, operation_date, type, bank_account_id) VALUES (3894, 1127.48, 'Pharmacy', '2026-05-16 19:56:31', 'DEBIT', 'acc-a9d242e2-8813-4482-899f-4325857fb795');
INSERT INTO account_operation (id, amount, description, operation_date, type, bank_account_id) VALUES (3895, 1645.07, 'LC Waikiki', '2026-05-10 19:56:31', 'DEBIT', 'acc-a9d242e2-8813-4482-899f-4325857fb795');
INSERT INTO account_operation (id, amount, description, operation_date, type, bank_account_id) VALUES (3896, 638.01, 'Marjane Supermarket', '2026-04-04 19:56:31', 'DEBIT', 'acc-a9d242e2-8813-4482-899f-4325857fb795');
INSERT INTO account_operation (id, amount, description, operation_date, type, bank_account_id) VALUES (3897, 585.08, 'Zara', '2026-05-11 19:56:31', 'DEBIT', 'acc-a9d242e2-8813-4482-899f-4325857fb795');
INSERT INTO account_operation (id, amount, description, operation_date, type, bank_account_id) VALUES (3898, 873.94, 'BIM Store', '2026-03-04 19:56:31', 'DEBIT', 'acc-a9d242e2-8813-4482-899f-4325857fb795');
INSERT INTO account_operation (id, amount, description, operation_date, type, bank_account_id) VALUES (3899, 3254.47, 'Transfer Received', '2026-04-12 19:56:31', 'CREDIT', 'acc-a9d242e2-8813-4482-899f-4325857fb795');
INSERT INTO account_operation (id, amount, description, operation_date, type, bank_account_id) VALUES (3900, 1433.66, 'Zara', '2026-06-19 19:56:31', 'DEBIT', 'acc-a9d242e2-8813-4482-899f-4325857fb795');
INSERT INTO account_operation (id, amount, description, operation_date, type, bank_account_id) VALUES (3901, 1707.26, 'Inwi', '2026-06-13 19:56:31', 'DEBIT', 'acc-a9d242e2-8813-4482-899f-4325857fb795');
INSERT INTO account_operation (id, amount, description, operation_date, type, bank_account_id) VALUES (3902, 1662.2, 'Restaurant', '2026-05-16 19:56:31', 'DEBIT', 'acc-a9d242e2-8813-4482-899f-4325857fb795');
INSERT INTO account_operation (id, amount, description, operation_date, type, bank_account_id) VALUES (3903, 847.43, 'Netflix Subscription', '2026-04-11 19:56:31', 'DEBIT', 'acc-a9d242e2-8813-4482-899f-4325857fb795');
INSERT INTO account_operation (id, amount, description, operation_date, type, bank_account_id) VALUES (3904, 2672.37, 'Salary Deposit', '2026-06-24 19:56:31', 'CREDIT', 'acc-a9d242e2-8813-4482-899f-4325857fb795');
INSERT INTO account_operation (id, amount, description, operation_date, type, bank_account_id) VALUES (3905, 1103.47, 'Netflix Subscription', '2026-06-23 19:56:31', 'DEBIT', 'acc-a9d242e2-8813-4482-899f-4325857fb795');
INSERT INTO account_operation (id, amount, description, operation_date, type, bank_account_id) VALUES (3906, 1909.98, 'Inwi', '2026-05-15 19:56:31', 'DEBIT', 'acc-a9d242e2-8813-4482-899f-4325857fb795');
INSERT INTO account_operation (id, amount, description, operation_date, type, bank_account_id) VALUES (3907, 1411.98, 'ONEE Electricity', '2026-03-23 19:56:31', 'DEBIT', 'acc-a9d242e2-8813-4482-899f-4325857fb795');
INSERT INTO account_operation (id, amount, description, operation_date, type, bank_account_id) VALUES (3908, 520.92, 'ONCF Train', '2026-06-03 19:56:31', 'DEBIT', 'acc-a9d242e2-8813-4482-899f-4325857fb795');
INSERT INTO account_operation (id, amount, description, operation_date, type, bank_account_id) VALUES (3909, 1997.45, 'Marjane Supermarket', '2026-03-23 19:56:31', 'DEBIT', 'acc-a9d242e2-8813-4482-899f-4325857fb795');
INSERT INTO account_operation (id, amount, description, operation_date, type, bank_account_id) VALUES (3910, 776.33, 'Carrefour', '2026-03-20 19:56:31', 'DEBIT', 'acc-a9d242e2-8813-4482-899f-4325857fb795');
INSERT INTO account_operation (id, amount, description, operation_date, type, bank_account_id) VALUES (3911, 6879.09, 'Cash Deposit', '2026-03-10 19:56:31', 'CREDIT', 'acc-a9d242e2-8813-4482-899f-4325857fb795');
INSERT INTO account_operation (id, amount, description, operation_date, type, bank_account_id) VALUES (3912, 49.46, 'Restaurant', '2026-03-26 19:56:31', 'DEBIT', 'acc-a9d242e2-8813-4482-899f-4325857fb795');
INSERT INTO account_operation (id, amount, description, operation_date, type, bank_account_id) VALUES (3913, 1711.87, 'Decathlon', '2026-05-11 19:56:31', 'DEBIT', 'acc-a9d242e2-8813-4482-899f-4325857fb795');
INSERT INTO account_operation (id, amount, description, operation_date, type, bank_account_id) VALUES (3914, 620.4, 'ONEE Electricity', '2026-05-23 19:56:31', 'DEBIT', 'acc-a9d242e2-8813-4482-899f-4325857fb795');
INSERT INTO account_operation (id, amount, description, operation_date, type, bank_account_id) VALUES (3915, 4030.89, 'Dividend Payout', '2026-06-28 19:56:31', 'CREDIT', 'acc-a9d242e2-8813-4482-899f-4325857fb795');
INSERT INTO account_operation (id, amount, description, operation_date, type, bank_account_id) VALUES (3916, 256.05, 'LC Waikiki', '2026-05-18 19:56:31', 'DEBIT', 'acc-a9d242e2-8813-4482-899f-4325857fb795');
INSERT INTO account_operation (id, amount, description, operation_date, type, bank_account_id) VALUES (3917, 11367.28, 'Dividend Payout', '2026-05-07 19:56:31', 'CREDIT', 'acc-a9d242e2-8813-4482-899f-4325857fb795');
INSERT INTO account_operation (id, amount, description, operation_date, type, bank_account_id) VALUES (3918, 10396.22, 'Dividend Payout', '2026-05-13 19:56:31', 'CREDIT', 'acc-a9d242e2-8813-4482-899f-4325857fb795');
INSERT INTO account_operation (id, amount, description, operation_date, type, bank_account_id) VALUES (3919, 1795.32, 'Carrefour', '2026-04-25 19:56:31', 'DEBIT', 'acc-a9d242e2-8813-4482-899f-4325857fb795');
INSERT INTO account_operation (id, amount, description, operation_date, type, bank_account_id) VALUES (3920, 405.55, 'Amendis', '2026-05-25 19:56:31', 'DEBIT', 'acc-a9d242e2-8813-4482-899f-4325857fb795');
INSERT INTO account_operation (id, amount, description, operation_date, type, bank_account_id) VALUES (3921, 1058.25, 'ONCF Train', '2026-04-06 19:56:31', 'DEBIT', 'acc-a9d242e2-8813-4482-899f-4325857fb795');
INSERT INTO account_operation (id, amount, description, operation_date, type, bank_account_id) VALUES (3922, 617.3, 'Amendis', '2026-02-25 19:56:31', 'DEBIT', 'acc-a9d242e2-8813-4482-899f-4325857fb795');
INSERT INTO account_operation (id, amount, description, operation_date, type, bank_account_id) VALUES (3923, 845.81, 'Local Cafe', '2026-06-27 19:56:31', 'DEBIT', 'acc-a9d242e2-8813-4482-899f-4325857fb795');
INSERT INTO account_operation (id, amount, description, operation_date, type, bank_account_id) VALUES (3924, 674.63, 'Maroc Telecom', '2026-04-09 19:56:31', 'DEBIT', 'acc-a9d242e2-8813-4482-899f-4325857fb795');
INSERT INTO account_operation (id, amount, description, operation_date, type, bank_account_id) VALUES (3925, 922.57, 'Pharmacy', '2026-03-07 19:56:31', 'DEBIT', 'acc-a9d242e2-8813-4482-899f-4325857fb795');
INSERT INTO bank_account (id, type, balance, created_at, customer_id, over_draft, interest_rate) VALUES ('acc-df40f666-2b08-43f5-8bb8-2163f37a86c8', 'SAVE', 42291.48, '2026-02-22 19:56:31', 68, NULL, 2.67);
INSERT INTO account_operation (id, amount, description, operation_date, type, bank_account_id) VALUES (3926, 39350.5, 'Initial Account Funding', '2026-02-22 19:56:31', 'CREDIT', 'acc-df40f666-2b08-43f5-8bb8-2163f37a86c8');
INSERT INTO account_operation (id, amount, description, operation_date, type, bank_account_id) VALUES (3927, 952.23, 'Orange', '2026-05-12 19:56:31', 'DEBIT', 'acc-df40f666-2b08-43f5-8bb8-2163f37a86c8');
INSERT INTO account_operation (id, amount, description, operation_date, type, bank_account_id) VALUES (3928, 5518.56, 'Salary Deposit', '2026-04-24 19:56:31', 'CREDIT', 'acc-df40f666-2b08-43f5-8bb8-2163f37a86c8');
INSERT INTO account_operation (id, amount, description, operation_date, type, bank_account_id) VALUES (3929, 684.98, 'ONCF Train', '2026-05-07 19:56:31', 'DEBIT', 'acc-df40f666-2b08-43f5-8bb8-2163f37a86c8');
INSERT INTO account_operation (id, amount, description, operation_date, type, bank_account_id) VALUES (3930, 14261.07, 'Freelance Payment', '2026-03-29 19:56:31', 'CREDIT', 'acc-df40f666-2b08-43f5-8bb8-2163f37a86c8');
INSERT INTO account_operation (id, amount, description, operation_date, type, bank_account_id) VALUES (3931, 1890.66, 'CTM Bus', '2026-03-20 19:56:31', 'DEBIT', 'acc-df40f666-2b08-43f5-8bb8-2163f37a86c8');
INSERT INTO account_operation (id, amount, description, operation_date, type, bank_account_id) VALUES (3932, 64.19, 'Inwi', '2026-03-16 19:56:31', 'DEBIT', 'acc-df40f666-2b08-43f5-8bb8-2163f37a86c8');
INSERT INTO account_operation (id, amount, description, operation_date, type, bank_account_id) VALUES (3933, 1303.37, 'Netflix Subscription', '2026-05-22 19:56:31', 'DEBIT', 'acc-df40f666-2b08-43f5-8bb8-2163f37a86c8');
INSERT INTO account_operation (id, amount, description, operation_date, type, bank_account_id) VALUES (3934, 1610.69, 'Orange', '2026-04-10 19:56:31', 'DEBIT', 'acc-df40f666-2b08-43f5-8bb8-2163f37a86c8');
INSERT INTO account_operation (id, amount, description, operation_date, type, bank_account_id) VALUES (3935, 396.37, 'ONCF Train', '2026-06-28 19:56:31', 'DEBIT', 'acc-df40f666-2b08-43f5-8bb8-2163f37a86c8');
INSERT INTO account_operation (id, amount, description, operation_date, type, bank_account_id) VALUES (3936, 251.68, 'Local Cafe', '2026-02-23 19:56:31', 'DEBIT', 'acc-df40f666-2b08-43f5-8bb8-2163f37a86c8');
INSERT INTO account_operation (id, amount, description, operation_date, type, bank_account_id) VALUES (3937, 42.52, 'CTM Bus', '2026-06-06 19:56:31', 'DEBIT', 'acc-df40f666-2b08-43f5-8bb8-2163f37a86c8');
INSERT INTO account_operation (id, amount, description, operation_date, type, bank_account_id) VALUES (3938, 1952.15, 'Pharmacy', '2026-04-22 19:56:31', 'DEBIT', 'acc-df40f666-2b08-43f5-8bb8-2163f37a86c8');
INSERT INTO account_operation (id, amount, description, operation_date, type, bank_account_id) VALUES (3939, 704.74, 'Pharmacy', '2026-04-26 19:56:31', 'DEBIT', 'acc-df40f666-2b08-43f5-8bb8-2163f37a86c8');
INSERT INTO account_operation (id, amount, description, operation_date, type, bank_account_id) VALUES (3940, 1265.91, 'ONCF Train', '2026-06-13 19:56:31', 'DEBIT', 'acc-df40f666-2b08-43f5-8bb8-2163f37a86c8');
INSERT INTO account_operation (id, amount, description, operation_date, type, bank_account_id) VALUES (3941, 1517.12, 'Decathlon', '2026-05-09 19:56:31', 'DEBIT', 'acc-df40f666-2b08-43f5-8bb8-2163f37a86c8');
INSERT INTO account_operation (id, amount, description, operation_date, type, bank_account_id) VALUES (3942, 1453.11, 'Redal', '2026-05-27 19:56:31', 'DEBIT', 'acc-df40f666-2b08-43f5-8bb8-2163f37a86c8');
INSERT INTO account_operation (id, amount, description, operation_date, type, bank_account_id) VALUES (3943, 385.76, 'Marjane Supermarket', '2026-06-08 19:56:31', 'DEBIT', 'acc-df40f666-2b08-43f5-8bb8-2163f37a86c8');
INSERT INTO account_operation (id, amount, description, operation_date, type, bank_account_id) VALUES (3944, 3671.44, 'Dividend Payout', '2026-06-21 19:56:31', 'CREDIT', 'acc-df40f666-2b08-43f5-8bb8-2163f37a86c8');
INSERT INTO account_operation (id, amount, description, operation_date, type, bank_account_id) VALUES (3945, 175.09, 'Amendis', '2026-05-16 19:56:31', 'DEBIT', 'acc-df40f666-2b08-43f5-8bb8-2163f37a86c8');
INSERT INTO account_operation (id, amount, description, operation_date, type, bank_account_id) VALUES (3946, 1362.01, 'Redal', '2026-05-26 19:56:31', 'DEBIT', 'acc-df40f666-2b08-43f5-8bb8-2163f37a86c8');
INSERT INTO account_operation (id, amount, description, operation_date, type, bank_account_id) VALUES (3947, 1448.31, 'BIM Store', '2026-05-08 19:56:31', 'DEBIT', 'acc-df40f666-2b08-43f5-8bb8-2163f37a86c8');
INSERT INTO account_operation (id, amount, description, operation_date, type, bank_account_id) VALUES (3948, 117.85, 'ONEE Electricity', '2026-03-19 19:56:31', 'DEBIT', 'acc-df40f666-2b08-43f5-8bb8-2163f37a86c8');
INSERT INTO account_operation (id, amount, description, operation_date, type, bank_account_id) VALUES (3949, 1633.86, 'BIM Store', '2026-02-27 19:56:31', 'DEBIT', 'acc-df40f666-2b08-43f5-8bb8-2163f37a86c8');
INSERT INTO account_operation (id, amount, description, operation_date, type, bank_account_id) VALUES (3950, 1185.01, 'Spotify', '2026-06-23 19:56:31', 'DEBIT', 'acc-df40f666-2b08-43f5-8bb8-2163f37a86c8');
INSERT INTO account_operation (id, amount, description, operation_date, type, bank_account_id) VALUES (3951, 821.66, 'Restaurant', '2026-03-29 19:56:31', 'DEBIT', 'acc-df40f666-2b08-43f5-8bb8-2163f37a86c8');
INSERT INTO account_operation (id, amount, description, operation_date, type, bank_account_id) VALUES (3952, 809.43, 'Carrefour', '2026-03-31 19:56:31', 'DEBIT', 'acc-df40f666-2b08-43f5-8bb8-2163f37a86c8');
INSERT INTO account_operation (id, amount, description, operation_date, type, bank_account_id) VALUES (3953, 1419.28, 'Inwi', '2026-04-26 19:56:31', 'DEBIT', 'acc-df40f666-2b08-43f5-8bb8-2163f37a86c8');
INSERT INTO account_operation (id, amount, description, operation_date, type, bank_account_id) VALUES (3954, 1831.84, 'Restaurant', '2026-04-29 19:56:31', 'DEBIT', 'acc-df40f666-2b08-43f5-8bb8-2163f37a86c8');
INSERT INTO account_operation (id, amount, description, operation_date, type, bank_account_id) VALUES (3955, 1632.43, 'Local Cafe', '2026-03-22 19:56:31', 'DEBIT', 'acc-df40f666-2b08-43f5-8bb8-2163f37a86c8');
INSERT INTO account_operation (id, amount, description, operation_date, type, bank_account_id) VALUES (3956, 231.66, 'Spotify', '2026-03-15 19:56:31', 'DEBIT', 'acc-df40f666-2b08-43f5-8bb8-2163f37a86c8');
INSERT INTO account_operation (id, amount, description, operation_date, type, bank_account_id) VALUES (3957, 203.34, 'Pharmacy', '2026-05-22 19:56:31', 'DEBIT', 'acc-df40f666-2b08-43f5-8bb8-2163f37a86c8');
INSERT INTO account_operation (id, amount, description, operation_date, type, bank_account_id) VALUES (3958, 10591.08, 'Dividend Payout', '2026-06-13 19:56:31', 'CREDIT', 'acc-df40f666-2b08-43f5-8bb8-2163f37a86c8');
INSERT INTO account_operation (id, amount, description, operation_date, type, bank_account_id) VALUES (3959, 1978.01, 'BIM Store', '2026-05-12 19:56:31', 'DEBIT', 'acc-df40f666-2b08-43f5-8bb8-2163f37a86c8');
INSERT INTO account_operation (id, amount, description, operation_date, type, bank_account_id) VALUES (3960, 1775.91, 'Amendis', '2026-04-30 19:56:31', 'DEBIT', 'acc-df40f666-2b08-43f5-8bb8-2163f37a86c8');
INSERT INTO bank_account (id, type, balance, created_at, customer_id, over_draft, interest_rate) VALUES ('acc-7cf8ee89-aa7e-41ce-8600-8163c7c36625', 'SAVE', 74672.03, '2026-05-15 19:56:31', 68, NULL, 2.62);
INSERT INTO account_operation (id, amount, description, operation_date, type, bank_account_id) VALUES (3961, 33693.28, 'Initial Account Funding', '2026-05-15 19:56:31', 'CREDIT', 'acc-7cf8ee89-aa7e-41ce-8600-8163c7c36625');
INSERT INTO account_operation (id, amount, description, operation_date, type, bank_account_id) VALUES (3962, 13390.08, 'Freelance Payment', '2026-06-06 19:56:31', 'CREDIT', 'acc-7cf8ee89-aa7e-41ce-8600-8163c7c36625');
INSERT INTO account_operation (id, amount, description, operation_date, type, bank_account_id) VALUES (3963, 4658.52, 'Freelance Payment', '2026-06-23 19:56:31', 'CREDIT', 'acc-7cf8ee89-aa7e-41ce-8600-8163c7c36625');
INSERT INTO account_operation (id, amount, description, operation_date, type, bank_account_id) VALUES (3964, 942.48, 'Redal', '2026-06-22 19:56:31', 'DEBIT', 'acc-7cf8ee89-aa7e-41ce-8600-8163c7c36625');
INSERT INTO account_operation (id, amount, description, operation_date, type, bank_account_id) VALUES (3965, 786.29, 'Redal', '2026-05-26 19:56:31', 'DEBIT', 'acc-7cf8ee89-aa7e-41ce-8600-8163c7c36625');
INSERT INTO account_operation (id, amount, description, operation_date, type, bank_account_id) VALUES (3966, 1798.25, 'Inwi', '2026-05-17 19:56:31', 'DEBIT', 'acc-7cf8ee89-aa7e-41ce-8600-8163c7c36625');
INSERT INTO account_operation (id, amount, description, operation_date, type, bank_account_id) VALUES (3967, 1733.75, 'Local Cafe', '2026-06-05 19:56:31', 'DEBIT', 'acc-7cf8ee89-aa7e-41ce-8600-8163c7c36625');
INSERT INTO account_operation (id, amount, description, operation_date, type, bank_account_id) VALUES (3968, 977.33, 'Marjane Supermarket', '2026-06-15 19:56:31', 'DEBIT', 'acc-7cf8ee89-aa7e-41ce-8600-8163c7c36625');
INSERT INTO account_operation (id, amount, description, operation_date, type, bank_account_id) VALUES (3969, 14763.83, 'Transfer Received', '2026-06-14 19:56:31', 'CREDIT', 'acc-7cf8ee89-aa7e-41ce-8600-8163c7c36625');
INSERT INTO account_operation (id, amount, description, operation_date, type, bank_account_id) VALUES (3970, 1399.22, 'Spotify', '2026-06-13 19:56:31', 'DEBIT', 'acc-7cf8ee89-aa7e-41ce-8600-8163c7c36625');
INSERT INTO account_operation (id, amount, description, operation_date, type, bank_account_id) VALUES (3971, 8403.65, 'Transfer Received', '2026-05-30 19:56:31', 'CREDIT', 'acc-7cf8ee89-aa7e-41ce-8600-8163c7c36625');
INSERT INTO account_operation (id, amount, description, operation_date, type, bank_account_id) VALUES (3972, 7902.86, 'Transfer Received', '2026-06-05 19:56:31', 'CREDIT', 'acc-7cf8ee89-aa7e-41ce-8600-8163c7c36625');
INSERT INTO account_operation (id, amount, description, operation_date, type, bank_account_id) VALUES (3973, 502.87, 'Spotify', '2026-06-09 19:56:31', 'DEBIT', 'acc-7cf8ee89-aa7e-41ce-8600-8163c7c36625');

INSERT INTO customer (id, name, email) VALUES (69, 'Yassine Alaoui', 'yassine.alaoui@gmail.com');
INSERT INTO bank_account (id, type, balance, created_at, customer_id, over_draft, interest_rate) VALUES ('acc-da0010b3-dca3-40ac-b365-d0ad49b458d5', 'CURR', 42654.54, '2025-08-17 19:56:31', 69, 2199.06, NULL);
INSERT INTO account_operation (id, amount, description, operation_date, type, bank_account_id) VALUES (3974, 31769.74, 'Initial Account Funding', '2025-08-17 19:56:31', 'CREDIT', 'acc-da0010b3-dca3-40ac-b365-d0ad49b458d5');
INSERT INTO account_operation (id, amount, description, operation_date, type, bank_account_id) VALUES (3975, 238.19, 'Zara', '2025-11-30 19:56:31', 'DEBIT', 'acc-da0010b3-dca3-40ac-b365-d0ad49b458d5');
INSERT INTO account_operation (id, amount, description, operation_date, type, bank_account_id) VALUES (3976, 1375.25, 'Amendis', '2025-08-31 19:56:31', 'DEBIT', 'acc-da0010b3-dca3-40ac-b365-d0ad49b458d5');
INSERT INTO account_operation (id, amount, description, operation_date, type, bank_account_id) VALUES (3977, 1069.83, 'Carrefour', '2025-10-27 19:56:31', 'DEBIT', 'acc-da0010b3-dca3-40ac-b365-d0ad49b458d5');
INSERT INTO account_operation (id, amount, description, operation_date, type, bank_account_id) VALUES (3978, 1143.14, 'Marjane Supermarket', '2026-01-10 19:56:31', 'DEBIT', 'acc-da0010b3-dca3-40ac-b365-d0ad49b458d5');
INSERT INTO account_operation (id, amount, description, operation_date, type, bank_account_id) VALUES (3979, 557.24, 'Redal', '2025-08-21 19:56:31', 'DEBIT', 'acc-da0010b3-dca3-40ac-b365-d0ad49b458d5');
INSERT INTO account_operation (id, amount, description, operation_date, type, bank_account_id) VALUES (3980, 720.38, 'Restaurant', '2025-09-18 19:56:31', 'DEBIT', 'acc-da0010b3-dca3-40ac-b365-d0ad49b458d5');
INSERT INTO account_operation (id, amount, description, operation_date, type, bank_account_id) VALUES (3981, 9349.81, 'Dividend Payout', '2025-08-19 19:56:31', 'CREDIT', 'acc-da0010b3-dca3-40ac-b365-d0ad49b458d5');
INSERT INTO account_operation (id, amount, description, operation_date, type, bank_account_id) VALUES (3982, 1709.04, 'Carrefour', '2026-03-22 19:56:31', 'DEBIT', 'acc-da0010b3-dca3-40ac-b365-d0ad49b458d5');
INSERT INTO account_operation (id, amount, description, operation_date, type, bank_account_id) VALUES (3983, 753.99, 'CTM Bus', '2025-08-30 19:56:31', 'DEBIT', 'acc-da0010b3-dca3-40ac-b365-d0ad49b458d5');
INSERT INTO account_operation (id, amount, description, operation_date, type, bank_account_id) VALUES (3984, 348.84, 'Decathlon', '2026-04-06 19:56:31', 'DEBIT', 'acc-da0010b3-dca3-40ac-b365-d0ad49b458d5');
INSERT INTO account_operation (id, amount, description, operation_date, type, bank_account_id) VALUES (3985, 537.15, 'Inwi', '2025-12-21 19:56:31', 'DEBIT', 'acc-da0010b3-dca3-40ac-b365-d0ad49b458d5');
INSERT INTO account_operation (id, amount, description, operation_date, type, bank_account_id) VALUES (3986, 1857.77, 'Decathlon', '2025-10-20 19:56:31', 'DEBIT', 'acc-da0010b3-dca3-40ac-b365-d0ad49b458d5');
INSERT INTO account_operation (id, amount, description, operation_date, type, bank_account_id) VALUES (3987, 11845.81, 'Salary Deposit', '2025-12-02 19:56:31', 'CREDIT', 'acc-da0010b3-dca3-40ac-b365-d0ad49b458d5');
INSERT INTO bank_account (id, type, balance, created_at, customer_id, over_draft, interest_rate) VALUES ('acc-f436133d-e875-4e92-83cc-f99aafd2e7c2', 'SAVE', 41345.09, '2025-08-22 19:56:31', 69, NULL, 2.52);
INSERT INTO account_operation (id, amount, description, operation_date, type, bank_account_id) VALUES (3988, 22162.52, 'Initial Account Funding', '2025-08-22 19:56:31', 'CREDIT', 'acc-f436133d-e875-4e92-83cc-f99aafd2e7c2');
INSERT INTO account_operation (id, amount, description, operation_date, type, bank_account_id) VALUES (3989, 261.87, 'Carrefour', '2026-02-05 19:56:31', 'DEBIT', 'acc-f436133d-e875-4e92-83cc-f99aafd2e7c2');
INSERT INTO account_operation (id, amount, description, operation_date, type, bank_account_id) VALUES (3990, 1572.61, 'Orange', '2025-11-18 19:56:31', 'DEBIT', 'acc-f436133d-e875-4e92-83cc-f99aafd2e7c2');
INSERT INTO account_operation (id, amount, description, operation_date, type, bank_account_id) VALUES (3991, 9390.68, 'Dividend Payout', '2026-06-17 19:56:31', 'CREDIT', 'acc-f436133d-e875-4e92-83cc-f99aafd2e7c2');
INSERT INTO account_operation (id, amount, description, operation_date, type, bank_account_id) VALUES (3992, 800.11, 'Decathlon', '2026-05-11 19:56:31', 'DEBIT', 'acc-f436133d-e875-4e92-83cc-f99aafd2e7c2');
INSERT INTO account_operation (id, amount, description, operation_date, type, bank_account_id) VALUES (3993, 1792.62, 'BIM Store', '2025-10-27 19:56:31', 'DEBIT', 'acc-f436133d-e875-4e92-83cc-f99aafd2e7c2');
INSERT INTO account_operation (id, amount, description, operation_date, type, bank_account_id) VALUES (3994, 8348.9, 'Salary Deposit', '2025-10-30 19:56:31', 'CREDIT', 'acc-f436133d-e875-4e92-83cc-f99aafd2e7c2');
INSERT INTO account_operation (id, amount, description, operation_date, type, bank_account_id) VALUES (3995, 1536.21, 'Marjane Supermarket', '2026-01-07 19:56:31', 'DEBIT', 'acc-f436133d-e875-4e92-83cc-f99aafd2e7c2');
INSERT INTO account_operation (id, amount, description, operation_date, type, bank_account_id) VALUES (3996, 1673.7, 'Maroc Telecom', '2025-09-02 19:56:31', 'DEBIT', 'acc-f436133d-e875-4e92-83cc-f99aafd2e7c2');
INSERT INTO account_operation (id, amount, description, operation_date, type, bank_account_id) VALUES (3997, 1345.3, 'BIM Store', '2025-11-20 19:56:31', 'DEBIT', 'acc-f436133d-e875-4e92-83cc-f99aafd2e7c2');
INSERT INTO account_operation (id, amount, description, operation_date, type, bank_account_id) VALUES (3998, 518.31, 'LC Waikiki', '2025-12-31 19:56:31', 'DEBIT', 'acc-f436133d-e875-4e92-83cc-f99aafd2e7c2');
INSERT INTO account_operation (id, amount, description, operation_date, type, bank_account_id) VALUES (3999, 743.81, 'Amendis', '2026-01-05 19:56:31', 'DEBIT', 'acc-f436133d-e875-4e92-83cc-f99aafd2e7c2');
INSERT INTO account_operation (id, amount, description, operation_date, type, bank_account_id) VALUES (4000, 5266.3, 'Transfer Received', '2025-09-23 19:56:31', 'CREDIT', 'acc-f436133d-e875-4e92-83cc-f99aafd2e7c2');
INSERT INTO account_operation (id, amount, description, operation_date, type, bank_account_id) VALUES (4001, 350.26, 'Marjane Supermarket', '2025-10-06 19:56:31', 'DEBIT', 'acc-f436133d-e875-4e92-83cc-f99aafd2e7c2');
INSERT INTO account_operation (id, amount, description, operation_date, type, bank_account_id) VALUES (4002, 880.02, 'ONCF Train', '2026-05-22 19:56:31', 'DEBIT', 'acc-f436133d-e875-4e92-83cc-f99aafd2e7c2');
INSERT INTO account_operation (id, amount, description, operation_date, type, bank_account_id) VALUES (4003, 3764.7, 'Salary Deposit', '2025-12-21 19:56:31', 'CREDIT', 'acc-f436133d-e875-4e92-83cc-f99aafd2e7c2');
INSERT INTO account_operation (id, amount, description, operation_date, type, bank_account_id) VALUES (4004, 1987.51, 'Decathlon', '2025-08-23 19:56:31', 'DEBIT', 'acc-f436133d-e875-4e92-83cc-f99aafd2e7c2');
INSERT INTO account_operation (id, amount, description, operation_date, type, bank_account_id) VALUES (4005, 288.94, 'Redal', '2025-10-21 19:56:31', 'DEBIT', 'acc-f436133d-e875-4e92-83cc-f99aafd2e7c2');
INSERT INTO account_operation (id, amount, description, operation_date, type, bank_account_id) VALUES (4006, 798.4, 'Spotify', '2025-10-18 19:56:31', 'DEBIT', 'acc-f436133d-e875-4e92-83cc-f99aafd2e7c2');
INSERT INTO account_operation (id, amount, description, operation_date, type, bank_account_id) VALUES (4007, 11484.7, 'Transfer Received', '2025-09-02 19:56:31', 'CREDIT', 'acc-f436133d-e875-4e92-83cc-f99aafd2e7c2');
INSERT INTO account_operation (id, amount, description, operation_date, type, bank_account_id) VALUES (4008, 414.25, 'Decathlon', '2026-04-05 19:56:31', 'DEBIT', 'acc-f436133d-e875-4e92-83cc-f99aafd2e7c2');
INSERT INTO account_operation (id, amount, description, operation_date, type, bank_account_id) VALUES (4009, 455.5, 'ONCF Train', '2026-03-13 19:56:31', 'DEBIT', 'acc-f436133d-e875-4e92-83cc-f99aafd2e7c2');
INSERT INTO account_operation (id, amount, description, operation_date, type, bank_account_id) VALUES (4010, 623.49, 'Netflix Subscription', '2025-10-22 19:56:31', 'DEBIT', 'acc-f436133d-e875-4e92-83cc-f99aafd2e7c2');
INSERT INTO account_operation (id, amount, description, operation_date, type, bank_account_id) VALUES (4011, 1624.18, 'Zara', '2025-10-11 19:56:31', 'DEBIT', 'acc-f436133d-e875-4e92-83cc-f99aafd2e7c2');
INSERT INTO account_operation (id, amount, description, operation_date, type, bank_account_id) VALUES (4012, 1405.62, 'Netflix Subscription', '2025-09-17 19:56:31', 'DEBIT', 'acc-f436133d-e875-4e92-83cc-f99aafd2e7c2');
INSERT INTO bank_account (id, type, balance, created_at, customer_id, over_draft, interest_rate) VALUES ('acc-3368a6d6-ed8e-433f-9206-a543b3684b31', 'CURR', 144786.53, '2025-11-04 19:56:31', 69, 9439.11, NULL);
INSERT INTO account_operation (id, amount, description, operation_date, type, bank_account_id) VALUES (4013, 20279.53, 'Initial Account Funding', '2025-11-04 19:56:31', 'CREDIT', 'acc-3368a6d6-ed8e-433f-9206-a543b3684b31');
INSERT INTO account_operation (id, amount, description, operation_date, type, bank_account_id) VALUES (4014, 4380.85, 'Salary Deposit', '2026-02-02 19:56:31', 'CREDIT', 'acc-3368a6d6-ed8e-433f-9206-a543b3684b31');
INSERT INTO account_operation (id, amount, description, operation_date, type, bank_account_id) VALUES (4015, 411.94, 'Decathlon', '2026-01-16 19:56:31', 'DEBIT', 'acc-3368a6d6-ed8e-433f-9206-a543b3684b31');
INSERT INTO account_operation (id, amount, description, operation_date, type, bank_account_id) VALUES (4016, 6337.94, 'Transfer Received', '2026-01-04 19:56:31', 'CREDIT', 'acc-3368a6d6-ed8e-433f-9206-a543b3684b31');
INSERT INTO account_operation (id, amount, description, operation_date, type, bank_account_id) VALUES (4017, 13326.4, 'Dividend Payout', '2026-04-25 19:56:31', 'CREDIT', 'acc-3368a6d6-ed8e-433f-9206-a543b3684b31');
INSERT INTO account_operation (id, amount, description, operation_date, type, bank_account_id) VALUES (4018, 1503.54, 'Marjane Supermarket', '2026-05-21 19:56:31', 'DEBIT', 'acc-3368a6d6-ed8e-433f-9206-a543b3684b31');
INSERT INTO account_operation (id, amount, description, operation_date, type, bank_account_id) VALUES (4019, 43.42, 'Amendis', '2025-12-20 19:56:31', 'DEBIT', 'acc-3368a6d6-ed8e-433f-9206-a543b3684b31');
INSERT INTO account_operation (id, amount, description, operation_date, type, bank_account_id) VALUES (4020, 12184.33, 'Freelance Payment', '2026-01-07 19:56:31', 'CREDIT', 'acc-3368a6d6-ed8e-433f-9206-a543b3684b31');
INSERT INTO account_operation (id, amount, description, operation_date, type, bank_account_id) VALUES (4021, 5479.11, 'Transfer Received', '2026-06-12 19:56:31', 'CREDIT', 'acc-3368a6d6-ed8e-433f-9206-a543b3684b31');
INSERT INTO account_operation (id, amount, description, operation_date, type, bank_account_id) VALUES (4022, 1578.79, 'Restaurant', '2026-04-02 19:56:31', 'DEBIT', 'acc-3368a6d6-ed8e-433f-9206-a543b3684b31');
INSERT INTO account_operation (id, amount, description, operation_date, type, bank_account_id) VALUES (4023, 1003.99, 'Spotify', '2026-05-26 19:56:31', 'DEBIT', 'acc-3368a6d6-ed8e-433f-9206-a543b3684b31');
INSERT INTO account_operation (id, amount, description, operation_date, type, bank_account_id) VALUES (4024, 164.71, 'Zara', '2025-11-21 19:56:31', 'DEBIT', 'acc-3368a6d6-ed8e-433f-9206-a543b3684b31');
INSERT INTO account_operation (id, amount, description, operation_date, type, bank_account_id) VALUES (4025, 97.64, 'Spotify', '2025-12-12 19:56:31', 'DEBIT', 'acc-3368a6d6-ed8e-433f-9206-a543b3684b31');
INSERT INTO account_operation (id, amount, description, operation_date, type, bank_account_id) VALUES (4026, 309.94, 'Maroc Telecom', '2026-04-19 19:56:31', 'DEBIT', 'acc-3368a6d6-ed8e-433f-9206-a543b3684b31');
INSERT INTO account_operation (id, amount, description, operation_date, type, bank_account_id) VALUES (4027, 12798.7, 'Dividend Payout', '2025-11-20 19:56:31', 'CREDIT', 'acc-3368a6d6-ed8e-433f-9206-a543b3684b31');
INSERT INTO account_operation (id, amount, description, operation_date, type, bank_account_id) VALUES (4028, 1165.25, 'Orange', '2026-03-23 19:56:31', 'DEBIT', 'acc-3368a6d6-ed8e-433f-9206-a543b3684b31');
INSERT INTO account_operation (id, amount, description, operation_date, type, bank_account_id) VALUES (4029, 1398.07, 'Zara', '2025-12-02 19:56:31', 'DEBIT', 'acc-3368a6d6-ed8e-433f-9206-a543b3684b31');
INSERT INTO account_operation (id, amount, description, operation_date, type, bank_account_id) VALUES (4030, 13595.08, 'Salary Deposit', '2026-01-24 19:56:31', 'CREDIT', 'acc-3368a6d6-ed8e-433f-9206-a543b3684b31');
INSERT INTO account_operation (id, amount, description, operation_date, type, bank_account_id) VALUES (4031, 6879.89, 'Cash Deposit', '2026-01-02 19:56:31', 'CREDIT', 'acc-3368a6d6-ed8e-433f-9206-a543b3684b31');
INSERT INTO account_operation (id, amount, description, operation_date, type, bank_account_id) VALUES (4032, 1533.37, 'ONCF Train', '2026-03-23 19:56:31', 'DEBIT', 'acc-3368a6d6-ed8e-433f-9206-a543b3684b31');
INSERT INTO account_operation (id, amount, description, operation_date, type, bank_account_id) VALUES (4033, 12367.11, 'Transfer Received', '2025-11-10 19:56:31', 'CREDIT', 'acc-3368a6d6-ed8e-433f-9206-a543b3684b31');
INSERT INTO account_operation (id, amount, description, operation_date, type, bank_account_id) VALUES (4034, 191.62, 'Local Cafe', '2026-06-05 19:56:31', 'DEBIT', 'acc-3368a6d6-ed8e-433f-9206-a543b3684b31');
INSERT INTO account_operation (id, amount, description, operation_date, type, bank_account_id) VALUES (4035, 289.72, 'BIM Store', '2026-02-08 19:56:31', 'DEBIT', 'acc-3368a6d6-ed8e-433f-9206-a543b3684b31');
INSERT INTO account_operation (id, amount, description, operation_date, type, bank_account_id) VALUES (4036, 10475.63, 'Dividend Payout', '2025-12-16 19:56:31', 'CREDIT', 'acc-3368a6d6-ed8e-433f-9206-a543b3684b31');
INSERT INTO account_operation (id, amount, description, operation_date, type, bank_account_id) VALUES (4037, 1862.78, 'Maroc Telecom', '2026-05-29 19:56:31', 'DEBIT', 'acc-3368a6d6-ed8e-433f-9206-a543b3684b31');
INSERT INTO account_operation (id, amount, description, operation_date, type, bank_account_id) VALUES (4038, 1484.77, 'Inwi', '2025-11-21 19:56:31', 'DEBIT', 'acc-3368a6d6-ed8e-433f-9206-a543b3684b31');
INSERT INTO account_operation (id, amount, description, operation_date, type, bank_account_id) VALUES (4039, 1946.07, 'Inwi', '2026-05-02 19:56:31', 'DEBIT', 'acc-3368a6d6-ed8e-433f-9206-a543b3684b31');
INSERT INTO account_operation (id, amount, description, operation_date, type, bank_account_id) VALUES (4040, 8562.27, 'Dividend Payout', '2026-01-12 19:56:31', 'CREDIT', 'acc-3368a6d6-ed8e-433f-9206-a543b3684b31');
INSERT INTO account_operation (id, amount, description, operation_date, type, bank_account_id) VALUES (4041, 6385.46, 'Cash Deposit', '2026-05-01 19:56:31', 'CREDIT', 'acc-3368a6d6-ed8e-433f-9206-a543b3684b31');
INSERT INTO account_operation (id, amount, description, operation_date, type, bank_account_id) VALUES (4042, 66.38, 'Carrefour', '2025-12-19 19:56:31', 'DEBIT', 'acc-3368a6d6-ed8e-433f-9206-a543b3684b31');
INSERT INTO account_operation (id, amount, description, operation_date, type, bank_account_id) VALUES (4043, 320.89, 'Zara', '2026-05-18 19:56:31', 'DEBIT', 'acc-3368a6d6-ed8e-433f-9206-a543b3684b31');
INSERT INTO account_operation (id, amount, description, operation_date, type, bank_account_id) VALUES (4044, 11365.94, 'Dividend Payout', '2026-02-25 19:56:31', 'CREDIT', 'acc-3368a6d6-ed8e-433f-9206-a543b3684b31');
INSERT INTO account_operation (id, amount, description, operation_date, type, bank_account_id) VALUES (4045, 12626.49, 'Cash Deposit', '2026-04-01 19:56:31', 'CREDIT', 'acc-3368a6d6-ed8e-433f-9206-a543b3684b31');
INSERT INTO account_operation (id, amount, description, operation_date, type, bank_account_id) VALUES (4046, 3114.69, 'Salary Deposit', '2026-06-07 19:56:31', 'CREDIT', 'acc-3368a6d6-ed8e-433f-9206-a543b3684b31');

INSERT INTO customer (id, name, email) VALUES (70, 'Meryem Benali', 'meryem.benali@gmail.com');
INSERT INTO bank_account (id, type, balance, created_at, customer_id, over_draft, interest_rate) VALUES ('acc-baf2516b-d174-4f81-a99c-f8a9a89408b9', 'CURR', 79858.25, '2025-10-17 19:56:31', 70, 3050.06, NULL);
INSERT INTO account_operation (id, amount, description, operation_date, type, bank_account_id) VALUES (4047, 5892.88, 'Initial Account Funding', '2025-10-17 19:56:31', 'CREDIT', 'acc-baf2516b-d174-4f81-a99c-f8a9a89408b9');
INSERT INTO account_operation (id, amount, description, operation_date, type, bank_account_id) VALUES (4048, 1501.42, 'Pharmacy', '2025-11-12 19:56:31', 'DEBIT', 'acc-baf2516b-d174-4f81-a99c-f8a9a89408b9');
INSERT INTO account_operation (id, amount, description, operation_date, type, bank_account_id) VALUES (4049, 966.35, 'Netflix Subscription', '2026-01-19 19:56:31', 'DEBIT', 'acc-baf2516b-d174-4f81-a99c-f8a9a89408b9');
INSERT INTO account_operation (id, amount, description, operation_date, type, bank_account_id) VALUES (4050, 14293.77, 'Dividend Payout', '2026-01-18 19:56:31', 'CREDIT', 'acc-baf2516b-d174-4f81-a99c-f8a9a89408b9');
INSERT INTO account_operation (id, amount, description, operation_date, type, bank_account_id) VALUES (4051, 10042.64, 'Transfer Received', '2026-05-18 19:56:31', 'CREDIT', 'acc-baf2516b-d174-4f81-a99c-f8a9a89408b9');
INSERT INTO account_operation (id, amount, description, operation_date, type, bank_account_id) VALUES (4052, 213.98, 'Maroc Telecom', '2026-02-20 19:56:31', 'DEBIT', 'acc-baf2516b-d174-4f81-a99c-f8a9a89408b9');
INSERT INTO account_operation (id, amount, description, operation_date, type, bank_account_id) VALUES (4053, 1977.4, 'Spotify', '2026-01-20 19:56:31', 'DEBIT', 'acc-baf2516b-d174-4f81-a99c-f8a9a89408b9');
INSERT INTO account_operation (id, amount, description, operation_date, type, bank_account_id) VALUES (4054, 1532.46, 'Maroc Telecom', '2026-04-17 19:56:31', 'DEBIT', 'acc-baf2516b-d174-4f81-a99c-f8a9a89408b9');
INSERT INTO account_operation (id, amount, description, operation_date, type, bank_account_id) VALUES (4055, 1063.26, 'Restaurant', '2025-12-30 19:56:31', 'DEBIT', 'acc-baf2516b-d174-4f81-a99c-f8a9a89408b9');
INSERT INTO account_operation (id, amount, description, operation_date, type, bank_account_id) VALUES (4056, 784.02, 'Orange', '2026-06-06 19:56:31', 'DEBIT', 'acc-baf2516b-d174-4f81-a99c-f8a9a89408b9');
INSERT INTO account_operation (id, amount, description, operation_date, type, bank_account_id) VALUES (4057, 11817.96, 'Cash Deposit', '2026-05-24 19:56:31', 'CREDIT', 'acc-baf2516b-d174-4f81-a99c-f8a9a89408b9');
INSERT INTO account_operation (id, amount, description, operation_date, type, bank_account_id) VALUES (4058, 1793.39, 'Restaurant', '2026-01-18 19:56:31', 'DEBIT', 'acc-baf2516b-d174-4f81-a99c-f8a9a89408b9');
INSERT INTO account_operation (id, amount, description, operation_date, type, bank_account_id) VALUES (4059, 100.13, 'CTM Bus', '2026-03-19 19:56:31', 'DEBIT', 'acc-baf2516b-d174-4f81-a99c-f8a9a89408b9');
INSERT INTO account_operation (id, amount, description, operation_date, type, bank_account_id) VALUES (4060, 1876.23, 'Inwi', '2026-05-21 19:56:31', 'DEBIT', 'acc-baf2516b-d174-4f81-a99c-f8a9a89408b9');
INSERT INTO account_operation (id, amount, description, operation_date, type, bank_account_id) VALUES (4061, 1344.43, 'Redal', '2026-03-21 19:56:31', 'DEBIT', 'acc-baf2516b-d174-4f81-a99c-f8a9a89408b9');
INSERT INTO account_operation (id, amount, description, operation_date, type, bank_account_id) VALUES (4062, 1206.9, 'CTM Bus', '2026-06-04 19:56:31', 'DEBIT', 'acc-baf2516b-d174-4f81-a99c-f8a9a89408b9');
INSERT INTO account_operation (id, amount, description, operation_date, type, bank_account_id) VALUES (4063, 1247.57, 'Local Cafe', '2026-04-27 19:56:31', 'DEBIT', 'acc-baf2516b-d174-4f81-a99c-f8a9a89408b9');
INSERT INTO account_operation (id, amount, description, operation_date, type, bank_account_id) VALUES (4064, 1677.95, 'Decathlon', '2026-02-24 19:56:31', 'DEBIT', 'acc-baf2516b-d174-4f81-a99c-f8a9a89408b9');
INSERT INTO account_operation (id, amount, description, operation_date, type, bank_account_id) VALUES (4065, 1490.21, 'CTM Bus', '2026-01-02 19:56:31', 'DEBIT', 'acc-baf2516b-d174-4f81-a99c-f8a9a89408b9');
INSERT INTO account_operation (id, amount, description, operation_date, type, bank_account_id) VALUES (4066, 8832.73, 'Freelance Payment', '2026-01-18 19:56:31', 'CREDIT', 'acc-baf2516b-d174-4f81-a99c-f8a9a89408b9');
INSERT INTO account_operation (id, amount, description, operation_date, type, bank_account_id) VALUES (4067, 1037.42, 'Marjane Supermarket', '2026-05-20 19:56:31', 'DEBIT', 'acc-baf2516b-d174-4f81-a99c-f8a9a89408b9');
INSERT INTO account_operation (id, amount, description, operation_date, type, bank_account_id) VALUES (4068, 12684.81, 'Cash Deposit', '2026-01-30 19:56:31', 'CREDIT', 'acc-baf2516b-d174-4f81-a99c-f8a9a89408b9');
INSERT INTO account_operation (id, amount, description, operation_date, type, bank_account_id) VALUES (4069, 1964.62, 'CTM Bus', '2026-05-29 19:56:31', 'DEBIT', 'acc-baf2516b-d174-4f81-a99c-f8a9a89408b9');
INSERT INTO account_operation (id, amount, description, operation_date, type, bank_account_id) VALUES (4070, 13478.91, 'Cash Deposit', '2026-05-26 19:56:31', 'CREDIT', 'acc-baf2516b-d174-4f81-a99c-f8a9a89408b9');
INSERT INTO account_operation (id, amount, description, operation_date, type, bank_account_id) VALUES (4071, 5929.8, 'Transfer Received', '2025-10-25 19:56:31', 'CREDIT', 'acc-baf2516b-d174-4f81-a99c-f8a9a89408b9');
INSERT INTO account_operation (id, amount, description, operation_date, type, bank_account_id) VALUES (4072, 49.34, 'Marjane Supermarket', '2025-10-26 19:56:31', 'DEBIT', 'acc-baf2516b-d174-4f81-a99c-f8a9a89408b9');
INSERT INTO account_operation (id, amount, description, operation_date, type, bank_account_id) VALUES (4073, 727.25, 'LC Waikiki', '2026-05-06 19:56:31', 'DEBIT', 'acc-baf2516b-d174-4f81-a99c-f8a9a89408b9');
INSERT INTO account_operation (id, amount, description, operation_date, type, bank_account_id) VALUES (4074, 86.03, 'Inwi', '2026-02-23 19:56:31', 'DEBIT', 'acc-baf2516b-d174-4f81-a99c-f8a9a89408b9');
INSERT INTO account_operation (id, amount, description, operation_date, type, bank_account_id) VALUES (4075, 451.56, 'ONEE Electricity', '2025-11-03 19:56:31', 'DEBIT', 'acc-baf2516b-d174-4f81-a99c-f8a9a89408b9');
INSERT INTO account_operation (id, amount, description, operation_date, type, bank_account_id) VALUES (4076, 494.01, 'Orange', '2026-02-12 19:56:31', 'DEBIT', 'acc-baf2516b-d174-4f81-a99c-f8a9a89408b9');
INSERT INTO account_operation (id, amount, description, operation_date, type, bank_account_id) VALUES (4077, 924.87, 'Zara', '2025-12-17 19:56:31', 'DEBIT', 'acc-baf2516b-d174-4f81-a99c-f8a9a89408b9');
INSERT INTO account_operation (id, amount, description, operation_date, type, bank_account_id) VALUES (4078, 1361.6, 'ONCF Train', '2025-10-22 19:56:31', 'DEBIT', 'acc-baf2516b-d174-4f81-a99c-f8a9a89408b9');
INSERT INTO account_operation (id, amount, description, operation_date, type, bank_account_id) VALUES (4079, 8986.74, 'Freelance Payment', '2025-12-14 19:56:31', 'CREDIT', 'acc-baf2516b-d174-4f81-a99c-f8a9a89408b9');
INSERT INTO account_operation (id, amount, description, operation_date, type, bank_account_id) VALUES (4080, 10333.41, 'Salary Deposit', '2025-10-18 19:56:31', 'CREDIT', 'acc-baf2516b-d174-4f81-a99c-f8a9a89408b9');
INSERT INTO account_operation (id, amount, description, operation_date, type, bank_account_id) VALUES (4081, 1394.2, 'Salary Deposit', '2025-12-05 19:56:31', 'CREDIT', 'acc-baf2516b-d174-4f81-a99c-f8a9a89408b9');
INSERT INTO account_operation (id, amount, description, operation_date, type, bank_account_id) VALUES (4082, 2042.8, 'Salary Deposit', '2026-01-11 19:56:31', 'CREDIT', 'acc-baf2516b-d174-4f81-a99c-f8a9a89408b9');
INSERT INTO bank_account (id, type, balance, created_at, customer_id, over_draft, interest_rate) VALUES ('acc-03f6646a-5f48-4f46-94ba-86fd58dfb3b3', 'CURR', 105704.68, '2026-01-20 19:56:31', 70, 7300.48, NULL);
INSERT INTO account_operation (id, amount, description, operation_date, type, bank_account_id) VALUES (4083, 13118.61, 'Initial Account Funding', '2026-01-20 19:56:31', 'CREDIT', 'acc-03f6646a-5f48-4f46-94ba-86fd58dfb3b3');
INSERT INTO account_operation (id, amount, description, operation_date, type, bank_account_id) VALUES (4084, 142.5, 'Redal', '2026-01-24 19:56:31', 'DEBIT', 'acc-03f6646a-5f48-4f46-94ba-86fd58dfb3b3');
INSERT INTO account_operation (id, amount, description, operation_date, type, bank_account_id) VALUES (4085, 295.46, 'Orange', '2026-03-03 19:56:31', 'DEBIT', 'acc-03f6646a-5f48-4f46-94ba-86fd58dfb3b3');
INSERT INTO account_operation (id, amount, description, operation_date, type, bank_account_id) VALUES (4086, 676.5, 'Pharmacy', '2026-01-20 19:56:31', 'DEBIT', 'acc-03f6646a-5f48-4f46-94ba-86fd58dfb3b3');
INSERT INTO account_operation (id, amount, description, operation_date, type, bank_account_id) VALUES (4087, 407.11, 'CTM Bus', '2026-06-13 19:56:31', 'DEBIT', 'acc-03f6646a-5f48-4f46-94ba-86fd58dfb3b3');
INSERT INTO account_operation (id, amount, description, operation_date, type, bank_account_id) VALUES (4088, 1245.68, 'Local Cafe', '2026-05-23 19:56:31', 'DEBIT', 'acc-03f6646a-5f48-4f46-94ba-86fd58dfb3b3');
INSERT INTO account_operation (id, amount, description, operation_date, type, bank_account_id) VALUES (4089, 12445.46, 'Transfer Received', '2026-04-18 19:56:31', 'CREDIT', 'acc-03f6646a-5f48-4f46-94ba-86fd58dfb3b3');
INSERT INTO account_operation (id, amount, description, operation_date, type, bank_account_id) VALUES (4090, 11460.83, 'Dividend Payout', '2026-06-01 19:56:31', 'CREDIT', 'acc-03f6646a-5f48-4f46-94ba-86fd58dfb3b3');
INSERT INTO account_operation (id, amount, description, operation_date, type, bank_account_id) VALUES (4091, 427.34, 'Orange', '2026-03-08 19:56:31', 'DEBIT', 'acc-03f6646a-5f48-4f46-94ba-86fd58dfb3b3');
INSERT INTO account_operation (id, amount, description, operation_date, type, bank_account_id) VALUES (4092, 10505.07, 'Freelance Payment', '2026-06-23 19:56:31', 'CREDIT', 'acc-03f6646a-5f48-4f46-94ba-86fd58dfb3b3');
INSERT INTO account_operation (id, amount, description, operation_date, type, bank_account_id) VALUES (4093, 11676.58, 'Transfer Received', '2026-03-06 19:56:31', 'CREDIT', 'acc-03f6646a-5f48-4f46-94ba-86fd58dfb3b3');
INSERT INTO account_operation (id, amount, description, operation_date, type, bank_account_id) VALUES (4094, 3042.17, 'Salary Deposit', '2026-06-02 19:56:31', 'CREDIT', 'acc-03f6646a-5f48-4f46-94ba-86fd58dfb3b3');
INSERT INTO account_operation (id, amount, description, operation_date, type, bank_account_id) VALUES (4095, 9348.36, 'Freelance Payment', '2026-04-08 19:56:31', 'CREDIT', 'acc-03f6646a-5f48-4f46-94ba-86fd58dfb3b3');
INSERT INTO account_operation (id, amount, description, operation_date, type, bank_account_id) VALUES (4096, 1930.03, 'Netflix Subscription', '2026-04-29 19:56:31', 'DEBIT', 'acc-03f6646a-5f48-4f46-94ba-86fd58dfb3b3');
INSERT INTO account_operation (id, amount, description, operation_date, type, bank_account_id) VALUES (4097, 10407.07, 'Salary Deposit', '2026-02-26 19:56:31', 'CREDIT', 'acc-03f6646a-5f48-4f46-94ba-86fd58dfb3b3');
INSERT INTO account_operation (id, amount, description, operation_date, type, bank_account_id) VALUES (4098, 237.15, 'ONEE Electricity', '2026-06-08 19:56:31', 'DEBIT', 'acc-03f6646a-5f48-4f46-94ba-86fd58dfb3b3');
INSERT INTO account_operation (id, amount, description, operation_date, type, bank_account_id) VALUES (4099, 1473.53, 'Inwi', '2026-06-03 19:56:31', 'DEBIT', 'acc-03f6646a-5f48-4f46-94ba-86fd58dfb3b3');
INSERT INTO account_operation (id, amount, description, operation_date, type, bank_account_id) VALUES (4100, 683.6, 'Restaurant', '2026-06-23 19:56:31', 'DEBIT', 'acc-03f6646a-5f48-4f46-94ba-86fd58dfb3b3');
INSERT INTO account_operation (id, amount, description, operation_date, type, bank_account_id) VALUES (4101, 13564.8, 'Dividend Payout', '2026-04-18 19:56:31', 'CREDIT', 'acc-03f6646a-5f48-4f46-94ba-86fd58dfb3b3');
INSERT INTO account_operation (id, amount, description, operation_date, type, bank_account_id) VALUES (4102, 3062.04, 'Cash Deposit', '2026-05-20 19:56:31', 'CREDIT', 'acc-03f6646a-5f48-4f46-94ba-86fd58dfb3b3');
INSERT INTO account_operation (id, amount, description, operation_date, type, bank_account_id) VALUES (4103, 465.78, 'LC Waikiki', '2026-05-01 19:56:31', 'DEBIT', 'acc-03f6646a-5f48-4f46-94ba-86fd58dfb3b3');
INSERT INTO account_operation (id, amount, description, operation_date, type, bank_account_id) VALUES (4104, 1712.05, 'Maroc Telecom', '2026-05-10 19:56:31', 'DEBIT', 'acc-03f6646a-5f48-4f46-94ba-86fd58dfb3b3');
INSERT INTO account_operation (id, amount, description, operation_date, type, bank_account_id) VALUES (4105, 1710.19, 'Redal', '2026-06-21 19:56:31', 'DEBIT', 'acc-03f6646a-5f48-4f46-94ba-86fd58dfb3b3');
INSERT INTO account_operation (id, amount, description, operation_date, type, bank_account_id) VALUES (4106, 1614.8, 'Inwi', '2026-02-08 19:56:31', 'DEBIT', 'acc-03f6646a-5f48-4f46-94ba-86fd58dfb3b3');
INSERT INTO account_operation (id, amount, description, operation_date, type, bank_account_id) VALUES (4107, 13654.17, 'Dividend Payout', '2026-05-11 19:56:31', 'CREDIT', 'acc-03f6646a-5f48-4f46-94ba-86fd58dfb3b3');
INSERT INTO account_operation (id, amount, description, operation_date, type, bank_account_id) VALUES (4108, 14988.96, 'Dividend Payout', '2026-06-08 19:56:31', 'CREDIT', 'acc-03f6646a-5f48-4f46-94ba-86fd58dfb3b3');
INSERT INTO account_operation (id, amount, description, operation_date, type, bank_account_id) VALUES (4109, 32.34, 'Decathlon', '2026-02-18 19:56:31', 'DEBIT', 'acc-03f6646a-5f48-4f46-94ba-86fd58dfb3b3');
INSERT INTO account_operation (id, amount, description, operation_date, type, bank_account_id) VALUES (4110, 1621.66, 'Spotify', '2026-02-14 19:56:31', 'DEBIT', 'acc-03f6646a-5f48-4f46-94ba-86fd58dfb3b3');
INSERT INTO account_operation (id, amount, description, operation_date, type, bank_account_id) VALUES (4111, 1266.32, 'BIM Store', '2026-03-06 19:56:31', 'DEBIT', 'acc-03f6646a-5f48-4f46-94ba-86fd58dfb3b3');
INSERT INTO account_operation (id, amount, description, operation_date, type, bank_account_id) VALUES (4112, 1589.04, 'Inwi', '2026-06-06 19:56:31', 'DEBIT', 'acc-03f6646a-5f48-4f46-94ba-86fd58dfb3b3');
INSERT INTO account_operation (id, amount, description, operation_date, type, bank_account_id) VALUES (4113, 1021.04, 'Amendis', '2026-03-28 19:56:31', 'DEBIT', 'acc-03f6646a-5f48-4f46-94ba-86fd58dfb3b3');
INSERT INTO account_operation (id, amount, description, operation_date, type, bank_account_id) VALUES (4114, 1511.12, 'Restaurant', '2026-04-14 19:56:31', 'DEBIT', 'acc-03f6646a-5f48-4f46-94ba-86fd58dfb3b3');
INSERT INTO account_operation (id, amount, description, operation_date, type, bank_account_id) VALUES (4115, 761.08, 'BIM Store', '2026-06-09 19:56:31', 'DEBIT', 'acc-03f6646a-5f48-4f46-94ba-86fd58dfb3b3');
INSERT INTO account_operation (id, amount, description, operation_date, type, bank_account_id) VALUES (4116, 745.12, 'ONEE Electricity', '2026-02-24 19:56:31', 'DEBIT', 'acc-03f6646a-5f48-4f46-94ba-86fd58dfb3b3');
INSERT INTO bank_account (id, type, balance, created_at, customer_id, over_draft, interest_rate) VALUES ('acc-a5c0a1c2-0328-40dd-a091-73f32f6965ae', 'SAVE', 69651.82, '2026-03-07 19:56:31', 70, NULL, 3.98);
INSERT INTO account_operation (id, amount, description, operation_date, type, bank_account_id) VALUES (4117, 40537.76, 'Initial Account Funding', '2026-03-07 19:56:31', 'CREDIT', 'acc-a5c0a1c2-0328-40dd-a091-73f32f6965ae');
INSERT INTO account_operation (id, amount, description, operation_date, type, bank_account_id) VALUES (4118, 284.75, 'Marjane Supermarket', '2026-03-23 19:56:31', 'DEBIT', 'acc-a5c0a1c2-0328-40dd-a091-73f32f6965ae');
INSERT INTO account_operation (id, amount, description, operation_date, type, bank_account_id) VALUES (4119, 28.83, 'LC Waikiki', '2026-06-26 19:56:31', 'DEBIT', 'acc-a5c0a1c2-0328-40dd-a091-73f32f6965ae');
INSERT INTO account_operation (id, amount, description, operation_date, type, bank_account_id) VALUES (4120, 1655.21, 'Marjane Supermarket', '2026-03-10 19:56:31', 'DEBIT', 'acc-a5c0a1c2-0328-40dd-a091-73f32f6965ae');
INSERT INTO account_operation (id, amount, description, operation_date, type, bank_account_id) VALUES (4121, 3408.69, 'Dividend Payout', '2026-04-03 19:56:31', 'CREDIT', 'acc-a5c0a1c2-0328-40dd-a091-73f32f6965ae');
INSERT INTO account_operation (id, amount, description, operation_date, type, bank_account_id) VALUES (4122, 1897.46, 'ONCF Train', '2026-05-15 19:56:31', 'DEBIT', 'acc-a5c0a1c2-0328-40dd-a091-73f32f6965ae');
INSERT INTO account_operation (id, amount, description, operation_date, type, bank_account_id) VALUES (4123, 1411.11, 'Pharmacy', '2026-04-11 19:56:31', 'DEBIT', 'acc-a5c0a1c2-0328-40dd-a091-73f32f6965ae');
INSERT INTO account_operation (id, amount, description, operation_date, type, bank_account_id) VALUES (4124, 30.27, 'Orange', '2026-03-30 19:56:31', 'DEBIT', 'acc-a5c0a1c2-0328-40dd-a091-73f32f6965ae');
INSERT INTO account_operation (id, amount, description, operation_date, type, bank_account_id) VALUES (4125, 827.02, 'ONCF Train', '2026-03-27 19:56:31', 'DEBIT', 'acc-a5c0a1c2-0328-40dd-a091-73f32f6965ae');
INSERT INTO account_operation (id, amount, description, operation_date, type, bank_account_id) VALUES (4126, 1881.39, 'Restaurant', '2026-06-20 19:56:31', 'DEBIT', 'acc-a5c0a1c2-0328-40dd-a091-73f32f6965ae');
INSERT INTO account_operation (id, amount, description, operation_date, type, bank_account_id) VALUES (4127, 571.26, 'ONEE Electricity', '2026-06-11 19:56:31', 'DEBIT', 'acc-a5c0a1c2-0328-40dd-a091-73f32f6965ae');
INSERT INTO account_operation (id, amount, description, operation_date, type, bank_account_id) VALUES (4128, 1932.6, 'ONCF Train', '2026-06-25 19:56:31', 'DEBIT', 'acc-a5c0a1c2-0328-40dd-a091-73f32f6965ae');
INSERT INTO account_operation (id, amount, description, operation_date, type, bank_account_id) VALUES (4129, 1867.41, 'ONEE Electricity', '2026-04-20 19:56:31', 'DEBIT', 'acc-a5c0a1c2-0328-40dd-a091-73f32f6965ae');
INSERT INTO account_operation (id, amount, description, operation_date, type, bank_account_id) VALUES (4130, 848.84, 'ONEE Electricity', '2026-04-28 19:56:31', 'DEBIT', 'acc-a5c0a1c2-0328-40dd-a091-73f32f6965ae');
INSERT INTO account_operation (id, amount, description, operation_date, type, bank_account_id) VALUES (4131, 2509.62, 'Transfer Received', '2026-04-27 19:56:31', 'CREDIT', 'acc-a5c0a1c2-0328-40dd-a091-73f32f6965ae');
INSERT INTO account_operation (id, amount, description, operation_date, type, bank_account_id) VALUES (4132, 426.94, 'BIM Store', '2026-04-27 19:56:31', 'DEBIT', 'acc-a5c0a1c2-0328-40dd-a091-73f32f6965ae');
INSERT INTO account_operation (id, amount, description, operation_date, type, bank_account_id) VALUES (4133, 12465.49, 'Transfer Received', '2026-04-15 19:56:31', 'CREDIT', 'acc-a5c0a1c2-0328-40dd-a091-73f32f6965ae');
INSERT INTO account_operation (id, amount, description, operation_date, type, bank_account_id) VALUES (4134, 1106.21, 'Pharmacy', '2026-03-08 19:56:31', 'DEBIT', 'acc-a5c0a1c2-0328-40dd-a091-73f32f6965ae');
INSERT INTO account_operation (id, amount, description, operation_date, type, bank_account_id) VALUES (4135, 14576.24, 'Transfer Received', '2026-05-28 19:56:31', 'CREDIT', 'acc-a5c0a1c2-0328-40dd-a091-73f32f6965ae');
INSERT INTO account_operation (id, amount, description, operation_date, type, bank_account_id) VALUES (4136, 440.11, 'BIM Store', '2026-05-09 19:56:31', 'DEBIT', 'acc-a5c0a1c2-0328-40dd-a091-73f32f6965ae');
INSERT INTO account_operation (id, amount, description, operation_date, type, bank_account_id) VALUES (4137, 13001.91, 'Salary Deposit', '2026-05-06 19:56:31', 'CREDIT', 'acc-a5c0a1c2-0328-40dd-a091-73f32f6965ae');
INSERT INTO account_operation (id, amount, description, operation_date, type, bank_account_id) VALUES (4138, 1638.48, 'Redal', '2026-06-10 19:56:31', 'DEBIT', 'acc-a5c0a1c2-0328-40dd-a091-73f32f6965ae');

INSERT INTO customer (id, name, email) VALUES (71, 'Imane Berrada', 'imane.berrada@gmail.com');
INSERT INTO bank_account (id, type, balance, created_at, customer_id, over_draft, interest_rate) VALUES ('acc-94fb2ee9-53f5-4fcd-8dc4-c0e772477283', 'SAVE', 28253.61, '2025-08-20 19:56:31', 71, NULL, 2.36);
INSERT INTO account_operation (id, amount, description, operation_date, type, bank_account_id) VALUES (4139, 13800.71, 'Initial Account Funding', '2025-08-20 19:56:31', 'CREDIT', 'acc-94fb2ee9-53f5-4fcd-8dc4-c0e772477283');
INSERT INTO account_operation (id, amount, description, operation_date, type, bank_account_id) VALUES (4140, 710.54, 'Local Cafe', '2025-10-07 19:56:31', 'DEBIT', 'acc-94fb2ee9-53f5-4fcd-8dc4-c0e772477283');
INSERT INTO account_operation (id, amount, description, operation_date, type, bank_account_id) VALUES (4141, 96.8, 'Decathlon', '2026-01-07 19:56:31', 'DEBIT', 'acc-94fb2ee9-53f5-4fcd-8dc4-c0e772477283');
INSERT INTO account_operation (id, amount, description, operation_date, type, bank_account_id) VALUES (4142, 945.91, 'CTM Bus', '2026-05-06 19:56:31', 'DEBIT', 'acc-94fb2ee9-53f5-4fcd-8dc4-c0e772477283');
INSERT INTO account_operation (id, amount, description, operation_date, type, bank_account_id) VALUES (4143, 1994.37, 'Maroc Telecom', '2026-06-13 19:56:31', 'DEBIT', 'acc-94fb2ee9-53f5-4fcd-8dc4-c0e772477283');
INSERT INTO account_operation (id, amount, description, operation_date, type, bank_account_id) VALUES (4144, 464.03, 'Pharmacy', '2026-03-10 19:56:31', 'DEBIT', 'acc-94fb2ee9-53f5-4fcd-8dc4-c0e772477283');
INSERT INTO account_operation (id, amount, description, operation_date, type, bank_account_id) VALUES (4145, 1477.02, 'Netflix Subscription', '2026-01-29 19:56:31', 'DEBIT', 'acc-94fb2ee9-53f5-4fcd-8dc4-c0e772477283');
INSERT INTO account_operation (id, amount, description, operation_date, type, bank_account_id) VALUES (4146, 3214.03, 'Freelance Payment', '2026-02-13 19:56:31', 'CREDIT', 'acc-94fb2ee9-53f5-4fcd-8dc4-c0e772477283');
INSERT INTO account_operation (id, amount, description, operation_date, type, bank_account_id) VALUES (4147, 4835.33, 'Dividend Payout', '2026-01-05 19:56:31', 'CREDIT', 'acc-94fb2ee9-53f5-4fcd-8dc4-c0e772477283');
INSERT INTO account_operation (id, amount, description, operation_date, type, bank_account_id) VALUES (4148, 8767.45, 'Cash Deposit', '2025-10-13 19:56:31', 'CREDIT', 'acc-94fb2ee9-53f5-4fcd-8dc4-c0e772477283');
INSERT INTO account_operation (id, amount, description, operation_date, type, bank_account_id) VALUES (4149, 1669.87, 'BIM Store', '2025-11-21 19:56:31', 'DEBIT', 'acc-94fb2ee9-53f5-4fcd-8dc4-c0e772477283');
INSERT INTO account_operation (id, amount, description, operation_date, type, bank_account_id) VALUES (4150, 1720.69, 'Maroc Telecom', '2026-03-20 19:56:31', 'DEBIT', 'acc-94fb2ee9-53f5-4fcd-8dc4-c0e772477283');
INSERT INTO account_operation (id, amount, description, operation_date, type, bank_account_id) VALUES (4151, 6715.32, 'Transfer Received', '2025-11-04 19:56:31', 'CREDIT', 'acc-94fb2ee9-53f5-4fcd-8dc4-c0e772477283');

INSERT INTO customer (id, name, email) VALUES (72, 'Ayoub Chraibi', 'ayoub.chraibi@gmail.com');
INSERT INTO bank_account (id, type, balance, created_at, customer_id, over_draft, interest_rate) VALUES ('acc-0519dfe7-ba04-433a-a4c9-a17e1487da24', 'SAVE', 54057.17, '2026-02-16 19:56:31', 72, NULL, 2.85);
INSERT INTO account_operation (id, amount, description, operation_date, type, bank_account_id) VALUES (4152, 9169.48, 'Initial Account Funding', '2026-02-16 19:56:31', 'CREDIT', 'acc-0519dfe7-ba04-433a-a4c9-a17e1487da24');
INSERT INTO account_operation (id, amount, description, operation_date, type, bank_account_id) VALUES (4153, 915.58, 'Carrefour', '2026-06-11 19:56:31', 'DEBIT', 'acc-0519dfe7-ba04-433a-a4c9-a17e1487da24');
INSERT INTO account_operation (id, amount, description, operation_date, type, bank_account_id) VALUES (4154, 10599.24, 'Transfer Received', '2026-04-28 19:56:31', 'CREDIT', 'acc-0519dfe7-ba04-433a-a4c9-a17e1487da24');
INSERT INTO account_operation (id, amount, description, operation_date, type, bank_account_id) VALUES (4155, 10379.66, 'Cash Deposit', '2026-06-19 19:56:31', 'CREDIT', 'acc-0519dfe7-ba04-433a-a4c9-a17e1487da24');
INSERT INTO account_operation (id, amount, description, operation_date, type, bank_account_id) VALUES (4156, 1415.17, 'Amendis', '2026-05-20 19:56:31', 'DEBIT', 'acc-0519dfe7-ba04-433a-a4c9-a17e1487da24');
INSERT INTO account_operation (id, amount, description, operation_date, type, bank_account_id) VALUES (4157, 602.35, 'BIM Store', '2026-04-03 19:56:31', 'DEBIT', 'acc-0519dfe7-ba04-433a-a4c9-a17e1487da24');
INSERT INTO account_operation (id, amount, description, operation_date, type, bank_account_id) VALUES (4158, 1766.03, 'Redal', '2026-05-15 19:56:31', 'DEBIT', 'acc-0519dfe7-ba04-433a-a4c9-a17e1487da24');
INSERT INTO account_operation (id, amount, description, operation_date, type, bank_account_id) VALUES (4159, 1546.2, 'Pharmacy', '2026-04-21 19:56:31', 'DEBIT', 'acc-0519dfe7-ba04-433a-a4c9-a17e1487da24');
INSERT INTO account_operation (id, amount, description, operation_date, type, bank_account_id) VALUES (4160, 3939.83, 'Dividend Payout', '2026-06-01 19:56:31', 'CREDIT', 'acc-0519dfe7-ba04-433a-a4c9-a17e1487da24');
INSERT INTO account_operation (id, amount, description, operation_date, type, bank_account_id) VALUES (4161, 193.36, 'Zara', '2026-02-23 19:56:31', 'DEBIT', 'acc-0519dfe7-ba04-433a-a4c9-a17e1487da24');
INSERT INTO account_operation (id, amount, description, operation_date, type, bank_account_id) VALUES (4162, 1411.34, 'Restaurant', '2026-02-22 19:56:31', 'DEBIT', 'acc-0519dfe7-ba04-433a-a4c9-a17e1487da24');
INSERT INTO account_operation (id, amount, description, operation_date, type, bank_account_id) VALUES (4163, 9940.07, 'Cash Deposit', '2026-06-03 19:56:31', 'CREDIT', 'acc-0519dfe7-ba04-433a-a4c9-a17e1487da24');
INSERT INTO account_operation (id, amount, description, operation_date, type, bank_account_id) VALUES (4164, 42.96, 'Inwi', '2026-04-30 19:56:31', 'DEBIT', 'acc-0519dfe7-ba04-433a-a4c9-a17e1487da24');
INSERT INTO account_operation (id, amount, description, operation_date, type, bank_account_id) VALUES (4165, 3085.71, 'Cash Deposit', '2026-04-24 19:56:31', 'CREDIT', 'acc-0519dfe7-ba04-433a-a4c9-a17e1487da24');
INSERT INTO account_operation (id, amount, description, operation_date, type, bank_account_id) VALUES (4166, 368.31, 'Orange', '2026-06-09 19:56:31', 'DEBIT', 'acc-0519dfe7-ba04-433a-a4c9-a17e1487da24');
INSERT INTO account_operation (id, amount, description, operation_date, type, bank_account_id) VALUES (4167, 363.28, 'Netflix Subscription', '2026-04-19 19:56:31', 'DEBIT', 'acc-0519dfe7-ba04-433a-a4c9-a17e1487da24');
INSERT INTO account_operation (id, amount, description, operation_date, type, bank_account_id) VALUES (4168, 6097.39, 'Freelance Payment', '2026-06-22 19:56:31', 'CREDIT', 'acc-0519dfe7-ba04-433a-a4c9-a17e1487da24');
INSERT INTO account_operation (id, amount, description, operation_date, type, bank_account_id) VALUES (4169, 1321.13, 'Restaurant', '2026-06-06 19:56:31', 'DEBIT', 'acc-0519dfe7-ba04-433a-a4c9-a17e1487da24');
INSERT INTO account_operation (id, amount, description, operation_date, type, bank_account_id) VALUES (4170, 11332.03, 'Transfer Received', '2026-03-04 19:56:31', 'CREDIT', 'acc-0519dfe7-ba04-433a-a4c9-a17e1487da24');
INSERT INTO account_operation (id, amount, description, operation_date, type, bank_account_id) VALUES (4171, 974.0, 'BIM Store', '2026-04-09 19:56:31', 'DEBIT', 'acc-0519dfe7-ba04-433a-a4c9-a17e1487da24');
INSERT INTO account_operation (id, amount, description, operation_date, type, bank_account_id) VALUES (4172, 4456.42, 'Freelance Payment', '2026-04-02 19:56:31', 'CREDIT', 'acc-0519dfe7-ba04-433a-a4c9-a17e1487da24');
INSERT INTO account_operation (id, amount, description, operation_date, type, bank_account_id) VALUES (4173, 1066.1, 'Restaurant', '2026-04-01 19:56:31', 'DEBIT', 'acc-0519dfe7-ba04-433a-a4c9-a17e1487da24');
INSERT INTO account_operation (id, amount, description, operation_date, type, bank_account_id) VALUES (4174, 994.89, 'Restaurant', '2026-05-24 19:56:31', 'DEBIT', 'acc-0519dfe7-ba04-433a-a4c9-a17e1487da24');
INSERT INTO account_operation (id, amount, description, operation_date, type, bank_account_id) VALUES (4175, 1961.96, 'Maroc Telecom', '2026-05-31 19:56:31', 'DEBIT', 'acc-0519dfe7-ba04-433a-a4c9-a17e1487da24');

INSERT INTO customer (id, name, email) VALUES (73, 'Tariq Bennis', 'tariq.bennis@gmail.com');
INSERT INTO bank_account (id, type, balance, created_at, customer_id, over_draft, interest_rate) VALUES ('acc-881c8f17-e291-45eb-80f5-33a7cc64180a', 'SAVE', 29791.49, '2026-03-28 19:56:31', 73, NULL, 2.56);
INSERT INTO account_operation (id, amount, description, operation_date, type, bank_account_id) VALUES (4176, 25046.76, 'Initial Account Funding', '2026-03-28 19:56:31', 'CREDIT', 'acc-881c8f17-e291-45eb-80f5-33a7cc64180a');
INSERT INTO account_operation (id, amount, description, operation_date, type, bank_account_id) VALUES (4177, 878.74, 'Amendis', '2026-04-01 19:56:31', 'DEBIT', 'acc-881c8f17-e291-45eb-80f5-33a7cc64180a');
INSERT INTO account_operation (id, amount, description, operation_date, type, bank_account_id) VALUES (4178, 454.43, 'Local Cafe', '2026-05-01 19:56:31', 'DEBIT', 'acc-881c8f17-e291-45eb-80f5-33a7cc64180a');
INSERT INTO account_operation (id, amount, description, operation_date, type, bank_account_id) VALUES (4179, 1137.41, 'Restaurant', '2026-06-09 19:56:31', 'DEBIT', 'acc-881c8f17-e291-45eb-80f5-33a7cc64180a');
INSERT INTO account_operation (id, amount, description, operation_date, type, bank_account_id) VALUES (4180, 1903.05, 'Maroc Telecom', '2026-06-22 19:56:31', 'DEBIT', 'acc-881c8f17-e291-45eb-80f5-33a7cc64180a');
INSERT INTO account_operation (id, amount, description, operation_date, type, bank_account_id) VALUES (4181, 1003.61, 'Carrefour', '2026-06-07 19:56:31', 'DEBIT', 'acc-881c8f17-e291-45eb-80f5-33a7cc64180a');
INSERT INTO account_operation (id, amount, description, operation_date, type, bank_account_id) VALUES (4182, 1562.35, 'Zara', '2026-03-29 19:56:31', 'DEBIT', 'acc-881c8f17-e291-45eb-80f5-33a7cc64180a');
INSERT INTO account_operation (id, amount, description, operation_date, type, bank_account_id) VALUES (4183, 7834.7, 'Salary Deposit', '2026-06-02 19:56:31', 'CREDIT', 'acc-881c8f17-e291-45eb-80f5-33a7cc64180a');
INSERT INTO account_operation (id, amount, description, operation_date, type, bank_account_id) VALUES (4184, 342.66, 'Carrefour', '2026-05-25 19:56:31', 'DEBIT', 'acc-881c8f17-e291-45eb-80f5-33a7cc64180a');
INSERT INTO account_operation (id, amount, description, operation_date, type, bank_account_id) VALUES (4185, 669.41, 'Maroc Telecom', '2026-05-24 19:56:31', 'DEBIT', 'acc-881c8f17-e291-45eb-80f5-33a7cc64180a');
INSERT INTO account_operation (id, amount, description, operation_date, type, bank_account_id) VALUES (4186, 2139.42, 'Salary Deposit', '2026-04-27 19:56:31', 'CREDIT', 'acc-881c8f17-e291-45eb-80f5-33a7cc64180a');
INSERT INTO account_operation (id, amount, description, operation_date, type, bank_account_id) VALUES (4187, 1954.18, 'Pharmacy', '2026-05-04 19:56:31', 'DEBIT', 'acc-881c8f17-e291-45eb-80f5-33a7cc64180a');
INSERT INTO account_operation (id, amount, description, operation_date, type, bank_account_id) VALUES (4188, 985.33, 'Amendis', '2026-06-13 19:56:31', 'DEBIT', 'acc-881c8f17-e291-45eb-80f5-33a7cc64180a');
INSERT INTO account_operation (id, amount, description, operation_date, type, bank_account_id) VALUES (4189, 7299.78, 'Transfer Received', '2026-06-28 19:56:31', 'CREDIT', 'acc-881c8f17-e291-45eb-80f5-33a7cc64180a');
INSERT INTO account_operation (id, amount, description, operation_date, type, bank_account_id) VALUES (4190, 900.27, 'ONCF Train', '2026-05-05 19:56:31', 'DEBIT', 'acc-881c8f17-e291-45eb-80f5-33a7cc64180a');
INSERT INTO account_operation (id, amount, description, operation_date, type, bank_account_id) VALUES (4191, 737.73, 'LC Waikiki', '2026-04-27 19:56:31', 'DEBIT', 'acc-881c8f17-e291-45eb-80f5-33a7cc64180a');
INSERT INTO bank_account (id, type, balance, created_at, customer_id, over_draft, interest_rate) VALUES ('acc-235ba3d1-c870-4741-bdc6-67d9172f3fe7', 'CURR', 53544.98, '2026-04-24 19:56:31', 73, 8517.27, NULL);
INSERT INTO account_operation (id, amount, description, operation_date, type, bank_account_id) VALUES (4192, 28237.04, 'Initial Account Funding', '2026-04-24 19:56:31', 'CREDIT', 'acc-235ba3d1-c870-4741-bdc6-67d9172f3fe7');
INSERT INTO account_operation (id, amount, description, operation_date, type, bank_account_id) VALUES (4193, 990.66, 'Pharmacy', '2026-05-14 19:56:31', 'DEBIT', 'acc-235ba3d1-c870-4741-bdc6-67d9172f3fe7');
INSERT INTO account_operation (id, amount, description, operation_date, type, bank_account_id) VALUES (4194, 11544.72, 'Freelance Payment', '2026-06-04 19:56:31', 'CREDIT', 'acc-235ba3d1-c870-4741-bdc6-67d9172f3fe7');
INSERT INTO account_operation (id, amount, description, operation_date, type, bank_account_id) VALUES (4195, 1923.9, 'ONEE Electricity', '2026-05-29 19:56:31', 'DEBIT', 'acc-235ba3d1-c870-4741-bdc6-67d9172f3fe7');
INSERT INTO account_operation (id, amount, description, operation_date, type, bank_account_id) VALUES (4196, 1103.52, 'Amendis', '2026-06-05 19:56:31', 'DEBIT', 'acc-235ba3d1-c870-4741-bdc6-67d9172f3fe7');
INSERT INTO account_operation (id, amount, description, operation_date, type, bank_account_id) VALUES (4197, 5856.28, 'Salary Deposit', '2026-06-09 19:56:31', 'CREDIT', 'acc-235ba3d1-c870-4741-bdc6-67d9172f3fe7');
INSERT INTO account_operation (id, amount, description, operation_date, type, bank_account_id) VALUES (4198, 6250.97, 'Dividend Payout', '2026-06-19 19:56:31', 'CREDIT', 'acc-235ba3d1-c870-4741-bdc6-67d9172f3fe7');
INSERT INTO account_operation (id, amount, description, operation_date, type, bank_account_id) VALUES (4199, 1234.07, 'Restaurant', '2026-06-11 19:56:31', 'DEBIT', 'acc-235ba3d1-c870-4741-bdc6-67d9172f3fe7');
INSERT INTO account_operation (id, amount, description, operation_date, type, bank_account_id) VALUES (4200, 1569.69, 'Restaurant', '2026-05-19 19:56:31', 'DEBIT', 'acc-235ba3d1-c870-4741-bdc6-67d9172f3fe7');
INSERT INTO account_operation (id, amount, description, operation_date, type, bank_account_id) VALUES (4201, 566.34, 'Pharmacy', '2026-06-05 19:56:31', 'DEBIT', 'acc-235ba3d1-c870-4741-bdc6-67d9172f3fe7');
INSERT INTO account_operation (id, amount, description, operation_date, type, bank_account_id) VALUES (4202, 1758.65, 'Netflix Subscription', '2026-04-29 19:56:31', 'DEBIT', 'acc-235ba3d1-c870-4741-bdc6-67d9172f3fe7');
INSERT INTO account_operation (id, amount, description, operation_date, type, bank_account_id) VALUES (4203, 1510.91, 'Netflix Subscription', '2026-06-25 19:56:31', 'DEBIT', 'acc-235ba3d1-c870-4741-bdc6-67d9172f3fe7');
INSERT INTO account_operation (id, amount, description, operation_date, type, bank_account_id) VALUES (4204, 1562.99, 'Inwi', '2026-06-03 19:56:31', 'DEBIT', 'acc-235ba3d1-c870-4741-bdc6-67d9172f3fe7');
INSERT INTO account_operation (id, amount, description, operation_date, type, bank_account_id) VALUES (4205, 1821.61, 'Local Cafe', '2026-06-16 19:56:31', 'DEBIT', 'acc-235ba3d1-c870-4741-bdc6-67d9172f3fe7');
INSERT INTO account_operation (id, amount, description, operation_date, type, bank_account_id) VALUES (4206, 1977.06, 'Orange', '2026-06-13 19:56:31', 'DEBIT', 'acc-235ba3d1-c870-4741-bdc6-67d9172f3fe7');
INSERT INTO account_operation (id, amount, description, operation_date, type, bank_account_id) VALUES (4207, 8473.2, 'Dividend Payout', '2026-06-14 19:56:31', 'CREDIT', 'acc-235ba3d1-c870-4741-bdc6-67d9172f3fe7');
INSERT INTO account_operation (id, amount, description, operation_date, type, bank_account_id) VALUES (4208, 1248.41, 'Carrefour', '2026-06-09 19:56:31', 'DEBIT', 'acc-235ba3d1-c870-4741-bdc6-67d9172f3fe7');
INSERT INTO account_operation (id, amount, description, operation_date, type, bank_account_id) VALUES (4209, 1279.4, 'Inwi', '2026-04-28 19:56:31', 'DEBIT', 'acc-235ba3d1-c870-4741-bdc6-67d9172f3fe7');
INSERT INTO account_operation (id, amount, description, operation_date, type, bank_account_id) VALUES (4210, 59.66, 'Inwi', '2026-06-11 19:56:31', 'DEBIT', 'acc-235ba3d1-c870-4741-bdc6-67d9172f3fe7');
INSERT INTO account_operation (id, amount, description, operation_date, type, bank_account_id) VALUES (4211, 1219.44, 'LC Waikiki', '2026-06-25 19:56:31', 'DEBIT', 'acc-235ba3d1-c870-4741-bdc6-67d9172f3fe7');
INSERT INTO account_operation (id, amount, description, operation_date, type, bank_account_id) VALUES (4212, 537.24, 'Amendis', '2026-05-19 19:56:31', 'DEBIT', 'acc-235ba3d1-c870-4741-bdc6-67d9172f3fe7');
INSERT INTO account_operation (id, amount, description, operation_date, type, bank_account_id) VALUES (4213, 1907.9, 'Zara', '2026-05-01 19:56:31', 'DEBIT', 'acc-235ba3d1-c870-4741-bdc6-67d9172f3fe7');
INSERT INTO account_operation (id, amount, description, operation_date, type, bank_account_id) VALUES (4214, 797.41, 'CTM Bus', '2026-06-22 19:56:31', 'DEBIT', 'acc-235ba3d1-c870-4741-bdc6-67d9172f3fe7');
INSERT INTO account_operation (id, amount, description, operation_date, type, bank_account_id) VALUES (4215, 9549.66, 'Freelance Payment', '2026-04-26 19:56:31', 'CREDIT', 'acc-235ba3d1-c870-4741-bdc6-67d9172f3fe7');
INSERT INTO account_operation (id, amount, description, operation_date, type, bank_account_id) VALUES (4216, 7019.19, 'Transfer Received', '2026-06-19 19:56:31', 'CREDIT', 'acc-235ba3d1-c870-4741-bdc6-67d9172f3fe7');
INSERT INTO account_operation (id, amount, description, operation_date, type, bank_account_id) VALUES (4217, 940.88, 'ONEE Electricity', '2026-06-29 19:56:31', 'DEBIT', 'acc-235ba3d1-c870-4741-bdc6-67d9172f3fe7');
INSERT INTO account_operation (id, amount, description, operation_date, type, bank_account_id) VALUES (4218, 2190.52, 'Cash Deposit', '2026-05-11 19:56:31', 'CREDIT', 'acc-235ba3d1-c870-4741-bdc6-67d9172f3fe7');
INSERT INTO account_operation (id, amount, description, operation_date, type, bank_account_id) VALUES (4219, 2423.66, 'Cash Deposit', '2026-04-29 19:56:31', 'CREDIT', 'acc-235ba3d1-c870-4741-bdc6-67d9172f3fe7');
INSERT INTO account_operation (id, amount, description, operation_date, type, bank_account_id) VALUES (4220, 626.63, 'Marjane Supermarket', '2026-05-30 19:56:31', 'DEBIT', 'acc-235ba3d1-c870-4741-bdc6-67d9172f3fe7');
INSERT INTO account_operation (id, amount, description, operation_date, type, bank_account_id) VALUES (4221, 1451.88, 'Amendis', '2026-06-12 19:56:31', 'DEBIT', 'acc-235ba3d1-c870-4741-bdc6-67d9172f3fe7');
INSERT INTO account_operation (id, amount, description, operation_date, type, bank_account_id) VALUES (4222, 1912.01, 'Orange', '2026-04-24 19:56:31', 'DEBIT', 'acc-235ba3d1-c870-4741-bdc6-67d9172f3fe7');

INSERT INTO customer (id, name, email) VALUES (74, 'Nadia Mansouri', 'nadia.mansouri@gmail.com');
INSERT INTO bank_account (id, type, balance, created_at, customer_id, over_draft, interest_rate) VALUES ('acc-5cdfb6ff-3b77-4813-88e2-b643ac1569b3', 'CURR', 20704.54, '2026-02-26 19:56:31', 74, 9319.07, NULL);
INSERT INTO account_operation (id, amount, description, operation_date, type, bank_account_id) VALUES (4223, 7895.65, 'Initial Account Funding', '2026-02-26 19:56:31', 'CREDIT', 'acc-5cdfb6ff-3b77-4813-88e2-b643ac1569b3');
INSERT INTO account_operation (id, amount, description, operation_date, type, bank_account_id) VALUES (4224, 467.71, 'ONCF Train', '2026-02-28 19:56:31', 'DEBIT', 'acc-5cdfb6ff-3b77-4813-88e2-b643ac1569b3');
INSERT INTO account_operation (id, amount, description, operation_date, type, bank_account_id) VALUES (4225, 7777.47, 'Salary Deposit', '2026-03-07 19:56:31', 'CREDIT', 'acc-5cdfb6ff-3b77-4813-88e2-b643ac1569b3');
INSERT INTO account_operation (id, amount, description, operation_date, type, bank_account_id) VALUES (4226, 415.06, 'Decathlon', '2026-06-16 19:56:31', 'DEBIT', 'acc-5cdfb6ff-3b77-4813-88e2-b643ac1569b3');
INSERT INTO account_operation (id, amount, description, operation_date, type, bank_account_id) VALUES (4227, 474.08, 'CTM Bus', '2026-06-07 19:56:31', 'DEBIT', 'acc-5cdfb6ff-3b77-4813-88e2-b643ac1569b3');
INSERT INTO account_operation (id, amount, description, operation_date, type, bank_account_id) VALUES (4228, 1986.75, 'Zara', '2026-05-11 19:56:31', 'DEBIT', 'acc-5cdfb6ff-3b77-4813-88e2-b643ac1569b3');
INSERT INTO account_operation (id, amount, description, operation_date, type, bank_account_id) VALUES (4229, 308.67, 'Spotify', '2026-04-24 19:56:31', 'DEBIT', 'acc-5cdfb6ff-3b77-4813-88e2-b643ac1569b3');
INSERT INTO account_operation (id, amount, description, operation_date, type, bank_account_id) VALUES (4230, 467.51, 'Netflix Subscription', '2026-03-24 19:56:31', 'DEBIT', 'acc-5cdfb6ff-3b77-4813-88e2-b643ac1569b3');
INSERT INTO account_operation (id, amount, description, operation_date, type, bank_account_id) VALUES (4231, 14969.65, 'Transfer Received', '2026-05-03 19:56:31', 'CREDIT', 'acc-5cdfb6ff-3b77-4813-88e2-b643ac1569b3');
INSERT INTO account_operation (id, amount, description, operation_date, type, bank_account_id) VALUES (4232, 1449.66, 'Inwi', '2026-06-29 19:56:31', 'DEBIT', 'acc-5cdfb6ff-3b77-4813-88e2-b643ac1569b3');
INSERT INTO account_operation (id, amount, description, operation_date, type, bank_account_id) VALUES (4233, 498.63, 'Decathlon', '2026-03-18 19:56:31', 'DEBIT', 'acc-5cdfb6ff-3b77-4813-88e2-b643ac1569b3');
INSERT INTO account_operation (id, amount, description, operation_date, type, bank_account_id) VALUES (4234, 1650.45, 'Orange', '2026-04-16 19:56:31', 'DEBIT', 'acc-5cdfb6ff-3b77-4813-88e2-b643ac1569b3');
INSERT INTO account_operation (id, amount, description, operation_date, type, bank_account_id) VALUES (4235, 317.01, 'Inwi', '2026-06-04 19:56:31', 'DEBIT', 'acc-5cdfb6ff-3b77-4813-88e2-b643ac1569b3');
INSERT INTO account_operation (id, amount, description, operation_date, type, bank_account_id) VALUES (4236, 1902.7, 'Netflix Subscription', '2026-03-20 19:56:31', 'DEBIT', 'acc-5cdfb6ff-3b77-4813-88e2-b643ac1569b3');
INSERT INTO bank_account (id, type, balance, created_at, customer_id, over_draft, interest_rate) VALUES ('acc-9a7641b5-d228-4169-9d1c-1afc321b959b', 'CURR', 80408.5, '2025-11-04 19:56:31', 74, 6821.95, NULL);
INSERT INTO account_operation (id, amount, description, operation_date, type, bank_account_id) VALUES (4237, 26696.1, 'Initial Account Funding', '2025-11-04 19:56:31', 'CREDIT', 'acc-9a7641b5-d228-4169-9d1c-1afc321b959b');
INSERT INTO account_operation (id, amount, description, operation_date, type, bank_account_id) VALUES (4238, 101.84, 'Orange', '2026-02-25 19:56:31', 'DEBIT', 'acc-9a7641b5-d228-4169-9d1c-1afc321b959b');
INSERT INTO account_operation (id, amount, description, operation_date, type, bank_account_id) VALUES (4239, 4071.14, 'Transfer Received', '2026-05-11 19:56:31', 'CREDIT', 'acc-9a7641b5-d228-4169-9d1c-1afc321b959b');
INSERT INTO account_operation (id, amount, description, operation_date, type, bank_account_id) VALUES (4240, 470.6, 'Pharmacy', '2026-02-18 19:56:31', 'DEBIT', 'acc-9a7641b5-d228-4169-9d1c-1afc321b959b');
INSERT INTO account_operation (id, amount, description, operation_date, type, bank_account_id) VALUES (4241, 58.92, 'Marjane Supermarket', '2026-06-12 19:56:31', 'DEBIT', 'acc-9a7641b5-d228-4169-9d1c-1afc321b959b');
INSERT INTO account_operation (id, amount, description, operation_date, type, bank_account_id) VALUES (4242, 777.8, 'Pharmacy', '2026-03-25 19:56:31', 'DEBIT', 'acc-9a7641b5-d228-4169-9d1c-1afc321b959b');
INSERT INTO account_operation (id, amount, description, operation_date, type, bank_account_id) VALUES (4243, 401.41, 'Spotify', '2026-04-03 19:56:31', 'DEBIT', 'acc-9a7641b5-d228-4169-9d1c-1afc321b959b');
INSERT INTO account_operation (id, amount, description, operation_date, type, bank_account_id) VALUES (4244, 71.87, 'Restaurant', '2026-05-26 19:56:31', 'DEBIT', 'acc-9a7641b5-d228-4169-9d1c-1afc321b959b');
INSERT INTO account_operation (id, amount, description, operation_date, type, bank_account_id) VALUES (4245, 629.13, 'CTM Bus', '2026-04-17 19:56:31', 'DEBIT', 'acc-9a7641b5-d228-4169-9d1c-1afc321b959b');
INSERT INTO account_operation (id, amount, description, operation_date, type, bank_account_id) VALUES (4246, 664.17, 'Marjane Supermarket', '2025-12-30 19:56:31', 'DEBIT', 'acc-9a7641b5-d228-4169-9d1c-1afc321b959b');
INSERT INTO account_operation (id, amount, description, operation_date, type, bank_account_id) VALUES (4247, 28.34, 'Netflix Subscription', '2026-04-14 19:56:31', 'DEBIT', 'acc-9a7641b5-d228-4169-9d1c-1afc321b959b');
INSERT INTO account_operation (id, amount, description, operation_date, type, bank_account_id) VALUES (4248, 918.14, 'Decathlon', '2026-05-19 19:56:31', 'DEBIT', 'acc-9a7641b5-d228-4169-9d1c-1afc321b959b');
INSERT INTO account_operation (id, amount, description, operation_date, type, bank_account_id) VALUES (4249, 1882.11, 'Maroc Telecom', '2025-11-30 19:56:31', 'DEBIT', 'acc-9a7641b5-d228-4169-9d1c-1afc321b959b');
INSERT INTO account_operation (id, amount, description, operation_date, type, bank_account_id) VALUES (4250, 246.95, 'Local Cafe', '2026-06-19 19:56:31', 'DEBIT', 'acc-9a7641b5-d228-4169-9d1c-1afc321b959b');
INSERT INTO account_operation (id, amount, description, operation_date, type, bank_account_id) VALUES (4251, 1151.24, 'CTM Bus', '2026-04-23 19:56:31', 'DEBIT', 'acc-9a7641b5-d228-4169-9d1c-1afc321b959b');
INSERT INTO account_operation (id, amount, description, operation_date, type, bank_account_id) VALUES (4252, 1370.48, 'BIM Store', '2025-12-01 19:56:31', 'DEBIT', 'acc-9a7641b5-d228-4169-9d1c-1afc321b959b');
INSERT INTO account_operation (id, amount, description, operation_date, type, bank_account_id) VALUES (4253, 186.91, 'Marjane Supermarket', '2025-12-15 19:56:31', 'DEBIT', 'acc-9a7641b5-d228-4169-9d1c-1afc321b959b');
INSERT INTO account_operation (id, amount, description, operation_date, type, bank_account_id) VALUES (4254, 1029.25, 'Local Cafe', '2025-11-28 19:56:31', 'DEBIT', 'acc-9a7641b5-d228-4169-9d1c-1afc321b959b');
INSERT INTO account_operation (id, amount, description, operation_date, type, bank_account_id) VALUES (4255, 709.47, 'Amendis', '2025-11-20 19:56:31', 'DEBIT', 'acc-9a7641b5-d228-4169-9d1c-1afc321b959b');
INSERT INTO account_operation (id, amount, description, operation_date, type, bank_account_id) VALUES (4256, 1752.6, 'Inwi', '2026-05-19 19:56:31', 'DEBIT', 'acc-9a7641b5-d228-4169-9d1c-1afc321b959b');
INSERT INTO account_operation (id, amount, description, operation_date, type, bank_account_id) VALUES (4257, 1161.78, 'Marjane Supermarket', '2026-06-03 19:56:31', 'DEBIT', 'acc-9a7641b5-d228-4169-9d1c-1afc321b959b');
INSERT INTO account_operation (id, amount, description, operation_date, type, bank_account_id) VALUES (4258, 1669.17, 'BIM Store', '2026-05-12 19:56:31', 'DEBIT', 'acc-9a7641b5-d228-4169-9d1c-1afc321b959b');
INSERT INTO account_operation (id, amount, description, operation_date, type, bank_account_id) VALUES (4259, 9733.39, 'Cash Deposit', '2026-02-25 19:56:31', 'CREDIT', 'acc-9a7641b5-d228-4169-9d1c-1afc321b959b');
INSERT INTO account_operation (id, amount, description, operation_date, type, bank_account_id) VALUES (4260, 1417.48, 'Decathlon', '2026-03-19 19:56:31', 'DEBIT', 'acc-9a7641b5-d228-4169-9d1c-1afc321b959b');
INSERT INTO account_operation (id, amount, description, operation_date, type, bank_account_id) VALUES (4261, 8983.26, 'Freelance Payment', '2026-05-03 19:56:31', 'CREDIT', 'acc-9a7641b5-d228-4169-9d1c-1afc321b959b');
INSERT INTO account_operation (id, amount, description, operation_date, type, bank_account_id) VALUES (4262, 798.49, 'Carrefour', '2026-04-09 19:56:31', 'DEBIT', 'acc-9a7641b5-d228-4169-9d1c-1afc321b959b');
INSERT INTO account_operation (id, amount, description, operation_date, type, bank_account_id) VALUES (4263, 1686.05, 'ONEE Electricity', '2025-11-17 19:56:31', 'DEBIT', 'acc-9a7641b5-d228-4169-9d1c-1afc321b959b');
INSERT INTO account_operation (id, amount, description, operation_date, type, bank_account_id) VALUES (4264, 987.66, 'Local Cafe', '2026-06-16 19:56:31', 'DEBIT', 'acc-9a7641b5-d228-4169-9d1c-1afc321b959b');
INSERT INTO account_operation (id, amount, description, operation_date, type, bank_account_id) VALUES (4265, 13308.12, 'Dividend Payout', '2026-03-24 19:56:31', 'CREDIT', 'acc-9a7641b5-d228-4169-9d1c-1afc321b959b');
INSERT INTO account_operation (id, amount, description, operation_date, type, bank_account_id) VALUES (4266, 13710.37, 'Cash Deposit', '2025-11-22 19:56:31', 'CREDIT', 'acc-9a7641b5-d228-4169-9d1c-1afc321b959b');
INSERT INTO account_operation (id, amount, description, operation_date, type, bank_account_id) VALUES (4267, 1955.85, 'BIM Store', '2026-04-24 19:56:31', 'DEBIT', 'acc-9a7641b5-d228-4169-9d1c-1afc321b959b');
INSERT INTO account_operation (id, amount, description, operation_date, type, bank_account_id) VALUES (4268, 46.65, 'Restaurant', '2025-12-31 19:56:31', 'DEBIT', 'acc-9a7641b5-d228-4169-9d1c-1afc321b959b');
INSERT INTO account_operation (id, amount, description, operation_date, type, bank_account_id) VALUES (4269, 10641.44, 'Cash Deposit', '2026-06-13 19:56:31', 'CREDIT', 'acc-9a7641b5-d228-4169-9d1c-1afc321b959b');
INSERT INTO account_operation (id, amount, description, operation_date, type, bank_account_id) VALUES (4270, 1759.93, 'Local Cafe', '2026-01-14 19:56:31', 'DEBIT', 'acc-9a7641b5-d228-4169-9d1c-1afc321b959b');
INSERT INTO account_operation (id, amount, description, operation_date, type, bank_account_id) VALUES (4271, 3076.36, 'Transfer Received', '2026-02-12 19:56:31', 'CREDIT', 'acc-9a7641b5-d228-4169-9d1c-1afc321b959b');
INSERT INTO account_operation (id, amount, description, operation_date, type, bank_account_id) VALUES (4272, 1615.18, 'Redal', '2025-11-14 19:56:31', 'DEBIT', 'acc-9a7641b5-d228-4169-9d1c-1afc321b959b');
INSERT INTO account_operation (id, amount, description, operation_date, type, bank_account_id) VALUES (4273, 950.45, 'ONCF Train', '2025-12-05 19:56:31', 'DEBIT', 'acc-9a7641b5-d228-4169-9d1c-1afc321b959b');
INSERT INTO account_operation (id, amount, description, operation_date, type, bank_account_id) VALUES (4274, 133.45, 'Redal', '2025-12-21 19:56:31', 'DEBIT', 'acc-9a7641b5-d228-4169-9d1c-1afc321b959b');
INSERT INTO account_operation (id, amount, description, operation_date, type, bank_account_id) VALUES (4275, 10359.65, 'Salary Deposit', '2026-05-19 19:56:31', 'CREDIT', 'acc-9a7641b5-d228-4169-9d1c-1afc321b959b');
INSERT INTO account_operation (id, amount, description, operation_date, type, bank_account_id) VALUES (4276, 7077.94, 'Transfer Received', '2026-03-13 19:56:31', 'CREDIT', 'acc-9a7641b5-d228-4169-9d1c-1afc321b959b');
INSERT INTO account_operation (id, amount, description, operation_date, type, bank_account_id) VALUES (4277, 615.9, 'Maroc Telecom', '2026-06-01 19:56:31', 'DEBIT', 'acc-9a7641b5-d228-4169-9d1c-1afc321b959b');
INSERT INTO bank_account (id, type, balance, created_at, customer_id, over_draft, interest_rate) VALUES ('acc-aa470963-eba9-4ed6-bffa-a28054693beb', 'SAVE', 56440.65, '2026-04-04 19:56:31', 74, NULL, 1.59);
INSERT INTO account_operation (id, amount, description, operation_date, type, bank_account_id) VALUES (4278, 29754.96, 'Initial Account Funding', '2026-04-04 19:56:31', 'CREDIT', 'acc-aa470963-eba9-4ed6-bffa-a28054693beb');
INSERT INTO account_operation (id, amount, description, operation_date, type, bank_account_id) VALUES (4279, 1745.55, 'Freelance Payment', '2026-06-22 19:56:31', 'CREDIT', 'acc-aa470963-eba9-4ed6-bffa-a28054693beb');
INSERT INTO account_operation (id, amount, description, operation_date, type, bank_account_id) VALUES (4280, 1674.68, 'BIM Store', '2026-04-25 19:56:31', 'DEBIT', 'acc-aa470963-eba9-4ed6-bffa-a28054693beb');
INSERT INTO account_operation (id, amount, description, operation_date, type, bank_account_id) VALUES (4281, 1976.7, 'CTM Bus', '2026-04-11 19:56:31', 'DEBIT', 'acc-aa470963-eba9-4ed6-bffa-a28054693beb');
INSERT INTO account_operation (id, amount, description, operation_date, type, bank_account_id) VALUES (4282, 73.76, 'LC Waikiki', '2026-04-08 19:56:31', 'DEBIT', 'acc-aa470963-eba9-4ed6-bffa-a28054693beb');
INSERT INTO account_operation (id, amount, description, operation_date, type, bank_account_id) VALUES (4283, 1642.18, 'Carrefour', '2026-05-09 19:56:31', 'DEBIT', 'acc-aa470963-eba9-4ed6-bffa-a28054693beb');
INSERT INTO account_operation (id, amount, description, operation_date, type, bank_account_id) VALUES (4284, 114.27, 'Local Cafe', '2026-04-13 19:56:31', 'DEBIT', 'acc-aa470963-eba9-4ed6-bffa-a28054693beb');
INSERT INTO account_operation (id, amount, description, operation_date, type, bank_account_id) VALUES (4285, 1753.85, 'Netflix Subscription', '2026-05-24 19:56:31', 'DEBIT', 'acc-aa470963-eba9-4ed6-bffa-a28054693beb');
INSERT INTO account_operation (id, amount, description, operation_date, type, bank_account_id) VALUES (4286, 11332.85, 'Salary Deposit', '2026-04-21 19:56:31', 'CREDIT', 'acc-aa470963-eba9-4ed6-bffa-a28054693beb');
INSERT INTO account_operation (id, amount, description, operation_date, type, bank_account_id) VALUES (4287, 685.9, 'Amendis', '2026-05-06 19:56:31', 'DEBIT', 'acc-aa470963-eba9-4ed6-bffa-a28054693beb');
INSERT INTO account_operation (id, amount, description, operation_date, type, bank_account_id) VALUES (4288, 1232.12, 'Transfer Received', '2026-06-28 19:56:31', 'CREDIT', 'acc-aa470963-eba9-4ed6-bffa-a28054693beb');
INSERT INTO account_operation (id, amount, description, operation_date, type, bank_account_id) VALUES (4289, 1492.81, 'Carrefour', '2026-06-07 19:56:31', 'DEBIT', 'acc-aa470963-eba9-4ed6-bffa-a28054693beb');
INSERT INTO account_operation (id, amount, description, operation_date, type, bank_account_id) VALUES (4290, 8295.84, 'Freelance Payment', '2026-06-29 19:56:31', 'CREDIT', 'acc-aa470963-eba9-4ed6-bffa-a28054693beb');
INSERT INTO account_operation (id, amount, description, operation_date, type, bank_account_id) VALUES (4291, 685.03, 'Spotify', '2026-05-20 19:56:31', 'DEBIT', 'acc-aa470963-eba9-4ed6-bffa-a28054693beb');
INSERT INTO account_operation (id, amount, description, operation_date, type, bank_account_id) VALUES (4292, 1753.39, 'Restaurant', '2026-05-07 19:56:31', 'DEBIT', 'acc-aa470963-eba9-4ed6-bffa-a28054693beb');
INSERT INTO account_operation (id, amount, description, operation_date, type, bank_account_id) VALUES (4293, 115.73, 'Orange', '2026-06-19 19:56:31', 'DEBIT', 'acc-aa470963-eba9-4ed6-bffa-a28054693beb');
INSERT INTO account_operation (id, amount, description, operation_date, type, bank_account_id) VALUES (4294, 992.24, 'Zara', '2026-05-23 19:56:31', 'DEBIT', 'acc-aa470963-eba9-4ed6-bffa-a28054693beb');
INSERT INTO account_operation (id, amount, description, operation_date, type, bank_account_id) VALUES (4295, 358.4, 'Netflix Subscription', '2026-06-02 19:56:31', 'DEBIT', 'acc-aa470963-eba9-4ed6-bffa-a28054693beb');
INSERT INTO account_operation (id, amount, description, operation_date, type, bank_account_id) VALUES (4296, 920.42, 'Restaurant', '2026-04-16 19:56:31', 'DEBIT', 'acc-aa470963-eba9-4ed6-bffa-a28054693beb');
INSERT INTO account_operation (id, amount, description, operation_date, type, bank_account_id) VALUES (4297, 4010.16, 'Salary Deposit', '2026-06-10 19:56:31', 'CREDIT', 'acc-aa470963-eba9-4ed6-bffa-a28054693beb');
INSERT INTO account_operation (id, amount, description, operation_date, type, bank_account_id) VALUES (4298, 1338.15, 'Marjane Supermarket', '2026-04-24 19:56:31', 'DEBIT', 'acc-aa470963-eba9-4ed6-bffa-a28054693beb');
INSERT INTO account_operation (id, amount, description, operation_date, type, bank_account_id) VALUES (4299, 2585.47, 'Salary Deposit', '2026-04-06 19:56:31', 'CREDIT', 'acc-aa470963-eba9-4ed6-bffa-a28054693beb');
INSERT INTO account_operation (id, amount, description, operation_date, type, bank_account_id) VALUES (4300, 1538.59, 'BIM Store', '2026-06-10 19:56:31', 'DEBIT', 'acc-aa470963-eba9-4ed6-bffa-a28054693beb');
INSERT INTO account_operation (id, amount, description, operation_date, type, bank_account_id) VALUES (4301, 11986.47, 'Salary Deposit', '2026-06-15 19:56:31', 'CREDIT', 'acc-aa470963-eba9-4ed6-bffa-a28054693beb');
INSERT INTO account_operation (id, amount, description, operation_date, type, bank_account_id) VALUES (4302, 45.68, 'Pharmacy', '2026-06-02 19:56:31', 'DEBIT', 'acc-aa470963-eba9-4ed6-bffa-a28054693beb');
INSERT INTO account_operation (id, amount, description, operation_date, type, bank_account_id) VALUES (4303, 1068.68, 'BIM Store', '2026-05-13 19:56:31', 'DEBIT', 'acc-aa470963-eba9-4ed6-bffa-a28054693beb');
INSERT INTO account_operation (id, amount, description, operation_date, type, bank_account_id) VALUES (4304, 6113.44, 'Salary Deposit', '2026-05-17 19:56:31', 'CREDIT', 'acc-aa470963-eba9-4ed6-bffa-a28054693beb');
INSERT INTO account_operation (id, amount, description, operation_date, type, bank_account_id) VALUES (4305, 887.87, 'Orange', '2026-04-08 19:56:31', 'DEBIT', 'acc-aa470963-eba9-4ed6-bffa-a28054693beb');
INSERT INTO account_operation (id, amount, description, operation_date, type, bank_account_id) VALUES (4306, 1497.88, 'CTM Bus', '2026-06-02 19:56:31', 'DEBIT', 'acc-aa470963-eba9-4ed6-bffa-a28054693beb');

INSERT INTO customer (id, name, email) VALUES (75, 'Amina Daoudi', 'amina.daoudi@gmail.com');
INSERT INTO bank_account (id, type, balance, created_at, customer_id, over_draft, interest_rate) VALUES ('acc-88531b35-afab-4734-be3e-eb1682016942', 'CURR', 41998.32, '2025-10-12 19:56:31', 75, 7242.67, NULL);
INSERT INTO account_operation (id, amount, description, operation_date, type, bank_account_id) VALUES (4307, 37306.72, 'Initial Account Funding', '2025-10-12 19:56:31', 'CREDIT', 'acc-88531b35-afab-4734-be3e-eb1682016942');
INSERT INTO account_operation (id, amount, description, operation_date, type, bank_account_id) VALUES (4308, 1982.89, 'Maroc Telecom', '2026-05-05 19:56:31', 'DEBIT', 'acc-88531b35-afab-4734-be3e-eb1682016942');
INSERT INTO account_operation (id, amount, description, operation_date, type, bank_account_id) VALUES (4309, 770.04, 'Restaurant', '2026-02-20 19:56:31', 'DEBIT', 'acc-88531b35-afab-4734-be3e-eb1682016942');
INSERT INTO account_operation (id, amount, description, operation_date, type, bank_account_id) VALUES (4310, 302.18, 'Marjane Supermarket', '2026-02-09 19:56:31', 'DEBIT', 'acc-88531b35-afab-4734-be3e-eb1682016942');
INSERT INTO account_operation (id, amount, description, operation_date, type, bank_account_id) VALUES (4311, 1180.11, 'Pharmacy', '2025-10-20 19:56:31', 'DEBIT', 'acc-88531b35-afab-4734-be3e-eb1682016942');
INSERT INTO account_operation (id, amount, description, operation_date, type, bank_account_id) VALUES (4312, 1255.96, 'Local Cafe', '2025-10-13 19:56:31', 'DEBIT', 'acc-88531b35-afab-4734-be3e-eb1682016942');
INSERT INTO account_operation (id, amount, description, operation_date, type, bank_account_id) VALUES (4313, 1007.8, 'CTM Bus', '2025-11-17 19:56:31', 'DEBIT', 'acc-88531b35-afab-4734-be3e-eb1682016942');
INSERT INTO account_operation (id, amount, description, operation_date, type, bank_account_id) VALUES (4314, 1408.4, 'Maroc Telecom', '2026-02-01 19:56:31', 'DEBIT', 'acc-88531b35-afab-4734-be3e-eb1682016942');
INSERT INTO account_operation (id, amount, description, operation_date, type, bank_account_id) VALUES (4315, 292.04, 'Amendis', '2026-04-23 19:56:31', 'DEBIT', 'acc-88531b35-afab-4734-be3e-eb1682016942');
INSERT INTO account_operation (id, amount, description, operation_date, type, bank_account_id) VALUES (4316, 1874.83, 'Local Cafe', '2026-02-06 19:56:31', 'DEBIT', 'acc-88531b35-afab-4734-be3e-eb1682016942');
INSERT INTO account_operation (id, amount, description, operation_date, type, bank_account_id) VALUES (4317, 7108.27, 'Freelance Payment', '2026-03-25 19:56:31', 'CREDIT', 'acc-88531b35-afab-4734-be3e-eb1682016942');
INSERT INTO account_operation (id, amount, description, operation_date, type, bank_account_id) VALUES (4318, 7657.58, 'Salary Deposit', '2026-01-27 19:56:31', 'CREDIT', 'acc-88531b35-afab-4734-be3e-eb1682016942');

INSERT INTO customer (id, name, email) VALUES (76, 'Omar Tahiri', 'omar.tahiri@gmail.com');
INSERT INTO bank_account (id, type, balance, created_at, customer_id, over_draft, interest_rate) VALUES ('acc-a68d89d9-5053-4532-93af-6c47fc86ba52', 'SAVE', 109007.35, '2025-07-06 19:56:31', 76, NULL, 3.25);
INSERT INTO account_operation (id, amount, description, operation_date, type, bank_account_id) VALUES (4319, 47222.0, 'Initial Account Funding', '2025-07-06 19:56:31', 'CREDIT', 'acc-a68d89d9-5053-4532-93af-6c47fc86ba52');
INSERT INTO account_operation (id, amount, description, operation_date, type, bank_account_id) VALUES (4320, 1484.12, 'Restaurant', '2026-04-16 19:56:31', 'DEBIT', 'acc-a68d89d9-5053-4532-93af-6c47fc86ba52');
INSERT INTO account_operation (id, amount, description, operation_date, type, bank_account_id) VALUES (4321, 8941.95, 'Dividend Payout', '2026-01-23 19:56:31', 'CREDIT', 'acc-a68d89d9-5053-4532-93af-6c47fc86ba52');
INSERT INTO account_operation (id, amount, description, operation_date, type, bank_account_id) VALUES (4322, 561.78, 'Carrefour', '2025-11-27 19:56:31', 'DEBIT', 'acc-a68d89d9-5053-4532-93af-6c47fc86ba52');
INSERT INTO account_operation (id, amount, description, operation_date, type, bank_account_id) VALUES (4323, 1323.15, 'Decathlon', '2026-03-05 19:56:31', 'DEBIT', 'acc-a68d89d9-5053-4532-93af-6c47fc86ba52');
INSERT INTO account_operation (id, amount, description, operation_date, type, bank_account_id) VALUES (4324, 14938.5, 'Dividend Payout', '2025-08-28 19:56:31', 'CREDIT', 'acc-a68d89d9-5053-4532-93af-6c47fc86ba52');
INSERT INTO account_operation (id, amount, description, operation_date, type, bank_account_id) VALUES (4325, 289.3, 'CTM Bus', '2025-11-08 19:56:31', 'DEBIT', 'acc-a68d89d9-5053-4532-93af-6c47fc86ba52');
INSERT INTO account_operation (id, amount, description, operation_date, type, bank_account_id) VALUES (4326, 756.91, 'Carrefour', '2025-09-17 19:56:31', 'DEBIT', 'acc-a68d89d9-5053-4532-93af-6c47fc86ba52');
INSERT INTO account_operation (id, amount, description, operation_date, type, bank_account_id) VALUES (4327, 8344.76, 'Dividend Payout', '2025-08-11 19:56:31', 'CREDIT', 'acc-a68d89d9-5053-4532-93af-6c47fc86ba52');
INSERT INTO account_operation (id, amount, description, operation_date, type, bank_account_id) VALUES (4328, 6800.48, 'Dividend Payout', '2026-03-01 19:56:31', 'CREDIT', 'acc-a68d89d9-5053-4532-93af-6c47fc86ba52');
INSERT INTO account_operation (id, amount, description, operation_date, type, bank_account_id) VALUES (4329, 63.27, 'Netflix Subscription', '2026-05-19 19:56:31', 'DEBIT', 'acc-a68d89d9-5053-4532-93af-6c47fc86ba52');
INSERT INTO account_operation (id, amount, description, operation_date, type, bank_account_id) VALUES (4330, 12333.92, 'Salary Deposit', '2026-05-31 19:56:31', 'CREDIT', 'acc-a68d89d9-5053-4532-93af-6c47fc86ba52');
INSERT INTO account_operation (id, amount, description, operation_date, type, bank_account_id) VALUES (4331, 108.47, 'Decathlon', '2025-10-28 19:56:31', 'DEBIT', 'acc-a68d89d9-5053-4532-93af-6c47fc86ba52');
INSERT INTO account_operation (id, amount, description, operation_date, type, bank_account_id) VALUES (4332, 5952.95, 'Freelance Payment', '2026-04-01 19:56:31', 'CREDIT', 'acc-a68d89d9-5053-4532-93af-6c47fc86ba52');
INSERT INTO account_operation (id, amount, description, operation_date, type, bank_account_id) VALUES (4333, 590.51, 'LC Waikiki', '2025-08-14 19:56:31', 'DEBIT', 'acc-a68d89d9-5053-4532-93af-6c47fc86ba52');
INSERT INTO account_operation (id, amount, description, operation_date, type, bank_account_id) VALUES (4334, 3477.08, 'Cash Deposit', '2025-09-25 19:56:31', 'CREDIT', 'acc-a68d89d9-5053-4532-93af-6c47fc86ba52');
INSERT INTO account_operation (id, amount, description, operation_date, type, bank_account_id) VALUES (4335, 1035.0, 'Marjane Supermarket', '2026-06-22 19:56:31', 'DEBIT', 'acc-a68d89d9-5053-4532-93af-6c47fc86ba52');
INSERT INTO account_operation (id, amount, description, operation_date, type, bank_account_id) VALUES (4336, 308.94, 'Local Cafe', '2026-01-11 19:56:31', 'DEBIT', 'acc-a68d89d9-5053-4532-93af-6c47fc86ba52');
INSERT INTO account_operation (id, amount, description, operation_date, type, bank_account_id) VALUES (4337, 379.4, 'Amendis', '2026-02-23 19:56:31', 'DEBIT', 'acc-a68d89d9-5053-4532-93af-6c47fc86ba52');
INSERT INTO account_operation (id, amount, description, operation_date, type, bank_account_id) VALUES (4338, 823.67, 'Carrefour', '2025-11-17 19:56:31', 'DEBIT', 'acc-a68d89d9-5053-4532-93af-6c47fc86ba52');
INSERT INTO account_operation (id, amount, description, operation_date, type, bank_account_id) VALUES (4339, 22.46, 'Local Cafe', '2025-10-15 19:56:31', 'DEBIT', 'acc-a68d89d9-5053-4532-93af-6c47fc86ba52');
INSERT INTO account_operation (id, amount, description, operation_date, type, bank_account_id) VALUES (4340, 11055.45, 'Freelance Payment', '2025-07-09 19:56:31', 'CREDIT', 'acc-a68d89d9-5053-4532-93af-6c47fc86ba52');
INSERT INTO account_operation (id, amount, description, operation_date, type, bank_account_id) VALUES (4341, 1647.63, 'Netflix Subscription', '2026-06-20 19:56:31', 'DEBIT', 'acc-a68d89d9-5053-4532-93af-6c47fc86ba52');
INSERT INTO account_operation (id, amount, description, operation_date, type, bank_account_id) VALUES (4342, 298.17, 'ONCF Train', '2026-01-27 19:56:31', 'DEBIT', 'acc-a68d89d9-5053-4532-93af-6c47fc86ba52');
INSERT INTO account_operation (id, amount, description, operation_date, type, bank_account_id) VALUES (4343, 366.96, 'Marjane Supermarket', '2026-02-16 19:56:31', 'DEBIT', 'acc-a68d89d9-5053-4532-93af-6c47fc86ba52');

INSERT INTO customer (id, name, email) VALUES (77, 'Tariq Daoudi', 'tariq.daoudi@gmail.com');
INSERT INTO bank_account (id, type, balance, created_at, customer_id, over_draft, interest_rate) VALUES ('acc-d40e7a20-6c39-4ef0-8bb5-d5e95500fa0c', 'SAVE', 69169.31, '2025-06-30 19:56:31', 77, NULL, 1.65);
INSERT INTO account_operation (id, amount, description, operation_date, type, bank_account_id) VALUES (4344, 19251.36, 'Initial Account Funding', '2025-06-30 19:56:31', 'CREDIT', 'acc-d40e7a20-6c39-4ef0-8bb5-d5e95500fa0c');
INSERT INTO account_operation (id, amount, description, operation_date, type, bank_account_id) VALUES (4345, 1375.89, 'ONCF Train', '2025-12-16 19:56:31', 'DEBIT', 'acc-d40e7a20-6c39-4ef0-8bb5-d5e95500fa0c');
INSERT INTO account_operation (id, amount, description, operation_date, type, bank_account_id) VALUES (4346, 785.73, 'Pharmacy', '2025-08-28 19:56:31', 'DEBIT', 'acc-d40e7a20-6c39-4ef0-8bb5-d5e95500fa0c');
INSERT INTO account_operation (id, amount, description, operation_date, type, bank_account_id) VALUES (4347, 7816.89, 'Freelance Payment', '2026-05-01 19:56:31', 'CREDIT', 'acc-d40e7a20-6c39-4ef0-8bb5-d5e95500fa0c');
INSERT INTO account_operation (id, amount, description, operation_date, type, bank_account_id) VALUES (4348, 407.58, 'Amendis', '2025-09-01 19:56:31', 'DEBIT', 'acc-d40e7a20-6c39-4ef0-8bb5-d5e95500fa0c');
INSERT INTO account_operation (id, amount, description, operation_date, type, bank_account_id) VALUES (4349, 1317.36, 'LC Waikiki', '2026-02-24 19:56:31', 'DEBIT', 'acc-d40e7a20-6c39-4ef0-8bb5-d5e95500fa0c');
INSERT INTO account_operation (id, amount, description, operation_date, type, bank_account_id) VALUES (4350, 185.89, 'Maroc Telecom', '2026-06-29 19:56:31', 'DEBIT', 'acc-d40e7a20-6c39-4ef0-8bb5-d5e95500fa0c');
INSERT INTO account_operation (id, amount, description, operation_date, type, bank_account_id) VALUES (4351, 5645.8, 'Freelance Payment', '2026-05-04 19:56:31', 'CREDIT', 'acc-d40e7a20-6c39-4ef0-8bb5-d5e95500fa0c');
INSERT INTO account_operation (id, amount, description, operation_date, type, bank_account_id) VALUES (4352, 1755.4, 'Spotify', '2026-01-15 19:56:31', 'DEBIT', 'acc-d40e7a20-6c39-4ef0-8bb5-d5e95500fa0c');
INSERT INTO account_operation (id, amount, description, operation_date, type, bank_account_id) VALUES (4353, 555.83, 'LC Waikiki', '2025-07-20 19:56:31', 'DEBIT', 'acc-d40e7a20-6c39-4ef0-8bb5-d5e95500fa0c');
INSERT INTO account_operation (id, amount, description, operation_date, type, bank_account_id) VALUES (4354, 992.88, 'LC Waikiki', '2026-03-04 19:56:31', 'DEBIT', 'acc-d40e7a20-6c39-4ef0-8bb5-d5e95500fa0c');
INSERT INTO account_operation (id, amount, description, operation_date, type, bank_account_id) VALUES (4355, 1844.89, 'Restaurant', '2025-12-02 19:56:31', 'DEBIT', 'acc-d40e7a20-6c39-4ef0-8bb5-d5e95500fa0c');
INSERT INTO account_operation (id, amount, description, operation_date, type, bank_account_id) VALUES (4356, 361.61, 'CTM Bus', '2025-11-14 19:56:31', 'DEBIT', 'acc-d40e7a20-6c39-4ef0-8bb5-d5e95500fa0c');
INSERT INTO account_operation (id, amount, description, operation_date, type, bank_account_id) VALUES (4357, 14918.48, 'Freelance Payment', '2026-01-27 19:56:31', 'CREDIT', 'acc-d40e7a20-6c39-4ef0-8bb5-d5e95500fa0c');
INSERT INTO account_operation (id, amount, description, operation_date, type, bank_account_id) VALUES (4358, 1880.41, 'Decathlon', '2025-11-10 19:56:31', 'DEBIT', 'acc-d40e7a20-6c39-4ef0-8bb5-d5e95500fa0c');
INSERT INTO account_operation (id, amount, description, operation_date, type, bank_account_id) VALUES (4359, 111.69, 'Orange', '2026-03-30 19:56:31', 'DEBIT', 'acc-d40e7a20-6c39-4ef0-8bb5-d5e95500fa0c');
INSERT INTO account_operation (id, amount, description, operation_date, type, bank_account_id) VALUES (4360, 949.45, 'Zara', '2026-04-06 19:56:31', 'DEBIT', 'acc-d40e7a20-6c39-4ef0-8bb5-d5e95500fa0c');
INSERT INTO account_operation (id, amount, description, operation_date, type, bank_account_id) VALUES (4361, 6188.41, 'Salary Deposit', '2025-08-01 19:56:31', 'CREDIT', 'acc-d40e7a20-6c39-4ef0-8bb5-d5e95500fa0c');
INSERT INTO account_operation (id, amount, description, operation_date, type, bank_account_id) VALUES (4362, 915.21, 'Decathlon', '2025-07-25 19:56:31', 'DEBIT', 'acc-d40e7a20-6c39-4ef0-8bb5-d5e95500fa0c');
INSERT INTO account_operation (id, amount, description, operation_date, type, bank_account_id) VALUES (4363, 1590.76, 'Orange', '2025-09-13 19:56:31', 'DEBIT', 'acc-d40e7a20-6c39-4ef0-8bb5-d5e95500fa0c');
INSERT INTO account_operation (id, amount, description, operation_date, type, bank_account_id) VALUES (4364, 328.0, 'ONEE Electricity', '2026-05-30 19:56:31', 'DEBIT', 'acc-d40e7a20-6c39-4ef0-8bb5-d5e95500fa0c');
INSERT INTO account_operation (id, amount, description, operation_date, type, bank_account_id) VALUES (4365, 1883.66, 'Decathlon', '2026-06-23 19:56:31', 'DEBIT', 'acc-d40e7a20-6c39-4ef0-8bb5-d5e95500fa0c');
INSERT INTO account_operation (id, amount, description, operation_date, type, bank_account_id) VALUES (4366, 1833.29, 'CTM Bus', '2026-04-21 19:56:31', 'DEBIT', 'acc-d40e7a20-6c39-4ef0-8bb5-d5e95500fa0c');
INSERT INTO account_operation (id, amount, description, operation_date, type, bank_account_id) VALUES (4367, 1694.82, 'LC Waikiki', '2026-05-16 19:56:31', 'DEBIT', 'acc-d40e7a20-6c39-4ef0-8bb5-d5e95500fa0c');
INSERT INTO account_operation (id, amount, description, operation_date, type, bank_account_id) VALUES (4368, 173.42, 'Local Cafe', '2025-10-01 19:56:31', 'DEBIT', 'acc-d40e7a20-6c39-4ef0-8bb5-d5e95500fa0c');
INSERT INTO account_operation (id, amount, description, operation_date, type, bank_account_id) VALUES (4369, 622.14, 'Decathlon', '2026-03-22 19:56:31', 'DEBIT', 'acc-d40e7a20-6c39-4ef0-8bb5-d5e95500fa0c');
INSERT INTO account_operation (id, amount, description, operation_date, type, bank_account_id) VALUES (4370, 343.72, 'ONCF Train', '2026-01-28 19:56:31', 'DEBIT', 'acc-d40e7a20-6c39-4ef0-8bb5-d5e95500fa0c');
INSERT INTO account_operation (id, amount, description, operation_date, type, bank_account_id) VALUES (4371, 13779.92, 'Cash Deposit', '2026-02-10 19:56:31', 'CREDIT', 'acc-d40e7a20-6c39-4ef0-8bb5-d5e95500fa0c');
INSERT INTO account_operation (id, amount, description, operation_date, type, bank_account_id) VALUES (4372, 1770.11, 'ONCF Train', '2025-07-27 19:56:31', 'DEBIT', 'acc-d40e7a20-6c39-4ef0-8bb5-d5e95500fa0c');
INSERT INTO account_operation (id, amount, description, operation_date, type, bank_account_id) VALUES (4373, 1641.97, 'Amendis', '2026-05-12 19:56:31', 'DEBIT', 'acc-d40e7a20-6c39-4ef0-8bb5-d5e95500fa0c');
INSERT INTO account_operation (id, amount, description, operation_date, type, bank_account_id) VALUES (4374, 751.73, 'ONCF Train', '2026-04-02 19:56:31', 'DEBIT', 'acc-d40e7a20-6c39-4ef0-8bb5-d5e95500fa0c');
INSERT INTO account_operation (id, amount, description, operation_date, type, bank_account_id) VALUES (4375, 2573.0, 'Dividend Payout', '2025-11-13 19:56:31', 'CREDIT', 'acc-d40e7a20-6c39-4ef0-8bb5-d5e95500fa0c');
INSERT INTO account_operation (id, amount, description, operation_date, type, bank_account_id) VALUES (4376, 1059.15, 'Salary Deposit', '2026-01-21 19:56:31', 'CREDIT', 'acc-d40e7a20-6c39-4ef0-8bb5-d5e95500fa0c');
INSERT INTO account_operation (id, amount, description, operation_date, type, bank_account_id) VALUES (4377, 157.44, 'Marjane Supermarket', '2025-10-24 19:56:31', 'DEBIT', 'acc-d40e7a20-6c39-4ef0-8bb5-d5e95500fa0c');
INSERT INTO account_operation (id, amount, description, operation_date, type, bank_account_id) VALUES (4378, 10472.42, 'Salary Deposit', '2026-03-27 19:56:31', 'CREDIT', 'acc-d40e7a20-6c39-4ef0-8bb5-d5e95500fa0c');
INSERT INTO account_operation (id, amount, description, operation_date, type, bank_account_id) VALUES (4379, 2297.23, 'Cash Deposit', '2026-04-12 19:56:31', 'CREDIT', 'acc-d40e7a20-6c39-4ef0-8bb5-d5e95500fa0c');
INSERT INTO account_operation (id, amount, description, operation_date, type, bank_account_id) VALUES (4380, 2634.95, 'Transfer Received', '2025-07-18 19:56:31', 'CREDIT', 'acc-d40e7a20-6c39-4ef0-8bb5-d5e95500fa0c');
INSERT INTO account_operation (id, amount, description, operation_date, type, bank_account_id) VALUES (4381, 1589.85, 'Local Cafe', '2026-04-23 19:56:31', 'DEBIT', 'acc-d40e7a20-6c39-4ef0-8bb5-d5e95500fa0c');
INSERT INTO account_operation (id, amount, description, operation_date, type, bank_account_id) VALUES (4382, 1347.25, 'Local Cafe', '2026-02-26 19:56:31', 'DEBIT', 'acc-d40e7a20-6c39-4ef0-8bb5-d5e95500fa0c');
INSERT INTO account_operation (id, amount, description, operation_date, type, bank_account_id) VALUES (4383, 10892.12, 'Salary Deposit', '2025-12-04 19:56:31', 'CREDIT', 'acc-d40e7a20-6c39-4ef0-8bb5-d5e95500fa0c');
INSERT INTO account_operation (id, amount, description, operation_date, type, bank_account_id) VALUES (4384, 1297.38, 'Spotify', '2025-08-12 19:56:31', 'DEBIT', 'acc-d40e7a20-6c39-4ef0-8bb5-d5e95500fa0c');
INSERT INTO account_operation (id, amount, description, operation_date, type, bank_account_id) VALUES (4385, 6736.0, 'Cash Deposit', '2025-08-23 19:56:31', 'CREDIT', 'acc-d40e7a20-6c39-4ef0-8bb5-d5e95500fa0c');
INSERT INTO account_operation (id, amount, description, operation_date, type, bank_account_id) VALUES (4386, 1626.52, 'Inwi', '2026-05-09 19:56:31', 'DEBIT', 'acc-d40e7a20-6c39-4ef0-8bb5-d5e95500fa0c');
INSERT INTO account_operation (id, amount, description, operation_date, type, bank_account_id) VALUES (4387, 1491.19, 'LC Waikiki', '2026-04-26 19:56:31', 'DEBIT', 'acc-d40e7a20-6c39-4ef0-8bb5-d5e95500fa0c');
INSERT INTO account_operation (id, amount, description, operation_date, type, bank_account_id) VALUES (4388, 1513.35, 'Maroc Telecom', '2025-09-08 19:56:31', 'DEBIT', 'acc-d40e7a20-6c39-4ef0-8bb5-d5e95500fa0c');
INSERT INTO bank_account (id, type, balance, created_at, customer_id, over_draft, interest_rate) VALUES ('acc-a84facba-193e-45d4-83b3-49bca6b74bbc', 'SAVE', 36558.38, '2025-08-27 19:56:31', 77, NULL, 3.21);
INSERT INTO account_operation (id, amount, description, operation_date, type, bank_account_id) VALUES (4389, 15807.46, 'Initial Account Funding', '2025-08-27 19:56:31', 'CREDIT', 'acc-a84facba-193e-45d4-83b3-49bca6b74bbc');
INSERT INTO account_operation (id, amount, description, operation_date, type, bank_account_id) VALUES (4390, 1314.26, 'Carrefour', '2025-10-06 19:56:31', 'DEBIT', 'acc-a84facba-193e-45d4-83b3-49bca6b74bbc');
INSERT INTO account_operation (id, amount, description, operation_date, type, bank_account_id) VALUES (4391, 6028.45, 'Dividend Payout', '2025-09-15 19:56:31', 'CREDIT', 'acc-a84facba-193e-45d4-83b3-49bca6b74bbc');
INSERT INTO account_operation (id, amount, description, operation_date, type, bank_account_id) VALUES (4392, 1069.76, 'Netflix Subscription', '2026-05-31 19:56:31', 'DEBIT', 'acc-a84facba-193e-45d4-83b3-49bca6b74bbc');
INSERT INTO account_operation (id, amount, description, operation_date, type, bank_account_id) VALUES (4393, 35.65, 'Marjane Supermarket', '2026-02-11 19:56:31', 'DEBIT', 'acc-a84facba-193e-45d4-83b3-49bca6b74bbc');
INSERT INTO account_operation (id, amount, description, operation_date, type, bank_account_id) VALUES (4394, 1080.51, 'Orange', '2026-01-07 19:56:31', 'DEBIT', 'acc-a84facba-193e-45d4-83b3-49bca6b74bbc');
INSERT INTO account_operation (id, amount, description, operation_date, type, bank_account_id) VALUES (4395, 764.76, 'Marjane Supermarket', '2026-01-22 19:56:31', 'DEBIT', 'acc-a84facba-193e-45d4-83b3-49bca6b74bbc');
INSERT INTO account_operation (id, amount, description, operation_date, type, bank_account_id) VALUES (4396, 8653.65, 'Salary Deposit', '2025-09-18 19:56:31', 'CREDIT', 'acc-a84facba-193e-45d4-83b3-49bca6b74bbc');
INSERT INTO account_operation (id, amount, description, operation_date, type, bank_account_id) VALUES (4397, 278.62, 'Pharmacy', '2026-03-16 19:56:31', 'DEBIT', 'acc-a84facba-193e-45d4-83b3-49bca6b74bbc');
INSERT INTO account_operation (id, amount, description, operation_date, type, bank_account_id) VALUES (4398, 10457.17, 'Dividend Payout', '2025-11-14 19:56:31', 'CREDIT', 'acc-a84facba-193e-45d4-83b3-49bca6b74bbc');
INSERT INTO account_operation (id, amount, description, operation_date, type, bank_account_id) VALUES (4399, 166.25, 'LC Waikiki', '2026-03-07 19:56:31', 'DEBIT', 'acc-a84facba-193e-45d4-83b3-49bca6b74bbc');
INSERT INTO account_operation (id, amount, description, operation_date, type, bank_account_id) VALUES (4400, 303.62, 'Pharmacy', '2025-09-17 19:56:31', 'DEBIT', 'acc-a84facba-193e-45d4-83b3-49bca6b74bbc');
INSERT INTO account_operation (id, amount, description, operation_date, type, bank_account_id) VALUES (4401, 698.31, 'Local Cafe', '2026-06-12 19:56:31', 'DEBIT', 'acc-a84facba-193e-45d4-83b3-49bca6b74bbc');
INSERT INTO account_operation (id, amount, description, operation_date, type, bank_account_id) VALUES (4402, 3846.53, 'Freelance Payment', '2026-06-16 19:56:31', 'CREDIT', 'acc-a84facba-193e-45d4-83b3-49bca6b74bbc');
INSERT INTO account_operation (id, amount, description, operation_date, type, bank_account_id) VALUES (4403, 1616.4, 'Spotify', '2025-09-02 19:56:31', 'DEBIT', 'acc-a84facba-193e-45d4-83b3-49bca6b74bbc');
INSERT INTO account_operation (id, amount, description, operation_date, type, bank_account_id) VALUES (4404, 906.74, 'Amendis', '2026-01-28 19:56:31', 'DEBIT', 'acc-a84facba-193e-45d4-83b3-49bca6b74bbc');

INSERT INTO customer (id, name, email) VALUES (78, 'Hamza Benali', 'hamza.benali@gmail.com');
INSERT INTO bank_account (id, type, balance, created_at, customer_id, over_draft, interest_rate) VALUES ('acc-39371ab8-ade5-4bfe-bfd6-482fa2179b75', 'SAVE', 99872.88, '2025-09-24 19:56:31', 78, NULL, 2.4);
INSERT INTO account_operation (id, amount, description, operation_date, type, bank_account_id) VALUES (4405, 34692.91, 'Initial Account Funding', '2025-09-24 19:56:31', 'CREDIT', 'acc-39371ab8-ade5-4bfe-bfd6-482fa2179b75');
INSERT INTO account_operation (id, amount, description, operation_date, type, bank_account_id) VALUES (4406, 13760.52, 'Salary Deposit', '2025-10-02 19:56:31', 'CREDIT', 'acc-39371ab8-ade5-4bfe-bfd6-482fa2179b75');
INSERT INTO account_operation (id, amount, description, operation_date, type, bank_account_id) VALUES (4407, 1431.93, 'Amendis', '2026-05-10 19:56:31', 'DEBIT', 'acc-39371ab8-ade5-4bfe-bfd6-482fa2179b75');
INSERT INTO account_operation (id, amount, description, operation_date, type, bank_account_id) VALUES (4408, 1419.73, 'Restaurant', '2026-02-28 19:56:31', 'DEBIT', 'acc-39371ab8-ade5-4bfe-bfd6-482fa2179b75');
INSERT INTO account_operation (id, amount, description, operation_date, type, bank_account_id) VALUES (4409, 1288.57, 'Zara', '2025-12-02 19:56:31', 'DEBIT', 'acc-39371ab8-ade5-4bfe-bfd6-482fa2179b75');
INSERT INTO account_operation (id, amount, description, operation_date, type, bank_account_id) VALUES (4410, 1010.58, 'CTM Bus', '2025-10-23 19:56:31', 'DEBIT', 'acc-39371ab8-ade5-4bfe-bfd6-482fa2179b75');
INSERT INTO account_operation (id, amount, description, operation_date, type, bank_account_id) VALUES (4411, 10500.53, 'Transfer Received', '2026-05-16 19:56:31', 'CREDIT', 'acc-39371ab8-ade5-4bfe-bfd6-482fa2179b75');
INSERT INTO account_operation (id, amount, description, operation_date, type, bank_account_id) VALUES (4412, 12384.68, 'Salary Deposit', '2025-12-21 19:56:31', 'CREDIT', 'acc-39371ab8-ade5-4bfe-bfd6-482fa2179b75');
INSERT INTO account_operation (id, amount, description, operation_date, type, bank_account_id) VALUES (4413, 1204.34, 'Marjane Supermarket', '2026-03-14 19:56:31', 'DEBIT', 'acc-39371ab8-ade5-4bfe-bfd6-482fa2179b75');
INSERT INTO account_operation (id, amount, description, operation_date, type, bank_account_id) VALUES (4414, 11461.31, 'Transfer Received', '2025-09-29 19:56:31', 'CREDIT', 'acc-39371ab8-ade5-4bfe-bfd6-482fa2179b75');
INSERT INTO account_operation (id, amount, description, operation_date, type, bank_account_id) VALUES (4415, 572.2, 'Carrefour', '2026-03-25 19:56:31', 'DEBIT', 'acc-39371ab8-ade5-4bfe-bfd6-482fa2179b75');
INSERT INTO account_operation (id, amount, description, operation_date, type, bank_account_id) VALUES (4416, 1492.98, 'Spotify', '2026-05-04 19:56:31', 'DEBIT', 'acc-39371ab8-ade5-4bfe-bfd6-482fa2179b75');
INSERT INTO account_operation (id, amount, description, operation_date, type, bank_account_id) VALUES (4417, 1996.45, 'Decathlon', '2026-01-27 19:56:31', 'DEBIT', 'acc-39371ab8-ade5-4bfe-bfd6-482fa2179b75');
INSERT INTO account_operation (id, amount, description, operation_date, type, bank_account_id) VALUES (4418, 11089.06, 'Transfer Received', '2026-03-28 19:56:31', 'CREDIT', 'acc-39371ab8-ade5-4bfe-bfd6-482fa2179b75');
INSERT INTO account_operation (id, amount, description, operation_date, type, bank_account_id) VALUES (4419, 6940.61, 'Salary Deposit', '2026-01-12 19:56:31', 'CREDIT', 'acc-39371ab8-ade5-4bfe-bfd6-482fa2179b75');
INSERT INTO account_operation (id, amount, description, operation_date, type, bank_account_id) VALUES (4420, 973.89, 'Amendis', '2026-03-15 19:56:31', 'DEBIT', 'acc-39371ab8-ade5-4bfe-bfd6-482fa2179b75');
INSERT INTO account_operation (id, amount, description, operation_date, type, bank_account_id) VALUES (4421, 765.4, 'Amendis', '2025-12-03 19:56:31', 'DEBIT', 'acc-39371ab8-ade5-4bfe-bfd6-482fa2179b75');
INSERT INTO account_operation (id, amount, description, operation_date, type, bank_account_id) VALUES (4422, 134.71, 'Spotify', '2025-12-23 19:56:31', 'DEBIT', 'acc-39371ab8-ade5-4bfe-bfd6-482fa2179b75');
INSERT INTO account_operation (id, amount, description, operation_date, type, bank_account_id) VALUES (4423, 4270.11, 'Dividend Payout', '2026-04-28 19:56:31', 'CREDIT', 'acc-39371ab8-ade5-4bfe-bfd6-482fa2179b75');
INSERT INTO account_operation (id, amount, description, operation_date, type, bank_account_id) VALUES (4424, 8287.55, 'Cash Deposit', '2026-06-01 19:56:31', 'CREDIT', 'acc-39371ab8-ade5-4bfe-bfd6-482fa2179b75');
INSERT INTO account_operation (id, amount, description, operation_date, type, bank_account_id) VALUES (4425, 1223.62, 'Amendis', '2025-12-28 19:56:31', 'DEBIT', 'acc-39371ab8-ade5-4bfe-bfd6-482fa2179b75');
INSERT INTO bank_account (id, type, balance, created_at, customer_id, over_draft, interest_rate) VALUES ('acc-12273370-4a70-4d02-b550-58d77b81c331', 'CURR', 56325.62, '2025-10-02 19:56:31', 78, 3129.84, NULL);
INSERT INTO account_operation (id, amount, description, operation_date, type, bank_account_id) VALUES (4426, 25550.45, 'Initial Account Funding', '2025-10-02 19:56:31', 'CREDIT', 'acc-12273370-4a70-4d02-b550-58d77b81c331');
INSERT INTO account_operation (id, amount, description, operation_date, type, bank_account_id) VALUES (4427, 1552.99, 'LC Waikiki', '2026-01-24 19:56:31', 'DEBIT', 'acc-12273370-4a70-4d02-b550-58d77b81c331');
INSERT INTO account_operation (id, amount, description, operation_date, type, bank_account_id) VALUES (4428, 1169.04, 'Maroc Telecom', '2026-05-08 19:56:31', 'DEBIT', 'acc-12273370-4a70-4d02-b550-58d77b81c331');
INSERT INTO account_operation (id, amount, description, operation_date, type, bank_account_id) VALUES (4429, 1451.05, 'Orange', '2026-03-28 19:56:31', 'DEBIT', 'acc-12273370-4a70-4d02-b550-58d77b81c331');
INSERT INTO account_operation (id, amount, description, operation_date, type, bank_account_id) VALUES (4430, 2778.58, 'Freelance Payment', '2026-04-24 19:56:31', 'CREDIT', 'acc-12273370-4a70-4d02-b550-58d77b81c331');
INSERT INTO account_operation (id, amount, description, operation_date, type, bank_account_id) VALUES (4431, 1672.05, 'Local Cafe', '2026-06-26 19:56:31', 'DEBIT', 'acc-12273370-4a70-4d02-b550-58d77b81c331');
INSERT INTO account_operation (id, amount, description, operation_date, type, bank_account_id) VALUES (4432, 127.41, 'CTM Bus', '2026-02-03 19:56:31', 'DEBIT', 'acc-12273370-4a70-4d02-b550-58d77b81c331');
INSERT INTO account_operation (id, amount, description, operation_date, type, bank_account_id) VALUES (4433, 221.26, 'Carrefour', '2025-11-10 19:56:31', 'DEBIT', 'acc-12273370-4a70-4d02-b550-58d77b81c331');
INSERT INTO account_operation (id, amount, description, operation_date, type, bank_account_id) VALUES (4434, 5888.7, 'Transfer Received', '2026-02-21 19:56:31', 'CREDIT', 'acc-12273370-4a70-4d02-b550-58d77b81c331');
INSERT INTO account_operation (id, amount, description, operation_date, type, bank_account_id) VALUES (4435, 749.69, 'Restaurant', '2026-05-29 19:56:31', 'DEBIT', 'acc-12273370-4a70-4d02-b550-58d77b81c331');
INSERT INTO account_operation (id, amount, description, operation_date, type, bank_account_id) VALUES (4436, 1106.42, 'Pharmacy', '2026-02-26 19:56:31', 'DEBIT', 'acc-12273370-4a70-4d02-b550-58d77b81c331');
INSERT INTO account_operation (id, amount, description, operation_date, type, bank_account_id) VALUES (4437, 1145.72, 'LC Waikiki', '2026-02-14 19:56:31', 'DEBIT', 'acc-12273370-4a70-4d02-b550-58d77b81c331');
INSERT INTO account_operation (id, amount, description, operation_date, type, bank_account_id) VALUES (4438, 11871.35, 'Freelance Payment', '2026-06-12 19:56:31', 'CREDIT', 'acc-12273370-4a70-4d02-b550-58d77b81c331');
INSERT INTO account_operation (id, amount, description, operation_date, type, bank_account_id) VALUES (4439, 280.01, 'Spotify', '2026-05-29 19:56:31', 'DEBIT', 'acc-12273370-4a70-4d02-b550-58d77b81c331');
INSERT INTO account_operation (id, amount, description, operation_date, type, bank_account_id) VALUES (4440, 1241.76, 'Netflix Subscription', '2025-11-02 19:56:31', 'DEBIT', 'acc-12273370-4a70-4d02-b550-58d77b81c331');
INSERT INTO account_operation (id, amount, description, operation_date, type, bank_account_id) VALUES (4441, 1755.1, 'Inwi', '2026-06-28 19:56:31', 'DEBIT', 'acc-12273370-4a70-4d02-b550-58d77b81c331');
INSERT INTO account_operation (id, amount, description, operation_date, type, bank_account_id) VALUES (4442, 1673.14, 'BIM Store', '2026-03-12 19:56:31', 'DEBIT', 'acc-12273370-4a70-4d02-b550-58d77b81c331');
INSERT INTO account_operation (id, amount, description, operation_date, type, bank_account_id) VALUES (4443, 1758.88, 'Pharmacy', '2025-11-12 19:56:31', 'DEBIT', 'acc-12273370-4a70-4d02-b550-58d77b81c331');
INSERT INTO account_operation (id, amount, description, operation_date, type, bank_account_id) VALUES (4444, 1226.91, 'LC Waikiki', '2025-10-15 19:56:31', 'DEBIT', 'acc-12273370-4a70-4d02-b550-58d77b81c331');
INSERT INTO account_operation (id, amount, description, operation_date, type, bank_account_id) VALUES (4445, 1212.84, 'Carrefour', '2026-02-11 19:56:31', 'DEBIT', 'acc-12273370-4a70-4d02-b550-58d77b81c331');
INSERT INTO account_operation (id, amount, description, operation_date, type, bank_account_id) VALUES (4446, 940.64, 'Maroc Telecom', '2026-04-10 19:56:31', 'DEBIT', 'acc-12273370-4a70-4d02-b550-58d77b81c331');
INSERT INTO account_operation (id, amount, description, operation_date, type, bank_account_id) VALUES (4447, 1028.93, 'Pharmacy', '2026-02-05 19:56:31', 'DEBIT', 'acc-12273370-4a70-4d02-b550-58d77b81c331');
INSERT INTO account_operation (id, amount, description, operation_date, type, bank_account_id) VALUES (4448, 386.76, 'Amendis', '2026-03-10 19:56:31', 'DEBIT', 'acc-12273370-4a70-4d02-b550-58d77b81c331');
INSERT INTO account_operation (id, amount, description, operation_date, type, bank_account_id) VALUES (4449, 10247.78, 'Freelance Payment', '2026-06-29 19:56:31', 'CREDIT', 'acc-12273370-4a70-4d02-b550-58d77b81c331');
INSERT INTO account_operation (id, amount, description, operation_date, type, bank_account_id) VALUES (4450, 252.33, 'Netflix Subscription', '2026-06-07 19:56:31', 'DEBIT', 'acc-12273370-4a70-4d02-b550-58d77b81c331');
INSERT INTO account_operation (id, amount, description, operation_date, type, bank_account_id) VALUES (4451, 9614.59, 'Salary Deposit', '2026-01-25 19:56:31', 'CREDIT', 'acc-12273370-4a70-4d02-b550-58d77b81c331');
INSERT INTO account_operation (id, amount, description, operation_date, type, bank_account_id) VALUES (4452, 2954.87, 'Cash Deposit', '2026-03-25 19:56:31', 'CREDIT', 'acc-12273370-4a70-4d02-b550-58d77b81c331');
INSERT INTO account_operation (id, amount, description, operation_date, type, bank_account_id) VALUES (4453, 322.16, 'Carrefour', '2025-11-03 19:56:31', 'DEBIT', 'acc-12273370-4a70-4d02-b550-58d77b81c331');
INSERT INTO account_operation (id, amount, description, operation_date, type, bank_account_id) VALUES (4454, 828.23, 'Local Cafe', '2026-06-06 19:56:31', 'DEBIT', 'acc-12273370-4a70-4d02-b550-58d77b81c331');
INSERT INTO account_operation (id, amount, description, operation_date, type, bank_account_id) VALUES (4455, 1814.68, 'Decathlon', '2026-02-05 19:56:31', 'DEBIT', 'acc-12273370-4a70-4d02-b550-58d77b81c331');
INSERT INTO account_operation (id, amount, description, operation_date, type, bank_account_id) VALUES (4456, 1546.99, 'Decathlon', '2025-11-07 19:56:31', 'DEBIT', 'acc-12273370-4a70-4d02-b550-58d77b81c331');
INSERT INTO account_operation (id, amount, description, operation_date, type, bank_account_id) VALUES (4457, 10017.3, 'Dividend Payout', '2026-06-14 19:56:31', 'CREDIT', 'acc-12273370-4a70-4d02-b550-58d77b81c331');
INSERT INTO account_operation (id, amount, description, operation_date, type, bank_account_id) VALUES (4458, 609.9, 'Orange', '2026-05-25 19:56:31', 'DEBIT', 'acc-12273370-4a70-4d02-b550-58d77b81c331');
INSERT INTO account_operation (id, amount, description, operation_date, type, bank_account_id) VALUES (4459, 1278.39, 'Spotify', '2026-05-10 19:56:31', 'DEBIT', 'acc-12273370-4a70-4d02-b550-58d77b81c331');
INSERT INTO account_operation (id, amount, description, operation_date, type, bank_account_id) VALUES (4460, 1642.21, 'Restaurant', '2026-06-23 19:56:31', 'DEBIT', 'acc-12273370-4a70-4d02-b550-58d77b81c331');
INSERT INTO account_operation (id, amount, description, operation_date, type, bank_account_id) VALUES (4461, 406.55, 'Amendis', '2026-01-12 19:56:31', 'DEBIT', 'acc-12273370-4a70-4d02-b550-58d77b81c331');
INSERT INTO account_operation (id, amount, description, operation_date, type, bank_account_id) VALUES (4462, 3757.03, 'Transfer Received', '2026-06-01 19:56:31', 'CREDIT', 'acc-12273370-4a70-4d02-b550-58d77b81c331');
INSERT INTO account_operation (id, amount, description, operation_date, type, bank_account_id) VALUES (4463, 3047.01, 'Dividend Payout', '2026-02-21 19:56:31', 'CREDIT', 'acc-12273370-4a70-4d02-b550-58d77b81c331');
INSERT INTO bank_account (id, type, balance, created_at, customer_id, over_draft, interest_rate) VALUES ('acc-f8153470-963c-4cde-a9ea-37d3f5aeb8bd', 'SAVE', 39892.02, '2026-04-09 19:56:31', 78, NULL, 3.08);
INSERT INTO account_operation (id, amount, description, operation_date, type, bank_account_id) VALUES (4464, 9772.72, 'Initial Account Funding', '2026-04-09 19:56:31', 'CREDIT', 'acc-f8153470-963c-4cde-a9ea-37d3f5aeb8bd');
INSERT INTO account_operation (id, amount, description, operation_date, type, bank_account_id) VALUES (4465, 11814.54, 'Cash Deposit', '2026-06-01 19:56:31', 'CREDIT', 'acc-f8153470-963c-4cde-a9ea-37d3f5aeb8bd');
INSERT INTO account_operation (id, amount, description, operation_date, type, bank_account_id) VALUES (4466, 794.35, 'BIM Store', '2026-06-06 19:56:31', 'DEBIT', 'acc-f8153470-963c-4cde-a9ea-37d3f5aeb8bd');
INSERT INTO account_operation (id, amount, description, operation_date, type, bank_account_id) VALUES (4467, 1334.57, 'Marjane Supermarket', '2026-05-16 19:56:31', 'DEBIT', 'acc-f8153470-963c-4cde-a9ea-37d3f5aeb8bd');
INSERT INTO account_operation (id, amount, description, operation_date, type, bank_account_id) VALUES (4468, 985.48, 'ONCF Train', '2026-04-23 19:56:31', 'DEBIT', 'acc-f8153470-963c-4cde-a9ea-37d3f5aeb8bd');
INSERT INTO account_operation (id, amount, description, operation_date, type, bank_account_id) VALUES (4469, 10909.06, 'Salary Deposit', '2026-04-09 19:56:31', 'CREDIT', 'acc-f8153470-963c-4cde-a9ea-37d3f5aeb8bd');
INSERT INTO account_operation (id, amount, description, operation_date, type, bank_account_id) VALUES (4470, 1980.76, 'Pharmacy', '2026-06-09 19:56:31', 'DEBIT', 'acc-f8153470-963c-4cde-a9ea-37d3f5aeb8bd');
INSERT INTO account_operation (id, amount, description, operation_date, type, bank_account_id) VALUES (4471, 1855.94, 'Local Cafe', '2026-04-18 19:56:31', 'DEBIT', 'acc-f8153470-963c-4cde-a9ea-37d3f5aeb8bd');
INSERT INTO account_operation (id, amount, description, operation_date, type, bank_account_id) VALUES (4472, 11547.23, 'Dividend Payout', '2026-04-20 19:56:31', 'CREDIT', 'acc-f8153470-963c-4cde-a9ea-37d3f5aeb8bd');
INSERT INTO account_operation (id, amount, description, operation_date, type, bank_account_id) VALUES (4473, 1701.83, 'Marjane Supermarket', '2026-05-10 19:56:31', 'DEBIT', 'acc-f8153470-963c-4cde-a9ea-37d3f5aeb8bd');
INSERT INTO account_operation (id, amount, description, operation_date, type, bank_account_id) VALUES (4474, 1538.64, 'Zara', '2026-04-30 19:56:31', 'DEBIT', 'acc-f8153470-963c-4cde-a9ea-37d3f5aeb8bd');
INSERT INTO account_operation (id, amount, description, operation_date, type, bank_account_id) VALUES (4475, 1280.18, 'CTM Bus', '2026-06-21 19:56:31', 'DEBIT', 'acc-f8153470-963c-4cde-a9ea-37d3f5aeb8bd');
INSERT INTO account_operation (id, amount, description, operation_date, type, bank_account_id) VALUES (4476, 13216.19, 'Dividend Payout', '2026-05-21 19:56:31', 'CREDIT', 'acc-f8153470-963c-4cde-a9ea-37d3f5aeb8bd');
INSERT INTO account_operation (id, amount, description, operation_date, type, bank_account_id) VALUES (4477, 1010.91, 'Decathlon', '2026-04-18 19:56:31', 'DEBIT', 'acc-f8153470-963c-4cde-a9ea-37d3f5aeb8bd');
INSERT INTO account_operation (id, amount, description, operation_date, type, bank_account_id) VALUES (4478, 633.98, 'BIM Store', '2026-06-24 19:56:31', 'DEBIT', 'acc-f8153470-963c-4cde-a9ea-37d3f5aeb8bd');
INSERT INTO account_operation (id, amount, description, operation_date, type, bank_account_id) VALUES (4479, 1196.14, 'Redal', '2026-04-09 19:56:31', 'DEBIT', 'acc-f8153470-963c-4cde-a9ea-37d3f5aeb8bd');
INSERT INTO account_operation (id, amount, description, operation_date, type, bank_account_id) VALUES (4480, 1740.19, 'Marjane Supermarket', '2026-06-12 19:56:31', 'DEBIT', 'acc-f8153470-963c-4cde-a9ea-37d3f5aeb8bd');
INSERT INTO account_operation (id, amount, description, operation_date, type, bank_account_id) VALUES (4481, 4909.38, 'Dividend Payout', '2026-06-17 19:56:31', 'CREDIT', 'acc-f8153470-963c-4cde-a9ea-37d3f5aeb8bd');
INSERT INTO account_operation (id, amount, description, operation_date, type, bank_account_id) VALUES (4482, 1747.79, 'CTM Bus', '2026-04-17 19:56:31', 'DEBIT', 'acc-f8153470-963c-4cde-a9ea-37d3f5aeb8bd');
INSERT INTO account_operation (id, amount, description, operation_date, type, bank_account_id) VALUES (4483, 901.32, 'Local Cafe', '2026-05-11 19:56:31', 'DEBIT', 'acc-f8153470-963c-4cde-a9ea-37d3f5aeb8bd');
INSERT INTO account_operation (id, amount, description, operation_date, type, bank_account_id) VALUES (4484, 1945.39, 'Redal', '2026-04-13 19:56:31', 'DEBIT', 'acc-f8153470-963c-4cde-a9ea-37d3f5aeb8bd');
INSERT INTO account_operation (id, amount, description, operation_date, type, bank_account_id) VALUES (4485, 1157.34, 'Netflix Subscription', '2026-05-02 19:56:31', 'DEBIT', 'acc-f8153470-963c-4cde-a9ea-37d3f5aeb8bd');
INSERT INTO account_operation (id, amount, description, operation_date, type, bank_account_id) VALUES (4486, 472.29, 'Spotify', '2026-04-22 19:56:31', 'DEBIT', 'acc-f8153470-963c-4cde-a9ea-37d3f5aeb8bd');

INSERT INTO customer (id, name, email) VALUES (79, 'Salma Lahlou', 'salma.lahlou@gmail.com');
INSERT INTO bank_account (id, type, balance, created_at, customer_id, over_draft, interest_rate) VALUES ('acc-5490ff42-0a0d-46dd-ae78-9bdf13aa4f12', 'SAVE', 33818.29, '2025-10-20 19:56:31', 79, NULL, 1.51);
INSERT INTO account_operation (id, amount, description, operation_date, type, bank_account_id) VALUES (4487, 11540.4, 'Initial Account Funding', '2025-10-20 19:56:31', 'CREDIT', 'acc-5490ff42-0a0d-46dd-ae78-9bdf13aa4f12');
INSERT INTO account_operation (id, amount, description, operation_date, type, bank_account_id) VALUES (4488, 759.91, 'LC Waikiki', '2025-12-29 19:56:31', 'DEBIT', 'acc-5490ff42-0a0d-46dd-ae78-9bdf13aa4f12');
INSERT INTO account_operation (id, amount, description, operation_date, type, bank_account_id) VALUES (4489, 1227.85, 'Spotify', '2026-03-12 19:56:31', 'DEBIT', 'acc-5490ff42-0a0d-46dd-ae78-9bdf13aa4f12');
INSERT INTO account_operation (id, amount, description, operation_date, type, bank_account_id) VALUES (4490, 1225.88, 'Decathlon', '2026-03-21 19:56:31', 'DEBIT', 'acc-5490ff42-0a0d-46dd-ae78-9bdf13aa4f12');
INSERT INTO account_operation (id, amount, description, operation_date, type, bank_account_id) VALUES (4491, 5898.89, 'Salary Deposit', '2026-01-28 19:56:31', 'CREDIT', 'acc-5490ff42-0a0d-46dd-ae78-9bdf13aa4f12');
INSERT INTO account_operation (id, amount, description, operation_date, type, bank_account_id) VALUES (4492, 910.68, 'Redal', '2025-11-18 19:56:31', 'DEBIT', 'acc-5490ff42-0a0d-46dd-ae78-9bdf13aa4f12');
INSERT INTO account_operation (id, amount, description, operation_date, type, bank_account_id) VALUES (4493, 1530.5, 'Inwi', '2026-05-05 19:56:31', 'DEBIT', 'acc-5490ff42-0a0d-46dd-ae78-9bdf13aa4f12');
INSERT INTO account_operation (id, amount, description, operation_date, type, bank_account_id) VALUES (4494, 1888.69, 'BIM Store', '2026-05-31 19:56:31', 'DEBIT', 'acc-5490ff42-0a0d-46dd-ae78-9bdf13aa4f12');
INSERT INTO account_operation (id, amount, description, operation_date, type, bank_account_id) VALUES (4495, 7384.31, 'Freelance Payment', '2026-03-04 19:56:31', 'CREDIT', 'acc-5490ff42-0a0d-46dd-ae78-9bdf13aa4f12');
INSERT INTO account_operation (id, amount, description, operation_date, type, bank_account_id) VALUES (4496, 1688.13, 'Carrefour', '2026-02-10 19:56:31', 'DEBIT', 'acc-5490ff42-0a0d-46dd-ae78-9bdf13aa4f12');
INSERT INTO account_operation (id, amount, description, operation_date, type, bank_account_id) VALUES (4497, 584.74, 'Pharmacy', '2026-06-13 19:56:31', 'DEBIT', 'acc-5490ff42-0a0d-46dd-ae78-9bdf13aa4f12');
INSERT INTO account_operation (id, amount, description, operation_date, type, bank_account_id) VALUES (4498, 605.54, 'Spotify', '2025-12-11 19:56:31', 'DEBIT', 'acc-5490ff42-0a0d-46dd-ae78-9bdf13aa4f12');
INSERT INTO account_operation (id, amount, description, operation_date, type, bank_account_id) VALUES (4499, 1236.39, 'Decathlon', '2026-04-27 19:56:31', 'DEBIT', 'acc-5490ff42-0a0d-46dd-ae78-9bdf13aa4f12');
INSERT INTO account_operation (id, amount, description, operation_date, type, bank_account_id) VALUES (4500, 6744.45, 'Dividend Payout', '2026-05-28 19:56:31', 'CREDIT', 'acc-5490ff42-0a0d-46dd-ae78-9bdf13aa4f12');
INSERT INTO account_operation (id, amount, description, operation_date, type, bank_account_id) VALUES (4501, 1437.54, 'Decathlon', '2026-05-28 19:56:31', 'DEBIT', 'acc-5490ff42-0a0d-46dd-ae78-9bdf13aa4f12');
INSERT INTO account_operation (id, amount, description, operation_date, type, bank_account_id) VALUES (4502, 1933.03, 'Zara', '2025-12-27 19:56:31', 'DEBIT', 'acc-5490ff42-0a0d-46dd-ae78-9bdf13aa4f12');
INSERT INTO account_operation (id, amount, description, operation_date, type, bank_account_id) VALUES (4503, 1379.17, 'Decathlon', '2025-12-11 19:56:31', 'DEBIT', 'acc-5490ff42-0a0d-46dd-ae78-9bdf13aa4f12');
INSERT INTO account_operation (id, amount, description, operation_date, type, bank_account_id) VALUES (4504, 1386.71, 'Spotify', '2026-01-31 19:56:31', 'DEBIT', 'acc-5490ff42-0a0d-46dd-ae78-9bdf13aa4f12');
INSERT INTO account_operation (id, amount, description, operation_date, type, bank_account_id) VALUES (4505, 530.81, 'ONCF Train', '2026-03-29 19:56:31', 'DEBIT', 'acc-5490ff42-0a0d-46dd-ae78-9bdf13aa4f12');
INSERT INTO account_operation (id, amount, description, operation_date, type, bank_account_id) VALUES (4506, 1213.66, 'ONCF Train', '2026-04-08 19:56:31', 'DEBIT', 'acc-5490ff42-0a0d-46dd-ae78-9bdf13aa4f12');
INSERT INTO account_operation (id, amount, description, operation_date, type, bank_account_id) VALUES (4507, 1324.66, 'Decathlon', '2026-05-26 19:56:31', 'DEBIT', 'acc-5490ff42-0a0d-46dd-ae78-9bdf13aa4f12');
INSERT INTO account_operation (id, amount, description, operation_date, type, bank_account_id) VALUES (4508, 7792.38, 'Cash Deposit', '2026-01-16 19:56:31', 'CREDIT', 'acc-5490ff42-0a0d-46dd-ae78-9bdf13aa4f12');
INSERT INTO account_operation (id, amount, description, operation_date, type, bank_account_id) VALUES (4509, 617.55, 'ONCF Train', '2025-11-29 19:56:31', 'DEBIT', 'acc-5490ff42-0a0d-46dd-ae78-9bdf13aa4f12');
INSERT INTO account_operation (id, amount, description, operation_date, type, bank_account_id) VALUES (4510, 1131.47, 'Zara', '2025-12-06 19:56:31', 'DEBIT', 'acc-5490ff42-0a0d-46dd-ae78-9bdf13aa4f12');
INSERT INTO account_operation (id, amount, description, operation_date, type, bank_account_id) VALUES (4511, 1625.93, 'BIM Store', '2026-05-06 19:56:31', 'DEBIT', 'acc-5490ff42-0a0d-46dd-ae78-9bdf13aa4f12');
INSERT INTO account_operation (id, amount, description, operation_date, type, bank_account_id) VALUES (4512, 283.41, 'Orange', '2025-11-07 19:56:31', 'DEBIT', 'acc-5490ff42-0a0d-46dd-ae78-9bdf13aa4f12');
INSERT INTO account_operation (id, amount, description, operation_date, type, bank_account_id) VALUES (4513, 4252.34, 'Salary Deposit', '2025-12-30 19:56:31', 'CREDIT', 'acc-5490ff42-0a0d-46dd-ae78-9bdf13aa4f12');
INSERT INTO account_operation (id, amount, description, operation_date, type, bank_account_id) VALUES (4514, 1377.6, 'LC Waikiki', '2026-06-22 19:56:31', 'DEBIT', 'acc-5490ff42-0a0d-46dd-ae78-9bdf13aa4f12');
INSERT INTO account_operation (id, amount, description, operation_date, type, bank_account_id) VALUES (4515, 269.87, 'Maroc Telecom', '2025-12-25 19:56:31', 'DEBIT', 'acc-5490ff42-0a0d-46dd-ae78-9bdf13aa4f12');
INSERT INTO account_operation (id, amount, description, operation_date, type, bank_account_id) VALUES (4516, 12574.55, 'Salary Deposit', '2026-04-06 19:56:31', 'CREDIT', 'acc-5490ff42-0a0d-46dd-ae78-9bdf13aa4f12');
INSERT INTO account_operation (id, amount, description, operation_date, type, bank_account_id) VALUES (4517, 1342.45, 'Maroc Telecom', '2025-11-09 19:56:31', 'DEBIT', 'acc-5490ff42-0a0d-46dd-ae78-9bdf13aa4f12');
INSERT INTO account_operation (id, amount, description, operation_date, type, bank_account_id) VALUES (4518, 7138.35, 'Salary Deposit', '2026-06-28 19:56:31', 'CREDIT', 'acc-5490ff42-0a0d-46dd-ae78-9bdf13aa4f12');
INSERT INTO account_operation (id, amount, description, operation_date, type, bank_account_id) VALUES (4519, 1938.37, 'BIM Store', '2026-01-09 19:56:31', 'DEBIT', 'acc-5490ff42-0a0d-46dd-ae78-9bdf13aa4f12');
INSERT INTO account_operation (id, amount, description, operation_date, type, bank_account_id) VALUES (4520, 56.84, 'Amendis', '2026-02-01 19:56:31', 'DEBIT', 'acc-5490ff42-0a0d-46dd-ae78-9bdf13aa4f12');
INSERT INTO bank_account (id, type, balance, created_at, customer_id, over_draft, interest_rate) VALUES ('acc-9407a9ce-acdc-45c5-bef5-4ae847d55e72', 'SAVE', 121904.34, '2025-12-02 19:56:31', 79, NULL, 4.08);
INSERT INTO account_operation (id, amount, description, operation_date, type, bank_account_id) VALUES (4521, 48750.9, 'Initial Account Funding', '2025-12-02 19:56:31', 'CREDIT', 'acc-9407a9ce-acdc-45c5-bef5-4ae847d55e72');
INSERT INTO account_operation (id, amount, description, operation_date, type, bank_account_id) VALUES (4522, 13081.32, 'Dividend Payout', '2026-01-13 19:56:31', 'CREDIT', 'acc-9407a9ce-acdc-45c5-bef5-4ae847d55e72');
INSERT INTO account_operation (id, amount, description, operation_date, type, bank_account_id) VALUES (4523, 568.24, 'Redal', '2026-02-26 19:56:31', 'DEBIT', 'acc-9407a9ce-acdc-45c5-bef5-4ae847d55e72');
INSERT INTO account_operation (id, amount, description, operation_date, type, bank_account_id) VALUES (4524, 11704.78, 'Transfer Received', '2025-12-12 19:56:31', 'CREDIT', 'acc-9407a9ce-acdc-45c5-bef5-4ae847d55e72');
INSERT INTO account_operation (id, amount, description, operation_date, type, bank_account_id) VALUES (4525, 266.31, 'Restaurant', '2026-01-18 19:56:31', 'DEBIT', 'acc-9407a9ce-acdc-45c5-bef5-4ae847d55e72');
INSERT INTO account_operation (id, amount, description, operation_date, type, bank_account_id) VALUES (4526, 688.05, 'Inwi', '2026-04-25 19:56:31', 'DEBIT', 'acc-9407a9ce-acdc-45c5-bef5-4ae847d55e72');
INSERT INTO account_operation (id, amount, description, operation_date, type, bank_account_id) VALUES (4527, 10857.67, 'Salary Deposit', '2026-03-24 19:56:31', 'CREDIT', 'acc-9407a9ce-acdc-45c5-bef5-4ae847d55e72');
INSERT INTO account_operation (id, amount, description, operation_date, type, bank_account_id) VALUES (4528, 1685.24, 'Freelance Payment', '2026-04-05 19:56:31', 'CREDIT', 'acc-9407a9ce-acdc-45c5-bef5-4ae847d55e72');
INSERT INTO account_operation (id, amount, description, operation_date, type, bank_account_id) VALUES (4529, 336.79, 'Inwi', '2026-04-18 19:56:31', 'DEBIT', 'acc-9407a9ce-acdc-45c5-bef5-4ae847d55e72');
INSERT INTO account_operation (id, amount, description, operation_date, type, bank_account_id) VALUES (4530, 245.8, 'ONEE Electricity', '2026-03-08 19:56:31', 'DEBIT', 'acc-9407a9ce-acdc-45c5-bef5-4ae847d55e72');
INSERT INTO account_operation (id, amount, description, operation_date, type, bank_account_id) VALUES (4531, 267.08, 'BIM Store', '2026-06-15 19:56:31', 'DEBIT', 'acc-9407a9ce-acdc-45c5-bef5-4ae847d55e72');
INSERT INTO account_operation (id, amount, description, operation_date, type, bank_account_id) VALUES (4532, 589.83, 'Amendis', '2025-12-25 19:56:31', 'DEBIT', 'acc-9407a9ce-acdc-45c5-bef5-4ae847d55e72');
INSERT INTO account_operation (id, amount, description, operation_date, type, bank_account_id) VALUES (4533, 13986.73, 'Dividend Payout', '2026-01-18 19:56:31', 'CREDIT', 'acc-9407a9ce-acdc-45c5-bef5-4ae847d55e72');
INSERT INTO account_operation (id, amount, description, operation_date, type, bank_account_id) VALUES (4534, 13359.58, 'Cash Deposit', '2026-04-23 19:56:31', 'CREDIT', 'acc-9407a9ce-acdc-45c5-bef5-4ae847d55e72');
INSERT INTO account_operation (id, amount, description, operation_date, type, bank_account_id) VALUES (4535, 126.02, 'CTM Bus', '2026-02-20 19:56:31', 'DEBIT', 'acc-9407a9ce-acdc-45c5-bef5-4ae847d55e72');
INSERT INTO account_operation (id, amount, description, operation_date, type, bank_account_id) VALUES (4536, 1163.89, 'LC Waikiki', '2026-06-17 19:56:31', 'DEBIT', 'acc-9407a9ce-acdc-45c5-bef5-4ae847d55e72');
INSERT INTO account_operation (id, amount, description, operation_date, type, bank_account_id) VALUES (4537, 1657.05, 'Netflix Subscription', '2026-01-01 19:56:31', 'DEBIT', 'acc-9407a9ce-acdc-45c5-bef5-4ae847d55e72');
INSERT INTO account_operation (id, amount, description, operation_date, type, bank_account_id) VALUES (4538, 1968.57, 'ONEE Electricity', '2026-04-26 19:56:31', 'DEBIT', 'acc-9407a9ce-acdc-45c5-bef5-4ae847d55e72');
INSERT INTO account_operation (id, amount, description, operation_date, type, bank_account_id) VALUES (4539, 7756.03, 'Freelance Payment', '2026-06-11 19:56:31', 'CREDIT', 'acc-9407a9ce-acdc-45c5-bef5-4ae847d55e72');
INSERT INTO account_operation (id, amount, description, operation_date, type, bank_account_id) VALUES (4540, 1133.09, 'Inwi', '2026-04-03 19:56:31', 'DEBIT', 'acc-9407a9ce-acdc-45c5-bef5-4ae847d55e72');
INSERT INTO account_operation (id, amount, description, operation_date, type, bank_account_id) VALUES (4541, 1652.66, 'LC Waikiki', '2026-03-07 19:56:31', 'DEBIT', 'acc-9407a9ce-acdc-45c5-bef5-4ae847d55e72');
INSERT INTO account_operation (id, amount, description, operation_date, type, bank_account_id) VALUES (4542, 1352.46, 'ONCF Train', '2025-12-24 19:56:31', 'DEBIT', 'acc-9407a9ce-acdc-45c5-bef5-4ae847d55e72');
INSERT INTO account_operation (id, amount, description, operation_date, type, bank_account_id) VALUES (4543, 1602.1, 'Local Cafe', '2026-03-29 19:56:31', 'DEBIT', 'acc-9407a9ce-acdc-45c5-bef5-4ae847d55e72');
INSERT INTO account_operation (id, amount, description, operation_date, type, bank_account_id) VALUES (4544, 1039.61, 'Freelance Payment', '2025-12-03 19:56:31', 'CREDIT', 'acc-9407a9ce-acdc-45c5-bef5-4ae847d55e72');
INSERT INTO account_operation (id, amount, description, operation_date, type, bank_account_id) VALUES (4545, 895.23, 'Maroc Telecom', '2025-12-02 19:56:31', 'DEBIT', 'acc-9407a9ce-acdc-45c5-bef5-4ae847d55e72');
INSERT INTO account_operation (id, amount, description, operation_date, type, bank_account_id) VALUES (4546, 57.87, 'BIM Store', '2026-02-01 19:56:31', 'DEBIT', 'acc-9407a9ce-acdc-45c5-bef5-4ae847d55e72');
INSERT INTO account_operation (id, amount, description, operation_date, type, bank_account_id) VALUES (4547, 1088.44, 'Cash Deposit', '2026-04-11 19:56:31', 'CREDIT', 'acc-9407a9ce-acdc-45c5-bef5-4ae847d55e72');
INSERT INTO account_operation (id, amount, description, operation_date, type, bank_account_id) VALUES (4548, 1857.82, 'Netflix Subscription', '2026-06-09 19:56:31', 'DEBIT', 'acc-9407a9ce-acdc-45c5-bef5-4ae847d55e72');
INSERT INTO account_operation (id, amount, description, operation_date, type, bank_account_id) VALUES (4549, 1268.33, 'Restaurant', '2025-12-25 19:56:31', 'DEBIT', 'acc-9407a9ce-acdc-45c5-bef5-4ae847d55e72');
INSERT INTO account_operation (id, amount, description, operation_date, type, bank_account_id) VALUES (4550, 10164.52, 'Salary Deposit', '2026-02-02 19:56:31', 'CREDIT', 'acc-9407a9ce-acdc-45c5-bef5-4ae847d55e72');
INSERT INTO account_operation (id, amount, description, operation_date, type, bank_account_id) VALUES (4551, 7438.73, 'Freelance Payment', '2026-05-13 19:56:31', 'CREDIT', 'acc-9407a9ce-acdc-45c5-bef5-4ae847d55e72');
INSERT INTO account_operation (id, amount, description, operation_date, type, bank_account_id) VALUES (4552, 1312.02, 'Orange', '2026-01-12 19:56:31', 'DEBIT', 'acc-9407a9ce-acdc-45c5-bef5-4ae847d55e72');

INSERT INTO customer (id, name, email) VALUES (80, 'Meryem Lahlou', 'meryem.lahlou@gmail.com');
INSERT INTO bank_account (id, type, balance, created_at, customer_id, over_draft, interest_rate) VALUES ('acc-f551f29a-93cb-4444-9673-3869699a9b16', 'CURR', 88616.96, '2026-02-21 19:56:31', 80, 3849.85, NULL);
INSERT INTO account_operation (id, amount, description, operation_date, type, bank_account_id) VALUES (4553, 42877.63, 'Initial Account Funding', '2026-02-21 19:56:31', 'CREDIT', 'acc-f551f29a-93cb-4444-9673-3869699a9b16');
INSERT INTO account_operation (id, amount, description, operation_date, type, bank_account_id) VALUES (4554, 8242.34, 'Cash Deposit', '2026-03-05 19:56:31', 'CREDIT', 'acc-f551f29a-93cb-4444-9673-3869699a9b16');
INSERT INTO account_operation (id, amount, description, operation_date, type, bank_account_id) VALUES (4555, 5285.57, 'Transfer Received', '2026-06-21 19:56:31', 'CREDIT', 'acc-f551f29a-93cb-4444-9673-3869699a9b16');
INSERT INTO account_operation (id, amount, description, operation_date, type, bank_account_id) VALUES (4556, 1365.17, 'Zara', '2026-03-17 19:56:31', 'DEBIT', 'acc-f551f29a-93cb-4444-9673-3869699a9b16');
INSERT INTO account_operation (id, amount, description, operation_date, type, bank_account_id) VALUES (4557, 1498.58, 'Redal', '2026-02-25 19:56:31', 'DEBIT', 'acc-f551f29a-93cb-4444-9673-3869699a9b16');
INSERT INTO account_operation (id, amount, description, operation_date, type, bank_account_id) VALUES (4558, 247.01, 'Maroc Telecom', '2026-06-14 19:56:31', 'DEBIT', 'acc-f551f29a-93cb-4444-9673-3869699a9b16');
INSERT INTO account_operation (id, amount, description, operation_date, type, bank_account_id) VALUES (4559, 1015.56, 'Redal', '2026-05-02 19:56:31', 'DEBIT', 'acc-f551f29a-93cb-4444-9673-3869699a9b16');
INSERT INTO account_operation (id, amount, description, operation_date, type, bank_account_id) VALUES (4560, 9303.28, 'Dividend Payout', '2026-03-21 19:56:31', 'CREDIT', 'acc-f551f29a-93cb-4444-9673-3869699a9b16');
INSERT INTO account_operation (id, amount, description, operation_date, type, bank_account_id) VALUES (4561, 42.59, 'Redal', '2026-06-21 19:56:31', 'DEBIT', 'acc-f551f29a-93cb-4444-9673-3869699a9b16');
INSERT INTO account_operation (id, amount, description, operation_date, type, bank_account_id) VALUES (4562, 2898.72, 'Freelance Payment', '2026-05-20 19:56:31', 'CREDIT', 'acc-f551f29a-93cb-4444-9673-3869699a9b16');
INSERT INTO account_operation (id, amount, description, operation_date, type, bank_account_id) VALUES (4563, 292.53, 'Maroc Telecom', '2026-03-08 19:56:31', 'DEBIT', 'acc-f551f29a-93cb-4444-9673-3869699a9b16');
INSERT INTO account_operation (id, amount, description, operation_date, type, bank_account_id) VALUES (4564, 4182.57, 'Salary Deposit', '2026-04-11 19:56:31', 'CREDIT', 'acc-f551f29a-93cb-4444-9673-3869699a9b16');
INSERT INTO account_operation (id, amount, description, operation_date, type, bank_account_id) VALUES (4565, 4953.21, 'Salary Deposit', '2026-03-04 19:56:31', 'CREDIT', 'acc-f551f29a-93cb-4444-9673-3869699a9b16');
INSERT INTO account_operation (id, amount, description, operation_date, type, bank_account_id) VALUES (4566, 517.93, 'Restaurant', '2026-03-20 19:56:31', 'DEBIT', 'acc-f551f29a-93cb-4444-9673-3869699a9b16');
INSERT INTO account_operation (id, amount, description, operation_date, type, bank_account_id) VALUES (4567, 173.8, 'ONEE Electricity', '2026-06-10 19:56:31', 'DEBIT', 'acc-f551f29a-93cb-4444-9673-3869699a9b16');
INSERT INTO account_operation (id, amount, description, operation_date, type, bank_account_id) VALUES (4568, 861.47, 'Local Cafe', '2026-04-21 19:56:31', 'DEBIT', 'acc-f551f29a-93cb-4444-9673-3869699a9b16');
INSERT INTO account_operation (id, amount, description, operation_date, type, bank_account_id) VALUES (4569, 541.01, 'ONCF Train', '2026-06-18 19:56:31', 'DEBIT', 'acc-f551f29a-93cb-4444-9673-3869699a9b16');
INSERT INTO account_operation (id, amount, description, operation_date, type, bank_account_id) VALUES (4570, 1100.65, 'Inwi', '2026-06-22 19:56:31', 'DEBIT', 'acc-f551f29a-93cb-4444-9673-3869699a9b16');
INSERT INTO account_operation (id, amount, description, operation_date, type, bank_account_id) VALUES (4571, 1629.05, 'Pharmacy', '2026-04-23 19:56:31', 'DEBIT', 'acc-f551f29a-93cb-4444-9673-3869699a9b16');
INSERT INTO account_operation (id, amount, description, operation_date, type, bank_account_id) VALUES (4572, 1155.27, 'ONCF Train', '2026-06-23 19:56:31', 'DEBIT', 'acc-f551f29a-93cb-4444-9673-3869699a9b16');
INSERT INTO account_operation (id, amount, description, operation_date, type, bank_account_id) VALUES (4573, 950.49, 'CTM Bus', '2026-06-15 19:56:31', 'DEBIT', 'acc-f551f29a-93cb-4444-9673-3869699a9b16');
INSERT INTO account_operation (id, amount, description, operation_date, type, bank_account_id) VALUES (4574, 2403.43, 'Cash Deposit', '2026-05-10 19:56:31', 'CREDIT', 'acc-f551f29a-93cb-4444-9673-3869699a9b16');
INSERT INTO account_operation (id, amount, description, operation_date, type, bank_account_id) VALUES (4575, 1735.9, 'Decathlon', '2026-05-11 19:56:31', 'DEBIT', 'acc-f551f29a-93cb-4444-9673-3869699a9b16');
INSERT INTO account_operation (id, amount, description, operation_date, type, bank_account_id) VALUES (4576, 1647.91, 'Decathlon', '2026-03-01 19:56:31', 'DEBIT', 'acc-f551f29a-93cb-4444-9673-3869699a9b16');
INSERT INTO account_operation (id, amount, description, operation_date, type, bank_account_id) VALUES (4577, 3360.86, 'Freelance Payment', '2026-06-12 19:56:31', 'CREDIT', 'acc-f551f29a-93cb-4444-9673-3869699a9b16');
INSERT INTO account_operation (id, amount, description, operation_date, type, bank_account_id) VALUES (4578, 295.87, 'Netflix Subscription', '2026-05-30 19:56:31', 'DEBIT', 'acc-f551f29a-93cb-4444-9673-3869699a9b16');
INSERT INTO account_operation (id, amount, description, operation_date, type, bank_account_id) VALUES (4579, 10202.77, 'Salary Deposit', '2026-05-10 19:56:31', 'CREDIT', 'acc-f551f29a-93cb-4444-9673-3869699a9b16');
INSERT INTO account_operation (id, amount, description, operation_date, type, bank_account_id) VALUES (4580, 633.82, 'CTM Bus', '2026-06-28 19:56:31', 'DEBIT', 'acc-f551f29a-93cb-4444-9673-3869699a9b16');
INSERT INTO account_operation (id, amount, description, operation_date, type, bank_account_id) VALUES (4581, 57.93, 'ONEE Electricity', '2026-06-27 19:56:31', 'DEBIT', 'acc-f551f29a-93cb-4444-9673-3869699a9b16');
INSERT INTO account_operation (id, amount, description, operation_date, type, bank_account_id) VALUES (4582, 10505.96, 'Salary Deposit', '2026-05-30 19:56:31', 'CREDIT', 'acc-f551f29a-93cb-4444-9673-3869699a9b16');
INSERT INTO account_operation (id, amount, description, operation_date, type, bank_account_id) VALUES (4583, 1583.33, 'Cash Deposit', '2026-03-21 19:56:31', 'CREDIT', 'acc-f551f29a-93cb-4444-9673-3869699a9b16');
INSERT INTO account_operation (id, amount, description, operation_date, type, bank_account_id) VALUES (4584, 1420.17, 'Amendis', '2026-04-28 19:56:31', 'DEBIT', 'acc-f551f29a-93cb-4444-9673-3869699a9b16');
INSERT INTO bank_account (id, type, balance, created_at, customer_id, over_draft, interest_rate) VALUES ('acc-d110f313-e3e0-47c3-bece-1cf880a7f190', 'SAVE', 31215.55, '2026-03-14 19:56:31', 80, NULL, 3.92);
INSERT INTO account_operation (id, amount, description, operation_date, type, bank_account_id) VALUES (4585, 11671.26, 'Initial Account Funding', '2026-03-14 19:56:31', 'CREDIT', 'acc-d110f313-e3e0-47c3-bece-1cf880a7f190');
INSERT INTO account_operation (id, amount, description, operation_date, type, bank_account_id) VALUES (4586, 1445.46, 'Pharmacy', '2026-04-26 19:56:31', 'DEBIT', 'acc-d110f313-e3e0-47c3-bece-1cf880a7f190');
INSERT INTO account_operation (id, amount, description, operation_date, type, bank_account_id) VALUES (4587, 1466.11, 'ONCF Train', '2026-03-14 19:56:31', 'DEBIT', 'acc-d110f313-e3e0-47c3-bece-1cf880a7f190');
INSERT INTO account_operation (id, amount, description, operation_date, type, bank_account_id) VALUES (4588, 1174.0, 'Netflix Subscription', '2026-05-11 19:56:31', 'DEBIT', 'acc-d110f313-e3e0-47c3-bece-1cf880a7f190');
INSERT INTO account_operation (id, amount, description, operation_date, type, bank_account_id) VALUES (4589, 889.57, 'Orange', '2026-05-25 19:56:31', 'DEBIT', 'acc-d110f313-e3e0-47c3-bece-1cf880a7f190');
INSERT INTO account_operation (id, amount, description, operation_date, type, bank_account_id) VALUES (4590, 4692.67, 'Salary Deposit', '2026-04-13 19:56:31', 'CREDIT', 'acc-d110f313-e3e0-47c3-bece-1cf880a7f190');
INSERT INTO account_operation (id, amount, description, operation_date, type, bank_account_id) VALUES (4591, 1012.61, 'Local Cafe', '2026-05-21 19:56:31', 'DEBIT', 'acc-d110f313-e3e0-47c3-bece-1cf880a7f190');
INSERT INTO account_operation (id, amount, description, operation_date, type, bank_account_id) VALUES (4592, 504.25, 'Spotify', '2026-04-21 19:56:31', 'DEBIT', 'acc-d110f313-e3e0-47c3-bece-1cf880a7f190');
INSERT INTO account_operation (id, amount, description, operation_date, type, bank_account_id) VALUES (4593, 42.63, 'Inwi', '2026-06-09 19:56:31', 'DEBIT', 'acc-d110f313-e3e0-47c3-bece-1cf880a7f190');
INSERT INTO account_operation (id, amount, description, operation_date, type, bank_account_id) VALUES (4594, 1332.66, 'Zara', '2026-05-13 19:56:31', 'DEBIT', 'acc-d110f313-e3e0-47c3-bece-1cf880a7f190');
INSERT INTO account_operation (id, amount, description, operation_date, type, bank_account_id) VALUES (4595, 7193.0, 'Transfer Received', '2026-03-28 19:56:31', 'CREDIT', 'acc-d110f313-e3e0-47c3-bece-1cf880a7f190');
INSERT INTO account_operation (id, amount, description, operation_date, type, bank_account_id) VALUES (4596, 634.43, 'Local Cafe', '2026-04-23 19:56:31', 'DEBIT', 'acc-d110f313-e3e0-47c3-bece-1cf880a7f190');
INSERT INTO account_operation (id, amount, description, operation_date, type, bank_account_id) VALUES (4597, 22.12, 'Amendis', '2026-04-23 19:56:31', 'DEBIT', 'acc-d110f313-e3e0-47c3-bece-1cf880a7f190');
INSERT INTO account_operation (id, amount, description, operation_date, type, bank_account_id) VALUES (4598, 1966.81, 'LC Waikiki', '2026-04-08 19:56:31', 'DEBIT', 'acc-d110f313-e3e0-47c3-bece-1cf880a7f190');
INSERT INTO account_operation (id, amount, description, operation_date, type, bank_account_id) VALUES (4599, 7237.0, 'Transfer Received', '2026-06-05 19:56:31', 'CREDIT', 'acc-d110f313-e3e0-47c3-bece-1cf880a7f190');
INSERT INTO account_operation (id, amount, description, operation_date, type, bank_account_id) VALUES (4600, 650.71, 'Netflix Subscription', '2026-06-18 19:56:31', 'DEBIT', 'acc-d110f313-e3e0-47c3-bece-1cf880a7f190');
INSERT INTO account_operation (id, amount, description, operation_date, type, bank_account_id) VALUES (4601, 1278.33, 'Pharmacy', '2026-05-19 19:56:31', 'DEBIT', 'acc-d110f313-e3e0-47c3-bece-1cf880a7f190');
INSERT INTO account_operation (id, amount, description, operation_date, type, bank_account_id) VALUES (4602, 1303.41, 'Local Cafe', '2026-04-12 19:56:31', 'DEBIT', 'acc-d110f313-e3e0-47c3-bece-1cf880a7f190');
INSERT INTO account_operation (id, amount, description, operation_date, type, bank_account_id) VALUES (4603, 82.0, 'Netflix Subscription', '2026-04-30 19:56:31', 'DEBIT', 'acc-d110f313-e3e0-47c3-bece-1cf880a7f190');
INSERT INTO account_operation (id, amount, description, operation_date, type, bank_account_id) VALUES (4604, 14684.79, 'Dividend Payout', '2026-05-02 19:56:31', 'CREDIT', 'acc-d110f313-e3e0-47c3-bece-1cf880a7f190');
INSERT INTO account_operation (id, amount, description, operation_date, type, bank_account_id) VALUES (4605, 458.07, 'Amendis', '2026-04-18 19:56:31', 'DEBIT', 'acc-d110f313-e3e0-47c3-bece-1cf880a7f190');

INSERT INTO customer (id, name, email) VALUES (81, 'Khadija Alaoui', 'khadija.alaoui@gmail.com');
INSERT INTO bank_account (id, type, balance, created_at, customer_id, over_draft, interest_rate) VALUES ('acc-a798ae5b-d53c-4f83-b19b-97c6e90c440b', 'CURR', 46610.34, '2026-02-06 19:56:31', 81, 7769.03, NULL);
INSERT INTO account_operation (id, amount, description, operation_date, type, bank_account_id) VALUES (4606, 20029.07, 'Initial Account Funding', '2026-02-06 19:56:31', 'CREDIT', 'acc-a798ae5b-d53c-4f83-b19b-97c6e90c440b');
INSERT INTO account_operation (id, amount, description, operation_date, type, bank_account_id) VALUES (4607, 1105.72, 'Netflix Subscription', '2026-05-30 19:56:31', 'DEBIT', 'acc-a798ae5b-d53c-4f83-b19b-97c6e90c440b');
INSERT INTO account_operation (id, amount, description, operation_date, type, bank_account_id) VALUES (4608, 1194.52, 'CTM Bus', '2026-03-04 19:56:31', 'DEBIT', 'acc-a798ae5b-d53c-4f83-b19b-97c6e90c440b');
INSERT INTO account_operation (id, amount, description, operation_date, type, bank_account_id) VALUES (4609, 1677.21, 'Pharmacy', '2026-05-16 19:56:31', 'DEBIT', 'acc-a798ae5b-d53c-4f83-b19b-97c6e90c440b');
INSERT INTO account_operation (id, amount, description, operation_date, type, bank_account_id) VALUES (4610, 13203.81, 'Freelance Payment', '2026-02-27 19:56:31', 'CREDIT', 'acc-a798ae5b-d53c-4f83-b19b-97c6e90c440b');
INSERT INTO account_operation (id, amount, description, operation_date, type, bank_account_id) VALUES (4611, 5520.89, 'Cash Deposit', '2026-03-22 19:56:31', 'CREDIT', 'acc-a798ae5b-d53c-4f83-b19b-97c6e90c440b');
INSERT INTO account_operation (id, amount, description, operation_date, type, bank_account_id) VALUES (4612, 1740.93, 'Dividend Payout', '2026-05-26 19:56:31', 'CREDIT', 'acc-a798ae5b-d53c-4f83-b19b-97c6e90c440b');
INSERT INTO account_operation (id, amount, description, operation_date, type, bank_account_id) VALUES (4613, 1005.13, 'Maroc Telecom', '2026-06-09 19:56:31', 'DEBIT', 'acc-a798ae5b-d53c-4f83-b19b-97c6e90c440b');
INSERT INTO account_operation (id, amount, description, operation_date, type, bank_account_id) VALUES (4614, 13706.39, 'Cash Deposit', '2026-05-02 19:56:31', 'CREDIT', 'acc-a798ae5b-d53c-4f83-b19b-97c6e90c440b');
INSERT INTO account_operation (id, amount, description, operation_date, type, bank_account_id) VALUES (4615, 479.16, 'Decathlon', '2026-06-28 19:56:31', 'DEBIT', 'acc-a798ae5b-d53c-4f83-b19b-97c6e90c440b');
INSERT INTO account_operation (id, amount, description, operation_date, type, bank_account_id) VALUES (4616, 1194.69, 'ONCF Train', '2026-05-07 19:56:31', 'DEBIT', 'acc-a798ae5b-d53c-4f83-b19b-97c6e90c440b');
INSERT INTO account_operation (id, amount, description, operation_date, type, bank_account_id) VALUES (4617, 1196.35, 'Transfer Received', '2026-02-25 19:56:31', 'CREDIT', 'acc-a798ae5b-d53c-4f83-b19b-97c6e90c440b');
INSERT INTO account_operation (id, amount, description, operation_date, type, bank_account_id) VALUES (4618, 485.78, 'Redal', '2026-06-13 19:56:31', 'DEBIT', 'acc-a798ae5b-d53c-4f83-b19b-97c6e90c440b');
INSERT INTO account_operation (id, amount, description, operation_date, type, bank_account_id) VALUES (4619, 1155.76, 'Decathlon', '2026-04-08 19:56:31', 'DEBIT', 'acc-a798ae5b-d53c-4f83-b19b-97c6e90c440b');
INSERT INTO account_operation (id, amount, description, operation_date, type, bank_account_id) VALUES (4620, 489.13, 'Spotify', '2026-04-17 19:56:31', 'DEBIT', 'acc-a798ae5b-d53c-4f83-b19b-97c6e90c440b');

INSERT INTO customer (id, name, email) VALUES (82, 'Yassine El Amrani', 'yassine.el amrani@gmail.com');
INSERT INTO bank_account (id, type, balance, created_at, customer_id, over_draft, interest_rate) VALUES ('acc-99f2a48c-a52f-45d8-a464-68cca02059f1', 'SAVE', 82971.87, '2025-09-09 19:56:31', 82, NULL, 4.18);
INSERT INTO account_operation (id, amount, description, operation_date, type, bank_account_id) VALUES (4621, 47254.88, 'Initial Account Funding', '2025-09-09 19:56:31', 'CREDIT', 'acc-99f2a48c-a52f-45d8-a464-68cca02059f1');
INSERT INTO account_operation (id, amount, description, operation_date, type, bank_account_id) VALUES (4622, 1846.19, 'Transfer Received', '2026-01-14 19:56:31', 'CREDIT', 'acc-99f2a48c-a52f-45d8-a464-68cca02059f1');
INSERT INTO account_operation (id, amount, description, operation_date, type, bank_account_id) VALUES (4623, 4540.89, 'Cash Deposit', '2026-02-04 19:56:31', 'CREDIT', 'acc-99f2a48c-a52f-45d8-a464-68cca02059f1');
INSERT INTO account_operation (id, amount, description, operation_date, type, bank_account_id) VALUES (4624, 12950.54, 'Transfer Received', '2025-11-27 19:56:31', 'CREDIT', 'acc-99f2a48c-a52f-45d8-a464-68cca02059f1');
INSERT INTO account_operation (id, amount, description, operation_date, type, bank_account_id) VALUES (4625, 7425.55, 'Cash Deposit', '2025-10-23 19:56:31', 'CREDIT', 'acc-99f2a48c-a52f-45d8-a464-68cca02059f1');
INSERT INTO account_operation (id, amount, description, operation_date, type, bank_account_id) VALUES (4626, 8944.39, 'Dividend Payout', '2026-02-09 19:56:31', 'CREDIT', 'acc-99f2a48c-a52f-45d8-a464-68cca02059f1');
INSERT INTO account_operation (id, amount, description, operation_date, type, bank_account_id) VALUES (4627, 1990.69, 'BIM Store', '2026-01-12 19:56:31', 'DEBIT', 'acc-99f2a48c-a52f-45d8-a464-68cca02059f1');
INSERT INTO account_operation (id, amount, description, operation_date, type, bank_account_id) VALUES (4628, 4899.56, 'Dividend Payout', '2025-12-31 19:56:31', 'CREDIT', 'acc-99f2a48c-a52f-45d8-a464-68cca02059f1');
INSERT INTO account_operation (id, amount, description, operation_date, type, bank_account_id) VALUES (4629, 450.85, 'Redal', '2025-11-22 19:56:31', 'DEBIT', 'acc-99f2a48c-a52f-45d8-a464-68cca02059f1');
INSERT INTO account_operation (id, amount, description, operation_date, type, bank_account_id) VALUES (4630, 688.29, 'Inwi', '2025-12-14 19:56:31', 'DEBIT', 'acc-99f2a48c-a52f-45d8-a464-68cca02059f1');
INSERT INTO account_operation (id, amount, description, operation_date, type, bank_account_id) VALUES (4631, 1870.53, 'Inwi', '2025-12-08 19:56:31', 'DEBIT', 'acc-99f2a48c-a52f-45d8-a464-68cca02059f1');
INSERT INTO account_operation (id, amount, description, operation_date, type, bank_account_id) VALUES (4632, 358.13, 'Redal', '2025-09-27 19:56:31', 'DEBIT', 'acc-99f2a48c-a52f-45d8-a464-68cca02059f1');
INSERT INTO account_operation (id, amount, description, operation_date, type, bank_account_id) VALUES (4633, 759.0, 'Netflix Subscription', '2026-04-30 19:56:31', 'DEBIT', 'acc-99f2a48c-a52f-45d8-a464-68cca02059f1');
INSERT INTO account_operation (id, amount, description, operation_date, type, bank_account_id) VALUES (4634, 277.98, 'Orange', '2026-06-05 19:56:31', 'DEBIT', 'acc-99f2a48c-a52f-45d8-a464-68cca02059f1');
INSERT INTO account_operation (id, amount, description, operation_date, type, bank_account_id) VALUES (4635, 677.22, 'Local Cafe', '2026-05-01 19:56:31', 'DEBIT', 'acc-99f2a48c-a52f-45d8-a464-68cca02059f1');
INSERT INTO account_operation (id, amount, description, operation_date, type, bank_account_id) VALUES (4636, 4046.11, 'Freelance Payment', '2025-09-18 19:56:31', 'CREDIT', 'acc-99f2a48c-a52f-45d8-a464-68cca02059f1');
INSERT INTO account_operation (id, amount, description, operation_date, type, bank_account_id) VALUES (4637, 1460.37, 'CTM Bus', '2026-06-07 19:56:31', 'DEBIT', 'acc-99f2a48c-a52f-45d8-a464-68cca02059f1');
INSERT INTO account_operation (id, amount, description, operation_date, type, bank_account_id) VALUES (4638, 581.56, 'LC Waikiki', '2026-03-03 19:56:31', 'DEBIT', 'acc-99f2a48c-a52f-45d8-a464-68cca02059f1');
INSERT INTO account_operation (id, amount, description, operation_date, type, bank_account_id) VALUES (4639, 473.41, 'ONCF Train', '2026-01-23 19:56:31', 'DEBIT', 'acc-99f2a48c-a52f-45d8-a464-68cca02059f1');
INSERT INTO account_operation (id, amount, description, operation_date, type, bank_account_id) VALUES (4640, 1901.34, 'Spotify', '2025-09-30 19:56:31', 'DEBIT', 'acc-99f2a48c-a52f-45d8-a464-68cca02059f1');
INSERT INTO account_operation (id, amount, description, operation_date, type, bank_account_id) VALUES (4641, 1506.86, 'Restaurant', '2026-02-05 19:56:31', 'DEBIT', 'acc-99f2a48c-a52f-45d8-a464-68cca02059f1');
INSERT INTO account_operation (id, amount, description, operation_date, type, bank_account_id) VALUES (4642, 1803.41, 'ONEE Electricity', '2026-01-17 19:56:31', 'DEBIT', 'acc-99f2a48c-a52f-45d8-a464-68cca02059f1');
INSERT INTO account_operation (id, amount, description, operation_date, type, bank_account_id) VALUES (4643, 7616.72, 'Salary Deposit', '2026-02-22 19:56:31', 'CREDIT', 'acc-99f2a48c-a52f-45d8-a464-68cca02059f1');
INSERT INTO account_operation (id, amount, description, operation_date, type, bank_account_id) VALUES (4644, 74.77, 'BIM Store', '2025-10-30 19:56:31', 'DEBIT', 'acc-99f2a48c-a52f-45d8-a464-68cca02059f1');
INSERT INTO account_operation (id, amount, description, operation_date, type, bank_account_id) VALUES (4645, 507.34, 'Carrefour', '2025-12-22 19:56:31', 'DEBIT', 'acc-99f2a48c-a52f-45d8-a464-68cca02059f1');
INSERT INTO account_operation (id, amount, description, operation_date, type, bank_account_id) VALUES (4646, 1171.21, 'Local Cafe', '2025-12-21 19:56:31', 'DEBIT', 'acc-99f2a48c-a52f-45d8-a464-68cca02059f1');
INSERT INTO bank_account (id, type, balance, created_at, customer_id, over_draft, interest_rate) VALUES ('acc-6cad1f82-1672-4b98-9f60-46de6f7d5474', 'SAVE', 68010.85, '2026-05-29 19:56:31', 82, NULL, 4.3);
INSERT INTO account_operation (id, amount, description, operation_date, type, bank_account_id) VALUES (4647, 37854.48, 'Initial Account Funding', '2026-05-29 19:56:31', 'CREDIT', 'acc-6cad1f82-1672-4b98-9f60-46de6f7d5474');
INSERT INTO account_operation (id, amount, description, operation_date, type, bank_account_id) VALUES (4648, 1003.14, 'BIM Store', '2026-06-17 19:56:31', 'DEBIT', 'acc-6cad1f82-1672-4b98-9f60-46de6f7d5474');
INSERT INTO account_operation (id, amount, description, operation_date, type, bank_account_id) VALUES (4649, 259.08, 'Decathlon', '2026-06-07 19:56:31', 'DEBIT', 'acc-6cad1f82-1672-4b98-9f60-46de6f7d5474');
INSERT INTO account_operation (id, amount, description, operation_date, type, bank_account_id) VALUES (4650, 7661.03, 'Cash Deposit', '2026-06-11 19:56:31', 'CREDIT', 'acc-6cad1f82-1672-4b98-9f60-46de6f7d5474');
INSERT INTO account_operation (id, amount, description, operation_date, type, bank_account_id) VALUES (4651, 1782.45, 'Marjane Supermarket', '2026-06-02 19:56:31', 'DEBIT', 'acc-6cad1f82-1672-4b98-9f60-46de6f7d5474');
INSERT INTO account_operation (id, amount, description, operation_date, type, bank_account_id) VALUES (4652, 107.67, 'Restaurant', '2026-06-17 19:56:31', 'DEBIT', 'acc-6cad1f82-1672-4b98-9f60-46de6f7d5474');
INSERT INTO account_operation (id, amount, description, operation_date, type, bank_account_id) VALUES (4653, 1909.95, 'Orange', '2026-06-01 19:56:31', 'DEBIT', 'acc-6cad1f82-1672-4b98-9f60-46de6f7d5474');
INSERT INTO account_operation (id, amount, description, operation_date, type, bank_account_id) VALUES (4654, 321.46, 'Carrefour', '2026-06-11 19:56:31', 'DEBIT', 'acc-6cad1f82-1672-4b98-9f60-46de6f7d5474');
INSERT INTO account_operation (id, amount, description, operation_date, type, bank_account_id) VALUES (4655, 1935.78, 'ONEE Electricity', '2026-05-31 19:56:31', 'DEBIT', 'acc-6cad1f82-1672-4b98-9f60-46de6f7d5474');
INSERT INTO account_operation (id, amount, description, operation_date, type, bank_account_id) VALUES (4656, 34.2, 'Orange', '2026-06-07 19:56:31', 'DEBIT', 'acc-6cad1f82-1672-4b98-9f60-46de6f7d5474');
INSERT INTO account_operation (id, amount, description, operation_date, type, bank_account_id) VALUES (4657, 11090.05, 'Dividend Payout', '2026-06-10 19:56:31', 'CREDIT', 'acc-6cad1f82-1672-4b98-9f60-46de6f7d5474');
INSERT INTO account_operation (id, amount, description, operation_date, type, bank_account_id) VALUES (4658, 2313.71, 'Dividend Payout', '2026-06-21 19:56:31', 'CREDIT', 'acc-6cad1f82-1672-4b98-9f60-46de6f7d5474');
INSERT INTO account_operation (id, amount, description, operation_date, type, bank_account_id) VALUES (4659, 9048.25, 'Salary Deposit', '2026-06-17 19:56:31', 'CREDIT', 'acc-6cad1f82-1672-4b98-9f60-46de6f7d5474');
INSERT INTO account_operation (id, amount, description, operation_date, type, bank_account_id) VALUES (4660, 1385.22, 'Maroc Telecom', '2026-06-03 19:56:31', 'DEBIT', 'acc-6cad1f82-1672-4b98-9f60-46de6f7d5474');
INSERT INTO account_operation (id, amount, description, operation_date, type, bank_account_id) VALUES (4661, 1675.52, 'Zara', '2026-06-24 19:56:31', 'DEBIT', 'acc-6cad1f82-1672-4b98-9f60-46de6f7d5474');
INSERT INTO account_operation (id, amount, description, operation_date, type, bank_account_id) VALUES (4662, 1393.34, 'Cash Deposit', '2026-06-24 19:56:31', 'CREDIT', 'acc-6cad1f82-1672-4b98-9f60-46de6f7d5474');
INSERT INTO account_operation (id, amount, description, operation_date, type, bank_account_id) VALUES (4663, 1170.17, 'Spotify', '2026-06-05 19:56:31', 'DEBIT', 'acc-6cad1f82-1672-4b98-9f60-46de6f7d5474');
INSERT INTO account_operation (id, amount, description, operation_date, type, bank_account_id) VALUES (4664, 904.79, 'CTM Bus', '2026-06-17 19:56:31', 'DEBIT', 'acc-6cad1f82-1672-4b98-9f60-46de6f7d5474');
INSERT INTO account_operation (id, amount, description, operation_date, type, bank_account_id) VALUES (4665, 644.13, 'Zara', '2026-06-02 19:56:31', 'DEBIT', 'acc-6cad1f82-1672-4b98-9f60-46de6f7d5474');
INSERT INTO account_operation (id, amount, description, operation_date, type, bank_account_id) VALUES (4666, 1144.75, 'CTM Bus', '2026-06-02 19:56:31', 'DEBIT', 'acc-6cad1f82-1672-4b98-9f60-46de6f7d5474');
INSERT INTO account_operation (id, amount, description, operation_date, type, bank_account_id) VALUES (4667, 1680.33, 'Amendis', '2026-06-17 19:56:31', 'DEBIT', 'acc-6cad1f82-1672-4b98-9f60-46de6f7d5474');
INSERT INTO account_operation (id, amount, description, operation_date, type, bank_account_id) VALUES (4668, 1349.19, 'Amendis', '2026-06-07 19:56:31', 'DEBIT', 'acc-6cad1f82-1672-4b98-9f60-46de6f7d5474');
INSERT INTO account_operation (id, amount, description, operation_date, type, bank_account_id) VALUES (4669, 574.39, 'Redal', '2026-06-20 19:56:31', 'DEBIT', 'acc-6cad1f82-1672-4b98-9f60-46de6f7d5474');
INSERT INTO account_operation (id, amount, description, operation_date, type, bank_account_id) VALUES (4670, 732.91, 'Redal', '2026-06-19 19:56:31', 'DEBIT', 'acc-6cad1f82-1672-4b98-9f60-46de6f7d5474');
INSERT INTO account_operation (id, amount, description, operation_date, type, bank_account_id) VALUES (4671, 1706.69, 'Orange', '2026-05-30 19:56:31', 'DEBIT', 'acc-6cad1f82-1672-4b98-9f60-46de6f7d5474');
INSERT INTO account_operation (id, amount, description, operation_date, type, bank_account_id) VALUES (4672, 1225.86, 'Zara', '2026-06-16 19:56:31', 'DEBIT', 'acc-6cad1f82-1672-4b98-9f60-46de6f7d5474');
INSERT INTO account_operation (id, amount, description, operation_date, type, bank_account_id) VALUES (4673, 1644.28, 'Decathlon', '2026-06-24 19:56:31', 'DEBIT', 'acc-6cad1f82-1672-4b98-9f60-46de6f7d5474');
INSERT INTO account_operation (id, amount, description, operation_date, type, bank_account_id) VALUES (4674, 12725.2, 'Salary Deposit', '2026-06-16 19:56:31', 'CREDIT', 'acc-6cad1f82-1672-4b98-9f60-46de6f7d5474');
INSERT INTO account_operation (id, amount, description, operation_date, type, bank_account_id) VALUES (4675, 9116.75, 'Freelance Payment', '2026-06-25 19:56:31', 'CREDIT', 'acc-6cad1f82-1672-4b98-9f60-46de6f7d5474');
INSERT INTO bank_account (id, type, balance, created_at, customer_id, over_draft, interest_rate) VALUES ('acc-42bf463e-c942-48ed-85fb-3f61c1339d91', 'SAVE', 112764.56, '2026-04-10 19:56:31', 82, NULL, 4.16);
INSERT INTO account_operation (id, amount, description, operation_date, type, bank_account_id) VALUES (4676, 30051.64, 'Initial Account Funding', '2026-04-10 19:56:31', 'CREDIT', 'acc-42bf463e-c942-48ed-85fb-3f61c1339d91');
INSERT INTO account_operation (id, amount, description, operation_date, type, bank_account_id) VALUES (4677, 374.94, 'Netflix Subscription', '2026-05-19 19:56:31', 'DEBIT', 'acc-42bf463e-c942-48ed-85fb-3f61c1339d91');
INSERT INTO account_operation (id, amount, description, operation_date, type, bank_account_id) VALUES (4678, 11130.52, 'Dividend Payout', '2026-05-23 19:56:31', 'CREDIT', 'acc-42bf463e-c942-48ed-85fb-3f61c1339d91');
INSERT INTO account_operation (id, amount, description, operation_date, type, bank_account_id) VALUES (4679, 1084.14, 'Netflix Subscription', '2026-05-03 19:56:31', 'DEBIT', 'acc-42bf463e-c942-48ed-85fb-3f61c1339d91');
INSERT INTO account_operation (id, amount, description, operation_date, type, bank_account_id) VALUES (4680, 6748.43, 'Freelance Payment', '2026-05-28 19:56:31', 'CREDIT', 'acc-42bf463e-c942-48ed-85fb-3f61c1339d91');
INSERT INTO account_operation (id, amount, description, operation_date, type, bank_account_id) VALUES (4681, 1397.12, 'ONCF Train', '2026-05-13 19:56:31', 'DEBIT', 'acc-42bf463e-c942-48ed-85fb-3f61c1339d91');
INSERT INTO account_operation (id, amount, description, operation_date, type, bank_account_id) VALUES (4682, 6300.8, 'Transfer Received', '2026-06-01 19:56:31', 'CREDIT', 'acc-42bf463e-c942-48ed-85fb-3f61c1339d91');
INSERT INTO account_operation (id, amount, description, operation_date, type, bank_account_id) VALUES (4683, 13598.09, 'Dividend Payout', '2026-04-14 19:56:31', 'CREDIT', 'acc-42bf463e-c942-48ed-85fb-3f61c1339d91');
INSERT INTO account_operation (id, amount, description, operation_date, type, bank_account_id) VALUES (4684, 397.26, 'Orange', '2026-06-26 19:56:31', 'DEBIT', 'acc-42bf463e-c942-48ed-85fb-3f61c1339d91');
INSERT INTO account_operation (id, amount, description, operation_date, type, bank_account_id) VALUES (4685, 1350.22, 'Pharmacy', '2026-04-23 19:56:31', 'DEBIT', 'acc-42bf463e-c942-48ed-85fb-3f61c1339d91');
INSERT INTO account_operation (id, amount, description, operation_date, type, bank_account_id) VALUES (4686, 1345.62, 'CTM Bus', '2026-05-21 19:56:31', 'DEBIT', 'acc-42bf463e-c942-48ed-85fb-3f61c1339d91');
INSERT INTO account_operation (id, amount, description, operation_date, type, bank_account_id) VALUES (4687, 1675.22, 'Spotify', '2026-06-18 19:56:31', 'DEBIT', 'acc-42bf463e-c942-48ed-85fb-3f61c1339d91');
INSERT INTO account_operation (id, amount, description, operation_date, type, bank_account_id) VALUES (4688, 13646.92, 'Cash Deposit', '2026-06-22 19:56:31', 'CREDIT', 'acc-42bf463e-c942-48ed-85fb-3f61c1339d91');
INSERT INTO account_operation (id, amount, description, operation_date, type, bank_account_id) VALUES (4689, 6710.12, 'Transfer Received', '2026-05-26 19:56:31', 'CREDIT', 'acc-42bf463e-c942-48ed-85fb-3f61c1339d91');
INSERT INTO account_operation (id, amount, description, operation_date, type, bank_account_id) VALUES (4690, 1611.24, 'Maroc Telecom', '2026-06-14 19:56:31', 'DEBIT', 'acc-42bf463e-c942-48ed-85fb-3f61c1339d91');
INSERT INTO account_operation (id, amount, description, operation_date, type, bank_account_id) VALUES (4691, 546.7, 'Orange', '2026-04-16 19:56:31', 'DEBIT', 'acc-42bf463e-c942-48ed-85fb-3f61c1339d91');
INSERT INTO account_operation (id, amount, description, operation_date, type, bank_account_id) VALUES (4692, 586.8, 'Restaurant', '2026-04-18 19:56:31', 'DEBIT', 'acc-42bf463e-c942-48ed-85fb-3f61c1339d91');
INSERT INTO account_operation (id, amount, description, operation_date, type, bank_account_id) VALUES (4693, 14602.28, 'Cash Deposit', '2026-05-27 19:56:31', 'CREDIT', 'acc-42bf463e-c942-48ed-85fb-3f61c1339d91');
INSERT INTO account_operation (id, amount, description, operation_date, type, bank_account_id) VALUES (4694, 2738.61, 'Freelance Payment', '2026-06-23 19:56:31', 'CREDIT', 'acc-42bf463e-c942-48ed-85fb-3f61c1339d91');
INSERT INTO account_operation (id, amount, description, operation_date, type, bank_account_id) VALUES (4695, 13560.02, 'Dividend Payout', '2026-05-30 19:56:31', 'CREDIT', 'acc-42bf463e-c942-48ed-85fb-3f61c1339d91');
INSERT INTO account_operation (id, amount, description, operation_date, type, bank_account_id) VALUES (4696, 208.09, 'BIM Store', '2026-04-27 19:56:31', 'DEBIT', 'acc-42bf463e-c942-48ed-85fb-3f61c1339d91');
INSERT INTO account_operation (id, amount, description, operation_date, type, bank_account_id) VALUES (4697, 668.84, 'ONEE Electricity', '2026-04-16 19:56:31', 'DEBIT', 'acc-42bf463e-c942-48ed-85fb-3f61c1339d91');
INSERT INTO account_operation (id, amount, description, operation_date, type, bank_account_id) VALUES (4698, 1687.5, 'Orange', '2026-05-25 19:56:31', 'DEBIT', 'acc-42bf463e-c942-48ed-85fb-3f61c1339d91');
INSERT INTO account_operation (id, amount, description, operation_date, type, bank_account_id) VALUES (4699, 228.81, 'Redal', '2026-06-25 19:56:31', 'DEBIT', 'acc-42bf463e-c942-48ed-85fb-3f61c1339d91');
INSERT INTO account_operation (id, amount, description, operation_date, type, bank_account_id) VALUES (4700, 1193.81, 'BIM Store', '2026-05-24 19:56:31', 'DEBIT', 'acc-42bf463e-c942-48ed-85fb-3f61c1339d91');
INSERT INTO account_operation (id, amount, description, operation_date, type, bank_account_id) VALUES (4701, 1867.88, 'CTM Bus', '2026-05-22 19:56:31', 'DEBIT', 'acc-42bf463e-c942-48ed-85fb-3f61c1339d91');
INSERT INTO account_operation (id, amount, description, operation_date, type, bank_account_id) VALUES (4702, 135.15, 'ONCF Train', '2026-05-29 19:56:31', 'DEBIT', 'acc-42bf463e-c942-48ed-85fb-3f61c1339d91');
INSERT INTO account_operation (id, amount, description, operation_date, type, bank_account_id) VALUES (4703, 990.43, 'Maroc Telecom', '2026-05-15 19:56:31', 'DEBIT', 'acc-42bf463e-c942-48ed-85fb-3f61c1339d91');
INSERT INTO account_operation (id, amount, description, operation_date, type, bank_account_id) VALUES (4704, 482.82, 'ONEE Electricity', '2026-04-24 19:56:31', 'DEBIT', 'acc-42bf463e-c942-48ed-85fb-3f61c1339d91');
INSERT INTO account_operation (id, amount, description, operation_date, type, bank_account_id) VALUES (4705, 11832.84, 'Freelance Payment', '2026-04-19 19:56:31', 'CREDIT', 'acc-42bf463e-c942-48ed-85fb-3f61c1339d91');
INSERT INTO account_operation (id, amount, description, operation_date, type, bank_account_id) VALUES (4706, 323.12, 'Pharmacy', '2026-06-08 19:56:31', 'DEBIT', 'acc-42bf463e-c942-48ed-85fb-3f61c1339d91');

INSERT INTO customer (id, name, email) VALUES (83, 'Fatima Zahra El Amrani', 'fatima.zahra.el amrani@gmail.com');
INSERT INTO bank_account (id, type, balance, created_at, customer_id, over_draft, interest_rate) VALUES ('acc-87f8f482-0b10-4b93-9feb-b3451f321728', 'SAVE', 92037.71, '2026-01-25 19:56:31', 83, NULL, 2.03);
INSERT INTO account_operation (id, amount, description, operation_date, type, bank_account_id) VALUES (4707, 39722.19, 'Initial Account Funding', '2026-01-25 19:56:31', 'CREDIT', 'acc-87f8f482-0b10-4b93-9feb-b3451f321728');
INSERT INTO account_operation (id, amount, description, operation_date, type, bank_account_id) VALUES (4708, 382.66, 'Local Cafe', '2026-02-11 19:56:31', 'DEBIT', 'acc-87f8f482-0b10-4b93-9feb-b3451f321728');
INSERT INTO account_operation (id, amount, description, operation_date, type, bank_account_id) VALUES (4709, 71.51, 'Pharmacy', '2026-02-15 19:56:31', 'DEBIT', 'acc-87f8f482-0b10-4b93-9feb-b3451f321728');
INSERT INTO account_operation (id, amount, description, operation_date, type, bank_account_id) VALUES (4710, 684.59, 'Amendis', '2026-04-07 19:56:31', 'DEBIT', 'acc-87f8f482-0b10-4b93-9feb-b3451f321728');
INSERT INTO account_operation (id, amount, description, operation_date, type, bank_account_id) VALUES (4711, 1810.95, 'BIM Store', '2026-04-23 19:56:31', 'DEBIT', 'acc-87f8f482-0b10-4b93-9feb-b3451f321728');
INSERT INTO account_operation (id, amount, description, operation_date, type, bank_account_id) VALUES (4712, 285.0, 'Orange', '2026-02-23 19:56:31', 'DEBIT', 'acc-87f8f482-0b10-4b93-9feb-b3451f321728');
INSERT INTO account_operation (id, amount, description, operation_date, type, bank_account_id) VALUES (4713, 1466.03, 'Restaurant', '2026-06-04 19:56:31', 'DEBIT', 'acc-87f8f482-0b10-4b93-9feb-b3451f321728');
INSERT INTO account_operation (id, amount, description, operation_date, type, bank_account_id) VALUES (4714, 327.37, 'Local Cafe', '2026-06-04 19:56:31', 'DEBIT', 'acc-87f8f482-0b10-4b93-9feb-b3451f321728');
INSERT INTO account_operation (id, amount, description, operation_date, type, bank_account_id) VALUES (4715, 13945.13, 'Salary Deposit', '2026-06-03 19:56:31', 'CREDIT', 'acc-87f8f482-0b10-4b93-9feb-b3451f321728');
INSERT INTO account_operation (id, amount, description, operation_date, type, bank_account_id) VALUES (4716, 1842.22, 'Restaurant', '2026-05-08 19:56:31', 'DEBIT', 'acc-87f8f482-0b10-4b93-9feb-b3451f321728');
INSERT INTO account_operation (id, amount, description, operation_date, type, bank_account_id) VALUES (4717, 9425.93, 'Freelance Payment', '2026-06-17 19:56:31', 'CREDIT', 'acc-87f8f482-0b10-4b93-9feb-b3451f321728');
INSERT INTO account_operation (id, amount, description, operation_date, type, bank_account_id) VALUES (4718, 136.42, 'Pharmacy', '2026-06-13 19:56:31', 'DEBIT', 'acc-87f8f482-0b10-4b93-9feb-b3451f321728');
INSERT INTO account_operation (id, amount, description, operation_date, type, bank_account_id) VALUES (4719, 4420.37, 'Salary Deposit', '2026-03-26 19:56:31', 'CREDIT', 'acc-87f8f482-0b10-4b93-9feb-b3451f321728');
INSERT INTO account_operation (id, amount, description, operation_date, type, bank_account_id) VALUES (4720, 1311.28, 'Netflix Subscription', '2026-06-21 19:56:31', 'DEBIT', 'acc-87f8f482-0b10-4b93-9feb-b3451f321728');
INSERT INTO account_operation (id, amount, description, operation_date, type, bank_account_id) VALUES (4721, 13062.3, 'Freelance Payment', '2026-03-29 19:56:31', 'CREDIT', 'acc-87f8f482-0b10-4b93-9feb-b3451f321728');
INSERT INTO account_operation (id, amount, description, operation_date, type, bank_account_id) VALUES (4722, 1423.96, 'Marjane Supermarket', '2026-05-06 19:56:31', 'DEBIT', 'acc-87f8f482-0b10-4b93-9feb-b3451f321728');
INSERT INTO account_operation (id, amount, description, operation_date, type, bank_account_id) VALUES (4723, 12785.62, 'Salary Deposit', '2026-03-27 19:56:31', 'CREDIT', 'acc-87f8f482-0b10-4b93-9feb-b3451f321728');
INSERT INTO account_operation (id, amount, description, operation_date, type, bank_account_id) VALUES (4724, 7174.94, 'Freelance Payment', '2026-04-30 19:56:31', 'CREDIT', 'acc-87f8f482-0b10-4b93-9feb-b3451f321728');
INSERT INTO account_operation (id, amount, description, operation_date, type, bank_account_id) VALUES (4725, 368.57, 'Zara', '2026-04-03 19:56:31', 'DEBIT', 'acc-87f8f482-0b10-4b93-9feb-b3451f321728');
INSERT INTO account_operation (id, amount, description, operation_date, type, bank_account_id) VALUES (4726, 5333.02, 'Dividend Payout', '2026-02-12 19:56:31', 'CREDIT', 'acc-87f8f482-0b10-4b93-9feb-b3451f321728');
INSERT INTO account_operation (id, amount, description, operation_date, type, bank_account_id) VALUES (4727, 874.91, 'Decathlon', '2026-06-22 19:56:31', 'DEBIT', 'acc-87f8f482-0b10-4b93-9feb-b3451f321728');
INSERT INTO account_operation (id, amount, description, operation_date, type, bank_account_id) VALUES (4728, 1334.81, 'Zara', '2026-05-19 19:56:31', 'DEBIT', 'acc-87f8f482-0b10-4b93-9feb-b3451f321728');
INSERT INTO account_operation (id, amount, description, operation_date, type, bank_account_id) VALUES (4729, 1322.6, 'Maroc Telecom', '2026-02-14 19:56:31', 'DEBIT', 'acc-87f8f482-0b10-4b93-9feb-b3451f321728');
INSERT INTO account_operation (id, amount, description, operation_date, type, bank_account_id) VALUES (4730, 188.91, 'Carrefour', '2026-02-26 19:56:31', 'DEBIT', 'acc-87f8f482-0b10-4b93-9feb-b3451f321728');

INSERT INTO customer (id, name, email) VALUES (84, 'Yassine Bennis', 'yassine.bennis@gmail.com');
INSERT INTO bank_account (id, type, balance, created_at, customer_id, over_draft, interest_rate) VALUES ('acc-d04cd820-04cc-4d44-ab03-5999606e1a53', 'CURR', 61459.7, '2026-05-12 19:56:31', 84, 7955.55, NULL);
INSERT INTO account_operation (id, amount, description, operation_date, type, bank_account_id) VALUES (4731, 36931.73, 'Initial Account Funding', '2026-05-12 19:56:31', 'CREDIT', 'acc-d04cd820-04cc-4d44-ab03-5999606e1a53');
INSERT INTO account_operation (id, amount, description, operation_date, type, bank_account_id) VALUES (4732, 7431.71, 'Cash Deposit', '2026-06-23 19:56:31', 'CREDIT', 'acc-d04cd820-04cc-4d44-ab03-5999606e1a53');
INSERT INTO account_operation (id, amount, description, operation_date, type, bank_account_id) VALUES (4733, 14061.64, 'Cash Deposit', '2026-05-31 19:56:31', 'CREDIT', 'acc-d04cd820-04cc-4d44-ab03-5999606e1a53');
INSERT INTO account_operation (id, amount, description, operation_date, type, bank_account_id) VALUES (4734, 799.92, 'ONCF Train', '2026-06-11 19:56:31', 'DEBIT', 'acc-d04cd820-04cc-4d44-ab03-5999606e1a53');
INSERT INTO account_operation (id, amount, description, operation_date, type, bank_account_id) VALUES (4735, 1045.64, 'Orange', '2026-05-19 19:56:31', 'DEBIT', 'acc-d04cd820-04cc-4d44-ab03-5999606e1a53');
INSERT INTO account_operation (id, amount, description, operation_date, type, bank_account_id) VALUES (4736, 822.15, 'BIM Store', '2026-05-23 19:56:31', 'DEBIT', 'acc-d04cd820-04cc-4d44-ab03-5999606e1a53');
INSERT INTO account_operation (id, amount, description, operation_date, type, bank_account_id) VALUES (4737, 28.3, 'Decathlon', '2026-06-19 19:56:31', 'DEBIT', 'acc-d04cd820-04cc-4d44-ab03-5999606e1a53');
INSERT INTO account_operation (id, amount, description, operation_date, type, bank_account_id) VALUES (4738, 163.83, 'Amendis', '2026-05-28 19:56:31', 'DEBIT', 'acc-d04cd820-04cc-4d44-ab03-5999606e1a53');
INSERT INTO account_operation (id, amount, description, operation_date, type, bank_account_id) VALUES (4739, 6962.0, 'Cash Deposit', '2026-06-20 19:56:31', 'CREDIT', 'acc-d04cd820-04cc-4d44-ab03-5999606e1a53');
INSERT INTO account_operation (id, amount, description, operation_date, type, bank_account_id) VALUES (4740, 378.4, 'Spotify', '2026-05-23 19:56:31', 'DEBIT', 'acc-d04cd820-04cc-4d44-ab03-5999606e1a53');
INSERT INTO account_operation (id, amount, description, operation_date, type, bank_account_id) VALUES (4741, 3194.65, 'Cash Deposit', '2026-06-12 19:56:31', 'CREDIT', 'acc-d04cd820-04cc-4d44-ab03-5999606e1a53');
INSERT INTO account_operation (id, amount, description, operation_date, type, bank_account_id) VALUES (4742, 1530.89, 'Decathlon', '2026-06-25 19:56:31', 'DEBIT', 'acc-d04cd820-04cc-4d44-ab03-5999606e1a53');
INSERT INTO account_operation (id, amount, description, operation_date, type, bank_account_id) VALUES (4743, 1477.7, 'Redal', '2026-06-07 19:56:31', 'DEBIT', 'acc-d04cd820-04cc-4d44-ab03-5999606e1a53');
INSERT INTO account_operation (id, amount, description, operation_date, type, bank_account_id) VALUES (4744, 162.26, 'ONCF Train', '2026-05-17 19:56:31', 'DEBIT', 'acc-d04cd820-04cc-4d44-ab03-5999606e1a53');
INSERT INTO account_operation (id, amount, description, operation_date, type, bank_account_id) VALUES (4745, 1113.08, 'Local Cafe', '2026-05-31 19:56:31', 'DEBIT', 'acc-d04cd820-04cc-4d44-ab03-5999606e1a53');
INSERT INTO account_operation (id, amount, description, operation_date, type, bank_account_id) VALUES (4746, 1253.91, 'Restaurant', '2026-06-17 19:56:31', 'DEBIT', 'acc-d04cd820-04cc-4d44-ab03-5999606e1a53');
INSERT INTO account_operation (id, amount, description, operation_date, type, bank_account_id) VALUES (4747, 111.65, 'Pharmacy', '2026-06-08 19:56:31', 'DEBIT', 'acc-d04cd820-04cc-4d44-ab03-5999606e1a53');
INSERT INTO account_operation (id, amount, description, operation_date, type, bank_account_id) VALUES (4748, 1327.94, 'Orange', '2026-05-31 19:56:31', 'DEBIT', 'acc-d04cd820-04cc-4d44-ab03-5999606e1a53');
INSERT INTO account_operation (id, amount, description, operation_date, type, bank_account_id) VALUES (4749, 1629.24, 'Orange', '2026-05-24 19:56:31', 'DEBIT', 'acc-d04cd820-04cc-4d44-ab03-5999606e1a53');
INSERT INTO account_operation (id, amount, description, operation_date, type, bank_account_id) VALUES (4750, 1489.5, 'Marjane Supermarket', '2026-06-17 19:56:31', 'DEBIT', 'acc-d04cd820-04cc-4d44-ab03-5999606e1a53');
INSERT INTO account_operation (id, amount, description, operation_date, type, bank_account_id) VALUES (4751, 1930.25, 'ONCF Train', '2026-05-28 19:56:31', 'DEBIT', 'acc-d04cd820-04cc-4d44-ab03-5999606e1a53');
INSERT INTO account_operation (id, amount, description, operation_date, type, bank_account_id) VALUES (4752, 8337.99, 'Cash Deposit', '2026-05-17 19:56:31', 'CREDIT', 'acc-d04cd820-04cc-4d44-ab03-5999606e1a53');
INSERT INTO account_operation (id, amount, description, operation_date, type, bank_account_id) VALUES (4753, 1995.49, 'ONCF Train', '2026-06-24 19:56:31', 'DEBIT', 'acc-d04cd820-04cc-4d44-ab03-5999606e1a53');
INSERT INTO account_operation (id, amount, description, operation_date, type, bank_account_id) VALUES (4754, 845.46, 'Inwi', '2026-06-13 19:56:31', 'DEBIT', 'acc-d04cd820-04cc-4d44-ab03-5999606e1a53');
INSERT INTO account_operation (id, amount, description, operation_date, type, bank_account_id) VALUES (4755, 599.69, 'Redal', '2026-05-16 19:56:31', 'DEBIT', 'acc-d04cd820-04cc-4d44-ab03-5999606e1a53');
INSERT INTO account_operation (id, amount, description, operation_date, type, bank_account_id) VALUES (4756, 1806.48, 'Pharmacy', '2026-06-22 19:56:31', 'DEBIT', 'acc-d04cd820-04cc-4d44-ab03-5999606e1a53');
INSERT INTO account_operation (id, amount, description, operation_date, type, bank_account_id) VALUES (4757, 987.11, 'Inwi', '2026-05-21 19:56:31', 'DEBIT', 'acc-d04cd820-04cc-4d44-ab03-5999606e1a53');
INSERT INTO account_operation (id, amount, description, operation_date, type, bank_account_id) VALUES (4758, 1956.85, 'LC Waikiki', '2026-06-25 19:56:31', 'DEBIT', 'acc-d04cd820-04cc-4d44-ab03-5999606e1a53');
INSERT INTO account_operation (id, amount, description, operation_date, type, bank_account_id) VALUES (4759, 1293.03, 'Cash Deposit', '2026-05-27 19:56:31', 'CREDIT', 'acc-d04cd820-04cc-4d44-ab03-5999606e1a53');
INSERT INTO account_operation (id, amount, description, operation_date, type, bank_account_id) VALUES (4760, 636.1, 'Zara', '2026-06-16 19:56:31', 'DEBIT', 'acc-d04cd820-04cc-4d44-ab03-5999606e1a53');
INSERT INTO account_operation (id, amount, description, operation_date, type, bank_account_id) VALUES (4761, 1709.63, 'ONCF Train', '2026-06-15 19:56:31', 'DEBIT', 'acc-d04cd820-04cc-4d44-ab03-5999606e1a53');
INSERT INTO account_operation (id, amount, description, operation_date, type, bank_account_id) VALUES (4762, 14480.45, 'Salary Deposit', '2026-06-19 19:56:31', 'CREDIT', 'acc-d04cd820-04cc-4d44-ab03-5999606e1a53');
INSERT INTO account_operation (id, amount, description, operation_date, type, bank_account_id) VALUES (4763, 761.01, 'Inwi', '2026-06-19 19:56:31', 'DEBIT', 'acc-d04cd820-04cc-4d44-ab03-5999606e1a53');
INSERT INTO account_operation (id, amount, description, operation_date, type, bank_account_id) VALUES (4764, 1914.09, 'LC Waikiki', '2026-06-02 19:56:31', 'DEBIT', 'acc-d04cd820-04cc-4d44-ab03-5999606e1a53');
INSERT INTO account_operation (id, amount, description, operation_date, type, bank_account_id) VALUES (4765, 1109.37, 'LC Waikiki', '2026-05-22 19:56:31', 'DEBIT', 'acc-d04cd820-04cc-4d44-ab03-5999606e1a53');
INSERT INTO account_operation (id, amount, description, operation_date, type, bank_account_id) VALUES (4766, 732.99, 'Local Cafe', '2026-06-21 19:56:31', 'DEBIT', 'acc-d04cd820-04cc-4d44-ab03-5999606e1a53');
INSERT INTO account_operation (id, amount, description, operation_date, type, bank_account_id) VALUES (4767, 1342.23, 'Spotify', '2026-06-01 19:56:31', 'DEBIT', 'acc-d04cd820-04cc-4d44-ab03-5999606e1a53');
INSERT INTO account_operation (id, amount, description, operation_date, type, bank_account_id) VALUES (4768, 1813.77, 'Restaurant', '2026-06-12 19:56:31', 'DEBIT', 'acc-d04cd820-04cc-4d44-ab03-5999606e1a53');
INSERT INTO account_operation (id, amount, description, operation_date, type, bank_account_id) VALUES (4769, 1250.2, 'Marjane Supermarket', '2026-05-15 19:56:31', 'DEBIT', 'acc-d04cd820-04cc-4d44-ab03-5999606e1a53');
INSERT INTO account_operation (id, amount, description, operation_date, type, bank_account_id) VALUES (4770, 45.37, 'Maroc Telecom', '2026-06-11 19:56:31', 'DEBIT', 'acc-d04cd820-04cc-4d44-ab03-5999606e1a53');
INSERT INTO account_operation (id, amount, description, operation_date, type, bank_account_id) VALUES (4771, 429.32, 'Orange', '2026-05-14 19:56:31', 'DEBIT', 'acc-d04cd820-04cc-4d44-ab03-5999606e1a53');
INSERT INTO account_operation (id, amount, description, operation_date, type, bank_account_id) VALUES (4772, 535.31, 'Marjane Supermarket', '2026-06-03 19:56:31', 'DEBIT', 'acc-d04cd820-04cc-4d44-ab03-5999606e1a53');
INSERT INTO account_operation (id, amount, description, operation_date, type, bank_account_id) VALUES (4773, 234.45, 'Zara', '2026-06-04 19:56:31', 'DEBIT', 'acc-d04cd820-04cc-4d44-ab03-5999606e1a53');
INSERT INTO account_operation (id, amount, description, operation_date, type, bank_account_id) VALUES (4774, 704.63, 'Marjane Supermarket', '2026-06-16 19:56:31', 'DEBIT', 'acc-d04cd820-04cc-4d44-ab03-5999606e1a53');
INSERT INTO account_operation (id, amount, description, operation_date, type, bank_account_id) VALUES (4775, 11105.38, 'Salary Deposit', '2026-06-05 19:56:31', 'CREDIT', 'acc-d04cd820-04cc-4d44-ab03-5999606e1a53');
INSERT INTO account_operation (id, amount, description, operation_date, type, bank_account_id) VALUES (4776, 1727.97, 'Marjane Supermarket', '2026-05-15 19:56:31', 'DEBIT', 'acc-d04cd820-04cc-4d44-ab03-5999606e1a53');
INSERT INTO account_operation (id, amount, description, operation_date, type, bank_account_id) VALUES (4777, 1970.74, 'Inwi', '2026-05-13 19:56:31', 'DEBIT', 'acc-d04cd820-04cc-4d44-ab03-5999606e1a53');
INSERT INTO account_operation (id, amount, description, operation_date, type, bank_account_id) VALUES (4778, 1829.45, 'Redal', '2026-06-23 19:56:31', 'DEBIT', 'acc-d04cd820-04cc-4d44-ab03-5999606e1a53');
INSERT INTO account_operation (id, amount, description, operation_date, type, bank_account_id) VALUES (4779, 136.51, 'Pharmacy', '2026-05-30 19:56:31', 'DEBIT', 'acc-d04cd820-04cc-4d44-ab03-5999606e1a53');
INSERT INTO bank_account (id, type, balance, created_at, customer_id, over_draft, interest_rate) VALUES ('acc-aaa63647-c708-48fa-b5ef-bd5650251e44', 'SAVE', 60815.63, '2026-02-18 19:56:31', 84, NULL, 2.03);
INSERT INTO account_operation (id, amount, description, operation_date, type, bank_account_id) VALUES (4780, 23002.72, 'Initial Account Funding', '2026-02-18 19:56:31', 'CREDIT', 'acc-aaa63647-c708-48fa-b5ef-bd5650251e44');
INSERT INTO account_operation (id, amount, description, operation_date, type, bank_account_id) VALUES (4781, 1040.73, 'Carrefour', '2026-04-26 19:56:31', 'DEBIT', 'acc-aaa63647-c708-48fa-b5ef-bd5650251e44');
INSERT INTO account_operation (id, amount, description, operation_date, type, bank_account_id) VALUES (4782, 619.49, 'Redal', '2026-05-05 19:56:31', 'DEBIT', 'acc-aaa63647-c708-48fa-b5ef-bd5650251e44');
INSERT INTO account_operation (id, amount, description, operation_date, type, bank_account_id) VALUES (4783, 623.83, 'Amendis', '2026-04-14 19:56:31', 'DEBIT', 'acc-aaa63647-c708-48fa-b5ef-bd5650251e44');
INSERT INTO account_operation (id, amount, description, operation_date, type, bank_account_id) VALUES (4784, 1644.66, 'Transfer Received', '2026-03-11 19:56:31', 'CREDIT', 'acc-aaa63647-c708-48fa-b5ef-bd5650251e44');
INSERT INTO account_operation (id, amount, description, operation_date, type, bank_account_id) VALUES (4785, 1036.9, 'Restaurant', '2026-03-05 19:56:31', 'DEBIT', 'acc-aaa63647-c708-48fa-b5ef-bd5650251e44');
INSERT INTO account_operation (id, amount, description, operation_date, type, bank_account_id) VALUES (4786, 763.78, 'Restaurant', '2026-06-24 19:56:31', 'DEBIT', 'acc-aaa63647-c708-48fa-b5ef-bd5650251e44');
INSERT INTO account_operation (id, amount, description, operation_date, type, bank_account_id) VALUES (4787, 5010.81, 'Transfer Received', '2026-03-01 19:56:31', 'CREDIT', 'acc-aaa63647-c708-48fa-b5ef-bd5650251e44');
INSERT INTO account_operation (id, amount, description, operation_date, type, bank_account_id) VALUES (4788, 1268.11, 'LC Waikiki', '2026-03-26 19:56:31', 'DEBIT', 'acc-aaa63647-c708-48fa-b5ef-bd5650251e44');
INSERT INTO account_operation (id, amount, description, operation_date, type, bank_account_id) VALUES (4789, 1859.3, 'Zara', '2026-03-05 19:56:31', 'DEBIT', 'acc-aaa63647-c708-48fa-b5ef-bd5650251e44');
INSERT INTO account_operation (id, amount, description, operation_date, type, bank_account_id) VALUES (4790, 131.45, 'Orange', '2026-05-31 19:56:31', 'DEBIT', 'acc-aaa63647-c708-48fa-b5ef-bd5650251e44');
INSERT INTO account_operation (id, amount, description, operation_date, type, bank_account_id) VALUES (4791, 4181.7, 'Transfer Received', '2026-03-10 19:56:31', 'CREDIT', 'acc-aaa63647-c708-48fa-b5ef-bd5650251e44');
INSERT INTO account_operation (id, amount, description, operation_date, type, bank_account_id) VALUES (4792, 781.64, 'LC Waikiki', '2026-02-26 19:56:31', 'DEBIT', 'acc-aaa63647-c708-48fa-b5ef-bd5650251e44');
INSERT INTO account_operation (id, amount, description, operation_date, type, bank_account_id) VALUES (4793, 180.51, 'Local Cafe', '2026-03-03 19:56:31', 'DEBIT', 'acc-aaa63647-c708-48fa-b5ef-bd5650251e44');
INSERT INTO account_operation (id, amount, description, operation_date, type, bank_account_id) VALUES (4794, 13442.23, 'Dividend Payout', '2026-05-18 19:56:31', 'CREDIT', 'acc-aaa63647-c708-48fa-b5ef-bd5650251e44');
INSERT INTO account_operation (id, amount, description, operation_date, type, bank_account_id) VALUES (4795, 1158.16, 'Carrefour', '2026-06-11 19:56:31', 'DEBIT', 'acc-aaa63647-c708-48fa-b5ef-bd5650251e44');
INSERT INTO account_operation (id, amount, description, operation_date, type, bank_account_id) VALUES (4796, 555.73, 'Redal', '2026-02-20 19:56:31', 'DEBIT', 'acc-aaa63647-c708-48fa-b5ef-bd5650251e44');
INSERT INTO account_operation (id, amount, description, operation_date, type, bank_account_id) VALUES (4797, 1265.36, 'ONCF Train', '2026-05-26 19:56:31', 'DEBIT', 'acc-aaa63647-c708-48fa-b5ef-bd5650251e44');
INSERT INTO account_operation (id, amount, description, operation_date, type, bank_account_id) VALUES (4798, 6465.13, 'Salary Deposit', '2026-03-26 19:56:31', 'CREDIT', 'acc-aaa63647-c708-48fa-b5ef-bd5650251e44');
INSERT INTO account_operation (id, amount, description, operation_date, type, bank_account_id) VALUES (4799, 4456.48, 'Cash Deposit', '2026-03-08 19:56:31', 'CREDIT', 'acc-aaa63647-c708-48fa-b5ef-bd5650251e44');
INSERT INTO account_operation (id, amount, description, operation_date, type, bank_account_id) VALUES (4800, 185.66, 'Carrefour', '2026-03-07 19:56:31', 'DEBIT', 'acc-aaa63647-c708-48fa-b5ef-bd5650251e44');
INSERT INTO account_operation (id, amount, description, operation_date, type, bank_account_id) VALUES (4801, 827.06, 'Local Cafe', '2026-03-22 19:56:31', 'DEBIT', 'acc-aaa63647-c708-48fa-b5ef-bd5650251e44');
INSERT INTO account_operation (id, amount, description, operation_date, type, bank_account_id) VALUES (4802, 1434.35, 'Maroc Telecom', '2026-02-21 19:56:31', 'DEBIT', 'acc-aaa63647-c708-48fa-b5ef-bd5650251e44');
INSERT INTO account_operation (id, amount, description, operation_date, type, bank_account_id) VALUES (4803, 1275.18, 'Restaurant', '2026-03-08 19:56:31', 'DEBIT', 'acc-aaa63647-c708-48fa-b5ef-bd5650251e44');
INSERT INTO account_operation (id, amount, description, operation_date, type, bank_account_id) VALUES (4804, 4155.76, 'Dividend Payout', '2026-04-24 19:56:31', 'CREDIT', 'acc-aaa63647-c708-48fa-b5ef-bd5650251e44');
INSERT INTO account_operation (id, amount, description, operation_date, type, bank_account_id) VALUES (4805, 891.77, 'Local Cafe', '2026-05-22 19:56:31', 'DEBIT', 'acc-aaa63647-c708-48fa-b5ef-bd5650251e44');
INSERT INTO account_operation (id, amount, description, operation_date, type, bank_account_id) VALUES (4806, 1603.06, 'CTM Bus', '2026-04-17 19:56:31', 'DEBIT', 'acc-aaa63647-c708-48fa-b5ef-bd5650251e44');
INSERT INTO account_operation (id, amount, description, operation_date, type, bank_account_id) VALUES (4807, 1706.97, 'Amendis', '2026-04-08 19:56:31', 'DEBIT', 'acc-aaa63647-c708-48fa-b5ef-bd5650251e44');
INSERT INTO account_operation (id, amount, description, operation_date, type, bank_account_id) VALUES (4808, 1164.66, 'Spotify', '2026-03-04 19:56:31', 'DEBIT', 'acc-aaa63647-c708-48fa-b5ef-bd5650251e44');
INSERT INTO account_operation (id, amount, description, operation_date, type, bank_account_id) VALUES (4809, 13777.74, 'Transfer Received', '2026-04-01 19:56:31', 'CREDIT', 'acc-aaa63647-c708-48fa-b5ef-bd5650251e44');
INSERT INTO account_operation (id, amount, description, operation_date, type, bank_account_id) VALUES (4810, 5052.1, 'Salary Deposit', '2026-05-25 19:56:31', 'CREDIT', 'acc-aaa63647-c708-48fa-b5ef-bd5650251e44');

INSERT INTO customer (id, name, email) VALUES (85, 'Imane Bennani', 'imane.bennani@gmail.com');
INSERT INTO bank_account (id, type, balance, created_at, customer_id, over_draft, interest_rate) VALUES ('acc-d4c0d764-5090-41a8-8ee7-faee432ef170', 'SAVE', 56912.43, '2025-08-01 19:56:31', 85, NULL, 3.14);
INSERT INTO account_operation (id, amount, description, operation_date, type, bank_account_id) VALUES (4811, 28571.61, 'Initial Account Funding', '2025-08-01 19:56:31', 'CREDIT', 'acc-d4c0d764-5090-41a8-8ee7-faee432ef170');
INSERT INTO account_operation (id, amount, description, operation_date, type, bank_account_id) VALUES (4812, 1357.53, 'Decathlon', '2025-12-24 19:56:31', 'DEBIT', 'acc-d4c0d764-5090-41a8-8ee7-faee432ef170');
INSERT INTO account_operation (id, amount, description, operation_date, type, bank_account_id) VALUES (4813, 1284.98, 'BIM Store', '2026-05-24 19:56:31', 'DEBIT', 'acc-d4c0d764-5090-41a8-8ee7-faee432ef170');
INSERT INTO account_operation (id, amount, description, operation_date, type, bank_account_id) VALUES (4814, 12098.02, 'Dividend Payout', '2026-04-02 19:56:31', 'CREDIT', 'acc-d4c0d764-5090-41a8-8ee7-faee432ef170');
INSERT INTO account_operation (id, amount, description, operation_date, type, bank_account_id) VALUES (4815, 816.23, 'Carrefour', '2026-06-29 19:56:31', 'DEBIT', 'acc-d4c0d764-5090-41a8-8ee7-faee432ef170');
INSERT INTO account_operation (id, amount, description, operation_date, type, bank_account_id) VALUES (4816, 111.02, 'LC Waikiki', '2026-05-22 19:56:31', 'DEBIT', 'acc-d4c0d764-5090-41a8-8ee7-faee432ef170');
INSERT INTO account_operation (id, amount, description, operation_date, type, bank_account_id) VALUES (4817, 182.94, 'BIM Store', '2025-11-22 19:56:31', 'DEBIT', 'acc-d4c0d764-5090-41a8-8ee7-faee432ef170');
INSERT INTO account_operation (id, amount, description, operation_date, type, bank_account_id) VALUES (4818, 1111.56, 'CTM Bus', '2026-01-07 19:56:31', 'DEBIT', 'acc-d4c0d764-5090-41a8-8ee7-faee432ef170');
INSERT INTO account_operation (id, amount, description, operation_date, type, bank_account_id) VALUES (4819, 174.16, 'Decathlon', '2026-01-20 19:56:31', 'DEBIT', 'acc-d4c0d764-5090-41a8-8ee7-faee432ef170');
INSERT INTO account_operation (id, amount, description, operation_date, type, bank_account_id) VALUES (4820, 1878.69, 'ONEE Electricity', '2026-05-25 19:56:31', 'DEBIT', 'acc-d4c0d764-5090-41a8-8ee7-faee432ef170');
INSERT INTO account_operation (id, amount, description, operation_date, type, bank_account_id) VALUES (4821, 4958.31, 'Transfer Received', '2025-08-28 19:56:31', 'CREDIT', 'acc-d4c0d764-5090-41a8-8ee7-faee432ef170');
INSERT INTO account_operation (id, amount, description, operation_date, type, bank_account_id) VALUES (4822, 4841.94, 'Freelance Payment', '2026-06-19 19:56:31', 'CREDIT', 'acc-d4c0d764-5090-41a8-8ee7-faee432ef170');
INSERT INTO account_operation (id, amount, description, operation_date, type, bank_account_id) VALUES (4823, 1490.48, 'Local Cafe', '2026-02-10 19:56:31', 'DEBIT', 'acc-d4c0d764-5090-41a8-8ee7-faee432ef170');
INSERT INTO account_operation (id, amount, description, operation_date, type, bank_account_id) VALUES (4824, 139.97, 'CTM Bus', '2025-08-13 19:56:31', 'DEBIT', 'acc-d4c0d764-5090-41a8-8ee7-faee432ef170');
INSERT INTO account_operation (id, amount, description, operation_date, type, bank_account_id) VALUES (4825, 12051.06, 'Dividend Payout', '2025-11-04 19:56:31', 'CREDIT', 'acc-d4c0d764-5090-41a8-8ee7-faee432ef170');
INSERT INTO account_operation (id, amount, description, operation_date, type, bank_account_id) VALUES (4826, 680.09, 'Decathlon', '2026-05-16 19:56:31', 'DEBIT', 'acc-d4c0d764-5090-41a8-8ee7-faee432ef170');
INSERT INTO account_operation (id, amount, description, operation_date, type, bank_account_id) VALUES (4827, 1025.86, 'Restaurant', '2026-02-22 19:56:31', 'DEBIT', 'acc-d4c0d764-5090-41a8-8ee7-faee432ef170');
INSERT INTO account_operation (id, amount, description, operation_date, type, bank_account_id) VALUES (4828, 5109.51, 'Salary Deposit', '2025-08-27 19:56:31', 'CREDIT', 'acc-d4c0d764-5090-41a8-8ee7-faee432ef170');
INSERT INTO account_operation (id, amount, description, operation_date, type, bank_account_id) VALUES (4829, 633.92, 'Local Cafe', '2025-08-24 19:56:31', 'DEBIT', 'acc-d4c0d764-5090-41a8-8ee7-faee432ef170');
INSERT INTO account_operation (id, amount, description, operation_date, type, bank_account_id) VALUES (4830, 1620.2, 'Carrefour', '2026-03-20 19:56:31', 'DEBIT', 'acc-d4c0d764-5090-41a8-8ee7-faee432ef170');
INSERT INTO account_operation (id, amount, description, operation_date, type, bank_account_id) VALUES (4831, 2577.52, 'Freelance Payment', '2026-02-01 19:56:31', 'CREDIT', 'acc-d4c0d764-5090-41a8-8ee7-faee432ef170');
INSERT INTO account_operation (id, amount, description, operation_date, type, bank_account_id) VALUES (4832, 276.02, 'Inwi', '2026-02-17 19:56:31', 'DEBIT', 'acc-d4c0d764-5090-41a8-8ee7-faee432ef170');
INSERT INTO account_operation (id, amount, description, operation_date, type, bank_account_id) VALUES (4833, 515.12, 'Maroc Telecom', '2026-01-06 19:56:31', 'DEBIT', 'acc-d4c0d764-5090-41a8-8ee7-faee432ef170');
INSERT INTO account_operation (id, amount, description, operation_date, type, bank_account_id) VALUES (4834, 1144.68, 'Orange', '2026-06-24 19:56:31', 'DEBIT', 'acc-d4c0d764-5090-41a8-8ee7-faee432ef170');
INSERT INTO account_operation (id, amount, description, operation_date, type, bank_account_id) VALUES (4835, 1515.02, 'LC Waikiki', '2025-09-03 19:56:31', 'DEBIT', 'acc-d4c0d764-5090-41a8-8ee7-faee432ef170');
INSERT INTO account_operation (id, amount, description, operation_date, type, bank_account_id) VALUES (4836, 502.66, 'Decathlon', '2026-03-27 19:56:31', 'DEBIT', 'acc-d4c0d764-5090-41a8-8ee7-faee432ef170');
INSERT INTO account_operation (id, amount, description, operation_date, type, bank_account_id) VALUES (4837, 1482.57, 'Local Cafe', '2026-05-30 19:56:31', 'DEBIT', 'acc-d4c0d764-5090-41a8-8ee7-faee432ef170');
INSERT INTO account_operation (id, amount, description, operation_date, type, bank_account_id) VALUES (4838, 1802.12, 'Restaurant', '2026-05-23 19:56:31', 'DEBIT', 'acc-d4c0d764-5090-41a8-8ee7-faee432ef170');
INSERT INTO account_operation (id, amount, description, operation_date, type, bank_account_id) VALUES (4839, 346.82, 'Amendis', '2025-12-21 19:56:31', 'DEBIT', 'acc-d4c0d764-5090-41a8-8ee7-faee432ef170');
INSERT INTO account_operation (id, amount, description, operation_date, type, bank_account_id) VALUES (4840, 327.68, 'Redal', '2026-01-30 19:56:31', 'DEBIT', 'acc-d4c0d764-5090-41a8-8ee7-faee432ef170');
INSERT INTO account_operation (id, amount, description, operation_date, type, bank_account_id) VALUES (4841, 1496.84, 'Decathlon', '2025-08-02 19:56:31', 'DEBIT', 'acc-d4c0d764-5090-41a8-8ee7-faee432ef170');
INSERT INTO account_operation (id, amount, description, operation_date, type, bank_account_id) VALUES (4842, 1578.6, 'Restaurant', '2025-08-01 19:56:31', 'DEBIT', 'acc-d4c0d764-5090-41a8-8ee7-faee432ef170');
INSERT INTO account_operation (id, amount, description, operation_date, type, bank_account_id) VALUES (4843, 11135.5, 'Cash Deposit', '2025-10-05 19:56:31', 'CREDIT', 'acc-d4c0d764-5090-41a8-8ee7-faee432ef170');
INSERT INTO account_operation (id, amount, description, operation_date, type, bank_account_id) VALUES (4844, 110.13, 'Redal', '2025-09-03 19:56:31', 'DEBIT', 'acc-d4c0d764-5090-41a8-8ee7-faee432ef170');
INSERT INTO account_operation (id, amount, description, operation_date, type, bank_account_id) VALUES (4845, 825.15, 'Carrefour', '2025-10-13 19:56:31', 'DEBIT', 'acc-d4c0d764-5090-41a8-8ee7-faee432ef170');
INSERT INTO bank_account (id, type, balance, created_at, customer_id, over_draft, interest_rate) VALUES ('acc-47a2b010-0e00-4f4f-8dcb-3b98867ae6b6', 'CURR', 154027.55, '2025-08-09 19:56:31', 85, 8438.0, NULL);
INSERT INTO account_operation (id, amount, description, operation_date, type, bank_account_id) VALUES (4846, 42256.55, 'Initial Account Funding', '2025-08-09 19:56:31', 'CREDIT', 'acc-47a2b010-0e00-4f4f-8dcb-3b98867ae6b6');
INSERT INTO account_operation (id, amount, description, operation_date, type, bank_account_id) VALUES (4847, 1125.34, 'Redal', '2026-02-10 19:56:31', 'DEBIT', 'acc-47a2b010-0e00-4f4f-8dcb-3b98867ae6b6');
INSERT INTO account_operation (id, amount, description, operation_date, type, bank_account_id) VALUES (4848, 1295.74, 'Maroc Telecom', '2026-01-17 19:56:31', 'DEBIT', 'acc-47a2b010-0e00-4f4f-8dcb-3b98867ae6b6');
INSERT INTO account_operation (id, amount, description, operation_date, type, bank_account_id) VALUES (4849, 3560.62, 'Transfer Received', '2026-03-04 19:56:31', 'CREDIT', 'acc-47a2b010-0e00-4f4f-8dcb-3b98867ae6b6');
INSERT INTO account_operation (id, amount, description, operation_date, type, bank_account_id) VALUES (4850, 6088.81, 'Dividend Payout', '2026-04-07 19:56:31', 'CREDIT', 'acc-47a2b010-0e00-4f4f-8dcb-3b98867ae6b6');
INSERT INTO account_operation (id, amount, description, operation_date, type, bank_account_id) VALUES (4851, 11756.0, 'Transfer Received', '2026-05-10 19:56:31', 'CREDIT', 'acc-47a2b010-0e00-4f4f-8dcb-3b98867ae6b6');
INSERT INTO account_operation (id, amount, description, operation_date, type, bank_account_id) VALUES (4852, 334.89, 'Amendis', '2026-01-24 19:56:31', 'DEBIT', 'acc-47a2b010-0e00-4f4f-8dcb-3b98867ae6b6');
INSERT INTO account_operation (id, amount, description, operation_date, type, bank_account_id) VALUES (4853, 961.61, 'Carrefour', '2026-05-07 19:56:31', 'DEBIT', 'acc-47a2b010-0e00-4f4f-8dcb-3b98867ae6b6');
INSERT INTO account_operation (id, amount, description, operation_date, type, bank_account_id) VALUES (4854, 10756.52, 'Salary Deposit', '2026-06-04 19:56:31', 'CREDIT', 'acc-47a2b010-0e00-4f4f-8dcb-3b98867ae6b6');
INSERT INTO account_operation (id, amount, description, operation_date, type, bank_account_id) VALUES (4855, 371.15, 'Maroc Telecom', '2025-11-21 19:56:31', 'DEBIT', 'acc-47a2b010-0e00-4f4f-8dcb-3b98867ae6b6');
INSERT INTO account_operation (id, amount, description, operation_date, type, bank_account_id) VALUES (4856, 14.47, 'Inwi', '2025-08-11 19:56:31', 'DEBIT', 'acc-47a2b010-0e00-4f4f-8dcb-3b98867ae6b6');
INSERT INTO account_operation (id, amount, description, operation_date, type, bank_account_id) VALUES (4857, 671.79, 'CTM Bus', '2025-08-10 19:56:31', 'DEBIT', 'acc-47a2b010-0e00-4f4f-8dcb-3b98867ae6b6');
INSERT INTO account_operation (id, amount, description, operation_date, type, bank_account_id) VALUES (4858, 14267.4, 'Cash Deposit', '2026-01-11 19:56:31', 'CREDIT', 'acc-47a2b010-0e00-4f4f-8dcb-3b98867ae6b6');
INSERT INTO account_operation (id, amount, description, operation_date, type, bank_account_id) VALUES (4859, 395.96, 'Netflix Subscription', '2026-06-07 19:56:31', 'DEBIT', 'acc-47a2b010-0e00-4f4f-8dcb-3b98867ae6b6');
INSERT INTO account_operation (id, amount, description, operation_date, type, bank_account_id) VALUES (4860, 4117.26, 'Salary Deposit', '2025-09-29 19:56:31', 'CREDIT', 'acc-47a2b010-0e00-4f4f-8dcb-3b98867ae6b6');
INSERT INTO account_operation (id, amount, description, operation_date, type, bank_account_id) VALUES (4861, 1188.99, 'ONCF Train', '2025-08-25 19:56:31', 'DEBIT', 'acc-47a2b010-0e00-4f4f-8dcb-3b98867ae6b6');
INSERT INTO account_operation (id, amount, description, operation_date, type, bank_account_id) VALUES (4862, 1471.24, 'Decathlon', '2025-12-24 19:56:31', 'DEBIT', 'acc-47a2b010-0e00-4f4f-8dcb-3b98867ae6b6');
INSERT INTO account_operation (id, amount, description, operation_date, type, bank_account_id) VALUES (4863, 1052.0, 'Carrefour', '2025-12-09 19:56:31', 'DEBIT', 'acc-47a2b010-0e00-4f4f-8dcb-3b98867ae6b6');
INSERT INTO account_operation (id, amount, description, operation_date, type, bank_account_id) VALUES (4864, 847.31, 'Spotify', '2025-08-21 19:56:31', 'DEBIT', 'acc-47a2b010-0e00-4f4f-8dcb-3b98867ae6b6');
INSERT INTO account_operation (id, amount, description, operation_date, type, bank_account_id) VALUES (4865, 1961.93, 'CTM Bus', '2025-11-16 19:56:31', 'DEBIT', 'acc-47a2b010-0e00-4f4f-8dcb-3b98867ae6b6');
INSERT INTO account_operation (id, amount, description, operation_date, type, bank_account_id) VALUES (4866, 655.44, 'Decathlon', '2025-11-17 19:56:31', 'DEBIT', 'acc-47a2b010-0e00-4f4f-8dcb-3b98867ae6b6');
INSERT INTO account_operation (id, amount, description, operation_date, type, bank_account_id) VALUES (4867, 11757.22, 'Freelance Payment', '2025-08-21 19:56:31', 'CREDIT', 'acc-47a2b010-0e00-4f4f-8dcb-3b98867ae6b6');
INSERT INTO account_operation (id, amount, description, operation_date, type, bank_account_id) VALUES (4868, 11023.52, 'Salary Deposit', '2025-12-06 19:56:31', 'CREDIT', 'acc-47a2b010-0e00-4f4f-8dcb-3b98867ae6b6');
INSERT INTO account_operation (id, amount, description, operation_date, type, bank_account_id) VALUES (4869, 603.57, 'Netflix Subscription', '2026-05-16 19:56:31', 'DEBIT', 'acc-47a2b010-0e00-4f4f-8dcb-3b98867ae6b6');
INSERT INTO account_operation (id, amount, description, operation_date, type, bank_account_id) VALUES (4870, 347.85, 'Pharmacy', '2026-01-18 19:56:31', 'DEBIT', 'acc-47a2b010-0e00-4f4f-8dcb-3b98867ae6b6');
INSERT INTO account_operation (id, amount, description, operation_date, type, bank_account_id) VALUES (4871, 292.28, 'Amendis', '2025-10-28 19:56:31', 'DEBIT', 'acc-47a2b010-0e00-4f4f-8dcb-3b98867ae6b6');
INSERT INTO account_operation (id, amount, description, operation_date, type, bank_account_id) VALUES (4872, 12.58, 'Decathlon', '2026-05-08 19:56:31', 'DEBIT', 'acc-47a2b010-0e00-4f4f-8dcb-3b98867ae6b6');
INSERT INTO account_operation (id, amount, description, operation_date, type, bank_account_id) VALUES (4873, 549.23, 'Local Cafe', '2026-05-05 19:56:31', 'DEBIT', 'acc-47a2b010-0e00-4f4f-8dcb-3b98867ae6b6');
INSERT INTO account_operation (id, amount, description, operation_date, type, bank_account_id) VALUES (4874, 14983.95, 'Cash Deposit', '2026-04-21 19:56:31', 'CREDIT', 'acc-47a2b010-0e00-4f4f-8dcb-3b98867ae6b6');
INSERT INTO account_operation (id, amount, description, operation_date, type, bank_account_id) VALUES (4875, 1877.42, 'Carrefour', '2026-01-10 19:56:31', 'DEBIT', 'acc-47a2b010-0e00-4f4f-8dcb-3b98867ae6b6');
INSERT INTO account_operation (id, amount, description, operation_date, type, bank_account_id) VALUES (4876, 1074.85, 'Amendis', '2026-04-15 19:56:31', 'DEBIT', 'acc-47a2b010-0e00-4f4f-8dcb-3b98867ae6b6');
INSERT INTO account_operation (id, amount, description, operation_date, type, bank_account_id) VALUES (4877, 8457.29, 'Cash Deposit', '2026-01-04 19:56:31', 'CREDIT', 'acc-47a2b010-0e00-4f4f-8dcb-3b98867ae6b6');
INSERT INTO account_operation (id, amount, description, operation_date, type, bank_account_id) VALUES (4878, 1106.65, 'LC Waikiki', '2026-04-24 19:56:31', 'DEBIT', 'acc-47a2b010-0e00-4f4f-8dcb-3b98867ae6b6');
INSERT INTO account_operation (id, amount, description, operation_date, type, bank_account_id) VALUES (4879, 4435.12, 'Salary Deposit', '2025-08-31 19:56:31', 'CREDIT', 'acc-47a2b010-0e00-4f4f-8dcb-3b98867ae6b6');
INSERT INTO account_operation (id, amount, description, operation_date, type, bank_account_id) VALUES (4880, 3618.23, 'Transfer Received', '2026-06-24 19:56:31', 'CREDIT', 'acc-47a2b010-0e00-4f4f-8dcb-3b98867ae6b6');
INSERT INTO account_operation (id, amount, description, operation_date, type, bank_account_id) VALUES (4881, 235.23, 'Decathlon', '2026-01-02 19:56:31', 'DEBIT', 'acc-47a2b010-0e00-4f4f-8dcb-3b98867ae6b6');
INSERT INTO account_operation (id, amount, description, operation_date, type, bank_account_id) VALUES (4882, 13648.7, 'Freelance Payment', '2025-09-10 19:56:31', 'CREDIT', 'acc-47a2b010-0e00-4f4f-8dcb-3b98867ae6b6');
INSERT INTO account_operation (id, amount, description, operation_date, type, bank_account_id) VALUES (4883, 97.31, 'Inwi', '2025-08-21 19:56:31', 'DEBIT', 'acc-47a2b010-0e00-4f4f-8dcb-3b98867ae6b6');
INSERT INTO account_operation (id, amount, description, operation_date, type, bank_account_id) VALUES (4884, 13288.86, 'Dividend Payout', '2026-04-14 19:56:31', 'CREDIT', 'acc-47a2b010-0e00-4f4f-8dcb-3b98867ae6b6');
INSERT INTO account_operation (id, amount, description, operation_date, type, bank_account_id) VALUES (4885, 1123.02, 'Zara', '2025-10-28 19:56:31', 'DEBIT', 'acc-47a2b010-0e00-4f4f-8dcb-3b98867ae6b6');
INSERT INTO account_operation (id, amount, description, operation_date, type, bank_account_id) VALUES (4886, 1090.02, 'Transfer Received', '2025-09-05 19:56:31', 'CREDIT', 'acc-47a2b010-0e00-4f4f-8dcb-3b98867ae6b6');
INSERT INTO account_operation (id, amount, description, operation_date, type, bank_account_id) VALUES (4887, 1410.67, 'Spotify', '2025-08-12 19:56:31', 'DEBIT', 'acc-47a2b010-0e00-4f4f-8dcb-3b98867ae6b6');
INSERT INTO bank_account (id, type, balance, created_at, customer_id, over_draft, interest_rate) VALUES ('acc-c4ae6f82-ffe7-410b-b07e-703e4501c939', 'SAVE', 36369.36, '2025-08-20 19:56:31', 85, NULL, 2.27);
INSERT INTO account_operation (id, amount, description, operation_date, type, bank_account_id) VALUES (4888, 19266.35, 'Initial Account Funding', '2025-08-20 19:56:31', 'CREDIT', 'acc-c4ae6f82-ffe7-410b-b07e-703e4501c939');
INSERT INTO account_operation (id, amount, description, operation_date, type, bank_account_id) VALUES (4889, 359.57, 'Zara', '2026-05-19 19:56:31', 'DEBIT', 'acc-c4ae6f82-ffe7-410b-b07e-703e4501c939');
INSERT INTO account_operation (id, amount, description, operation_date, type, bank_account_id) VALUES (4890, 1355.52, 'Restaurant', '2026-03-08 19:56:31', 'DEBIT', 'acc-c4ae6f82-ffe7-410b-b07e-703e4501c939');
INSERT INTO account_operation (id, amount, description, operation_date, type, bank_account_id) VALUES (4891, 1072.85, 'Inwi', '2026-06-19 19:56:31', 'DEBIT', 'acc-c4ae6f82-ffe7-410b-b07e-703e4501c939');
INSERT INTO account_operation (id, amount, description, operation_date, type, bank_account_id) VALUES (4892, 144.05, 'Netflix Subscription', '2026-03-04 19:56:31', 'DEBIT', 'acc-c4ae6f82-ffe7-410b-b07e-703e4501c939');
INSERT INTO account_operation (id, amount, description, operation_date, type, bank_account_id) VALUES (4893, 518.36, 'ONCF Train', '2026-02-08 19:56:31', 'DEBIT', 'acc-c4ae6f82-ffe7-410b-b07e-703e4501c939');
INSERT INTO account_operation (id, amount, description, operation_date, type, bank_account_id) VALUES (4894, 1613.77, 'Redal', '2026-06-19 19:56:31', 'DEBIT', 'acc-c4ae6f82-ffe7-410b-b07e-703e4501c939');
INSERT INTO account_operation (id, amount, description, operation_date, type, bank_account_id) VALUES (4895, 844.84, 'Decathlon', '2026-06-11 19:56:31', 'DEBIT', 'acc-c4ae6f82-ffe7-410b-b07e-703e4501c939');
INSERT INTO account_operation (id, amount, description, operation_date, type, bank_account_id) VALUES (4896, 295.74, 'Carrefour', '2026-04-20 19:56:31', 'DEBIT', 'acc-c4ae6f82-ffe7-410b-b07e-703e4501c939');
INSERT INTO account_operation (id, amount, description, operation_date, type, bank_account_id) VALUES (4897, 1762.93, 'Pharmacy', '2026-04-03 19:56:31', 'DEBIT', 'acc-c4ae6f82-ffe7-410b-b07e-703e4501c939');
INSERT INTO account_operation (id, amount, description, operation_date, type, bank_account_id) VALUES (4898, 9015.76, 'Dividend Payout', '2025-11-28 19:56:31', 'CREDIT', 'acc-c4ae6f82-ffe7-410b-b07e-703e4501c939');
INSERT INTO account_operation (id, amount, description, operation_date, type, bank_account_id) VALUES (4899, 667.87, 'Orange', '2026-01-31 19:56:31', 'DEBIT', 'acc-c4ae6f82-ffe7-410b-b07e-703e4501c939');
INSERT INTO account_operation (id, amount, description, operation_date, type, bank_account_id) VALUES (4900, 305.28, 'Restaurant', '2026-01-03 19:56:31', 'DEBIT', 'acc-c4ae6f82-ffe7-410b-b07e-703e4501c939');
INSERT INTO account_operation (id, amount, description, operation_date, type, bank_account_id) VALUES (4901, 451.59, 'Spotify', '2025-11-04 19:56:31', 'DEBIT', 'acc-c4ae6f82-ffe7-410b-b07e-703e4501c939');
INSERT INTO account_operation (id, amount, description, operation_date, type, bank_account_id) VALUES (4902, 1927.11, 'CTM Bus', '2026-02-06 19:56:31', 'DEBIT', 'acc-c4ae6f82-ffe7-410b-b07e-703e4501c939');
INSERT INTO account_operation (id, amount, description, operation_date, type, bank_account_id) VALUES (4903, 761.62, 'Amendis', '2025-12-11 19:56:31', 'DEBIT', 'acc-c4ae6f82-ffe7-410b-b07e-703e4501c939');
INSERT INTO account_operation (id, amount, description, operation_date, type, bank_account_id) VALUES (4904, 1937.89, 'ONEE Electricity', '2025-10-25 19:56:31', 'DEBIT', 'acc-c4ae6f82-ffe7-410b-b07e-703e4501c939');
INSERT INTO account_operation (id, amount, description, operation_date, type, bank_account_id) VALUES (4905, 2410.65, 'Dividend Payout', '2026-06-20 19:56:31', 'CREDIT', 'acc-c4ae6f82-ffe7-410b-b07e-703e4501c939');
INSERT INTO account_operation (id, amount, description, operation_date, type, bank_account_id) VALUES (4906, 1079.86, 'LC Waikiki', '2026-02-02 19:56:31', 'DEBIT', 'acc-c4ae6f82-ffe7-410b-b07e-703e4501c939');
INSERT INTO account_operation (id, amount, description, operation_date, type, bank_account_id) VALUES (4907, 1968.78, 'Pharmacy', '2025-12-01 19:56:31', 'DEBIT', 'acc-c4ae6f82-ffe7-410b-b07e-703e4501c939');
INSERT INTO account_operation (id, amount, description, operation_date, type, bank_account_id) VALUES (4908, 772.5, 'Spotify', '2026-04-18 19:56:31', 'DEBIT', 'acc-c4ae6f82-ffe7-410b-b07e-703e4501c939');
INSERT INTO account_operation (id, amount, description, operation_date, type, bank_account_id) VALUES (4909, 739.93, 'Amendis', '2026-05-17 19:56:31', 'DEBIT', 'acc-c4ae6f82-ffe7-410b-b07e-703e4501c939');
INSERT INTO account_operation (id, amount, description, operation_date, type, bank_account_id) VALUES (4910, 935.68, 'LC Waikiki', '2026-02-17 19:56:31', 'DEBIT', 'acc-c4ae6f82-ffe7-410b-b07e-703e4501c939');
INSERT INTO account_operation (id, amount, description, operation_date, type, bank_account_id) VALUES (4911, 1212.62, 'LC Waikiki', '2026-01-31 19:56:31', 'DEBIT', 'acc-c4ae6f82-ffe7-410b-b07e-703e4501c939');
INSERT INTO account_operation (id, amount, description, operation_date, type, bank_account_id) VALUES (4912, 1250.09, 'Carrefour', '2025-12-15 19:56:31', 'DEBIT', 'acc-c4ae6f82-ffe7-410b-b07e-703e4501c939');
INSERT INTO account_operation (id, amount, description, operation_date, type, bank_account_id) VALUES (4913, 577.4, 'ONCF Train', '2025-12-26 19:56:31', 'DEBIT', 'acc-c4ae6f82-ffe7-410b-b07e-703e4501c939');
INSERT INTO account_operation (id, amount, description, operation_date, type, bank_account_id) VALUES (4914, 1551.37, 'ONCF Train', '2026-01-17 19:56:31', 'DEBIT', 'acc-c4ae6f82-ffe7-410b-b07e-703e4501c939');
INSERT INTO account_operation (id, amount, description, operation_date, type, bank_account_id) VALUES (4915, 1022.47, 'Marjane Supermarket', '2026-04-04 19:56:31', 'DEBIT', 'acc-c4ae6f82-ffe7-410b-b07e-703e4501c939');
INSERT INTO account_operation (id, amount, description, operation_date, type, bank_account_id) VALUES (4916, 4616.77, 'Cash Deposit', '2025-11-11 19:56:31', 'CREDIT', 'acc-c4ae6f82-ffe7-410b-b07e-703e4501c939');
INSERT INTO account_operation (id, amount, description, operation_date, type, bank_account_id) VALUES (4917, 8237.77, 'Transfer Received', '2026-04-19 19:56:31', 'CREDIT', 'acc-c4ae6f82-ffe7-410b-b07e-703e4501c939');
INSERT INTO account_operation (id, amount, description, operation_date, type, bank_account_id) VALUES (4918, 837.15, 'Zara', '2025-12-21 19:56:31', 'DEBIT', 'acc-c4ae6f82-ffe7-410b-b07e-703e4501c939');
INSERT INTO account_operation (id, amount, description, operation_date, type, bank_account_id) VALUES (4919, 1795.54, 'CTM Bus', '2025-12-14 19:56:31', 'DEBIT', 'acc-c4ae6f82-ffe7-410b-b07e-703e4501c939');
INSERT INTO account_operation (id, amount, description, operation_date, type, bank_account_id) VALUES (4920, 1175.05, 'Pharmacy', '2025-12-31 19:56:31', 'DEBIT', 'acc-c4ae6f82-ffe7-410b-b07e-703e4501c939');
INSERT INTO account_operation (id, amount, description, operation_date, type, bank_account_id) VALUES (4921, 1386.47, 'Dividend Payout', '2025-08-25 19:56:31', 'CREDIT', 'acc-c4ae6f82-ffe7-410b-b07e-703e4501c939');
INSERT INTO account_operation (id, amount, description, operation_date, type, bank_account_id) VALUES (4922, 11955.64, 'Salary Deposit', '2026-01-21 19:56:31', 'CREDIT', 'acc-c4ae6f82-ffe7-410b-b07e-703e4501c939');
INSERT INTO account_operation (id, amount, description, operation_date, type, bank_account_id) VALUES (4923, 1367.43, 'Transfer Received', '2026-03-19 19:56:31', 'CREDIT', 'acc-c4ae6f82-ffe7-410b-b07e-703e4501c939');
INSERT INTO account_operation (id, amount, description, operation_date, type, bank_account_id) VALUES (4924, 664.42, 'Local Cafe', '2025-12-23 19:56:31', 'DEBIT', 'acc-c4ae6f82-ffe7-410b-b07e-703e4501c939');
INSERT INTO account_operation (id, amount, description, operation_date, type, bank_account_id) VALUES (4925, 60.05, 'Amendis', '2026-06-12 19:56:31', 'DEBIT', 'acc-c4ae6f82-ffe7-410b-b07e-703e4501c939');
INSERT INTO account_operation (id, amount, description, operation_date, type, bank_account_id) VALUES (4926, 1227.54, 'Carrefour', '2025-11-17 19:56:31', 'DEBIT', 'acc-c4ae6f82-ffe7-410b-b07e-703e4501c939');
INSERT INTO account_operation (id, amount, description, operation_date, type, bank_account_id) VALUES (4927, 185.53, 'Orange', '2025-10-24 19:56:31', 'DEBIT', 'acc-c4ae6f82-ffe7-410b-b07e-703e4501c939');
INSERT INTO account_operation (id, amount, description, operation_date, type, bank_account_id) VALUES (4928, 1763.12, 'Orange', '2026-03-31 19:56:31', 'DEBIT', 'acc-c4ae6f82-ffe7-410b-b07e-703e4501c939');
INSERT INTO account_operation (id, amount, description, operation_date, type, bank_account_id) VALUES (4929, 6026.69, 'Freelance Payment', '2026-02-26 19:56:31', 'CREDIT', 'acc-c4ae6f82-ffe7-410b-b07e-703e4501c939');
INSERT INTO account_operation (id, amount, description, operation_date, type, bank_account_id) VALUES (4930, 4923.92, 'Cash Deposit', '2026-01-05 19:56:31', 'CREDIT', 'acc-c4ae6f82-ffe7-410b-b07e-703e4501c939');

INSERT INTO customer (id, name, email) VALUES (86, 'Amina Bennani', 'amina.bennani@gmail.com');
INSERT INTO bank_account (id, type, balance, created_at, customer_id, over_draft, interest_rate) VALUES ('acc-054dab17-2aad-46f2-ae6c-4aeb54c08352', 'SAVE', 100786.53, '2026-02-03 19:56:31', 86, NULL, 1.71);
INSERT INTO account_operation (id, amount, description, operation_date, type, bank_account_id) VALUES (4931, 12503.13, 'Initial Account Funding', '2026-02-03 19:56:31', 'CREDIT', 'acc-054dab17-2aad-46f2-ae6c-4aeb54c08352');
INSERT INTO account_operation (id, amount, description, operation_date, type, bank_account_id) VALUES (4932, 329.13, 'Restaurant', '2026-06-28 19:56:31', 'DEBIT', 'acc-054dab17-2aad-46f2-ae6c-4aeb54c08352');
INSERT INTO account_operation (id, amount, description, operation_date, type, bank_account_id) VALUES (4933, 1951.25, 'Inwi', '2026-03-06 19:56:31', 'DEBIT', 'acc-054dab17-2aad-46f2-ae6c-4aeb54c08352');
INSERT INTO account_operation (id, amount, description, operation_date, type, bank_account_id) VALUES (4934, 552.08, 'Local Cafe', '2026-05-21 19:56:31', 'DEBIT', 'acc-054dab17-2aad-46f2-ae6c-4aeb54c08352');
INSERT INTO account_operation (id, amount, description, operation_date, type, bank_account_id) VALUES (4935, 627.72, 'Restaurant', '2026-05-04 19:56:31', 'DEBIT', 'acc-054dab17-2aad-46f2-ae6c-4aeb54c08352');
INSERT INTO account_operation (id, amount, description, operation_date, type, bank_account_id) VALUES (4936, 1164.86, 'Amendis', '2026-04-23 19:56:31', 'DEBIT', 'acc-054dab17-2aad-46f2-ae6c-4aeb54c08352');
INSERT INTO account_operation (id, amount, description, operation_date, type, bank_account_id) VALUES (4937, 13871.07, 'Salary Deposit', '2026-05-21 19:56:31', 'CREDIT', 'acc-054dab17-2aad-46f2-ae6c-4aeb54c08352');
INSERT INTO account_operation (id, amount, description, operation_date, type, bank_account_id) VALUES (4938, 1765.38, 'Redal', '2026-04-29 19:56:31', 'DEBIT', 'acc-054dab17-2aad-46f2-ae6c-4aeb54c08352');
INSERT INTO account_operation (id, amount, description, operation_date, type, bank_account_id) VALUES (4939, 1041.89, 'CTM Bus', '2026-05-11 19:56:31', 'DEBIT', 'acc-054dab17-2aad-46f2-ae6c-4aeb54c08352');
INSERT INTO account_operation (id, amount, description, operation_date, type, bank_account_id) VALUES (4940, 1520.44, 'Zara', '2026-02-19 19:56:31', 'DEBIT', 'acc-054dab17-2aad-46f2-ae6c-4aeb54c08352');
INSERT INTO account_operation (id, amount, description, operation_date, type, bank_account_id) VALUES (4941, 992.74, 'Restaurant', '2026-02-15 19:56:31', 'DEBIT', 'acc-054dab17-2aad-46f2-ae6c-4aeb54c08352');
INSERT INTO account_operation (id, amount, description, operation_date, type, bank_account_id) VALUES (4942, 464.05, 'Local Cafe', '2026-03-31 19:56:31', 'DEBIT', 'acc-054dab17-2aad-46f2-ae6c-4aeb54c08352');
INSERT INTO account_operation (id, amount, description, operation_date, type, bank_account_id) VALUES (4943, 12075.02, 'Transfer Received', '2026-03-30 19:56:31', 'CREDIT', 'acc-054dab17-2aad-46f2-ae6c-4aeb54c08352');
INSERT INTO account_operation (id, amount, description, operation_date, type, bank_account_id) VALUES (4944, 1153.88, 'CTM Bus', '2026-05-28 19:56:31', 'DEBIT', 'acc-054dab17-2aad-46f2-ae6c-4aeb54c08352');
INSERT INTO account_operation (id, amount, description, operation_date, type, bank_account_id) VALUES (4945, 2138.07, 'Dividend Payout', '2026-04-22 19:56:31', 'CREDIT', 'acc-054dab17-2aad-46f2-ae6c-4aeb54c08352');
INSERT INTO account_operation (id, amount, description, operation_date, type, bank_account_id) VALUES (4946, 1552.25, 'Redal', '2026-04-07 19:56:31', 'DEBIT', 'acc-054dab17-2aad-46f2-ae6c-4aeb54c08352');
INSERT INTO account_operation (id, amount, description, operation_date, type, bank_account_id) VALUES (4947, 5883.51, 'Cash Deposit', '2026-03-03 19:56:31', 'CREDIT', 'acc-054dab17-2aad-46f2-ae6c-4aeb54c08352');
INSERT INTO account_operation (id, amount, description, operation_date, type, bank_account_id) VALUES (4948, 11658.98, 'Freelance Payment', '2026-03-06 19:56:31', 'CREDIT', 'acc-054dab17-2aad-46f2-ae6c-4aeb54c08352');
INSERT INTO account_operation (id, amount, description, operation_date, type, bank_account_id) VALUES (4949, 1021.0, 'Zara', '2026-04-20 19:56:31', 'DEBIT', 'acc-054dab17-2aad-46f2-ae6c-4aeb54c08352');
INSERT INTO account_operation (id, amount, description, operation_date, type, bank_account_id) VALUES (4950, 831.05, 'LC Waikiki', '2026-06-27 19:56:31', 'DEBIT', 'acc-054dab17-2aad-46f2-ae6c-4aeb54c08352');
INSERT INTO account_operation (id, amount, description, operation_date, type, bank_account_id) VALUES (4951, 978.3, 'Local Cafe', '2026-03-28 19:56:31', 'DEBIT', 'acc-054dab17-2aad-46f2-ae6c-4aeb54c08352');
INSERT INTO account_operation (id, amount, description, operation_date, type, bank_account_id) VALUES (4952, 249.23, 'Orange', '2026-03-22 19:56:31', 'DEBIT', 'acc-054dab17-2aad-46f2-ae6c-4aeb54c08352');
INSERT INTO account_operation (id, amount, description, operation_date, type, bank_account_id) VALUES (4953, 4131.19, 'Cash Deposit', '2026-05-01 19:56:31', 'CREDIT', 'acc-054dab17-2aad-46f2-ae6c-4aeb54c08352');
INSERT INTO account_operation (id, amount, description, operation_date, type, bank_account_id) VALUES (4954, 715.45, 'Decathlon', '2026-06-10 19:56:31', 'DEBIT', 'acc-054dab17-2aad-46f2-ae6c-4aeb54c08352');
INSERT INTO account_operation (id, amount, description, operation_date, type, bank_account_id) VALUES (4955, 5584.82, 'Salary Deposit', '2026-05-28 19:56:31', 'CREDIT', 'acc-054dab17-2aad-46f2-ae6c-4aeb54c08352');
INSERT INTO account_operation (id, amount, description, operation_date, type, bank_account_id) VALUES (4956, 2995.87, 'Freelance Payment', '2026-03-27 19:56:31', 'CREDIT', 'acc-054dab17-2aad-46f2-ae6c-4aeb54c08352');
INSERT INTO account_operation (id, amount, description, operation_date, type, bank_account_id) VALUES (4957, 1098.58, 'ONCF Train', '2026-06-07 19:56:31', 'DEBIT', 'acc-054dab17-2aad-46f2-ae6c-4aeb54c08352');
INSERT INTO account_operation (id, amount, description, operation_date, type, bank_account_id) VALUES (4958, 12082.57, 'Dividend Payout', '2026-05-18 19:56:31', 'CREDIT', 'acc-054dab17-2aad-46f2-ae6c-4aeb54c08352');
INSERT INTO account_operation (id, amount, description, operation_date, type, bank_account_id) VALUES (4959, 451.47, 'ONEE Electricity', '2026-05-15 19:56:31', 'DEBIT', 'acc-054dab17-2aad-46f2-ae6c-4aeb54c08352');
INSERT INTO account_operation (id, amount, description, operation_date, type, bank_account_id) VALUES (4960, 1765.94, 'Transfer Received', '2026-02-10 19:56:31', 'CREDIT', 'acc-054dab17-2aad-46f2-ae6c-4aeb54c08352');
INSERT INTO account_operation (id, amount, description, operation_date, type, bank_account_id) VALUES (4961, 8025.38, 'Cash Deposit', '2026-02-28 19:56:31', 'CREDIT', 'acc-054dab17-2aad-46f2-ae6c-4aeb54c08352');
INSERT INTO account_operation (id, amount, description, operation_date, type, bank_account_id) VALUES (4962, 14949.55, 'Cash Deposit', '2026-04-19 19:56:31', 'CREDIT', 'acc-054dab17-2aad-46f2-ae6c-4aeb54c08352');
INSERT INTO account_operation (id, amount, description, operation_date, type, bank_account_id) VALUES (4963, 1210.45, 'ONCF Train', '2026-04-24 19:56:31', 'DEBIT', 'acc-054dab17-2aad-46f2-ae6c-4aeb54c08352');
INSERT INTO account_operation (id, amount, description, operation_date, type, bank_account_id) VALUES (4964, 1299.76, 'Maroc Telecom', '2026-06-05 19:56:31', 'DEBIT', 'acc-054dab17-2aad-46f2-ae6c-4aeb54c08352');
INSERT INTO account_operation (id, amount, description, operation_date, type, bank_account_id) VALUES (4965, 1800.28, 'Maroc Telecom', '2026-06-28 19:56:31', 'DEBIT', 'acc-054dab17-2aad-46f2-ae6c-4aeb54c08352');
INSERT INTO account_operation (id, amount, description, operation_date, type, bank_account_id) VALUES (4966, 9016.41, 'Transfer Received', '2026-03-29 19:56:31', 'CREDIT', 'acc-054dab17-2aad-46f2-ae6c-4aeb54c08352');
INSERT INTO account_operation (id, amount, description, operation_date, type, bank_account_id) VALUES (4967, 667.78, 'CTM Bus', '2026-05-11 19:56:31', 'DEBIT', 'acc-054dab17-2aad-46f2-ae6c-4aeb54c08352');
INSERT INTO account_operation (id, amount, description, operation_date, type, bank_account_id) VALUES (4968, 1287.09, 'Inwi', '2026-05-01 19:56:31', 'DEBIT', 'acc-054dab17-2aad-46f2-ae6c-4aeb54c08352');
INSERT INTO account_operation (id, amount, description, operation_date, type, bank_account_id) VALUES (4969, 3330.71, 'Salary Deposit', '2026-02-24 19:56:31', 'CREDIT', 'acc-054dab17-2aad-46f2-ae6c-4aeb54c08352');
INSERT INTO account_operation (id, amount, description, operation_date, type, bank_account_id) VALUES (4970, 5500.42, 'Freelance Payment', '2026-04-01 19:56:31', 'CREDIT', 'acc-054dab17-2aad-46f2-ae6c-4aeb54c08352');
INSERT INTO bank_account (id, type, balance, created_at, customer_id, over_draft, interest_rate) VALUES ('acc-bbd02d40-46a3-48c7-8053-24920bb51cd8', 'SAVE', 98043.65, '2026-01-18 19:56:31', 86, NULL, 4.25);
INSERT INTO account_operation (id, amount, description, operation_date, type, bank_account_id) VALUES (4971, 33207.08, 'Initial Account Funding', '2026-01-18 19:56:31', 'CREDIT', 'acc-bbd02d40-46a3-48c7-8053-24920bb51cd8');
INSERT INTO account_operation (id, amount, description, operation_date, type, bank_account_id) VALUES (4972, 730.08, 'Marjane Supermarket', '2026-02-15 19:56:31', 'DEBIT', 'acc-bbd02d40-46a3-48c7-8053-24920bb51cd8');
INSERT INTO account_operation (id, amount, description, operation_date, type, bank_account_id) VALUES (4973, 3134.19, 'Transfer Received', '2026-03-25 19:56:31', 'CREDIT', 'acc-bbd02d40-46a3-48c7-8053-24920bb51cd8');
INSERT INTO account_operation (id, amount, description, operation_date, type, bank_account_id) VALUES (4974, 1954.02, 'BIM Store', '2026-04-02 19:56:31', 'DEBIT', 'acc-bbd02d40-46a3-48c7-8053-24920bb51cd8');
INSERT INTO account_operation (id, amount, description, operation_date, type, bank_account_id) VALUES (4975, 1466.44, 'Pharmacy', '2026-06-08 19:56:31', 'DEBIT', 'acc-bbd02d40-46a3-48c7-8053-24920bb51cd8');
INSERT INTO account_operation (id, amount, description, operation_date, type, bank_account_id) VALUES (4976, 6288.93, 'Salary Deposit', '2026-03-04 19:56:31', 'CREDIT', 'acc-bbd02d40-46a3-48c7-8053-24920bb51cd8');
INSERT INTO account_operation (id, amount, description, operation_date, type, bank_account_id) VALUES (4977, 406.55, 'Zara', '2026-01-19 19:56:31', 'DEBIT', 'acc-bbd02d40-46a3-48c7-8053-24920bb51cd8');
INSERT INTO account_operation (id, amount, description, operation_date, type, bank_account_id) VALUES (4978, 1883.21, 'Local Cafe', '2026-04-08 19:56:31', 'DEBIT', 'acc-bbd02d40-46a3-48c7-8053-24920bb51cd8');
INSERT INTO account_operation (id, amount, description, operation_date, type, bank_account_id) VALUES (4979, 6415.48, 'Cash Deposit', '2026-03-20 19:56:31', 'CREDIT', 'acc-bbd02d40-46a3-48c7-8053-24920bb51cd8');
INSERT INTO account_operation (id, amount, description, operation_date, type, bank_account_id) VALUES (4980, 1968.48, 'Local Cafe', '2026-06-07 19:56:31', 'DEBIT', 'acc-bbd02d40-46a3-48c7-8053-24920bb51cd8');
INSERT INTO account_operation (id, amount, description, operation_date, type, bank_account_id) VALUES (4981, 597.94, 'Redal', '2026-04-14 19:56:31', 'DEBIT', 'acc-bbd02d40-46a3-48c7-8053-24920bb51cd8');
INSERT INTO account_operation (id, amount, description, operation_date, type, bank_account_id) VALUES (4982, 1908.67, 'Carrefour', '2026-05-16 19:56:31', 'DEBIT', 'acc-bbd02d40-46a3-48c7-8053-24920bb51cd8');
INSERT INTO account_operation (id, amount, description, operation_date, type, bank_account_id) VALUES (4983, 163.02, 'Decathlon', '2026-05-01 19:56:31', 'DEBIT', 'acc-bbd02d40-46a3-48c7-8053-24920bb51cd8');
INSERT INTO account_operation (id, amount, description, operation_date, type, bank_account_id) VALUES (4984, 856.59, 'Netflix Subscription', '2026-04-06 19:56:31', 'DEBIT', 'acc-bbd02d40-46a3-48c7-8053-24920bb51cd8');
INSERT INTO account_operation (id, amount, description, operation_date, type, bank_account_id) VALUES (4985, 425.66, 'Inwi', '2026-02-05 19:56:31', 'DEBIT', 'acc-bbd02d40-46a3-48c7-8053-24920bb51cd8');
INSERT INTO account_operation (id, amount, description, operation_date, type, bank_account_id) VALUES (4986, 1253.11, 'Amendis', '2026-04-25 19:56:31', 'DEBIT', 'acc-bbd02d40-46a3-48c7-8053-24920bb51cd8');
INSERT INTO account_operation (id, amount, description, operation_date, type, bank_account_id) VALUES (4987, 1943.06, 'Pharmacy', '2026-05-02 19:56:31', 'DEBIT', 'acc-bbd02d40-46a3-48c7-8053-24920bb51cd8');
INSERT INTO account_operation (id, amount, description, operation_date, type, bank_account_id) VALUES (4988, 1297.03, 'Maroc Telecom', '2026-03-22 19:56:31', 'DEBIT', 'acc-bbd02d40-46a3-48c7-8053-24920bb51cd8');
INSERT INTO account_operation (id, amount, description, operation_date, type, bank_account_id) VALUES (4989, 1362.31, 'Maroc Telecom', '2026-04-06 19:56:31', 'DEBIT', 'acc-bbd02d40-46a3-48c7-8053-24920bb51cd8');
INSERT INTO account_operation (id, amount, description, operation_date, type, bank_account_id) VALUES (4990, 12730.75, 'Salary Deposit', '2026-04-17 19:56:31', 'CREDIT', 'acc-bbd02d40-46a3-48c7-8053-24920bb51cd8');
INSERT INTO account_operation (id, amount, description, operation_date, type, bank_account_id) VALUES (4991, 13264.04, 'Dividend Payout', '2026-03-01 19:56:31', 'CREDIT', 'acc-bbd02d40-46a3-48c7-8053-24920bb51cd8');
INSERT INTO account_operation (id, amount, description, operation_date, type, bank_account_id) VALUES (4992, 14478.58, 'Cash Deposit', '2026-05-06 19:56:31', 'CREDIT', 'acc-bbd02d40-46a3-48c7-8053-24920bb51cd8');
INSERT INTO account_operation (id, amount, description, operation_date, type, bank_account_id) VALUES (4993, 14404.05, 'Transfer Received', '2026-02-16 19:56:31', 'CREDIT', 'acc-bbd02d40-46a3-48c7-8053-24920bb51cd8');
INSERT INTO account_operation (id, amount, description, operation_date, type, bank_account_id) VALUES (4994, 1505.17, 'Redal', '2026-02-21 19:56:31', 'DEBIT', 'acc-bbd02d40-46a3-48c7-8053-24920bb51cd8');
INSERT INTO account_operation (id, amount, description, operation_date, type, bank_account_id) VALUES (4995, 1487.88, 'Restaurant', '2026-05-01 19:56:31', 'DEBIT', 'acc-bbd02d40-46a3-48c7-8053-24920bb51cd8');
INSERT INTO account_operation (id, amount, description, operation_date, type, bank_account_id) VALUES (4996, 4098.22, 'Dividend Payout', '2026-05-08 19:56:31', 'CREDIT', 'acc-bbd02d40-46a3-48c7-8053-24920bb51cd8');
INSERT INTO account_operation (id, amount, description, operation_date, type, bank_account_id) VALUES (4997, 6335.64, 'Dividend Payout', '2026-05-21 19:56:31', 'CREDIT', 'acc-bbd02d40-46a3-48c7-8053-24920bb51cd8');
INSERT INTO account_operation (id, amount, description, operation_date, type, bank_account_id) VALUES (4998, 7604.48, 'Salary Deposit', '2026-06-27 19:56:31', 'CREDIT', 'acc-bbd02d40-46a3-48c7-8053-24920bb51cd8');
INSERT INTO account_operation (id, amount, description, operation_date, type, bank_account_id) VALUES (4999, 1117.39, 'Redal', '2026-02-24 19:56:31', 'DEBIT', 'acc-bbd02d40-46a3-48c7-8053-24920bb51cd8');
INSERT INTO account_operation (id, amount, description, operation_date, type, bank_account_id) VALUES (5000, 900.68, 'Spotify', '2026-06-17 19:56:31', 'DEBIT', 'acc-bbd02d40-46a3-48c7-8053-24920bb51cd8');
INSERT INTO account_operation (id, amount, description, operation_date, type, bank_account_id) VALUES (5001, 145.96, 'Zara', '2026-01-21 19:56:31', 'DEBIT', 'acc-bbd02d40-46a3-48c7-8053-24920bb51cd8');
INSERT INTO account_operation (id, amount, description, operation_date, type, bank_account_id) VALUES (5002, 1807.56, 'Amendis', '2026-04-22 19:56:31', 'DEBIT', 'acc-bbd02d40-46a3-48c7-8053-24920bb51cd8');
INSERT INTO account_operation (id, amount, description, operation_date, type, bank_account_id) VALUES (5003, 668.94, 'Restaurant', '2026-05-17 19:56:31', 'DEBIT', 'acc-bbd02d40-46a3-48c7-8053-24920bb51cd8');
INSERT INTO account_operation (id, amount, description, operation_date, type, bank_account_id) VALUES (5004, 3728.66, 'Freelance Payment', '2026-01-30 19:56:31', 'CREDIT', 'acc-bbd02d40-46a3-48c7-8053-24920bb51cd8');
INSERT INTO account_operation (id, amount, description, operation_date, type, bank_account_id) VALUES (5005, 1485.64, 'Restaurant', '2026-03-13 19:56:31', 'DEBIT', 'acc-bbd02d40-46a3-48c7-8053-24920bb51cd8');
INSERT INTO account_operation (id, amount, description, operation_date, type, bank_account_id) VALUES (5006, 311.06, 'Orange', '2026-02-02 19:56:31', 'DEBIT', 'acc-bbd02d40-46a3-48c7-8053-24920bb51cd8');
INSERT INTO bank_account (id, type, balance, created_at, customer_id, over_draft, interest_rate) VALUES ('acc-d18c17aa-4258-4776-86d0-32a29d79f236', 'CURR', 75271.5, '2025-12-11 19:56:31', 86, 7749.06, NULL);
INSERT INTO account_operation (id, amount, description, operation_date, type, bank_account_id) VALUES (5007, 18278.43, 'Initial Account Funding', '2025-12-11 19:56:31', 'CREDIT', 'acc-d18c17aa-4258-4776-86d0-32a29d79f236');
INSERT INTO account_operation (id, amount, description, operation_date, type, bank_account_id) VALUES (5008, 1712.41, 'Local Cafe', '2025-12-19 19:56:31', 'DEBIT', 'acc-d18c17aa-4258-4776-86d0-32a29d79f236');
INSERT INTO account_operation (id, amount, description, operation_date, type, bank_account_id) VALUES (5009, 627.32, 'ONCF Train', '2026-03-21 19:56:31', 'DEBIT', 'acc-d18c17aa-4258-4776-86d0-32a29d79f236');
INSERT INTO account_operation (id, amount, description, operation_date, type, bank_account_id) VALUES (5010, 7889.28, 'Cash Deposit', '2026-06-04 19:56:31', 'CREDIT', 'acc-d18c17aa-4258-4776-86d0-32a29d79f236');
INSERT INTO account_operation (id, amount, description, operation_date, type, bank_account_id) VALUES (5011, 693.13, 'Netflix Subscription', '2026-06-26 19:56:31', 'DEBIT', 'acc-d18c17aa-4258-4776-86d0-32a29d79f236');
INSERT INTO account_operation (id, amount, description, operation_date, type, bank_account_id) VALUES (5012, 1304.61, 'LC Waikiki', '2026-05-16 19:56:31', 'DEBIT', 'acc-d18c17aa-4258-4776-86d0-32a29d79f236');
INSERT INTO account_operation (id, amount, description, operation_date, type, bank_account_id) VALUES (5013, 412.48, 'ONCF Train', '2026-05-01 19:56:31', 'DEBIT', 'acc-d18c17aa-4258-4776-86d0-32a29d79f236');
INSERT INTO account_operation (id, amount, description, operation_date, type, bank_account_id) VALUES (5014, 14404.61, 'Freelance Payment', '2026-04-27 19:56:31', 'CREDIT', 'acc-d18c17aa-4258-4776-86d0-32a29d79f236');
INSERT INTO account_operation (id, amount, description, operation_date, type, bank_account_id) VALUES (5015, 1257.25, 'Amendis', '2026-02-26 19:56:31', 'DEBIT', 'acc-d18c17aa-4258-4776-86d0-32a29d79f236');
INSERT INTO account_operation (id, amount, description, operation_date, type, bank_account_id) VALUES (5016, 775.73, 'Marjane Supermarket', '2026-03-07 19:56:31', 'DEBIT', 'acc-d18c17aa-4258-4776-86d0-32a29d79f236');
INSERT INTO account_operation (id, amount, description, operation_date, type, bank_account_id) VALUES (5017, 1727.21, 'Netflix Subscription', '2026-02-21 19:56:31', 'DEBIT', 'acc-d18c17aa-4258-4776-86d0-32a29d79f236');
INSERT INTO account_operation (id, amount, description, operation_date, type, bank_account_id) VALUES (5018, 816.57, 'BIM Store', '2026-01-08 19:56:31', 'DEBIT', 'acc-d18c17aa-4258-4776-86d0-32a29d79f236');
INSERT INTO account_operation (id, amount, description, operation_date, type, bank_account_id) VALUES (5019, 9267.22, 'Cash Deposit', '2026-05-04 19:56:31', 'CREDIT', 'acc-d18c17aa-4258-4776-86d0-32a29d79f236');
INSERT INTO account_operation (id, amount, description, operation_date, type, bank_account_id) VALUES (5020, 348.35, 'CTM Bus', '2026-04-17 19:56:31', 'DEBIT', 'acc-d18c17aa-4258-4776-86d0-32a29d79f236');
INSERT INTO account_operation (id, amount, description, operation_date, type, bank_account_id) VALUES (5021, 1635.62, 'LC Waikiki', '2026-03-03 19:56:31', 'DEBIT', 'acc-d18c17aa-4258-4776-86d0-32a29d79f236');
INSERT INTO account_operation (id, amount, description, operation_date, type, bank_account_id) VALUES (5022, 1412.98, 'Amendis', '2026-06-26 19:56:31', 'DEBIT', 'acc-d18c17aa-4258-4776-86d0-32a29d79f236');
INSERT INTO account_operation (id, amount, description, operation_date, type, bank_account_id) VALUES (5023, 3317.58, 'Freelance Payment', '2026-06-28 19:56:31', 'CREDIT', 'acc-d18c17aa-4258-4776-86d0-32a29d79f236');
INSERT INTO account_operation (id, amount, description, operation_date, type, bank_account_id) VALUES (5024, 1692.69, 'BIM Store', '2026-04-26 19:56:31', 'DEBIT', 'acc-d18c17aa-4258-4776-86d0-32a29d79f236');
INSERT INTO account_operation (id, amount, description, operation_date, type, bank_account_id) VALUES (5025, 1789.77, 'ONEE Electricity', '2025-12-21 19:56:31', 'DEBIT', 'acc-d18c17aa-4258-4776-86d0-32a29d79f236');
INSERT INTO account_operation (id, amount, description, operation_date, type, bank_account_id) VALUES (5026, 1405.74, 'Amendis', '2026-02-04 19:56:31', 'DEBIT', 'acc-d18c17aa-4258-4776-86d0-32a29d79f236');
INSERT INTO account_operation (id, amount, description, operation_date, type, bank_account_id) VALUES (5027, 4521.31, 'Salary Deposit', '2026-04-20 19:56:31', 'CREDIT', 'acc-d18c17aa-4258-4776-86d0-32a29d79f236');
INSERT INTO account_operation (id, amount, description, operation_date, type, bank_account_id) VALUES (5028, 5986.54, 'Freelance Payment', '2026-04-01 19:56:31', 'CREDIT', 'acc-d18c17aa-4258-4776-86d0-32a29d79f236');
INSERT INTO account_operation (id, amount, description, operation_date, type, bank_account_id) VALUES (5029, 1426.87, 'Redal', '2026-01-03 19:56:31', 'DEBIT', 'acc-d18c17aa-4258-4776-86d0-32a29d79f236');
INSERT INTO account_operation (id, amount, description, operation_date, type, bank_account_id) VALUES (5030, 449.65, 'Redal', '2026-02-25 19:56:31', 'DEBIT', 'acc-d18c17aa-4258-4776-86d0-32a29d79f236');
INSERT INTO account_operation (id, amount, description, operation_date, type, bank_account_id) VALUES (5031, 1540.26, 'Orange', '2025-12-21 19:56:31', 'DEBIT', 'acc-d18c17aa-4258-4776-86d0-32a29d79f236');
INSERT INTO account_operation (id, amount, description, operation_date, type, bank_account_id) VALUES (5032, 852.45, 'ONCF Train', '2026-03-24 19:56:31', 'DEBIT', 'acc-d18c17aa-4258-4776-86d0-32a29d79f236');
INSERT INTO account_operation (id, amount, description, operation_date, type, bank_account_id) VALUES (5033, 916.8, 'Netflix Subscription', '2026-03-11 19:56:31', 'DEBIT', 'acc-d18c17aa-4258-4776-86d0-32a29d79f236');
INSERT INTO account_operation (id, amount, description, operation_date, type, bank_account_id) VALUES (5034, 12962.23, 'Salary Deposit', '2026-05-22 19:56:31', 'CREDIT', 'acc-d18c17aa-4258-4776-86d0-32a29d79f236');
INSERT INTO account_operation (id, amount, description, operation_date, type, bank_account_id) VALUES (5035, 5962.64, 'Salary Deposit', '2026-03-17 19:56:31', 'CREDIT', 'acc-d18c17aa-4258-4776-86d0-32a29d79f236');
INSERT INTO account_operation (id, amount, description, operation_date, type, bank_account_id) VALUES (5036, 1459.46, 'Restaurant', '2025-12-17 19:56:31', 'DEBIT', 'acc-d18c17aa-4258-4776-86d0-32a29d79f236');
INSERT INTO account_operation (id, amount, description, operation_date, type, bank_account_id) VALUES (5037, 972.59, 'Netflix Subscription', '2026-01-31 19:56:31', 'DEBIT', 'acc-d18c17aa-4258-4776-86d0-32a29d79f236');
INSERT INTO account_operation (id, amount, description, operation_date, type, bank_account_id) VALUES (5038, 1279.29, 'ONCF Train', '2026-05-14 19:56:31', 'DEBIT', 'acc-d18c17aa-4258-4776-86d0-32a29d79f236');
INSERT INTO account_operation (id, amount, description, operation_date, type, bank_account_id) VALUES (5039, 1080.63, 'Restaurant', '2026-05-13 19:56:31', 'DEBIT', 'acc-d18c17aa-4258-4776-86d0-32a29d79f236');
INSERT INTO account_operation (id, amount, description, operation_date, type, bank_account_id) VALUES (5040, 5970.33, 'Freelance Payment', '2026-02-24 19:56:31', 'CREDIT', 'acc-d18c17aa-4258-4776-86d0-32a29d79f236');
INSERT INTO account_operation (id, amount, description, operation_date, type, bank_account_id) VALUES (5041, 14301.19, 'Cash Deposit', '2026-06-08 19:56:31', 'CREDIT', 'acc-d18c17aa-4258-4776-86d0-32a29d79f236');

INSERT INTO customer (id, name, email) VALUES (87, 'Yassine Alaoui', 'yassine.alaoui@gmail.com');
INSERT INTO bank_account (id, type, balance, created_at, customer_id, over_draft, interest_rate) VALUES ('acc-e401fa61-2572-457a-9f06-1b8cc7b8cb5b', 'CURR', 50619.13, '2026-05-04 19:56:31', 87, 2070.79, NULL);
INSERT INTO account_operation (id, amount, description, operation_date, type, bank_account_id) VALUES (5042, 26272.54, 'Initial Account Funding', '2026-05-04 19:56:31', 'CREDIT', 'acc-e401fa61-2572-457a-9f06-1b8cc7b8cb5b');
INSERT INTO account_operation (id, amount, description, operation_date, type, bank_account_id) VALUES (5043, 1765.86, 'BIM Store', '2026-05-20 19:56:31', 'DEBIT', 'acc-e401fa61-2572-457a-9f06-1b8cc7b8cb5b');
INSERT INTO account_operation (id, amount, description, operation_date, type, bank_account_id) VALUES (5044, 1513.16, 'Decathlon', '2026-06-14 19:56:31', 'DEBIT', 'acc-e401fa61-2572-457a-9f06-1b8cc7b8cb5b');
INSERT INTO account_operation (id, amount, description, operation_date, type, bank_account_id) VALUES (5045, 174.88, 'ONEE Electricity', '2026-06-08 19:56:31', 'DEBIT', 'acc-e401fa61-2572-457a-9f06-1b8cc7b8cb5b');
INSERT INTO account_operation (id, amount, description, operation_date, type, bank_account_id) VALUES (5046, 1925.02, 'Orange', '2026-06-02 19:56:31', 'DEBIT', 'acc-e401fa61-2572-457a-9f06-1b8cc7b8cb5b');
INSERT INTO account_operation (id, amount, description, operation_date, type, bank_account_id) VALUES (5047, 8352.18, 'Transfer Received', '2026-05-04 19:56:31', 'CREDIT', 'acc-e401fa61-2572-457a-9f06-1b8cc7b8cb5b');
INSERT INTO account_operation (id, amount, description, operation_date, type, bank_account_id) VALUES (5048, 1305.18, 'Spotify', '2026-05-13 19:56:31', 'DEBIT', 'acc-e401fa61-2572-457a-9f06-1b8cc7b8cb5b');
INSERT INTO account_operation (id, amount, description, operation_date, type, bank_account_id) VALUES (5049, 254.44, 'Local Cafe', '2026-06-28 19:56:31', 'DEBIT', 'acc-e401fa61-2572-457a-9f06-1b8cc7b8cb5b');
INSERT INTO account_operation (id, amount, description, operation_date, type, bank_account_id) VALUES (5050, 1876.71, 'Amendis', '2026-05-10 19:56:31', 'DEBIT', 'acc-e401fa61-2572-457a-9f06-1b8cc7b8cb5b');
INSERT INTO account_operation (id, amount, description, operation_date, type, bank_account_id) VALUES (5051, 177.85, 'BIM Store', '2026-06-19 19:56:31', 'DEBIT', 'acc-e401fa61-2572-457a-9f06-1b8cc7b8cb5b');
INSERT INTO account_operation (id, amount, description, operation_date, type, bank_account_id) VALUES (5052, 3979.15, 'Salary Deposit', '2026-05-26 19:56:31', 'CREDIT', 'acc-e401fa61-2572-457a-9f06-1b8cc7b8cb5b');
INSERT INTO account_operation (id, amount, description, operation_date, type, bank_account_id) VALUES (5053, 1012.77, 'Decathlon', '2026-06-19 19:56:31', 'DEBIT', 'acc-e401fa61-2572-457a-9f06-1b8cc7b8cb5b');
INSERT INTO account_operation (id, amount, description, operation_date, type, bank_account_id) VALUES (5054, 3709.03, 'Dividend Payout', '2026-05-12 19:56:31', 'CREDIT', 'acc-e401fa61-2572-457a-9f06-1b8cc7b8cb5b');
INSERT INTO account_operation (id, amount, description, operation_date, type, bank_account_id) VALUES (5055, 1097.13, 'Redal', '2026-05-28 19:56:31', 'DEBIT', 'acc-e401fa61-2572-457a-9f06-1b8cc7b8cb5b');
INSERT INTO account_operation (id, amount, description, operation_date, type, bank_account_id) VALUES (5056, 1066.05, 'Salary Deposit', '2026-05-30 19:56:31', 'CREDIT', 'acc-e401fa61-2572-457a-9f06-1b8cc7b8cb5b');
INSERT INTO account_operation (id, amount, description, operation_date, type, bank_account_id) VALUES (5057, 392.86, 'Decathlon', '2026-05-19 19:56:31', 'DEBIT', 'acc-e401fa61-2572-457a-9f06-1b8cc7b8cb5b');
INSERT INTO account_operation (id, amount, description, operation_date, type, bank_account_id) VALUES (5058, 124.07, 'ONEE Electricity', '2026-06-11 19:56:31', 'DEBIT', 'acc-e401fa61-2572-457a-9f06-1b8cc7b8cb5b');
INSERT INTO account_operation (id, amount, description, operation_date, type, bank_account_id) VALUES (5059, 1203.03, 'BIM Store', '2026-06-20 19:56:31', 'DEBIT', 'acc-e401fa61-2572-457a-9f06-1b8cc7b8cb5b');
INSERT INTO account_operation (id, amount, description, operation_date, type, bank_account_id) VALUES (5060, 1190.52, 'Decathlon', '2026-05-16 19:56:31', 'DEBIT', 'acc-e401fa61-2572-457a-9f06-1b8cc7b8cb5b');
INSERT INTO account_operation (id, amount, description, operation_date, type, bank_account_id) VALUES (5061, 1919.56, 'Amendis', '2026-05-09 19:56:31', 'DEBIT', 'acc-e401fa61-2572-457a-9f06-1b8cc7b8cb5b');
INSERT INTO account_operation (id, amount, description, operation_date, type, bank_account_id) VALUES (5062, 261.61, 'Carrefour', '2026-06-04 19:56:31', 'DEBIT', 'acc-e401fa61-2572-457a-9f06-1b8cc7b8cb5b');
INSERT INTO account_operation (id, amount, description, operation_date, type, bank_account_id) VALUES (5063, 10215.25, 'Dividend Payout', '2026-06-12 19:56:31', 'CREDIT', 'acc-e401fa61-2572-457a-9f06-1b8cc7b8cb5b');
INSERT INTO account_operation (id, amount, description, operation_date, type, bank_account_id) VALUES (5064, 374.33, 'CTM Bus', '2026-06-01 19:56:31', 'DEBIT', 'acc-e401fa61-2572-457a-9f06-1b8cc7b8cb5b');
INSERT INTO account_operation (id, amount, description, operation_date, type, bank_account_id) VALUES (5065, 1418.63, 'Spotify', '2026-05-04 19:56:31', 'DEBIT', 'acc-e401fa61-2572-457a-9f06-1b8cc7b8cb5b');
INSERT INTO account_operation (id, amount, description, operation_date, type, bank_account_id) VALUES (5066, 582.83, 'ONEE Electricity', '2026-05-21 19:56:31', 'DEBIT', 'acc-e401fa61-2572-457a-9f06-1b8cc7b8cb5b');
INSERT INTO account_operation (id, amount, description, operation_date, type, bank_account_id) VALUES (5067, 2107.38, 'Dividend Payout', '2026-06-26 19:56:31', 'CREDIT', 'acc-e401fa61-2572-457a-9f06-1b8cc7b8cb5b');
INSERT INTO account_operation (id, amount, description, operation_date, type, bank_account_id) VALUES (5068, 6077.05, 'Transfer Received', '2026-05-04 19:56:31', 'CREDIT', 'acc-e401fa61-2572-457a-9f06-1b8cc7b8cb5b');
INSERT INTO account_operation (id, amount, description, operation_date, type, bank_account_id) VALUES (5069, 7410.94, 'Cash Deposit', '2026-05-30 19:56:31', 'CREDIT', 'acc-e401fa61-2572-457a-9f06-1b8cc7b8cb5b');
INSERT INTO bank_account (id, type, balance, created_at, customer_id, over_draft, interest_rate) VALUES ('acc-1d044c26-ab70-490d-9828-c1eba1d4b519', 'CURR', 110661.66, '2026-01-11 19:56:31', 87, 2215.96, NULL);
INSERT INTO account_operation (id, amount, description, operation_date, type, bank_account_id) VALUES (5070, 21133.28, 'Initial Account Funding', '2026-01-11 19:56:31', 'CREDIT', 'acc-1d044c26-ab70-490d-9828-c1eba1d4b519');
INSERT INTO account_operation (id, amount, description, operation_date, type, bank_account_id) VALUES (5071, 907.77, 'Redal', '2026-04-10 19:56:31', 'DEBIT', 'acc-1d044c26-ab70-490d-9828-c1eba1d4b519');
INSERT INTO account_operation (id, amount, description, operation_date, type, bank_account_id) VALUES (5072, 1742.75, 'Zara', '2026-06-04 19:56:31', 'DEBIT', 'acc-1d044c26-ab70-490d-9828-c1eba1d4b519');
INSERT INTO account_operation (id, amount, description, operation_date, type, bank_account_id) VALUES (5073, 14886.22, 'Salary Deposit', '2026-02-05 19:56:31', 'CREDIT', 'acc-1d044c26-ab70-490d-9828-c1eba1d4b519');
INSERT INTO account_operation (id, amount, description, operation_date, type, bank_account_id) VALUES (5074, 491.77, 'Redal', '2026-04-13 19:56:31', 'DEBIT', 'acc-1d044c26-ab70-490d-9828-c1eba1d4b519');
INSERT INTO account_operation (id, amount, description, operation_date, type, bank_account_id) VALUES (5075, 5719.67, 'Salary Deposit', '2026-04-20 19:56:31', 'CREDIT', 'acc-1d044c26-ab70-490d-9828-c1eba1d4b519');
INSERT INTO account_operation (id, amount, description, operation_date, type, bank_account_id) VALUES (5076, 1465.52, 'ONEE Electricity', '2026-03-09 19:56:31', 'DEBIT', 'acc-1d044c26-ab70-490d-9828-c1eba1d4b519');
INSERT INTO account_operation (id, amount, description, operation_date, type, bank_account_id) VALUES (5077, 1118.43, 'Zara', '2026-02-25 19:56:31', 'DEBIT', 'acc-1d044c26-ab70-490d-9828-c1eba1d4b519');
INSERT INTO account_operation (id, amount, description, operation_date, type, bank_account_id) VALUES (5078, 5982.44, 'Cash Deposit', '2026-06-14 19:56:31', 'CREDIT', 'acc-1d044c26-ab70-490d-9828-c1eba1d4b519');
INSERT INTO account_operation (id, amount, description, operation_date, type, bank_account_id) VALUES (5079, 1842.04, 'Orange', '2026-04-12 19:56:31', 'DEBIT', 'acc-1d044c26-ab70-490d-9828-c1eba1d4b519');
INSERT INTO account_operation (id, amount, description, operation_date, type, bank_account_id) VALUES (5080, 1264.35, 'CTM Bus', '2026-03-07 19:56:31', 'DEBIT', 'acc-1d044c26-ab70-490d-9828-c1eba1d4b519');
INSERT INTO account_operation (id, amount, description, operation_date, type, bank_account_id) VALUES (5081, 10054.87, 'Dividend Payout', '2026-05-01 19:56:31', 'CREDIT', 'acc-1d044c26-ab70-490d-9828-c1eba1d4b519');
INSERT INTO account_operation (id, amount, description, operation_date, type, bank_account_id) VALUES (5082, 10195.1, 'Cash Deposit', '2026-05-13 19:56:31', 'CREDIT', 'acc-1d044c26-ab70-490d-9828-c1eba1d4b519');
INSERT INTO account_operation (id, amount, description, operation_date, type, bank_account_id) VALUES (5083, 11021.78, 'Dividend Payout', '2026-06-10 19:56:31', 'CREDIT', 'acc-1d044c26-ab70-490d-9828-c1eba1d4b519');
INSERT INTO account_operation (id, amount, description, operation_date, type, bank_account_id) VALUES (5084, 573.16, 'Spotify', '2026-06-24 19:56:31', 'DEBIT', 'acc-1d044c26-ab70-490d-9828-c1eba1d4b519');
INSERT INTO account_operation (id, amount, description, operation_date, type, bank_account_id) VALUES (5085, 1905.2, 'Spotify', '2026-03-17 19:56:31', 'DEBIT', 'acc-1d044c26-ab70-490d-9828-c1eba1d4b519');
INSERT INTO account_operation (id, amount, description, operation_date, type, bank_account_id) VALUES (5086, 4877.83, 'Cash Deposit', '2026-05-16 19:56:31', 'CREDIT', 'acc-1d044c26-ab70-490d-9828-c1eba1d4b519');
INSERT INTO account_operation (id, amount, description, operation_date, type, bank_account_id) VALUES (5087, 1862.56, 'Zara', '2026-04-05 19:56:31', 'DEBIT', 'acc-1d044c26-ab70-490d-9828-c1eba1d4b519');
INSERT INTO account_operation (id, amount, description, operation_date, type, bank_account_id) VALUES (5088, 350.64, 'Pharmacy', '2026-03-02 19:56:31', 'DEBIT', 'acc-1d044c26-ab70-490d-9828-c1eba1d4b519');
INSERT INTO account_operation (id, amount, description, operation_date, type, bank_account_id) VALUES (5089, 1912.03, 'Redal', '2026-01-23 19:56:31', 'DEBIT', 'acc-1d044c26-ab70-490d-9828-c1eba1d4b519');
INSERT INTO account_operation (id, amount, description, operation_date, type, bank_account_id) VALUES (5090, 1289.05, 'Spotify', '2026-05-30 19:56:31', 'DEBIT', 'acc-1d044c26-ab70-490d-9828-c1eba1d4b519');
INSERT INTO account_operation (id, amount, description, operation_date, type, bank_account_id) VALUES (5091, 970.85, 'Carrefour', '2026-06-18 19:56:31', 'DEBIT', 'acc-1d044c26-ab70-490d-9828-c1eba1d4b519');
INSERT INTO account_operation (id, amount, description, operation_date, type, bank_account_id) VALUES (5092, 1879.91, 'Decathlon', '2026-01-29 19:56:31', 'DEBIT', 'acc-1d044c26-ab70-490d-9828-c1eba1d4b519');
INSERT INTO account_operation (id, amount, description, operation_date, type, bank_account_id) VALUES (5093, 9949.34, 'Dividend Payout', '2026-04-09 19:56:31', 'CREDIT', 'acc-1d044c26-ab70-490d-9828-c1eba1d4b519');
INSERT INTO account_operation (id, amount, description, operation_date, type, bank_account_id) VALUES (5094, 1397.86, 'Restaurant', '2026-06-03 19:56:31', 'DEBIT', 'acc-1d044c26-ab70-490d-9828-c1eba1d4b519');
INSERT INTO account_operation (id, amount, description, operation_date, type, bank_account_id) VALUES (5095, 859.76, 'LC Waikiki', '2026-02-01 19:56:31', 'DEBIT', 'acc-1d044c26-ab70-490d-9828-c1eba1d4b519');
INSERT INTO account_operation (id, amount, description, operation_date, type, bank_account_id) VALUES (5096, 10441.12, 'Salary Deposit', '2026-05-13 19:56:31', 'CREDIT', 'acc-1d044c26-ab70-490d-9828-c1eba1d4b519');
INSERT INTO account_operation (id, amount, description, operation_date, type, bank_account_id) VALUES (5097, 749.37, 'Amendis', '2026-01-18 19:56:31', 'DEBIT', 'acc-1d044c26-ab70-490d-9828-c1eba1d4b519');
INSERT INTO account_operation (id, amount, description, operation_date, type, bank_account_id) VALUES (5098, 12273.97, 'Cash Deposit', '2026-06-18 19:56:31', 'CREDIT', 'acc-1d044c26-ab70-490d-9828-c1eba1d4b519');
INSERT INTO account_operation (id, amount, description, operation_date, type, bank_account_id) VALUES (5099, 6540.19, 'Dividend Payout', '2026-05-29 19:56:31', 'CREDIT', 'acc-1d044c26-ab70-490d-9828-c1eba1d4b519');
INSERT INTO account_operation (id, amount, description, operation_date, type, bank_account_id) VALUES (5100, 4160.56, 'Transfer Received', '2026-03-11 19:56:31', 'CREDIT', 'acc-1d044c26-ab70-490d-9828-c1eba1d4b519');
INSERT INTO account_operation (id, amount, description, operation_date, type, bank_account_id) VALUES (5101, 1250.66, 'ONEE Electricity', '2026-05-17 19:56:31', 'DEBIT', 'acc-1d044c26-ab70-490d-9828-c1eba1d4b519');
INSERT INTO account_operation (id, amount, description, operation_date, type, bank_account_id) VALUES (5102, 1437.57, 'Restaurant', '2026-03-31 19:56:31', 'DEBIT', 'acc-1d044c26-ab70-490d-9828-c1eba1d4b519');
INSERT INTO account_operation (id, amount, description, operation_date, type, bank_account_id) VALUES (5103, 3732.31, 'Salary Deposit', '2026-02-21 19:56:31', 'CREDIT', 'acc-1d044c26-ab70-490d-9828-c1eba1d4b519');
INSERT INTO account_operation (id, amount, description, operation_date, type, bank_account_id) VALUES (5104, 89.12, 'Marjane Supermarket', '2026-05-22 19:56:31', 'DEBIT', 'acc-1d044c26-ab70-490d-9828-c1eba1d4b519');
INSERT INTO account_operation (id, amount, description, operation_date, type, bank_account_id) VALUES (5105, 1958.96, 'Carrefour', '2026-04-12 19:56:31', 'DEBIT', 'acc-1d044c26-ab70-490d-9828-c1eba1d4b519');
INSERT INTO account_operation (id, amount, description, operation_date, type, bank_account_id) VALUES (5106, 4486.17, 'Salary Deposit', '2026-03-18 19:56:31', 'CREDIT', 'acc-1d044c26-ab70-490d-9828-c1eba1d4b519');
INSERT INTO account_operation (id, amount, description, operation_date, type, bank_account_id) VALUES (5107, 1258.6, 'Marjane Supermarket', '2026-06-06 19:56:31', 'DEBIT', 'acc-1d044c26-ab70-490d-9828-c1eba1d4b519');
INSERT INTO account_operation (id, amount, description, operation_date, type, bank_account_id) VALUES (5108, 329.89, 'Maroc Telecom', '2026-04-28 19:56:31', 'DEBIT', 'acc-1d044c26-ab70-490d-9828-c1eba1d4b519');
INSERT INTO account_operation (id, amount, description, operation_date, type, bank_account_id) VALUES (5109, 1759.13, 'Marjane Supermarket', '2026-04-28 19:56:31', 'DEBIT', 'acc-1d044c26-ab70-490d-9828-c1eba1d4b519');
INSERT INTO account_operation (id, amount, description, operation_date, type, bank_account_id) VALUES (5110, 818.79, 'BIM Store', '2026-03-26 19:56:31', 'DEBIT', 'acc-1d044c26-ab70-490d-9828-c1eba1d4b519');
INSERT INTO account_operation (id, amount, description, operation_date, type, bank_account_id) VALUES (5111, 276.6, 'BIM Store', '2026-03-02 19:56:31', 'DEBIT', 'acc-1d044c26-ab70-490d-9828-c1eba1d4b519');
INSERT INTO account_operation (id, amount, description, operation_date, type, bank_account_id) VALUES (5112, 6969.15, 'Salary Deposit', '2026-03-16 19:56:31', 'CREDIT', 'acc-1d044c26-ab70-490d-9828-c1eba1d4b519');
INSERT INTO bank_account (id, type, balance, created_at, customer_id, over_draft, interest_rate) VALUES ('acc-ae5c6424-e7b5-4e88-aca8-c0def08c8e7a', 'CURR', 112241.23, '2025-07-07 19:56:31', 87, 4273.47, NULL);
INSERT INTO account_operation (id, amount, description, operation_date, type, bank_account_id) VALUES (5113, 20336.46, 'Initial Account Funding', '2025-07-07 19:56:31', 'CREDIT', 'acc-ae5c6424-e7b5-4e88-aca8-c0def08c8e7a');
INSERT INTO account_operation (id, amount, description, operation_date, type, bank_account_id) VALUES (5114, 27.61, 'Restaurant', '2026-05-20 19:56:31', 'DEBIT', 'acc-ae5c6424-e7b5-4e88-aca8-c0def08c8e7a');
INSERT INTO account_operation (id, amount, description, operation_date, type, bank_account_id) VALUES (5115, 182.74, 'Local Cafe', '2025-11-11 19:56:31', 'DEBIT', 'acc-ae5c6424-e7b5-4e88-aca8-c0def08c8e7a');
INSERT INTO account_operation (id, amount, description, operation_date, type, bank_account_id) VALUES (5116, 549.14, 'CTM Bus', '2026-03-15 19:56:31', 'DEBIT', 'acc-ae5c6424-e7b5-4e88-aca8-c0def08c8e7a');
INSERT INTO account_operation (id, amount, description, operation_date, type, bank_account_id) VALUES (5117, 1900.84, 'Maroc Telecom', '2025-11-10 19:56:31', 'DEBIT', 'acc-ae5c6424-e7b5-4e88-aca8-c0def08c8e7a');
INSERT INTO account_operation (id, amount, description, operation_date, type, bank_account_id) VALUES (5118, 1476.43, 'Decathlon', '2025-12-06 19:56:31', 'DEBIT', 'acc-ae5c6424-e7b5-4e88-aca8-c0def08c8e7a');
INSERT INTO account_operation (id, amount, description, operation_date, type, bank_account_id) VALUES (5119, 1179.93, 'Restaurant', '2026-01-06 19:56:31', 'DEBIT', 'acc-ae5c6424-e7b5-4e88-aca8-c0def08c8e7a');
INSERT INTO account_operation (id, amount, description, operation_date, type, bank_account_id) VALUES (5120, 1533.95, 'BIM Store', '2026-05-05 19:56:31', 'DEBIT', 'acc-ae5c6424-e7b5-4e88-aca8-c0def08c8e7a');
INSERT INTO account_operation (id, amount, description, operation_date, type, bank_account_id) VALUES (5121, 50.31, 'Spotify', '2026-02-26 19:56:31', 'DEBIT', 'acc-ae5c6424-e7b5-4e88-aca8-c0def08c8e7a');
INSERT INTO account_operation (id, amount, description, operation_date, type, bank_account_id) VALUES (5122, 1426.4, 'Pharmacy', '2026-04-06 19:56:31', 'DEBIT', 'acc-ae5c6424-e7b5-4e88-aca8-c0def08c8e7a');
INSERT INTO account_operation (id, amount, description, operation_date, type, bank_account_id) VALUES (5123, 8305.28, 'Dividend Payout', '2026-06-20 19:56:31', 'CREDIT', 'acc-ae5c6424-e7b5-4e88-aca8-c0def08c8e7a');
INSERT INTO account_operation (id, amount, description, operation_date, type, bank_account_id) VALUES (5124, 1511.38, 'Amendis', '2025-09-27 19:56:31', 'DEBIT', 'acc-ae5c6424-e7b5-4e88-aca8-c0def08c8e7a');
INSERT INTO account_operation (id, amount, description, operation_date, type, bank_account_id) VALUES (5125, 5980.81, 'Salary Deposit', '2025-10-17 19:56:31', 'CREDIT', 'acc-ae5c6424-e7b5-4e88-aca8-c0def08c8e7a');
INSERT INTO account_operation (id, amount, description, operation_date, type, bank_account_id) VALUES (5126, 928.29, 'Amendis', '2025-07-29 19:56:31', 'DEBIT', 'acc-ae5c6424-e7b5-4e88-aca8-c0def08c8e7a');
INSERT INTO account_operation (id, amount, description, operation_date, type, bank_account_id) VALUES (5127, 1578.78, 'Amendis', '2026-06-22 19:56:31', 'DEBIT', 'acc-ae5c6424-e7b5-4e88-aca8-c0def08c8e7a');
INSERT INTO account_operation (id, amount, description, operation_date, type, bank_account_id) VALUES (5128, 14799.21, 'Dividend Payout', '2026-01-07 19:56:31', 'CREDIT', 'acc-ae5c6424-e7b5-4e88-aca8-c0def08c8e7a');
INSERT INTO account_operation (id, amount, description, operation_date, type, bank_account_id) VALUES (5129, 1762.93, 'Spotify', '2026-02-10 19:56:31', 'DEBIT', 'acc-ae5c6424-e7b5-4e88-aca8-c0def08c8e7a');
INSERT INTO account_operation (id, amount, description, operation_date, type, bank_account_id) VALUES (5130, 527.68, 'CTM Bus', '2025-09-12 19:56:31', 'DEBIT', 'acc-ae5c6424-e7b5-4e88-aca8-c0def08c8e7a');
INSERT INTO account_operation (id, amount, description, operation_date, type, bank_account_id) VALUES (5131, 11095.3, 'Transfer Received', '2025-08-16 19:56:31', 'CREDIT', 'acc-ae5c6424-e7b5-4e88-aca8-c0def08c8e7a');
INSERT INTO account_operation (id, amount, description, operation_date, type, bank_account_id) VALUES (5132, 3115.25, 'Salary Deposit', '2025-11-23 19:56:31', 'CREDIT', 'acc-ae5c6424-e7b5-4e88-aca8-c0def08c8e7a');
INSERT INTO account_operation (id, amount, description, operation_date, type, bank_account_id) VALUES (5133, 11132.0, 'Dividend Payout', '2026-01-17 19:56:31', 'CREDIT', 'acc-ae5c6424-e7b5-4e88-aca8-c0def08c8e7a');
INSERT INTO account_operation (id, amount, description, operation_date, type, bank_account_id) VALUES (5134, 10602.22, 'Salary Deposit', '2026-06-23 19:56:31', 'CREDIT', 'acc-ae5c6424-e7b5-4e88-aca8-c0def08c8e7a');
INSERT INTO account_operation (id, amount, description, operation_date, type, bank_account_id) VALUES (5135, 5003.27, 'Transfer Received', '2025-07-24 19:56:31', 'CREDIT', 'acc-ae5c6424-e7b5-4e88-aca8-c0def08c8e7a');
INSERT INTO account_operation (id, amount, description, operation_date, type, bank_account_id) VALUES (5136, 1562.84, 'Restaurant', '2025-11-10 19:56:31', 'DEBIT', 'acc-ae5c6424-e7b5-4e88-aca8-c0def08c8e7a');
INSERT INTO account_operation (id, amount, description, operation_date, type, bank_account_id) VALUES (5137, 10054.18, 'Transfer Received', '2025-11-28 19:56:31', 'CREDIT', 'acc-ae5c6424-e7b5-4e88-aca8-c0def08c8e7a');
INSERT INTO account_operation (id, amount, description, operation_date, type, bank_account_id) VALUES (5138, 279.35, 'Restaurant', '2025-11-27 19:56:31', 'DEBIT', 'acc-ae5c6424-e7b5-4e88-aca8-c0def08c8e7a');
INSERT INTO account_operation (id, amount, description, operation_date, type, bank_account_id) VALUES (5139, 1223.49, 'Marjane Supermarket', '2025-12-11 19:56:31', 'DEBIT', 'acc-ae5c6424-e7b5-4e88-aca8-c0def08c8e7a');
INSERT INTO account_operation (id, amount, description, operation_date, type, bank_account_id) VALUES (5140, 1911.97, 'Amendis', '2025-07-29 19:56:31', 'DEBIT', 'acc-ae5c6424-e7b5-4e88-aca8-c0def08c8e7a');
INSERT INTO account_operation (id, amount, description, operation_date, type, bank_account_id) VALUES (5141, 7733.48, 'Dividend Payout', '2026-02-28 19:56:31', 'CREDIT', 'acc-ae5c6424-e7b5-4e88-aca8-c0def08c8e7a');
INSERT INTO account_operation (id, amount, description, operation_date, type, bank_account_id) VALUES (5142, 916.38, 'Pharmacy', '2026-05-08 19:56:31', 'DEBIT', 'acc-ae5c6424-e7b5-4e88-aca8-c0def08c8e7a');
INSERT INTO account_operation (id, amount, description, operation_date, type, bank_account_id) VALUES (5143, 1165.59, 'Pharmacy', '2026-02-14 19:56:31', 'DEBIT', 'acc-ae5c6424-e7b5-4e88-aca8-c0def08c8e7a');
INSERT INTO account_operation (id, amount, description, operation_date, type, bank_account_id) VALUES (5144, 161.57, 'Maroc Telecom', '2026-04-22 19:56:31', 'DEBIT', 'acc-ae5c6424-e7b5-4e88-aca8-c0def08c8e7a');
INSERT INTO account_operation (id, amount, description, operation_date, type, bank_account_id) VALUES (5145, 1988.69, 'ONCF Train', '2025-07-22 19:56:31', 'DEBIT', 'acc-ae5c6424-e7b5-4e88-aca8-c0def08c8e7a');
INSERT INTO account_operation (id, amount, description, operation_date, type, bank_account_id) VALUES (5146, 12457.94, 'Dividend Payout', '2025-12-07 19:56:31', 'CREDIT', 'acc-ae5c6424-e7b5-4e88-aca8-c0def08c8e7a');
INSERT INTO account_operation (id, amount, description, operation_date, type, bank_account_id) VALUES (5147, 1862.27, 'Freelance Payment', '2025-09-02 19:56:31', 'CREDIT', 'acc-ae5c6424-e7b5-4e88-aca8-c0def08c8e7a');
INSERT INTO account_operation (id, amount, description, operation_date, type, bank_account_id) VALUES (5148, 833.39, 'Maroc Telecom', '2026-03-26 19:56:31', 'DEBIT', 'acc-ae5c6424-e7b5-4e88-aca8-c0def08c8e7a');
INSERT INTO account_operation (id, amount, description, operation_date, type, bank_account_id) VALUES (5149, 9854.55, 'Dividend Payout', '2026-05-27 19:56:31', 'CREDIT', 'acc-ae5c6424-e7b5-4e88-aca8-c0def08c8e7a');
INSERT INTO account_operation (id, amount, description, operation_date, type, bank_account_id) VALUES (5150, 1471.82, 'ONEE Electricity', '2026-02-17 19:56:31', 'DEBIT', 'acc-ae5c6424-e7b5-4e88-aca8-c0def08c8e7a');
INSERT INTO account_operation (id, amount, description, operation_date, type, bank_account_id) VALUES (5151, 6123.71, 'Transfer Received', '2026-05-20 19:56:31', 'CREDIT', 'acc-ae5c6424-e7b5-4e88-aca8-c0def08c8e7a');
INSERT INTO account_operation (id, amount, description, operation_date, type, bank_account_id) VALUES (5152, 63.2, 'Pharmacy', '2026-02-15 19:56:31', 'DEBIT', 'acc-ae5c6424-e7b5-4e88-aca8-c0def08c8e7a');

INSERT INTO customer (id, name, email) VALUES (88, 'Salma Berrada', 'salma.berrada@gmail.com');
INSERT INTO bank_account (id, type, balance, created_at, customer_id, over_draft, interest_rate) VALUES ('acc-a72f0b86-d33d-4527-bcad-e11fad4496d9', 'CURR', 126196.79, '2025-12-14 19:56:31', 88, 7181.77, NULL);
INSERT INTO account_operation (id, amount, description, operation_date, type, bank_account_id) VALUES (5153, 46654.01, 'Initial Account Funding', '2025-12-14 19:56:31', 'CREDIT', 'acc-a72f0b86-d33d-4527-bcad-e11fad4496d9');
INSERT INTO account_operation (id, amount, description, operation_date, type, bank_account_id) VALUES (5154, 6539.62, 'Cash Deposit', '2025-12-18 19:56:31', 'CREDIT', 'acc-a72f0b86-d33d-4527-bcad-e11fad4496d9');
INSERT INTO account_operation (id, amount, description, operation_date, type, bank_account_id) VALUES (5155, 794.26, 'Amendis', '2026-01-01 19:56:31', 'DEBIT', 'acc-a72f0b86-d33d-4527-bcad-e11fad4496d9');
INSERT INTO account_operation (id, amount, description, operation_date, type, bank_account_id) VALUES (5156, 1143.56, 'Marjane Supermarket', '2026-01-02 19:56:31', 'DEBIT', 'acc-a72f0b86-d33d-4527-bcad-e11fad4496d9');
INSERT INTO account_operation (id, amount, description, operation_date, type, bank_account_id) VALUES (5157, 1918.19, 'CTM Bus', '2026-06-22 19:56:31', 'DEBIT', 'acc-a72f0b86-d33d-4527-bcad-e11fad4496d9');
INSERT INTO account_operation (id, amount, description, operation_date, type, bank_account_id) VALUES (5158, 7490.35, 'Dividend Payout', '2026-02-01 19:56:31', 'CREDIT', 'acc-a72f0b86-d33d-4527-bcad-e11fad4496d9');
INSERT INTO account_operation (id, amount, description, operation_date, type, bank_account_id) VALUES (5159, 10304.5, 'Freelance Payment', '2026-03-06 19:56:31', 'CREDIT', 'acc-a72f0b86-d33d-4527-bcad-e11fad4496d9');
INSERT INTO account_operation (id, amount, description, operation_date, type, bank_account_id) VALUES (5160, 14178.22, 'Dividend Payout', '2026-01-14 19:56:31', 'CREDIT', 'acc-a72f0b86-d33d-4527-bcad-e11fad4496d9');
INSERT INTO account_operation (id, amount, description, operation_date, type, bank_account_id) VALUES (5161, 1700.98, 'Orange', '2026-01-26 19:56:31', 'DEBIT', 'acc-a72f0b86-d33d-4527-bcad-e11fad4496d9');
INSERT INTO account_operation (id, amount, description, operation_date, type, bank_account_id) VALUES (5162, 3527.7, 'Freelance Payment', '2026-05-18 19:56:31', 'CREDIT', 'acc-a72f0b86-d33d-4527-bcad-e11fad4496d9');
INSERT INTO account_operation (id, amount, description, operation_date, type, bank_account_id) VALUES (5163, 1473.66, 'Local Cafe', '2026-06-05 19:56:31', 'DEBIT', 'acc-a72f0b86-d33d-4527-bcad-e11fad4496d9');
INSERT INTO account_operation (id, amount, description, operation_date, type, bank_account_id) VALUES (5164, 1646.61, 'Marjane Supermarket', '2026-05-15 19:56:31', 'DEBIT', 'acc-a72f0b86-d33d-4527-bcad-e11fad4496d9');
INSERT INTO account_operation (id, amount, description, operation_date, type, bank_account_id) VALUES (5165, 1631.72, 'Amendis', '2026-06-10 19:56:31', 'DEBIT', 'acc-a72f0b86-d33d-4527-bcad-e11fad4496d9');
INSERT INTO account_operation (id, amount, description, operation_date, type, bank_account_id) VALUES (5166, 539.78, 'CTM Bus', '2026-05-08 19:56:31', 'DEBIT', 'acc-a72f0b86-d33d-4527-bcad-e11fad4496d9');
INSERT INTO account_operation (id, amount, description, operation_date, type, bank_account_id) VALUES (5167, 1128.84, 'CTM Bus', '2025-12-27 19:56:31', 'DEBIT', 'acc-a72f0b86-d33d-4527-bcad-e11fad4496d9');
INSERT INTO account_operation (id, amount, description, operation_date, type, bank_account_id) VALUES (5168, 11350.8, 'Transfer Received', '2026-06-17 19:56:31', 'CREDIT', 'acc-a72f0b86-d33d-4527-bcad-e11fad4496d9');
INSERT INTO account_operation (id, amount, description, operation_date, type, bank_account_id) VALUES (5169, 1972.63, 'CTM Bus', '2026-04-03 19:56:31', 'DEBIT', 'acc-a72f0b86-d33d-4527-bcad-e11fad4496d9');
INSERT INTO account_operation (id, amount, description, operation_date, type, bank_account_id) VALUES (5170, 1139.49, 'ONCF Train', '2026-06-06 19:56:31', 'DEBIT', 'acc-a72f0b86-d33d-4527-bcad-e11fad4496d9');
INSERT INTO account_operation (id, amount, description, operation_date, type, bank_account_id) VALUES (5171, 7370.36, 'Salary Deposit', '2026-03-29 19:56:31', 'CREDIT', 'acc-a72f0b86-d33d-4527-bcad-e11fad4496d9');
INSERT INTO account_operation (id, amount, description, operation_date, type, bank_account_id) VALUES (5172, 1819.79, 'Spotify', '2026-04-27 19:56:31', 'DEBIT', 'acc-a72f0b86-d33d-4527-bcad-e11fad4496d9');
INSERT INTO account_operation (id, amount, description, operation_date, type, bank_account_id) VALUES (5173, 36.51, 'Orange', '2026-06-06 19:56:31', 'DEBIT', 'acc-a72f0b86-d33d-4527-bcad-e11fad4496d9');
INSERT INTO account_operation (id, amount, description, operation_date, type, bank_account_id) VALUES (5174, 364.71, 'ONCF Train', '2026-02-06 19:56:31', 'DEBIT', 'acc-a72f0b86-d33d-4527-bcad-e11fad4496d9');
INSERT INTO account_operation (id, amount, description, operation_date, type, bank_account_id) VALUES (5175, 221.06, 'Carrefour', '2026-04-20 19:56:31', 'DEBIT', 'acc-a72f0b86-d33d-4527-bcad-e11fad4496d9');
INSERT INTO account_operation (id, amount, description, operation_date, type, bank_account_id) VALUES (5176, 5392.3, 'Dividend Payout', '2026-01-13 19:56:31', 'CREDIT', 'acc-a72f0b86-d33d-4527-bcad-e11fad4496d9');
INSERT INTO account_operation (id, amount, description, operation_date, type, bank_account_id) VALUES (5177, 1330.23, 'Decathlon', '2026-06-09 19:56:31', 'DEBIT', 'acc-a72f0b86-d33d-4527-bcad-e11fad4496d9');
INSERT INTO account_operation (id, amount, description, operation_date, type, bank_account_id) VALUES (5178, 1585.56, 'Cash Deposit', '2026-06-26 19:56:31', 'CREDIT', 'acc-a72f0b86-d33d-4527-bcad-e11fad4496d9');
INSERT INTO account_operation (id, amount, description, operation_date, type, bank_account_id) VALUES (5179, 1895.56, 'Zara', '2026-02-05 19:56:31', 'DEBIT', 'acc-a72f0b86-d33d-4527-bcad-e11fad4496d9');
INSERT INTO account_operation (id, amount, description, operation_date, type, bank_account_id) VALUES (5180, 14488.94, 'Dividend Payout', '2025-12-22 19:56:31', 'CREDIT', 'acc-a72f0b86-d33d-4527-bcad-e11fad4496d9');
INSERT INTO account_operation (id, amount, description, operation_date, type, bank_account_id) VALUES (5181, 13795.49, 'Freelance Payment', '2025-12-30 19:56:31', 'CREDIT', 'acc-a72f0b86-d33d-4527-bcad-e11fad4496d9');
INSERT INTO account_operation (id, amount, description, operation_date, type, bank_account_id) VALUES (5182, 1208.77, 'Salary Deposit', '2026-04-25 19:56:31', 'CREDIT', 'acc-a72f0b86-d33d-4527-bcad-e11fad4496d9');
INSERT INTO account_operation (id, amount, description, operation_date, type, bank_account_id) VALUES (5183, 1384.0, 'Marjane Supermarket', '2026-02-23 19:56:31', 'DEBIT', 'acc-a72f0b86-d33d-4527-bcad-e11fad4496d9');
INSERT INTO account_operation (id, amount, description, operation_date, type, bank_account_id) VALUES (5184, 355.75, 'LC Waikiki', '2026-03-31 19:56:31', 'DEBIT', 'acc-a72f0b86-d33d-4527-bcad-e11fad4496d9');
INSERT INTO account_operation (id, amount, description, operation_date, type, bank_account_id) VALUES (5185, 1216.01, 'Redal', '2026-06-26 19:56:31', 'DEBIT', 'acc-a72f0b86-d33d-4527-bcad-e11fad4496d9');
INSERT INTO account_operation (id, amount, description, operation_date, type, bank_account_id) VALUES (5186, 1989.24, 'Redal', '2026-01-26 19:56:31', 'DEBIT', 'acc-a72f0b86-d33d-4527-bcad-e11fad4496d9');
INSERT INTO account_operation (id, amount, description, operation_date, type, bank_account_id) VALUES (5187, 1807.19, 'Maroc Telecom', '2026-05-22 19:56:31', 'DEBIT', 'acc-a72f0b86-d33d-4527-bcad-e11fad4496d9');
INSERT INTO account_operation (id, amount, description, operation_date, type, bank_account_id) VALUES (5188, 1300.65, 'Local Cafe', '2026-04-29 19:56:31', 'DEBIT', 'acc-a72f0b86-d33d-4527-bcad-e11fad4496d9');
INSERT INTO account_operation (id, amount, description, operation_date, type, bank_account_id) VALUES (5189, 1817.47, 'Orange', '2026-04-25 19:56:31', 'DEBIT', 'acc-a72f0b86-d33d-4527-bcad-e11fad4496d9');
INSERT INTO account_operation (id, amount, description, operation_date, type, bank_account_id) VALUES (5190, 176.67, 'LC Waikiki', '2026-03-27 19:56:31', 'DEBIT', 'acc-a72f0b86-d33d-4527-bcad-e11fad4496d9');
INSERT INTO account_operation (id, amount, description, operation_date, type, bank_account_id) VALUES (5191, 10878.2, 'Cash Deposit', '2026-03-28 19:56:31', 'CREDIT', 'acc-a72f0b86-d33d-4527-bcad-e11fad4496d9');
INSERT INTO account_operation (id, amount, description, operation_date, type, bank_account_id) VALUES (5192, 2236.53, 'Dividend Payout', '2026-02-08 19:56:31', 'CREDIT', 'acc-a72f0b86-d33d-4527-bcad-e11fad4496d9');
INSERT INTO bank_account (id, type, balance, created_at, customer_id, over_draft, interest_rate) VALUES ('acc-8d2e928a-53c6-4169-8085-4482c66ba3c7', 'CURR', 46244.4, '2025-11-07 19:56:31', 88, 5316.43, NULL);
INSERT INTO account_operation (id, amount, description, operation_date, type, bank_account_id) VALUES (5193, 31660.98, 'Initial Account Funding', '2025-11-07 19:56:31', 'CREDIT', 'acc-8d2e928a-53c6-4169-8085-4482c66ba3c7');
INSERT INTO account_operation (id, amount, description, operation_date, type, bank_account_id) VALUES (5194, 1348.42, 'Transfer Received', '2025-11-13 19:56:31', 'CREDIT', 'acc-8d2e928a-53c6-4169-8085-4482c66ba3c7');
INSERT INTO account_operation (id, amount, description, operation_date, type, bank_account_id) VALUES (5195, 2561.59, 'Salary Deposit', '2026-01-08 19:56:31', 'CREDIT', 'acc-8d2e928a-53c6-4169-8085-4482c66ba3c7');
INSERT INTO account_operation (id, amount, description, operation_date, type, bank_account_id) VALUES (5196, 12260.78, 'Cash Deposit', '2025-12-22 19:56:31', 'CREDIT', 'acc-8d2e928a-53c6-4169-8085-4482c66ba3c7');
INSERT INTO account_operation (id, amount, description, operation_date, type, bank_account_id) VALUES (5197, 1170.08, 'LC Waikiki', '2026-03-30 19:56:31', 'DEBIT', 'acc-8d2e928a-53c6-4169-8085-4482c66ba3c7');
INSERT INTO account_operation (id, amount, description, operation_date, type, bank_account_id) VALUES (5198, 1950.7, 'Local Cafe', '2025-12-06 19:56:31', 'DEBIT', 'acc-8d2e928a-53c6-4169-8085-4482c66ba3c7');
INSERT INTO account_operation (id, amount, description, operation_date, type, bank_account_id) VALUES (5199, 1359.22, 'Redal', '2026-05-13 19:56:31', 'DEBIT', 'acc-8d2e928a-53c6-4169-8085-4482c66ba3c7');
INSERT INTO account_operation (id, amount, description, operation_date, type, bank_account_id) VALUES (5200, 92.55, 'Spotify', '2026-02-14 19:56:31', 'DEBIT', 'acc-8d2e928a-53c6-4169-8085-4482c66ba3c7');
INSERT INTO account_operation (id, amount, description, operation_date, type, bank_account_id) VALUES (5201, 4087.84, 'Freelance Payment', '2025-11-16 19:56:31', 'CREDIT', 'acc-8d2e928a-53c6-4169-8085-4482c66ba3c7');
INSERT INTO account_operation (id, amount, description, operation_date, type, bank_account_id) VALUES (5202, 1001.14, 'Transfer Received', '2026-05-21 19:56:31', 'CREDIT', 'acc-8d2e928a-53c6-4169-8085-4482c66ba3c7');
INSERT INTO account_operation (id, amount, description, operation_date, type, bank_account_id) VALUES (5203, 330.0, 'Amendis', '2026-03-20 19:56:31', 'DEBIT', 'acc-8d2e928a-53c6-4169-8085-4482c66ba3c7');
INSERT INTO account_operation (id, amount, description, operation_date, type, bank_account_id) VALUES (5204, 1980.74, 'Cash Deposit', '2026-06-05 19:56:31', 'CREDIT', 'acc-8d2e928a-53c6-4169-8085-4482c66ba3c7');
INSERT INTO account_operation (id, amount, description, operation_date, type, bank_account_id) VALUES (5205, 886.76, 'Orange', '2026-05-26 19:56:31', 'DEBIT', 'acc-8d2e928a-53c6-4169-8085-4482c66ba3c7');
INSERT INTO account_operation (id, amount, description, operation_date, type, bank_account_id) VALUES (5206, 204.9, 'Amendis', '2026-01-17 19:56:31', 'DEBIT', 'acc-8d2e928a-53c6-4169-8085-4482c66ba3c7');
INSERT INTO account_operation (id, amount, description, operation_date, type, bank_account_id) VALUES (5207, 685.77, 'Maroc Telecom', '2025-11-22 19:56:31', 'DEBIT', 'acc-8d2e928a-53c6-4169-8085-4482c66ba3c7');
INSERT INTO account_operation (id, amount, description, operation_date, type, bank_account_id) VALUES (5208, 833.51, 'Netflix Subscription', '2025-12-16 19:56:31', 'DEBIT', 'acc-8d2e928a-53c6-4169-8085-4482c66ba3c7');
INSERT INTO account_operation (id, amount, description, operation_date, type, bank_account_id) VALUES (5209, 1143.81, 'Maroc Telecom', '2026-02-11 19:56:31', 'DEBIT', 'acc-8d2e928a-53c6-4169-8085-4482c66ba3c7');
INSERT INTO account_operation (id, amount, description, operation_date, type, bank_account_id) VALUES (5210, 622.05, 'Restaurant', '2026-03-31 19:56:31', 'DEBIT', 'acc-8d2e928a-53c6-4169-8085-4482c66ba3c7');
INSERT INTO account_operation (id, amount, description, operation_date, type, bank_account_id) VALUES (5211, 1499.51, 'BIM Store', '2026-06-13 19:56:31', 'DEBIT', 'acc-8d2e928a-53c6-4169-8085-4482c66ba3c7');
INSERT INTO account_operation (id, amount, description, operation_date, type, bank_account_id) VALUES (5212, 5737.48, 'Salary Deposit', '2026-03-06 19:56:31', 'CREDIT', 'acc-8d2e928a-53c6-4169-8085-4482c66ba3c7');
INSERT INTO account_operation (id, amount, description, operation_date, type, bank_account_id) VALUES (5213, 1386.24, 'Pharmacy', '2025-11-30 19:56:31', 'DEBIT', 'acc-8d2e928a-53c6-4169-8085-4482c66ba3c7');
INSERT INTO account_operation (id, amount, description, operation_date, type, bank_account_id) VALUES (5214, 637.61, 'Marjane Supermarket', '2026-04-06 19:56:31', 'DEBIT', 'acc-8d2e928a-53c6-4169-8085-4482c66ba3c7');
INSERT INTO account_operation (id, amount, description, operation_date, type, bank_account_id) VALUES (5215, 1591.86, 'Redal', '2026-02-27 19:56:31', 'DEBIT', 'acc-8d2e928a-53c6-4169-8085-4482c66ba3c7');

INSERT INTO customer (id, name, email) VALUES (89, 'Meryem Benali', 'meryem.benali@gmail.com');
INSERT INTO bank_account (id, type, balance, created_at, customer_id, over_draft, interest_rate) VALUES ('acc-cecfb78e-baee-4ded-82f5-8f5f327f6e7a', 'SAVE', 52418.34, '2025-12-03 19:56:31', 89, NULL, 4.11);
INSERT INTO account_operation (id, amount, description, operation_date, type, bank_account_id) VALUES (5216, 19659.7, 'Initial Account Funding', '2025-12-03 19:56:31', 'CREDIT', 'acc-cecfb78e-baee-4ded-82f5-8f5f327f6e7a');
INSERT INTO account_operation (id, amount, description, operation_date, type, bank_account_id) VALUES (5217, 419.95, 'LC Waikiki', '2026-04-06 19:56:31', 'DEBIT', 'acc-cecfb78e-baee-4ded-82f5-8f5f327f6e7a');
INSERT INTO account_operation (id, amount, description, operation_date, type, bank_account_id) VALUES (5218, 605.13, 'ONEE Electricity', '2026-03-17 19:56:31', 'DEBIT', 'acc-cecfb78e-baee-4ded-82f5-8f5f327f6e7a');
INSERT INTO account_operation (id, amount, description, operation_date, type, bank_account_id) VALUES (5219, 1971.69, 'CTM Bus', '2026-03-12 19:56:31', 'DEBIT', 'acc-cecfb78e-baee-4ded-82f5-8f5f327f6e7a');
INSERT INTO account_operation (id, amount, description, operation_date, type, bank_account_id) VALUES (5220, 1615.38, 'Local Cafe', '2026-05-09 19:56:31', 'DEBIT', 'acc-cecfb78e-baee-4ded-82f5-8f5f327f6e7a');
INSERT INTO account_operation (id, amount, description, operation_date, type, bank_account_id) VALUES (5221, 212.76, 'Inwi', '2026-05-07 19:56:31', 'DEBIT', 'acc-cecfb78e-baee-4ded-82f5-8f5f327f6e7a');
INSERT INTO account_operation (id, amount, description, operation_date, type, bank_account_id) VALUES (5222, 925.33, 'Maroc Telecom', '2026-02-26 19:56:31', 'DEBIT', 'acc-cecfb78e-baee-4ded-82f5-8f5f327f6e7a');
INSERT INTO account_operation (id, amount, description, operation_date, type, bank_account_id) VALUES (5223, 8684.98, 'Dividend Payout', '2026-06-28 19:56:31', 'CREDIT', 'acc-cecfb78e-baee-4ded-82f5-8f5f327f6e7a');
INSERT INTO account_operation (id, amount, description, operation_date, type, bank_account_id) VALUES (5224, 866.61, 'Amendis', '2026-04-19 19:56:31', 'DEBIT', 'acc-cecfb78e-baee-4ded-82f5-8f5f327f6e7a');
INSERT INTO account_operation (id, amount, description, operation_date, type, bank_account_id) VALUES (5225, 457.61, 'Orange', '2026-02-28 19:56:31', 'DEBIT', 'acc-cecfb78e-baee-4ded-82f5-8f5f327f6e7a');
INSERT INTO account_operation (id, amount, description, operation_date, type, bank_account_id) VALUES (5226, 636.37, 'CTM Bus', '2026-05-24 19:56:31', 'DEBIT', 'acc-cecfb78e-baee-4ded-82f5-8f5f327f6e7a');
INSERT INTO account_operation (id, amount, description, operation_date, type, bank_account_id) VALUES (5227, 1664.99, 'ONCF Train', '2025-12-30 19:56:31', 'DEBIT', 'acc-cecfb78e-baee-4ded-82f5-8f5f327f6e7a');
INSERT INTO account_operation (id, amount, description, operation_date, type, bank_account_id) VALUES (5228, 412.87, 'Orange', '2026-05-01 19:56:31', 'DEBIT', 'acc-cecfb78e-baee-4ded-82f5-8f5f327f6e7a');
INSERT INTO account_operation (id, amount, description, operation_date, type, bank_account_id) VALUES (5229, 434.57, 'Amendis', '2026-04-27 19:56:31', 'DEBIT', 'acc-cecfb78e-baee-4ded-82f5-8f5f327f6e7a');
INSERT INTO account_operation (id, amount, description, operation_date, type, bank_account_id) VALUES (5230, 306.32, 'Spotify', '2025-12-30 19:56:31', 'DEBIT', 'acc-cecfb78e-baee-4ded-82f5-8f5f327f6e7a');
INSERT INTO account_operation (id, amount, description, operation_date, type, bank_account_id) VALUES (5231, 11270.38, 'Dividend Payout', '2026-03-26 19:56:31', 'CREDIT', 'acc-cecfb78e-baee-4ded-82f5-8f5f327f6e7a');
INSERT INTO account_operation (id, amount, description, operation_date, type, bank_account_id) VALUES (5232, 762.58, 'ONEE Electricity', '2026-02-26 19:56:31', 'DEBIT', 'acc-cecfb78e-baee-4ded-82f5-8f5f327f6e7a');
INSERT INTO account_operation (id, amount, description, operation_date, type, bank_account_id) VALUES (5233, 1486.56, 'ONCF Train', '2026-04-18 19:56:31', 'DEBIT', 'acc-cecfb78e-baee-4ded-82f5-8f5f327f6e7a');
INSERT INTO account_operation (id, amount, description, operation_date, type, bank_account_id) VALUES (5234, 824.71, 'CTM Bus', '2026-01-27 19:56:31', 'DEBIT', 'acc-cecfb78e-baee-4ded-82f5-8f5f327f6e7a');
INSERT INTO account_operation (id, amount, description, operation_date, type, bank_account_id) VALUES (5235, 2934.07, 'Cash Deposit', '2025-12-22 19:56:31', 'CREDIT', 'acc-cecfb78e-baee-4ded-82f5-8f5f327f6e7a');
INSERT INTO account_operation (id, amount, description, operation_date, type, bank_account_id) VALUES (5236, 1211.27, 'Local Cafe', '2026-06-24 19:56:31', 'DEBIT', 'acc-cecfb78e-baee-4ded-82f5-8f5f327f6e7a');
INSERT INTO account_operation (id, amount, description, operation_date, type, bank_account_id) VALUES (5237, 14614.0, 'Dividend Payout', '2026-06-27 19:56:31', 'CREDIT', 'acc-cecfb78e-baee-4ded-82f5-8f5f327f6e7a');
INSERT INTO account_operation (id, amount, description, operation_date, type, bank_account_id) VALUES (5238, 10568.96, 'Salary Deposit', '2025-12-16 19:56:31', 'CREDIT', 'acc-cecfb78e-baee-4ded-82f5-8f5f327f6e7a');
INSERT INTO account_operation (id, amount, description, operation_date, type, bank_account_id) VALUES (5239, 499.05, 'BIM Store', '2026-02-05 19:56:31', 'DEBIT', 'acc-cecfb78e-baee-4ded-82f5-8f5f327f6e7a');

INSERT INTO customer (id, name, email) VALUES (90, 'Nadia El Fassi', 'nadia.el fassi@gmail.com');
INSERT INTO bank_account (id, type, balance, created_at, customer_id, over_draft, interest_rate) VALUES ('acc-44c5986d-c4b2-452d-a0a5-6a57d853215b', 'SAVE', 77822.71, '2025-12-29 19:56:31', 90, NULL, 4.64);
INSERT INTO account_operation (id, amount, description, operation_date, type, bank_account_id) VALUES (5240, 47209.27, 'Initial Account Funding', '2025-12-29 19:56:31', 'CREDIT', 'acc-44c5986d-c4b2-452d-a0a5-6a57d853215b');
INSERT INTO account_operation (id, amount, description, operation_date, type, bank_account_id) VALUES (5241, 1800.22, 'CTM Bus', '2026-05-30 19:56:31', 'DEBIT', 'acc-44c5986d-c4b2-452d-a0a5-6a57d853215b');
INSERT INTO account_operation (id, amount, description, operation_date, type, bank_account_id) VALUES (5242, 1862.22, 'Netflix Subscription', '2026-06-17 19:56:31', 'DEBIT', 'acc-44c5986d-c4b2-452d-a0a5-6a57d853215b');
INSERT INTO account_operation (id, amount, description, operation_date, type, bank_account_id) VALUES (5243, 1962.79, 'CTM Bus', '2026-06-21 19:56:31', 'DEBIT', 'acc-44c5986d-c4b2-452d-a0a5-6a57d853215b');
INSERT INTO account_operation (id, amount, description, operation_date, type, bank_account_id) VALUES (5244, 334.33, 'Decathlon', '2026-03-18 19:56:31', 'DEBIT', 'acc-44c5986d-c4b2-452d-a0a5-6a57d853215b');
INSERT INTO account_operation (id, amount, description, operation_date, type, bank_account_id) VALUES (5245, 369.27, 'ONCF Train', '2026-04-23 19:56:31', 'DEBIT', 'acc-44c5986d-c4b2-452d-a0a5-6a57d853215b');
INSERT INTO account_operation (id, amount, description, operation_date, type, bank_account_id) VALUES (5246, 850.67, 'Decathlon', '2026-03-07 19:56:31', 'DEBIT', 'acc-44c5986d-c4b2-452d-a0a5-6a57d853215b');
INSERT INTO account_operation (id, amount, description, operation_date, type, bank_account_id) VALUES (5247, 1204.19, 'BIM Store', '2026-05-23 19:56:31', 'DEBIT', 'acc-44c5986d-c4b2-452d-a0a5-6a57d853215b');
INSERT INTO account_operation (id, amount, description, operation_date, type, bank_account_id) VALUES (5248, 5920.1, 'Freelance Payment', '2026-01-01 19:56:31', 'CREDIT', 'acc-44c5986d-c4b2-452d-a0a5-6a57d853215b');
INSERT INTO account_operation (id, amount, description, operation_date, type, bank_account_id) VALUES (5249, 1722.22, 'Maroc Telecom', '2026-06-01 19:56:31', 'DEBIT', 'acc-44c5986d-c4b2-452d-a0a5-6a57d853215b');
INSERT INTO account_operation (id, amount, description, operation_date, type, bank_account_id) VALUES (5250, 1484.58, 'Zara', '2026-02-12 19:56:31', 'DEBIT', 'acc-44c5986d-c4b2-452d-a0a5-6a57d853215b');
INSERT INTO account_operation (id, amount, description, operation_date, type, bank_account_id) VALUES (5251, 1133.47, 'Marjane Supermarket', '2026-01-20 19:56:31', 'DEBIT', 'acc-44c5986d-c4b2-452d-a0a5-6a57d853215b');
INSERT INTO account_operation (id, amount, description, operation_date, type, bank_account_id) VALUES (5252, 1886.49, 'Amendis', '2026-01-23 19:56:31', 'DEBIT', 'acc-44c5986d-c4b2-452d-a0a5-6a57d853215b');
INSERT INTO account_operation (id, amount, description, operation_date, type, bank_account_id) VALUES (5253, 4600.34, 'Freelance Payment', '2026-03-25 19:56:31', 'CREDIT', 'acc-44c5986d-c4b2-452d-a0a5-6a57d853215b');
INSERT INTO account_operation (id, amount, description, operation_date, type, bank_account_id) VALUES (5254, 1250.9, 'ONEE Electricity', '2026-03-13 19:56:31', 'DEBIT', 'acc-44c5986d-c4b2-452d-a0a5-6a57d853215b');
INSERT INTO account_operation (id, amount, description, operation_date, type, bank_account_id) VALUES (5255, 842.44, 'Zara', '2026-02-07 19:56:31', 'DEBIT', 'acc-44c5986d-c4b2-452d-a0a5-6a57d853215b');
INSERT INTO account_operation (id, amount, description, operation_date, type, bank_account_id) VALUES (5256, 1367.98, 'Spotify', '2026-04-16 19:56:31', 'DEBIT', 'acc-44c5986d-c4b2-452d-a0a5-6a57d853215b');
INSERT INTO account_operation (id, amount, description, operation_date, type, bank_account_id) VALUES (5257, 1922.34, 'LC Waikiki', '2026-03-11 19:56:31', 'DEBIT', 'acc-44c5986d-c4b2-452d-a0a5-6a57d853215b');
INSERT INTO account_operation (id, amount, description, operation_date, type, bank_account_id) VALUES (5258, 888.11, 'Netflix Subscription', '2026-03-17 19:56:31', 'DEBIT', 'acc-44c5986d-c4b2-452d-a0a5-6a57d853215b');
INSERT INTO account_operation (id, amount, description, operation_date, type, bank_account_id) VALUES (5259, 969.79, 'Pharmacy', '2026-03-08 19:56:31', 'DEBIT', 'acc-44c5986d-c4b2-452d-a0a5-6a57d853215b');
INSERT INTO account_operation (id, amount, description, operation_date, type, bank_account_id) VALUES (5260, 14296.93, 'Salary Deposit', '2026-01-26 19:56:31', 'CREDIT', 'acc-44c5986d-c4b2-452d-a0a5-6a57d853215b');
INSERT INTO account_operation (id, amount, description, operation_date, type, bank_account_id) VALUES (5261, 10980.52, 'Cash Deposit', '2026-04-26 19:56:31', 'CREDIT', 'acc-44c5986d-c4b2-452d-a0a5-6a57d853215b');
INSERT INTO account_operation (id, amount, description, operation_date, type, bank_account_id) VALUES (5262, 5449.3, 'Transfer Received', '2026-02-17 19:56:31', 'CREDIT', 'acc-44c5986d-c4b2-452d-a0a5-6a57d853215b');
INSERT INTO account_operation (id, amount, description, operation_date, type, bank_account_id) VALUES (5263, 2171.76, 'Freelance Payment', '2026-02-19 19:56:31', 'CREDIT', 'acc-44c5986d-c4b2-452d-a0a5-6a57d853215b');
INSERT INTO account_operation (id, amount, description, operation_date, type, bank_account_id) VALUES (5264, 1711.12, 'Redal', '2026-04-21 19:56:31', 'DEBIT', 'acc-44c5986d-c4b2-452d-a0a5-6a57d853215b');
INSERT INTO account_operation (id, amount, description, operation_date, type, bank_account_id) VALUES (5265, 12054.7, 'Dividend Payout', '2026-01-15 19:56:31', 'CREDIT', 'acc-44c5986d-c4b2-452d-a0a5-6a57d853215b');
INSERT INTO account_operation (id, amount, description, operation_date, type, bank_account_id) VALUES (5266, 1297.08, 'ONEE Electricity', '2026-03-06 19:56:31', 'DEBIT', 'acc-44c5986d-c4b2-452d-a0a5-6a57d853215b');
INSERT INTO bank_account (id, type, balance, created_at, customer_id, over_draft, interest_rate) VALUES ('acc-69acebb0-6262-44b2-bdd8-be6f3f871091', 'SAVE', 109619.08, '2025-08-22 19:56:31', 90, NULL, 4.28);
INSERT INTO account_operation (id, amount, description, operation_date, type, bank_account_id) VALUES (5267, 26867.03, 'Initial Account Funding', '2025-08-22 19:56:31', 'CREDIT', 'acc-69acebb0-6262-44b2-bdd8-be6f3f871091');
INSERT INTO account_operation (id, amount, description, operation_date, type, bank_account_id) VALUES (5268, 1510.2, 'Netflix Subscription', '2026-06-27 19:56:31', 'DEBIT', 'acc-69acebb0-6262-44b2-bdd8-be6f3f871091');
INSERT INTO account_operation (id, amount, description, operation_date, type, bank_account_id) VALUES (5269, 7997.79, 'Freelance Payment', '2025-11-27 19:56:31', 'CREDIT', 'acc-69acebb0-6262-44b2-bdd8-be6f3f871091');
INSERT INTO account_operation (id, amount, description, operation_date, type, bank_account_id) VALUES (5270, 702.36, 'Redal', '2026-01-05 19:56:31', 'DEBIT', 'acc-69acebb0-6262-44b2-bdd8-be6f3f871091');
INSERT INTO account_operation (id, amount, description, operation_date, type, bank_account_id) VALUES (5271, 599.8, 'BIM Store', '2026-06-09 19:56:31', 'DEBIT', 'acc-69acebb0-6262-44b2-bdd8-be6f3f871091');
INSERT INTO account_operation (id, amount, description, operation_date, type, bank_account_id) VALUES (5272, 1465.46, 'Zara', '2026-02-25 19:56:31', 'DEBIT', 'acc-69acebb0-6262-44b2-bdd8-be6f3f871091');
INSERT INTO account_operation (id, amount, description, operation_date, type, bank_account_id) VALUES (5273, 2171.95, 'Cash Deposit', '2025-10-24 19:56:31', 'CREDIT', 'acc-69acebb0-6262-44b2-bdd8-be6f3f871091');
INSERT INTO account_operation (id, amount, description, operation_date, type, bank_account_id) VALUES (5274, 63.51, 'ONEE Electricity', '2025-10-02 19:56:31', 'DEBIT', 'acc-69acebb0-6262-44b2-bdd8-be6f3f871091');
INSERT INTO account_operation (id, amount, description, operation_date, type, bank_account_id) VALUES (5275, 1246.41, 'Amendis', '2025-09-06 19:56:31', 'DEBIT', 'acc-69acebb0-6262-44b2-bdd8-be6f3f871091');
INSERT INTO account_operation (id, amount, description, operation_date, type, bank_account_id) VALUES (5276, 543.86, 'Carrefour', '2025-12-24 19:56:31', 'DEBIT', 'acc-69acebb0-6262-44b2-bdd8-be6f3f871091');
INSERT INTO account_operation (id, amount, description, operation_date, type, bank_account_id) VALUES (5277, 1532.46, 'Pharmacy', '2026-01-14 19:56:31', 'DEBIT', 'acc-69acebb0-6262-44b2-bdd8-be6f3f871091');
INSERT INTO account_operation (id, amount, description, operation_date, type, bank_account_id) VALUES (5278, 4401.71, 'Dividend Payout', '2025-11-24 19:56:31', 'CREDIT', 'acc-69acebb0-6262-44b2-bdd8-be6f3f871091');
INSERT INTO account_operation (id, amount, description, operation_date, type, bank_account_id) VALUES (5279, 1801.69, 'Dividend Payout', '2025-12-27 19:56:31', 'CREDIT', 'acc-69acebb0-6262-44b2-bdd8-be6f3f871091');
INSERT INTO account_operation (id, amount, description, operation_date, type, bank_account_id) VALUES (5280, 1456.85, 'BIM Store', '2025-10-09 19:56:31', 'DEBIT', 'acc-69acebb0-6262-44b2-bdd8-be6f3f871091');
INSERT INTO account_operation (id, amount, description, operation_date, type, bank_account_id) VALUES (5281, 1826.88, 'Amendis', '2026-04-15 19:56:31', 'DEBIT', 'acc-69acebb0-6262-44b2-bdd8-be6f3f871091');
INSERT INTO account_operation (id, amount, description, operation_date, type, bank_account_id) VALUES (5282, 9347.7, 'Dividend Payout', '2025-12-22 19:56:31', 'CREDIT', 'acc-69acebb0-6262-44b2-bdd8-be6f3f871091');
INSERT INTO account_operation (id, amount, description, operation_date, type, bank_account_id) VALUES (5283, 1095.24, 'Carrefour', '2025-10-14 19:56:31', 'DEBIT', 'acc-69acebb0-6262-44b2-bdd8-be6f3f871091');
INSERT INTO account_operation (id, amount, description, operation_date, type, bank_account_id) VALUES (5284, 13259.79, 'Cash Deposit', '2026-05-14 19:56:31', 'CREDIT', 'acc-69acebb0-6262-44b2-bdd8-be6f3f871091');
INSERT INTO account_operation (id, amount, description, operation_date, type, bank_account_id) VALUES (5285, 11984.4, 'Freelance Payment', '2026-06-24 19:56:31', 'CREDIT', 'acc-69acebb0-6262-44b2-bdd8-be6f3f871091');
INSERT INTO account_operation (id, amount, description, operation_date, type, bank_account_id) VALUES (5286, 225.31, 'Local Cafe', '2026-06-16 19:56:31', 'DEBIT', 'acc-69acebb0-6262-44b2-bdd8-be6f3f871091');
INSERT INTO account_operation (id, amount, description, operation_date, type, bank_account_id) VALUES (5287, 4294.63, 'Transfer Received', '2026-05-29 19:56:31', 'CREDIT', 'acc-69acebb0-6262-44b2-bdd8-be6f3f871091');
INSERT INTO account_operation (id, amount, description, operation_date, type, bank_account_id) VALUES (5288, 82.58, 'Decathlon', '2025-12-29 19:56:31', 'DEBIT', 'acc-69acebb0-6262-44b2-bdd8-be6f3f871091');
INSERT INTO account_operation (id, amount, description, operation_date, type, bank_account_id) VALUES (5289, 1876.91, 'Pharmacy', '2026-02-08 19:56:31', 'DEBIT', 'acc-69acebb0-6262-44b2-bdd8-be6f3f871091');
INSERT INTO account_operation (id, amount, description, operation_date, type, bank_account_id) VALUES (5290, 7819.08, 'Transfer Received', '2026-05-17 19:56:31', 'CREDIT', 'acc-69acebb0-6262-44b2-bdd8-be6f3f871091');
INSERT INTO account_operation (id, amount, description, operation_date, type, bank_account_id) VALUES (5291, 62.0, 'ONEE Electricity', '2026-03-10 19:56:31', 'DEBIT', 'acc-69acebb0-6262-44b2-bdd8-be6f3f871091');
INSERT INTO account_operation (id, amount, description, operation_date, type, bank_account_id) VALUES (5292, 347.82, 'Orange', '2026-02-20 19:56:31', 'DEBIT', 'acc-69acebb0-6262-44b2-bdd8-be6f3f871091');
INSERT INTO account_operation (id, amount, description, operation_date, type, bank_account_id) VALUES (5293, 14897.83, 'Dividend Payout', '2026-06-13 19:56:31', 'CREDIT', 'acc-69acebb0-6262-44b2-bdd8-be6f3f871091');
INSERT INTO account_operation (id, amount, description, operation_date, type, bank_account_id) VALUES (5294, 13266.58, 'Freelance Payment', '2026-05-04 19:56:31', 'CREDIT', 'acc-69acebb0-6262-44b2-bdd8-be6f3f871091');
INSERT INTO account_operation (id, amount, description, operation_date, type, bank_account_id) VALUES (5295, 489.73, 'Decathlon', '2026-05-19 19:56:31', 'DEBIT', 'acc-69acebb0-6262-44b2-bdd8-be6f3f871091');
INSERT INTO account_operation (id, amount, description, operation_date, type, bank_account_id) VALUES (5296, 93.22, 'CTM Bus', '2025-12-25 19:56:31', 'DEBIT', 'acc-69acebb0-6262-44b2-bdd8-be6f3f871091');
INSERT INTO account_operation (id, amount, description, operation_date, type, bank_account_id) VALUES (5297, 1430.68, 'Marjane Supermarket', '2025-10-23 19:56:31', 'DEBIT', 'acc-69acebb0-6262-44b2-bdd8-be6f3f871091');
INSERT INTO account_operation (id, amount, description, operation_date, type, bank_account_id) VALUES (5298, 564.99, 'CTM Bus', '2026-04-20 19:56:31', 'DEBIT', 'acc-69acebb0-6262-44b2-bdd8-be6f3f871091');
INSERT INTO account_operation (id, amount, description, operation_date, type, bank_account_id) VALUES (5299, 8725.17, 'Transfer Received', '2026-03-02 19:56:31', 'CREDIT', 'acc-69acebb0-6262-44b2-bdd8-be6f3f871091');
INSERT INTO bank_account (id, type, balance, created_at, customer_id, over_draft, interest_rate) VALUES ('acc-cc4f7df2-d242-4cf8-8d40-c0fd6ceeef90', 'CURR', 77314.15, '2026-03-14 19:56:31', 90, 3509.42, NULL);
INSERT INTO account_operation (id, amount, description, operation_date, type, bank_account_id) VALUES (5300, 15848.93, 'Initial Account Funding', '2026-03-14 19:56:31', 'CREDIT', 'acc-cc4f7df2-d242-4cf8-8d40-c0fd6ceeef90');
INSERT INTO account_operation (id, amount, description, operation_date, type, bank_account_id) VALUES (5301, 650.58, 'Maroc Telecom', '2026-05-22 19:56:31', 'DEBIT', 'acc-cc4f7df2-d242-4cf8-8d40-c0fd6ceeef90');
INSERT INTO account_operation (id, amount, description, operation_date, type, bank_account_id) VALUES (5302, 180.3, 'Netflix Subscription', '2026-04-11 19:56:31', 'DEBIT', 'acc-cc4f7df2-d242-4cf8-8d40-c0fd6ceeef90');
INSERT INTO account_operation (id, amount, description, operation_date, type, bank_account_id) VALUES (5303, 438.6, 'Spotify', '2026-04-12 19:56:31', 'DEBIT', 'acc-cc4f7df2-d242-4cf8-8d40-c0fd6ceeef90');
INSERT INTO account_operation (id, amount, description, operation_date, type, bank_account_id) VALUES (5304, 1277.55, 'ONEE Electricity', '2026-05-18 19:56:31', 'DEBIT', 'acc-cc4f7df2-d242-4cf8-8d40-c0fd6ceeef90');
INSERT INTO account_operation (id, amount, description, operation_date, type, bank_account_id) VALUES (5305, 148.08, 'Spotify', '2026-03-27 19:56:31', 'DEBIT', 'acc-cc4f7df2-d242-4cf8-8d40-c0fd6ceeef90');
INSERT INTO account_operation (id, amount, description, operation_date, type, bank_account_id) VALUES (5306, 14627.09, 'Freelance Payment', '2026-05-09 19:56:31', 'CREDIT', 'acc-cc4f7df2-d242-4cf8-8d40-c0fd6ceeef90');
INSERT INTO account_operation (id, amount, description, operation_date, type, bank_account_id) VALUES (5307, 1328.89, 'Pharmacy', '2026-03-14 19:56:31', 'DEBIT', 'acc-cc4f7df2-d242-4cf8-8d40-c0fd6ceeef90');
INSERT INTO account_operation (id, amount, description, operation_date, type, bank_account_id) VALUES (5308, 154.61, 'Pharmacy', '2026-04-12 19:56:31', 'DEBIT', 'acc-cc4f7df2-d242-4cf8-8d40-c0fd6ceeef90');
INSERT INTO account_operation (id, amount, description, operation_date, type, bank_account_id) VALUES (5309, 263.36, 'Amendis', '2026-06-15 19:56:31', 'DEBIT', 'acc-cc4f7df2-d242-4cf8-8d40-c0fd6ceeef90');
INSERT INTO account_operation (id, amount, description, operation_date, type, bank_account_id) VALUES (5310, 550.35, 'Redal', '2026-06-07 19:56:31', 'DEBIT', 'acc-cc4f7df2-d242-4cf8-8d40-c0fd6ceeef90');
INSERT INTO account_operation (id, amount, description, operation_date, type, bank_account_id) VALUES (5311, 8730.72, 'Transfer Received', '2026-04-19 19:56:31', 'CREDIT', 'acc-cc4f7df2-d242-4cf8-8d40-c0fd6ceeef90');
INSERT INTO account_operation (id, amount, description, operation_date, type, bank_account_id) VALUES (5312, 8057.73, 'Cash Deposit', '2026-05-23 19:56:31', 'CREDIT', 'acc-cc4f7df2-d242-4cf8-8d40-c0fd6ceeef90');
INSERT INTO account_operation (id, amount, description, operation_date, type, bank_account_id) VALUES (5313, 1918.11, 'Redal', '2026-04-26 19:56:31', 'DEBIT', 'acc-cc4f7df2-d242-4cf8-8d40-c0fd6ceeef90');
INSERT INTO account_operation (id, amount, description, operation_date, type, bank_account_id) VALUES (5314, 1952.0, 'Marjane Supermarket', '2026-04-18 19:56:31', 'DEBIT', 'acc-cc4f7df2-d242-4cf8-8d40-c0fd6ceeef90');
INSERT INTO account_operation (id, amount, description, operation_date, type, bank_account_id) VALUES (5315, 1394.88, 'BIM Store', '2026-06-19 19:56:31', 'DEBIT', 'acc-cc4f7df2-d242-4cf8-8d40-c0fd6ceeef90');
INSERT INTO account_operation (id, amount, description, operation_date, type, bank_account_id) VALUES (5316, 814.57, 'Spotify', '2026-05-07 19:56:31', 'DEBIT', 'acc-cc4f7df2-d242-4cf8-8d40-c0fd6ceeef90');
INSERT INTO account_operation (id, amount, description, operation_date, type, bank_account_id) VALUES (5317, 1419.99, 'Redal', '2026-05-18 19:56:31', 'DEBIT', 'acc-cc4f7df2-d242-4cf8-8d40-c0fd6ceeef90');
INSERT INTO account_operation (id, amount, description, operation_date, type, bank_account_id) VALUES (5318, 1540.9, 'Marjane Supermarket', '2026-06-14 19:56:31', 'DEBIT', 'acc-cc4f7df2-d242-4cf8-8d40-c0fd6ceeef90');
INSERT INTO account_operation (id, amount, description, operation_date, type, bank_account_id) VALUES (5319, 79.18, 'Zara', '2026-03-19 19:56:31', 'DEBIT', 'acc-cc4f7df2-d242-4cf8-8d40-c0fd6ceeef90');
INSERT INTO account_operation (id, amount, description, operation_date, type, bank_account_id) VALUES (5320, 1677.49, 'LC Waikiki', '2026-06-27 19:56:31', 'DEBIT', 'acc-cc4f7df2-d242-4cf8-8d40-c0fd6ceeef90');
INSERT INTO account_operation (id, amount, description, operation_date, type, bank_account_id) VALUES (5321, 13522.52, 'Dividend Payout', '2026-04-11 19:56:31', 'CREDIT', 'acc-cc4f7df2-d242-4cf8-8d40-c0fd6ceeef90');
INSERT INTO account_operation (id, amount, description, operation_date, type, bank_account_id) VALUES (5322, 406.04, 'Restaurant', '2026-05-21 19:56:31', 'DEBIT', 'acc-cc4f7df2-d242-4cf8-8d40-c0fd6ceeef90');
INSERT INTO account_operation (id, amount, description, operation_date, type, bank_account_id) VALUES (5323, 6959.55, 'Cash Deposit', '2026-06-05 19:56:31', 'CREDIT', 'acc-cc4f7df2-d242-4cf8-8d40-c0fd6ceeef90');
INSERT INTO account_operation (id, amount, description, operation_date, type, bank_account_id) VALUES (5324, 1491.48, 'Carrefour', '2026-04-07 19:56:31', 'DEBIT', 'acc-cc4f7df2-d242-4cf8-8d40-c0fd6ceeef90');
INSERT INTO account_operation (id, amount, description, operation_date, type, bank_account_id) VALUES (5325, 11920.06, 'Salary Deposit', '2026-06-06 19:56:31', 'CREDIT', 'acc-cc4f7df2-d242-4cf8-8d40-c0fd6ceeef90');
INSERT INTO account_operation (id, amount, description, operation_date, type, bank_account_id) VALUES (5326, 6980.38, 'Salary Deposit', '2026-03-28 19:56:31', 'CREDIT', 'acc-cc4f7df2-d242-4cf8-8d40-c0fd6ceeef90');
INSERT INTO account_operation (id, amount, description, operation_date, type, bank_account_id) VALUES (5327, 1131.28, 'Redal', '2026-05-24 19:56:31', 'DEBIT', 'acc-cc4f7df2-d242-4cf8-8d40-c0fd6ceeef90');
INSERT INTO account_operation (id, amount, description, operation_date, type, bank_account_id) VALUES (5328, 1417.98, 'BIM Store', '2026-04-30 19:56:31', 'DEBIT', 'acc-cc4f7df2-d242-4cf8-8d40-c0fd6ceeef90');
INSERT INTO account_operation (id, amount, description, operation_date, type, bank_account_id) VALUES (5329, 133.55, 'Pharmacy', '2026-05-26 19:56:31', 'DEBIT', 'acc-cc4f7df2-d242-4cf8-8d40-c0fd6ceeef90');
INSERT INTO account_operation (id, amount, description, operation_date, type, bank_account_id) VALUES (5330, 699.98, 'CTM Bus', '2026-04-03 19:56:31', 'DEBIT', 'acc-cc4f7df2-d242-4cf8-8d40-c0fd6ceeef90');
INSERT INTO account_operation (id, amount, description, operation_date, type, bank_account_id) VALUES (5331, 772.4, 'Inwi', '2026-05-06 19:56:31', 'DEBIT', 'acc-cc4f7df2-d242-4cf8-8d40-c0fd6ceeef90');
INSERT INTO account_operation (id, amount, description, operation_date, type, bank_account_id) VALUES (5332, 12194.22, 'Salary Deposit', '2026-06-28 19:56:31', 'CREDIT', 'acc-cc4f7df2-d242-4cf8-8d40-c0fd6ceeef90');
INSERT INTO account_operation (id, amount, description, operation_date, type, bank_account_id) VALUES (5333, 2735.73, 'Transfer Received', '2026-05-23 19:56:31', 'CREDIT', 'acc-cc4f7df2-d242-4cf8-8d40-c0fd6ceeef90');
INSERT INTO account_operation (id, amount, description, operation_date, type, bank_account_id) VALUES (5334, 654.44, 'ONCF Train', '2026-06-27 19:56:31', 'DEBIT', 'acc-cc4f7df2-d242-4cf8-8d40-c0fd6ceeef90');
INSERT INTO account_operation (id, amount, description, operation_date, type, bank_account_id) VALUES (5335, 1153.26, 'LC Waikiki', '2026-03-17 19:56:31', 'DEBIT', 'acc-cc4f7df2-d242-4cf8-8d40-c0fd6ceeef90');
INSERT INTO account_operation (id, amount, description, operation_date, type, bank_account_id) VALUES (5336, 891.78, 'Pharmacy', '2026-03-31 19:56:31', 'DEBIT', 'acc-cc4f7df2-d242-4cf8-8d40-c0fd6ceeef90');
INSERT INTO account_operation (id, amount, description, operation_date, type, bank_account_id) VALUES (5337, 1860.7, 'Amendis', '2026-04-09 19:56:31', 'DEBIT', 'acc-cc4f7df2-d242-4cf8-8d40-c0fd6ceeef90');
INSERT INTO account_operation (id, amount, description, operation_date, type, bank_account_id) VALUES (5338, 1459.81, 'ONEE Electricity', '2026-06-10 19:56:31', 'DEBIT', 'acc-cc4f7df2-d242-4cf8-8d40-c0fd6ceeef90');
INSERT INTO account_operation (id, amount, description, operation_date, type, bank_account_id) VALUES (5339, 39.27, 'LC Waikiki', '2026-03-20 19:56:31', 'DEBIT', 'acc-cc4f7df2-d242-4cf8-8d40-c0fd6ceeef90');
INSERT INTO account_operation (id, amount, description, operation_date, type, bank_account_id) VALUES (5340, 1867.15, 'Orange', '2026-03-31 19:56:31', 'DEBIT', 'acc-cc4f7df2-d242-4cf8-8d40-c0fd6ceeef90');
INSERT INTO account_operation (id, amount, description, operation_date, type, bank_account_id) VALUES (5341, 95.75, 'LC Waikiki', '2026-06-28 19:56:31', 'DEBIT', 'acc-cc4f7df2-d242-4cf8-8d40-c0fd6ceeef90');
INSERT INTO account_operation (id, amount, description, operation_date, type, bank_account_id) VALUES (5342, 1513.36, 'Local Cafe', '2026-05-08 19:56:31', 'DEBIT', 'acc-cc4f7df2-d242-4cf8-8d40-c0fd6ceeef90');
INSERT INTO account_operation (id, amount, description, operation_date, type, bank_account_id) VALUES (5343, 1146.55, 'Netflix Subscription', '2026-05-07 19:56:31', 'DEBIT', 'acc-cc4f7df2-d242-4cf8-8d40-c0fd6ceeef90');
INSERT INTO account_operation (id, amount, description, operation_date, type, bank_account_id) VALUES (5344, 9000.19, 'Freelance Payment', '2026-03-31 19:56:31', 'CREDIT', 'acc-cc4f7df2-d242-4cf8-8d40-c0fd6ceeef90');
INSERT INTO account_operation (id, amount, description, operation_date, type, bank_account_id) VALUES (5345, 1946.4, 'Restaurant', '2026-06-05 19:56:31', 'DEBIT', 'acc-cc4f7df2-d242-4cf8-8d40-c0fd6ceeef90');
INSERT INTO account_operation (id, amount, description, operation_date, type, bank_account_id) VALUES (5346, 2173.08, 'Freelance Payment', '2026-04-04 19:56:31', 'CREDIT', 'acc-cc4f7df2-d242-4cf8-8d40-c0fd6ceeef90');
INSERT INTO account_operation (id, amount, description, operation_date, type, bank_account_id) VALUES (5347, 648.82, 'Netflix Subscription', '2026-06-19 19:56:31', 'DEBIT', 'acc-cc4f7df2-d242-4cf8-8d40-c0fd6ceeef90');
INSERT INTO account_operation (id, amount, description, operation_date, type, bank_account_id) VALUES (5348, 316.61, 'Spotify', '2026-05-31 19:56:31', 'DEBIT', 'acc-cc4f7df2-d242-4cf8-8d40-c0fd6ceeef90');

INSERT INTO customer (id, name, email) VALUES (91, 'Nadia Bennis', 'nadia.bennis@gmail.com');
INSERT INTO bank_account (id, type, balance, created_at, customer_id, over_draft, interest_rate) VALUES ('acc-0835074b-0804-4067-a296-d33c3fb5c4ce', 'CURR', 163597.68, '2026-05-02 19:56:31', 91, 4716.95, NULL);
INSERT INTO account_operation (id, amount, description, operation_date, type, bank_account_id) VALUES (5349, 25203.47, 'Initial Account Funding', '2026-05-02 19:56:31', 'CREDIT', 'acc-0835074b-0804-4067-a296-d33c3fb5c4ce');
INSERT INTO account_operation (id, amount, description, operation_date, type, bank_account_id) VALUES (5350, 537.77, 'LC Waikiki', '2026-05-10 19:56:31', 'DEBIT', 'acc-0835074b-0804-4067-a296-d33c3fb5c4ce');
INSERT INTO account_operation (id, amount, description, operation_date, type, bank_account_id) VALUES (5351, 1343.69, 'Spotify', '2026-05-30 19:56:31', 'DEBIT', 'acc-0835074b-0804-4067-a296-d33c3fb5c4ce');
INSERT INTO account_operation (id, amount, description, operation_date, type, bank_account_id) VALUES (5352, 10083.76, 'Salary Deposit', '2026-05-19 19:56:31', 'CREDIT', 'acc-0835074b-0804-4067-a296-d33c3fb5c4ce');
INSERT INTO account_operation (id, amount, description, operation_date, type, bank_account_id) VALUES (5353, 6881.93, 'Salary Deposit', '2026-05-13 19:56:31', 'CREDIT', 'acc-0835074b-0804-4067-a296-d33c3fb5c4ce');
INSERT INTO account_operation (id, amount, description, operation_date, type, bank_account_id) VALUES (5354, 1558.26, 'Salary Deposit', '2026-05-25 19:56:31', 'CREDIT', 'acc-0835074b-0804-4067-a296-d33c3fb5c4ce');
INSERT INTO account_operation (id, amount, description, operation_date, type, bank_account_id) VALUES (5355, 649.85, 'Pharmacy', '2026-05-12 19:56:31', 'DEBIT', 'acc-0835074b-0804-4067-a296-d33c3fb5c4ce');
INSERT INTO account_operation (id, amount, description, operation_date, type, bank_account_id) VALUES (5356, 13058.39, 'Cash Deposit', '2026-05-07 19:56:31', 'CREDIT', 'acc-0835074b-0804-4067-a296-d33c3fb5c4ce');
INSERT INTO account_operation (id, amount, description, operation_date, type, bank_account_id) VALUES (5357, 5044.08, 'Transfer Received', '2026-06-07 19:56:31', 'CREDIT', 'acc-0835074b-0804-4067-a296-d33c3fb5c4ce');
INSERT INTO account_operation (id, amount, description, operation_date, type, bank_account_id) VALUES (5358, 7555.77, 'Freelance Payment', '2026-05-12 19:56:31', 'CREDIT', 'acc-0835074b-0804-4067-a296-d33c3fb5c4ce');
INSERT INTO account_operation (id, amount, description, operation_date, type, bank_account_id) VALUES (5359, 232.09, 'Carrefour', '2026-05-16 19:56:31', 'DEBIT', 'acc-0835074b-0804-4067-a296-d33c3fb5c4ce');
INSERT INTO account_operation (id, amount, description, operation_date, type, bank_account_id) VALUES (5360, 649.71, 'CTM Bus', '2026-06-13 19:56:31', 'DEBIT', 'acc-0835074b-0804-4067-a296-d33c3fb5c4ce');
INSERT INTO account_operation (id, amount, description, operation_date, type, bank_account_id) VALUES (5361, 10724.5, 'Cash Deposit', '2026-05-05 19:56:31', 'CREDIT', 'acc-0835074b-0804-4067-a296-d33c3fb5c4ce');
INSERT INTO account_operation (id, amount, description, operation_date, type, bank_account_id) VALUES (5362, 1409.98, 'Restaurant', '2026-06-24 19:56:31', 'DEBIT', 'acc-0835074b-0804-4067-a296-d33c3fb5c4ce');
INSERT INTO account_operation (id, amount, description, operation_date, type, bank_account_id) VALUES (5363, 4410.6, 'Freelance Payment', '2026-05-20 19:56:31', 'CREDIT', 'acc-0835074b-0804-4067-a296-d33c3fb5c4ce');
INSERT INTO account_operation (id, amount, description, operation_date, type, bank_account_id) VALUES (5364, 44.72, 'Maroc Telecom', '2026-06-21 19:56:31', 'DEBIT', 'acc-0835074b-0804-4067-a296-d33c3fb5c4ce');
INSERT INTO account_operation (id, amount, description, operation_date, type, bank_account_id) VALUES (5365, 8056.95, 'Transfer Received', '2026-06-29 19:56:31', 'CREDIT', 'acc-0835074b-0804-4067-a296-d33c3fb5c4ce');
INSERT INTO account_operation (id, amount, description, operation_date, type, bank_account_id) VALUES (5366, 1532.24, 'Zara', '2026-06-01 19:56:31', 'DEBIT', 'acc-0835074b-0804-4067-a296-d33c3fb5c4ce');
INSERT INTO account_operation (id, amount, description, operation_date, type, bank_account_id) VALUES (5367, 44.12, 'LC Waikiki', '2026-05-29 19:56:31', 'DEBIT', 'acc-0835074b-0804-4067-a296-d33c3fb5c4ce');
INSERT INTO account_operation (id, amount, description, operation_date, type, bank_account_id) VALUES (5368, 4727.03, 'Cash Deposit', '2026-06-11 19:56:31', 'CREDIT', 'acc-0835074b-0804-4067-a296-d33c3fb5c4ce');
INSERT INTO account_operation (id, amount, description, operation_date, type, bank_account_id) VALUES (5369, 4393.63, 'Cash Deposit', '2026-06-19 19:56:31', 'CREDIT', 'acc-0835074b-0804-4067-a296-d33c3fb5c4ce');
INSERT INTO account_operation (id, amount, description, operation_date, type, bank_account_id) VALUES (5370, 1964.68, 'Netflix Subscription', '2026-06-09 19:56:31', 'DEBIT', 'acc-0835074b-0804-4067-a296-d33c3fb5c4ce');
INSERT INTO account_operation (id, amount, description, operation_date, type, bank_account_id) VALUES (5371, 781.19, 'Orange', '2026-05-27 19:56:31', 'DEBIT', 'acc-0835074b-0804-4067-a296-d33c3fb5c4ce');
INSERT INTO account_operation (id, amount, description, operation_date, type, bank_account_id) VALUES (5372, 10392.6, 'Freelance Payment', '2026-05-30 19:56:31', 'CREDIT', 'acc-0835074b-0804-4067-a296-d33c3fb5c4ce');
INSERT INTO account_operation (id, amount, description, operation_date, type, bank_account_id) VALUES (5373, 1609.14, 'Restaurant', '2026-06-16 19:56:31', 'DEBIT', 'acc-0835074b-0804-4067-a296-d33c3fb5c4ce');
INSERT INTO account_operation (id, amount, description, operation_date, type, bank_account_id) VALUES (5374, 13100.24, 'Transfer Received', '2026-06-29 19:56:31', 'CREDIT', 'acc-0835074b-0804-4067-a296-d33c3fb5c4ce');
INSERT INTO account_operation (id, amount, description, operation_date, type, bank_account_id) VALUES (5375, 9175.82, 'Salary Deposit', '2026-05-07 19:56:31', 'CREDIT', 'acc-0835074b-0804-4067-a296-d33c3fb5c4ce');
INSERT INTO account_operation (id, amount, description, operation_date, type, bank_account_id) VALUES (5376, 446.47, 'Spotify', '2026-06-01 19:56:31', 'DEBIT', 'acc-0835074b-0804-4067-a296-d33c3fb5c4ce');
INSERT INTO account_operation (id, amount, description, operation_date, type, bank_account_id) VALUES (5377, 8647.41, 'Freelance Payment', '2026-05-05 19:56:31', 'CREDIT', 'acc-0835074b-0804-4067-a296-d33c3fb5c4ce');
INSERT INTO account_operation (id, amount, description, operation_date, type, bank_account_id) VALUES (5378, 658.93, 'Restaurant', '2026-05-14 19:56:31', 'DEBIT', 'acc-0835074b-0804-4067-a296-d33c3fb5c4ce');
INSERT INTO account_operation (id, amount, description, operation_date, type, bank_account_id) VALUES (5379, 786.1, 'Pharmacy', '2026-06-23 19:56:31', 'DEBIT', 'acc-0835074b-0804-4067-a296-d33c3fb5c4ce');
INSERT INTO account_operation (id, amount, description, operation_date, type, bank_account_id) VALUES (5380, 1654.0, 'Orange', '2026-06-13 19:56:31', 'DEBIT', 'acc-0835074b-0804-4067-a296-d33c3fb5c4ce');
INSERT INTO account_operation (id, amount, description, operation_date, type, bank_account_id) VALUES (5381, 64.75, 'LC Waikiki', '2026-05-17 19:56:31', 'DEBIT', 'acc-0835074b-0804-4067-a296-d33c3fb5c4ce');
INSERT INTO account_operation (id, amount, description, operation_date, type, bank_account_id) VALUES (5382, 576.59, 'Amendis', '2026-05-24 19:56:31', 'DEBIT', 'acc-0835074b-0804-4067-a296-d33c3fb5c4ce');
INSERT INTO account_operation (id, amount, description, operation_date, type, bank_account_id) VALUES (5383, 1602.54, 'Local Cafe', '2026-05-25 19:56:31', 'DEBIT', 'acc-0835074b-0804-4067-a296-d33c3fb5c4ce');
INSERT INTO account_operation (id, amount, description, operation_date, type, bank_account_id) VALUES (5384, 1086.89, 'Amendis', '2026-05-19 19:56:31', 'DEBIT', 'acc-0835074b-0804-4067-a296-d33c3fb5c4ce');
INSERT INTO account_operation (id, amount, description, operation_date, type, bank_account_id) VALUES (5385, 12966.0, 'Salary Deposit', '2026-05-29 19:56:31', 'CREDIT', 'acc-0835074b-0804-4067-a296-d33c3fb5c4ce');
INSERT INTO account_operation (id, amount, description, operation_date, type, bank_account_id) VALUES (5386, 9715.35, 'Transfer Received', '2026-05-27 19:56:31', 'CREDIT', 'acc-0835074b-0804-4067-a296-d33c3fb5c4ce');
INSERT INTO account_operation (id, amount, description, operation_date, type, bank_account_id) VALUES (5387, 734.94, 'Inwi', '2026-06-06 19:56:31', 'DEBIT', 'acc-0835074b-0804-4067-a296-d33c3fb5c4ce');
INSERT INTO account_operation (id, amount, description, operation_date, type, bank_account_id) VALUES (5388, 1695.13, 'Inwi', '2026-06-29 19:56:31', 'DEBIT', 'acc-0835074b-0804-4067-a296-d33c3fb5c4ce');
INSERT INTO account_operation (id, amount, description, operation_date, type, bank_account_id) VALUES (5389, 6837.84, 'Dividend Payout', '2026-05-16 19:56:31', 'CREDIT', 'acc-0835074b-0804-4067-a296-d33c3fb5c4ce');
INSERT INTO account_operation (id, amount, description, operation_date, type, bank_account_id) VALUES (5390, 42.82, 'Restaurant', '2026-05-24 19:56:31', 'DEBIT', 'acc-0835074b-0804-4067-a296-d33c3fb5c4ce');
INSERT INTO account_operation (id, amount, description, operation_date, type, bank_account_id) VALUES (5391, 11212.39, 'Dividend Payout', '2026-05-27 19:56:31', 'CREDIT', 'acc-0835074b-0804-4067-a296-d33c3fb5c4ce');
INSERT INTO bank_account (id, type, balance, created_at, customer_id, over_draft, interest_rate) VALUES ('acc-346e62e8-d9d1-4186-8555-2ae2973a27d9', 'CURR', 155531.61, '2025-08-27 19:56:31', 91, 5525.41, NULL);
INSERT INTO account_operation (id, amount, description, operation_date, type, bank_account_id) VALUES (5392, 33553.93, 'Initial Account Funding', '2025-08-27 19:56:31', 'CREDIT', 'acc-346e62e8-d9d1-4186-8555-2ae2973a27d9');
INSERT INTO account_operation (id, amount, description, operation_date, type, bank_account_id) VALUES (5393, 1469.56, 'ONEE Electricity', '2026-05-07 19:56:31', 'DEBIT', 'acc-346e62e8-d9d1-4186-8555-2ae2973a27d9');
INSERT INTO account_operation (id, amount, description, operation_date, type, bank_account_id) VALUES (5394, 11288.03, 'Cash Deposit', '2026-05-01 19:56:31', 'CREDIT', 'acc-346e62e8-d9d1-4186-8555-2ae2973a27d9');
INSERT INTO account_operation (id, amount, description, operation_date, type, bank_account_id) VALUES (5395, 170.24, 'Carrefour', '2026-06-10 19:56:31', 'DEBIT', 'acc-346e62e8-d9d1-4186-8555-2ae2973a27d9');
INSERT INTO account_operation (id, amount, description, operation_date, type, bank_account_id) VALUES (5396, 3437.28, 'Transfer Received', '2025-12-21 19:56:31', 'CREDIT', 'acc-346e62e8-d9d1-4186-8555-2ae2973a27d9');
INSERT INTO account_operation (id, amount, description, operation_date, type, bank_account_id) VALUES (5397, 9763.82, 'Freelance Payment', '2026-01-14 19:56:31', 'CREDIT', 'acc-346e62e8-d9d1-4186-8555-2ae2973a27d9');
INSERT INTO account_operation (id, amount, description, operation_date, type, bank_account_id) VALUES (5398, 1094.99, 'Local Cafe', '2025-10-01 19:56:31', 'DEBIT', 'acc-346e62e8-d9d1-4186-8555-2ae2973a27d9');
INSERT INTO account_operation (id, amount, description, operation_date, type, bank_account_id) VALUES (5399, 14808.01, 'Salary Deposit', '2025-09-30 19:56:31', 'CREDIT', 'acc-346e62e8-d9d1-4186-8555-2ae2973a27d9');
INSERT INTO account_operation (id, amount, description, operation_date, type, bank_account_id) VALUES (5400, 1873.66, 'CTM Bus', '2025-09-22 19:56:31', 'DEBIT', 'acc-346e62e8-d9d1-4186-8555-2ae2973a27d9');
INSERT INTO account_operation (id, amount, description, operation_date, type, bank_account_id) VALUES (5401, 228.11, 'Orange', '2025-09-01 19:56:31', 'DEBIT', 'acc-346e62e8-d9d1-4186-8555-2ae2973a27d9');
INSERT INTO account_operation (id, amount, description, operation_date, type, bank_account_id) VALUES (5402, 888.05, 'Local Cafe', '2026-05-20 19:56:31', 'DEBIT', 'acc-346e62e8-d9d1-4186-8555-2ae2973a27d9');
INSERT INTO account_operation (id, amount, description, operation_date, type, bank_account_id) VALUES (5403, 10991.59, 'Transfer Received', '2025-09-15 19:56:31', 'CREDIT', 'acc-346e62e8-d9d1-4186-8555-2ae2973a27d9');
INSERT INTO account_operation (id, amount, description, operation_date, type, bank_account_id) VALUES (5404, 13989.61, 'Freelance Payment', '2025-11-05 19:56:31', 'CREDIT', 'acc-346e62e8-d9d1-4186-8555-2ae2973a27d9');
INSERT INTO account_operation (id, amount, description, operation_date, type, bank_account_id) VALUES (5405, 1858.11, 'Maroc Telecom', '2025-09-26 19:56:31', 'DEBIT', 'acc-346e62e8-d9d1-4186-8555-2ae2973a27d9');
INSERT INTO account_operation (id, amount, description, operation_date, type, bank_account_id) VALUES (5406, 2405.59, 'Cash Deposit', '2025-12-01 19:56:31', 'CREDIT', 'acc-346e62e8-d9d1-4186-8555-2ae2973a27d9');
INSERT INTO account_operation (id, amount, description, operation_date, type, bank_account_id) VALUES (5407, 1826.19, 'Carrefour', '2026-01-21 19:56:31', 'DEBIT', 'acc-346e62e8-d9d1-4186-8555-2ae2973a27d9');
INSERT INTO account_operation (id, amount, description, operation_date, type, bank_account_id) VALUES (5408, 1141.8, 'Spotify', '2026-03-16 19:56:31', 'DEBIT', 'acc-346e62e8-d9d1-4186-8555-2ae2973a27d9');
INSERT INTO account_operation (id, amount, description, operation_date, type, bank_account_id) VALUES (5409, 1859.04, 'Zara', '2025-09-03 19:56:31', 'DEBIT', 'acc-346e62e8-d9d1-4186-8555-2ae2973a27d9');
INSERT INTO account_operation (id, amount, description, operation_date, type, bank_account_id) VALUES (5410, 322.46, 'Spotify', '2026-05-02 19:56:31', 'DEBIT', 'acc-346e62e8-d9d1-4186-8555-2ae2973a27d9');
INSERT INTO account_operation (id, amount, description, operation_date, type, bank_account_id) VALUES (5411, 8582.34, 'Cash Deposit', '2026-06-11 19:56:31', 'CREDIT', 'acc-346e62e8-d9d1-4186-8555-2ae2973a27d9');
INSERT INTO account_operation (id, amount, description, operation_date, type, bank_account_id) VALUES (5412, 1951.45, 'Maroc Telecom', '2025-10-06 19:56:31', 'DEBIT', 'acc-346e62e8-d9d1-4186-8555-2ae2973a27d9');
INSERT INTO account_operation (id, amount, description, operation_date, type, bank_account_id) VALUES (5413, 14825.31, 'Dividend Payout', '2025-09-21 19:56:31', 'CREDIT', 'acc-346e62e8-d9d1-4186-8555-2ae2973a27d9');
INSERT INTO account_operation (id, amount, description, operation_date, type, bank_account_id) VALUES (5414, 916.68, 'Pharmacy', '2026-06-14 19:56:31', 'DEBIT', 'acc-346e62e8-d9d1-4186-8555-2ae2973a27d9');
INSERT INTO account_operation (id, amount, description, operation_date, type, bank_account_id) VALUES (5415, 12907.27, 'Cash Deposit', '2025-09-23 19:56:31', 'CREDIT', 'acc-346e62e8-d9d1-4186-8555-2ae2973a27d9');
INSERT INTO account_operation (id, amount, description, operation_date, type, bank_account_id) VALUES (5416, 6807.67, 'Cash Deposit', '2026-06-26 19:56:31', 'CREDIT', 'acc-346e62e8-d9d1-4186-8555-2ae2973a27d9');
INSERT INTO account_operation (id, amount, description, operation_date, type, bank_account_id) VALUES (5417, 6677.19, 'Freelance Payment', '2026-02-10 19:56:31', 'CREDIT', 'acc-346e62e8-d9d1-4186-8555-2ae2973a27d9');
INSERT INTO account_operation (id, amount, description, operation_date, type, bank_account_id) VALUES (5418, 3609.7, 'Salary Deposit', '2026-01-12 19:56:31', 'CREDIT', 'acc-346e62e8-d9d1-4186-8555-2ae2973a27d9');
INSERT INTO account_operation (id, amount, description, operation_date, type, bank_account_id) VALUES (5419, 7056.09, 'Freelance Payment', '2026-03-19 19:56:31', 'CREDIT', 'acc-346e62e8-d9d1-4186-8555-2ae2973a27d9');
INSERT INTO account_operation (id, amount, description, operation_date, type, bank_account_id) VALUES (5420, 1058.97, 'Marjane Supermarket', '2026-04-25 19:56:31', 'DEBIT', 'acc-346e62e8-d9d1-4186-8555-2ae2973a27d9');
INSERT INTO account_operation (id, amount, description, operation_date, type, bank_account_id) VALUES (5421, 11783.85, 'Dividend Payout', '2026-01-11 19:56:31', 'CREDIT', 'acc-346e62e8-d9d1-4186-8555-2ae2973a27d9');
INSERT INTO account_operation (id, amount, description, operation_date, type, bank_account_id) VALUES (5422, 296.36, 'ONEE Electricity', '2026-05-08 19:56:31', 'DEBIT', 'acc-346e62e8-d9d1-4186-8555-2ae2973a27d9');

INSERT INTO customer (id, name, email) VALUES (92, 'Zakaria Berrada', 'zakaria.berrada@gmail.com');
INSERT INTO bank_account (id, type, balance, created_at, customer_id, over_draft, interest_rate) VALUES ('acc-3b687456-60b8-48d0-984b-c0774192ca3a', 'SAVE', 45436.88, '2026-05-08 19:56:31', 92, NULL, 3.88);
INSERT INTO account_operation (id, amount, description, operation_date, type, bank_account_id) VALUES (5423, 15143.12, 'Initial Account Funding', '2026-05-08 19:56:31', 'CREDIT', 'acc-3b687456-60b8-48d0-984b-c0774192ca3a');
INSERT INTO account_operation (id, amount, description, operation_date, type, bank_account_id) VALUES (5424, 1355.07, 'Orange', '2026-05-25 19:56:31', 'DEBIT', 'acc-3b687456-60b8-48d0-984b-c0774192ca3a');
INSERT INTO account_operation (id, amount, description, operation_date, type, bank_account_id) VALUES (5425, 632.8, 'Inwi', '2026-06-27 19:56:31', 'DEBIT', 'acc-3b687456-60b8-48d0-984b-c0774192ca3a');
INSERT INTO account_operation (id, amount, description, operation_date, type, bank_account_id) VALUES (5426, 1082.36, 'LC Waikiki', '2026-06-01 19:56:31', 'DEBIT', 'acc-3b687456-60b8-48d0-984b-c0774192ca3a');
INSERT INTO account_operation (id, amount, description, operation_date, type, bank_account_id) VALUES (5427, 1181.11, 'Marjane Supermarket', '2026-06-16 19:56:31', 'DEBIT', 'acc-3b687456-60b8-48d0-984b-c0774192ca3a');
INSERT INTO account_operation (id, amount, description, operation_date, type, bank_account_id) VALUES (5428, 778.07, 'ONEE Electricity', '2026-06-11 19:56:31', 'DEBIT', 'acc-3b687456-60b8-48d0-984b-c0774192ca3a');
INSERT INTO account_operation (id, amount, description, operation_date, type, bank_account_id) VALUES (5429, 1529.72, 'Orange', '2026-06-05 19:56:31', 'DEBIT', 'acc-3b687456-60b8-48d0-984b-c0774192ca3a');
INSERT INTO account_operation (id, amount, description, operation_date, type, bank_account_id) VALUES (5430, 686.2, 'Local Cafe', '2026-05-16 19:56:31', 'DEBIT', 'acc-3b687456-60b8-48d0-984b-c0774192ca3a');
INSERT INTO account_operation (id, amount, description, operation_date, type, bank_account_id) VALUES (5431, 23.41, 'BIM Store', '2026-05-31 19:56:31', 'DEBIT', 'acc-3b687456-60b8-48d0-984b-c0774192ca3a');
INSERT INTO account_operation (id, amount, description, operation_date, type, bank_account_id) VALUES (5432, 1322.86, 'CTM Bus', '2026-05-31 19:56:31', 'DEBIT', 'acc-3b687456-60b8-48d0-984b-c0774192ca3a');
INSERT INTO account_operation (id, amount, description, operation_date, type, bank_account_id) VALUES (5433, 14570.62, 'Dividend Payout', '2026-06-18 19:56:31', 'CREDIT', 'acc-3b687456-60b8-48d0-984b-c0774192ca3a');
INSERT INTO account_operation (id, amount, description, operation_date, type, bank_account_id) VALUES (5434, 889.28, 'ONCF Train', '2026-06-25 19:56:31', 'DEBIT', 'acc-3b687456-60b8-48d0-984b-c0774192ca3a');
INSERT INTO account_operation (id, amount, description, operation_date, type, bank_account_id) VALUES (5435, 10728.6, 'Salary Deposit', '2026-06-03 19:56:31', 'CREDIT', 'acc-3b687456-60b8-48d0-984b-c0774192ca3a');
INSERT INTO account_operation (id, amount, description, operation_date, type, bank_account_id) VALUES (5436, 1272.15, 'ONCF Train', '2026-06-25 19:56:31', 'DEBIT', 'acc-3b687456-60b8-48d0-984b-c0774192ca3a');
INSERT INTO account_operation (id, amount, description, operation_date, type, bank_account_id) VALUES (5437, 791.98, 'CTM Bus', '2026-05-28 19:56:31', 'DEBIT', 'acc-3b687456-60b8-48d0-984b-c0774192ca3a');
INSERT INTO account_operation (id, amount, description, operation_date, type, bank_account_id) VALUES (5438, 1688.3, 'Dividend Payout', '2026-06-03 19:56:31', 'CREDIT', 'acc-3b687456-60b8-48d0-984b-c0774192ca3a');
INSERT INTO account_operation (id, amount, description, operation_date, type, bank_account_id) VALUES (5439, 10766.58, 'Cash Deposit', '2026-06-15 19:56:31', 'CREDIT', 'acc-3b687456-60b8-48d0-984b-c0774192ca3a');
INSERT INTO account_operation (id, amount, description, operation_date, type, bank_account_id) VALUES (5440, 4084.67, 'Salary Deposit', '2026-06-04 19:56:31', 'CREDIT', 'acc-3b687456-60b8-48d0-984b-c0774192ca3a');
INSERT INTO bank_account (id, type, balance, created_at, customer_id, over_draft, interest_rate) VALUES ('acc-f592bcf4-eaa6-4271-866c-4b3c557f595a', 'SAVE', 101058.87, '2025-09-05 19:56:31', 92, NULL, 3.75);
INSERT INTO account_operation (id, amount, description, operation_date, type, bank_account_id) VALUES (5441, 47057.5, 'Initial Account Funding', '2025-09-05 19:56:31', 'CREDIT', 'acc-f592bcf4-eaa6-4271-866c-4b3c557f595a');
INSERT INTO account_operation (id, amount, description, operation_date, type, bank_account_id) VALUES (5442, 13211.78, 'Freelance Payment', '2026-03-27 19:56:31', 'CREDIT', 'acc-f592bcf4-eaa6-4271-866c-4b3c557f595a');
INSERT INTO account_operation (id, amount, description, operation_date, type, bank_account_id) VALUES (5443, 652.58, 'Zara', '2026-02-18 19:56:31', 'DEBIT', 'acc-f592bcf4-eaa6-4271-866c-4b3c557f595a');
INSERT INTO account_operation (id, amount, description, operation_date, type, bank_account_id) VALUES (5444, 781.06, 'Zara', '2026-03-12 19:56:31', 'DEBIT', 'acc-f592bcf4-eaa6-4271-866c-4b3c557f595a');
INSERT INTO account_operation (id, amount, description, operation_date, type, bank_account_id) VALUES (5445, 846.02, 'Pharmacy', '2026-01-29 19:56:31', 'DEBIT', 'acc-f592bcf4-eaa6-4271-866c-4b3c557f595a');
INSERT INTO account_operation (id, amount, description, operation_date, type, bank_account_id) VALUES (5446, 608.0, 'Marjane Supermarket', '2026-04-22 19:56:31', 'DEBIT', 'acc-f592bcf4-eaa6-4271-866c-4b3c557f595a');
INSERT INTO account_operation (id, amount, description, operation_date, type, bank_account_id) VALUES (5447, 941.18, 'BIM Store', '2026-01-16 19:56:31', 'DEBIT', 'acc-f592bcf4-eaa6-4271-866c-4b3c557f595a');
INSERT INTO account_operation (id, amount, description, operation_date, type, bank_account_id) VALUES (5448, 11356.1, 'Dividend Payout', '2025-10-11 19:56:31', 'CREDIT', 'acc-f592bcf4-eaa6-4271-866c-4b3c557f595a');
INSERT INTO account_operation (id, amount, description, operation_date, type, bank_account_id) VALUES (5449, 35.53, 'Pharmacy', '2026-03-27 19:56:31', 'DEBIT', 'acc-f592bcf4-eaa6-4271-866c-4b3c557f595a');
INSERT INTO account_operation (id, amount, description, operation_date, type, bank_account_id) VALUES (5450, 5423.62, 'Freelance Payment', '2025-12-15 19:56:31', 'CREDIT', 'acc-f592bcf4-eaa6-4271-866c-4b3c557f595a');
INSERT INTO account_operation (id, amount, description, operation_date, type, bank_account_id) VALUES (5451, 1187.09, 'Redal', '2026-02-17 19:56:31', 'DEBIT', 'acc-f592bcf4-eaa6-4271-866c-4b3c557f595a');
INSERT INTO account_operation (id, amount, description, operation_date, type, bank_account_id) VALUES (5452, 12393.98, 'Salary Deposit', '2026-04-03 19:56:31', 'CREDIT', 'acc-f592bcf4-eaa6-4271-866c-4b3c557f595a');
INSERT INTO account_operation (id, amount, description, operation_date, type, bank_account_id) VALUES (5453, 1990.96, 'Orange', '2025-09-07 19:56:31', 'DEBIT', 'acc-f592bcf4-eaa6-4271-866c-4b3c557f595a');
INSERT INTO account_operation (id, amount, description, operation_date, type, bank_account_id) VALUES (5454, 11485.32, 'Cash Deposit', '2026-03-11 19:56:31', 'CREDIT', 'acc-f592bcf4-eaa6-4271-866c-4b3c557f595a');
INSERT INTO account_operation (id, amount, description, operation_date, type, bank_account_id) VALUES (5455, 406.92, 'LC Waikiki', '2025-11-13 19:56:31', 'DEBIT', 'acc-f592bcf4-eaa6-4271-866c-4b3c557f595a');
INSERT INTO account_operation (id, amount, description, operation_date, type, bank_account_id) VALUES (5456, 595.33, 'BIM Store', '2026-03-08 19:56:31', 'DEBIT', 'acc-f592bcf4-eaa6-4271-866c-4b3c557f595a');
INSERT INTO account_operation (id, amount, description, operation_date, type, bank_account_id) VALUES (5457, 1504.92, 'Carrefour', '2026-03-04 19:56:31', 'DEBIT', 'acc-f592bcf4-eaa6-4271-866c-4b3c557f595a');
INSERT INTO account_operation (id, amount, description, operation_date, type, bank_account_id) VALUES (5458, 1139.84, 'CTM Bus', '2025-12-02 19:56:31', 'DEBIT', 'acc-f592bcf4-eaa6-4271-866c-4b3c557f595a');
INSERT INTO account_operation (id, amount, description, operation_date, type, bank_account_id) VALUES (5459, 13636.88, 'Cash Deposit', '2025-12-21 19:56:31', 'CREDIT', 'acc-f592bcf4-eaa6-4271-866c-4b3c557f595a');
INSERT INTO account_operation (id, amount, description, operation_date, type, bank_account_id) VALUES (5460, 1930.4, 'Restaurant', '2026-03-15 19:56:31', 'DEBIT', 'acc-f592bcf4-eaa6-4271-866c-4b3c557f595a');
INSERT INTO account_operation (id, amount, description, operation_date, type, bank_account_id) VALUES (5461, 886.48, 'Orange', '2025-12-23 19:56:31', 'DEBIT', 'acc-f592bcf4-eaa6-4271-866c-4b3c557f595a');
INSERT INTO bank_account (id, type, balance, created_at, customer_id, over_draft, interest_rate) VALUES ('acc-a6b6995d-c7fe-4f77-823c-5b01a182d4a9', 'CURR', 45944.48, '2025-09-13 19:56:31', 92, 4188.34, NULL);
INSERT INTO account_operation (id, amount, description, operation_date, type, bank_account_id) VALUES (5462, 17386.01, 'Initial Account Funding', '2025-09-13 19:56:31', 'CREDIT', 'acc-a6b6995d-c7fe-4f77-823c-5b01a182d4a9');
INSERT INTO account_operation (id, amount, description, operation_date, type, bank_account_id) VALUES (5463, 9011.91, 'Dividend Payout', '2026-05-12 19:56:31', 'CREDIT', 'acc-a6b6995d-c7fe-4f77-823c-5b01a182d4a9');
INSERT INTO account_operation (id, amount, description, operation_date, type, bank_account_id) VALUES (5464, 159.52, 'ONEE Electricity', '2026-06-27 19:56:31', 'DEBIT', 'acc-a6b6995d-c7fe-4f77-823c-5b01a182d4a9');
INSERT INTO account_operation (id, amount, description, operation_date, type, bank_account_id) VALUES (5465, 135.18, 'Zara', '2026-06-01 19:56:31', 'DEBIT', 'acc-a6b6995d-c7fe-4f77-823c-5b01a182d4a9');
INSERT INTO account_operation (id, amount, description, operation_date, type, bank_account_id) VALUES (5466, 6665.3, 'Dividend Payout', '2026-02-05 19:56:31', 'CREDIT', 'acc-a6b6995d-c7fe-4f77-823c-5b01a182d4a9');
INSERT INTO account_operation (id, amount, description, operation_date, type, bank_account_id) VALUES (5467, 470.47, 'ONEE Electricity', '2026-02-08 19:56:31', 'DEBIT', 'acc-a6b6995d-c7fe-4f77-823c-5b01a182d4a9');
INSERT INTO account_operation (id, amount, description, operation_date, type, bank_account_id) VALUES (5468, 10767.42, 'Dividend Payout', '2026-01-05 19:56:31', 'CREDIT', 'acc-a6b6995d-c7fe-4f77-823c-5b01a182d4a9');
INSERT INTO account_operation (id, amount, description, operation_date, type, bank_account_id) VALUES (5469, 3709.42, 'Freelance Payment', '2025-12-20 19:56:31', 'CREDIT', 'acc-a6b6995d-c7fe-4f77-823c-5b01a182d4a9');
INSERT INTO account_operation (id, amount, description, operation_date, type, bank_account_id) VALUES (5470, 2575.34, 'Dividend Payout', '2025-11-23 19:56:31', 'CREDIT', 'acc-a6b6995d-c7fe-4f77-823c-5b01a182d4a9');
INSERT INTO account_operation (id, amount, description, operation_date, type, bank_account_id) VALUES (5471, 538.02, 'Decathlon', '2025-10-13 19:56:31', 'DEBIT', 'acc-a6b6995d-c7fe-4f77-823c-5b01a182d4a9');
INSERT INTO account_operation (id, amount, description, operation_date, type, bank_account_id) VALUES (5472, 1056.7, 'ONEE Electricity', '2026-03-14 19:56:31', 'DEBIT', 'acc-a6b6995d-c7fe-4f77-823c-5b01a182d4a9');
INSERT INTO account_operation (id, amount, description, operation_date, type, bank_account_id) VALUES (5473, 1811.03, 'Inwi', '2025-09-27 19:56:31', 'DEBIT', 'acc-a6b6995d-c7fe-4f77-823c-5b01a182d4a9');

INSERT INTO customer (id, name, email) VALUES (93, 'Nadia Bennani', 'nadia.bennani@gmail.com');
INSERT INTO bank_account (id, type, balance, created_at, customer_id, over_draft, interest_rate) VALUES ('acc-18bc019b-d84d-4954-8a6e-5ecd079eab95', 'SAVE', 103547.6, '2025-07-19 19:56:31', 93, NULL, 4.53);
INSERT INTO account_operation (id, amount, description, operation_date, type, bank_account_id) VALUES (5474, 43102.93, 'Initial Account Funding', '2025-07-19 19:56:31', 'CREDIT', 'acc-18bc019b-d84d-4954-8a6e-5ecd079eab95');
INSERT INTO account_operation (id, amount, description, operation_date, type, bank_account_id) VALUES (5475, 370.76, 'Marjane Supermarket', '2026-01-20 19:56:31', 'DEBIT', 'acc-18bc019b-d84d-4954-8a6e-5ecd079eab95');
INSERT INTO account_operation (id, amount, description, operation_date, type, bank_account_id) VALUES (5476, 3260.16, 'Salary Deposit', '2026-02-06 19:56:31', 'CREDIT', 'acc-18bc019b-d84d-4954-8a6e-5ecd079eab95');
INSERT INTO account_operation (id, amount, description, operation_date, type, bank_account_id) VALUES (5477, 389.11, 'Inwi', '2025-11-16 19:56:31', 'DEBIT', 'acc-18bc019b-d84d-4954-8a6e-5ecd079eab95');
INSERT INTO account_operation (id, amount, description, operation_date, type, bank_account_id) VALUES (5478, 7412.4, 'Dividend Payout', '2026-04-15 19:56:31', 'CREDIT', 'acc-18bc019b-d84d-4954-8a6e-5ecd079eab95');
INSERT INTO account_operation (id, amount, description, operation_date, type, bank_account_id) VALUES (5479, 1966.1, 'Amendis', '2025-11-10 19:56:31', 'DEBIT', 'acc-18bc019b-d84d-4954-8a6e-5ecd079eab95');
INSERT INTO account_operation (id, amount, description, operation_date, type, bank_account_id) VALUES (5480, 13872.4, 'Salary Deposit', '2026-06-15 19:56:31', 'CREDIT', 'acc-18bc019b-d84d-4954-8a6e-5ecd079eab95');
INSERT INTO account_operation (id, amount, description, operation_date, type, bank_account_id) VALUES (5481, 927.89, 'BIM Store', '2025-10-10 19:56:31', 'DEBIT', 'acc-18bc019b-d84d-4954-8a6e-5ecd079eab95');
INSERT INTO account_operation (id, amount, description, operation_date, type, bank_account_id) VALUES (5482, 111.72, 'LC Waikiki', '2025-09-11 19:56:31', 'DEBIT', 'acc-18bc019b-d84d-4954-8a6e-5ecd079eab95');
INSERT INTO account_operation (id, amount, description, operation_date, type, bank_account_id) VALUES (5483, 1875.07, 'ONCF Train', '2025-10-24 19:56:31', 'DEBIT', 'acc-18bc019b-d84d-4954-8a6e-5ecd079eab95');
INSERT INTO account_operation (id, amount, description, operation_date, type, bank_account_id) VALUES (5484, 1897.06, 'Zara', '2025-08-24 19:56:31', 'DEBIT', 'acc-18bc019b-d84d-4954-8a6e-5ecd079eab95');
INSERT INTO account_operation (id, amount, description, operation_date, type, bank_account_id) VALUES (5485, 808.49, 'Inwi', '2025-08-21 19:56:31', 'DEBIT', 'acc-18bc019b-d84d-4954-8a6e-5ecd079eab95');
INSERT INTO account_operation (id, amount, description, operation_date, type, bank_account_id) VALUES (5486, 358.98, 'Netflix Subscription', '2026-04-12 19:56:31', 'DEBIT', 'acc-18bc019b-d84d-4954-8a6e-5ecd079eab95');
INSERT INTO account_operation (id, amount, description, operation_date, type, bank_account_id) VALUES (5487, 2960.93, 'Salary Deposit', '2026-01-04 19:56:31', 'CREDIT', 'acc-18bc019b-d84d-4954-8a6e-5ecd079eab95');
INSERT INTO account_operation (id, amount, description, operation_date, type, bank_account_id) VALUES (5488, 5164.83, 'Transfer Received', '2025-10-18 19:56:31', 'CREDIT', 'acc-18bc019b-d84d-4954-8a6e-5ecd079eab95');
INSERT INTO account_operation (id, amount, description, operation_date, type, bank_account_id) VALUES (5489, 5625.73, 'Transfer Received', '2026-04-21 19:56:31', 'CREDIT', 'acc-18bc019b-d84d-4954-8a6e-5ecd079eab95');
INSERT INTO account_operation (id, amount, description, operation_date, type, bank_account_id) VALUES (5490, 273.69, 'Carrefour', '2025-09-15 19:56:31', 'DEBIT', 'acc-18bc019b-d84d-4954-8a6e-5ecd079eab95');
INSERT INTO account_operation (id, amount, description, operation_date, type, bank_account_id) VALUES (5491, 609.4, 'LC Waikiki', '2025-08-17 19:56:31', 'DEBIT', 'acc-18bc019b-d84d-4954-8a6e-5ecd079eab95');
INSERT INTO account_operation (id, amount, description, operation_date, type, bank_account_id) VALUES (5492, 386.72, 'LC Waikiki', '2025-08-21 19:56:31', 'DEBIT', 'acc-18bc019b-d84d-4954-8a6e-5ecd079eab95');
INSERT INTO account_operation (id, amount, description, operation_date, type, bank_account_id) VALUES (5493, 852.12, 'Amendis', '2025-10-15 19:56:31', 'DEBIT', 'acc-18bc019b-d84d-4954-8a6e-5ecd079eab95');
INSERT INTO account_operation (id, amount, description, operation_date, type, bank_account_id) VALUES (5494, 4035.11, 'Freelance Payment', '2025-12-30 19:56:31', 'CREDIT', 'acc-18bc019b-d84d-4954-8a6e-5ecd079eab95');
INSERT INTO account_operation (id, amount, description, operation_date, type, bank_account_id) VALUES (5495, 1360.43, 'Carrefour', '2025-12-13 19:56:31', 'DEBIT', 'acc-18bc019b-d84d-4954-8a6e-5ecd079eab95');
INSERT INTO account_operation (id, amount, description, operation_date, type, bank_account_id) VALUES (5496, 8688.29, 'Transfer Received', '2025-10-19 19:56:31', 'CREDIT', 'acc-18bc019b-d84d-4954-8a6e-5ecd079eab95');
INSERT INTO account_operation (id, amount, description, operation_date, type, bank_account_id) VALUES (5497, 98.03, 'Decathlon', '2025-12-03 19:56:31', 'DEBIT', 'acc-18bc019b-d84d-4954-8a6e-5ecd079eab95');
INSERT INTO account_operation (id, amount, description, operation_date, type, bank_account_id) VALUES (5498, 13596.29, 'Salary Deposit', '2025-10-10 19:56:31', 'CREDIT', 'acc-18bc019b-d84d-4954-8a6e-5ecd079eab95');
INSERT INTO account_operation (id, amount, description, operation_date, type, bank_account_id) VALUES (5499, 1373.11, 'CTM Bus', '2025-12-08 19:56:31', 'DEBIT', 'acc-18bc019b-d84d-4954-8a6e-5ecd079eab95');
INSERT INTO account_operation (id, amount, description, operation_date, type, bank_account_id) VALUES (5500, 1546.47, 'ONEE Electricity', '2025-09-25 19:56:31', 'DEBIT', 'acc-18bc019b-d84d-4954-8a6e-5ecd079eab95');
INSERT INTO account_operation (id, amount, description, operation_date, type, bank_account_id) VALUES (5501, 1819.37, 'Spotify', '2025-09-03 19:56:31', 'DEBIT', 'acc-18bc019b-d84d-4954-8a6e-5ecd079eab95');
INSERT INTO account_operation (id, amount, description, operation_date, type, bank_account_id) VALUES (5502, 876.35, 'Inwi', '2025-08-18 19:56:31', 'DEBIT', 'acc-18bc019b-d84d-4954-8a6e-5ecd079eab95');
INSERT INTO account_operation (id, amount, description, operation_date, type, bank_account_id) VALUES (5503, 1366.36, 'Spotify', '2025-12-04 19:56:31', 'DEBIT', 'acc-18bc019b-d84d-4954-8a6e-5ecd079eab95');
INSERT INTO account_operation (id, amount, description, operation_date, type, bank_account_id) VALUES (5504, 1285.08, 'Marjane Supermarket', '2026-04-01 19:56:31', 'DEBIT', 'acc-18bc019b-d84d-4954-8a6e-5ecd079eab95');
INSERT INTO account_operation (id, amount, description, operation_date, type, bank_account_id) VALUES (5505, 794.87, 'Netflix Subscription', '2025-10-27 19:56:31', 'DEBIT', 'acc-18bc019b-d84d-4954-8a6e-5ecd079eab95');
INSERT INTO account_operation (id, amount, description, operation_date, type, bank_account_id) VALUES (5506, 929.84, 'ONCF Train', '2026-06-17 19:56:31', 'DEBIT', 'acc-18bc019b-d84d-4954-8a6e-5ecd079eab95');
INSERT INTO account_operation (id, amount, description, operation_date, type, bank_account_id) VALUES (5507, 426.35, 'Decathlon', '2026-01-23 19:56:31', 'DEBIT', 'acc-18bc019b-d84d-4954-8a6e-5ecd079eab95');
INSERT INTO account_operation (id, amount, description, operation_date, type, bank_account_id) VALUES (5508, 1955.33, 'Orange', '2026-02-12 19:56:31', 'DEBIT', 'acc-18bc019b-d84d-4954-8a6e-5ecd079eab95');
INSERT INTO account_operation (id, amount, description, operation_date, type, bank_account_id) VALUES (5509, 3731.1, 'Transfer Received', '2026-01-24 19:56:31', 'CREDIT', 'acc-18bc019b-d84d-4954-8a6e-5ecd079eab95');
INSERT INTO account_operation (id, amount, description, operation_date, type, bank_account_id) VALUES (5510, 1856.65, 'Local Cafe', '2025-08-01 19:56:31', 'DEBIT', 'acc-18bc019b-d84d-4954-8a6e-5ecd079eab95');
INSERT INTO account_operation (id, amount, description, operation_date, type, bank_account_id) VALUES (5511, 1286.57, 'BIM Store', '2025-12-27 19:56:31', 'DEBIT', 'acc-18bc019b-d84d-4954-8a6e-5ecd079eab95');
INSERT INTO account_operation (id, amount, description, operation_date, type, bank_account_id) VALUES (5512, 1479.39, 'Inwi', '2025-10-27 19:56:31', 'DEBIT', 'acc-18bc019b-d84d-4954-8a6e-5ecd079eab95');
INSERT INTO account_operation (id, amount, description, operation_date, type, bank_account_id) VALUES (5513, 2277.36, 'Cash Deposit', '2025-08-23 19:56:31', 'CREDIT', 'acc-18bc019b-d84d-4954-8a6e-5ecd079eab95');
INSERT INTO account_operation (id, amount, description, operation_date, type, bank_account_id) VALUES (5514, 760.67, 'Maroc Telecom', '2026-03-31 19:56:31', 'DEBIT', 'acc-18bc019b-d84d-4954-8a6e-5ecd079eab95');
INSERT INTO account_operation (id, amount, description, operation_date, type, bank_account_id) VALUES (5515, 872.57, 'Decathlon', '2025-09-10 19:56:31', 'DEBIT', 'acc-18bc019b-d84d-4954-8a6e-5ecd079eab95');
INSERT INTO account_operation (id, amount, description, operation_date, type, bank_account_id) VALUES (5516, 1282.6, 'Carrefour', '2025-07-31 19:56:31', 'DEBIT', 'acc-18bc019b-d84d-4954-8a6e-5ecd079eab95');
INSERT INTO account_operation (id, amount, description, operation_date, type, bank_account_id) VALUES (5517, 373.32, 'ONCF Train', '2025-10-28 19:56:31', 'DEBIT', 'acc-18bc019b-d84d-4954-8a6e-5ecd079eab95');
INSERT INTO account_operation (id, amount, description, operation_date, type, bank_account_id) VALUES (5518, 1842.33, 'Freelance Payment', '2026-06-07 19:56:31', 'CREDIT', 'acc-18bc019b-d84d-4954-8a6e-5ecd079eab95');
INSERT INTO account_operation (id, amount, description, operation_date, type, bank_account_id) VALUES (5519, 13411.33, 'Dividend Payout', '2025-12-04 19:56:31', 'CREDIT', 'acc-18bc019b-d84d-4954-8a6e-5ecd079eab95');
INSERT INTO account_operation (id, amount, description, operation_date, type, bank_account_id) VALUES (5520, 8695.45, 'Cash Deposit', '2026-06-24 19:56:31', 'CREDIT', 'acc-18bc019b-d84d-4954-8a6e-5ecd079eab95');
INSERT INTO account_operation (id, amount, description, operation_date, type, bank_account_id) VALUES (5521, 1558.57, 'Decathlon', '2026-04-07 19:56:31', 'DEBIT', 'acc-18bc019b-d84d-4954-8a6e-5ecd079eab95');

INSERT INTO customer (id, name, email) VALUES (94, 'Youssef Daoudi', 'youssef.daoudi@gmail.com');
INSERT INTO bank_account (id, type, balance, created_at, customer_id, over_draft, interest_rate) VALUES ('acc-f7cc4630-a3e1-4ee1-85ab-2c0d2d6dc0d4', 'CURR', 83437.35, '2026-05-02 19:56:31', 94, 5321.57, NULL);
INSERT INTO account_operation (id, amount, description, operation_date, type, bank_account_id) VALUES (5522, 38384.09, 'Initial Account Funding', '2026-05-02 19:56:31', 'CREDIT', 'acc-f7cc4630-a3e1-4ee1-85ab-2c0d2d6dc0d4');
INSERT INTO account_operation (id, amount, description, operation_date, type, bank_account_id) VALUES (5523, 403.3, 'Maroc Telecom', '2026-05-17 19:56:31', 'DEBIT', 'acc-f7cc4630-a3e1-4ee1-85ab-2c0d2d6dc0d4');
INSERT INTO account_operation (id, amount, description, operation_date, type, bank_account_id) VALUES (5524, 98.98, 'Maroc Telecom', '2026-06-01 19:56:31', 'DEBIT', 'acc-f7cc4630-a3e1-4ee1-85ab-2c0d2d6dc0d4');
INSERT INTO account_operation (id, amount, description, operation_date, type, bank_account_id) VALUES (5525, 12441.74, 'Transfer Received', '2026-06-18 19:56:31', 'CREDIT', 'acc-f7cc4630-a3e1-4ee1-85ab-2c0d2d6dc0d4');
INSERT INTO account_operation (id, amount, description, operation_date, type, bank_account_id) VALUES (5526, 1046.97, 'Netflix Subscription', '2026-05-18 19:56:31', 'DEBIT', 'acc-f7cc4630-a3e1-4ee1-85ab-2c0d2d6dc0d4');
INSERT INTO account_operation (id, amount, description, operation_date, type, bank_account_id) VALUES (5527, 154.09, 'Orange', '2026-05-31 19:56:31', 'DEBIT', 'acc-f7cc4630-a3e1-4ee1-85ab-2c0d2d6dc0d4');
INSERT INTO account_operation (id, amount, description, operation_date, type, bank_account_id) VALUES (5528, 1774.21, 'ONEE Electricity', '2026-06-12 19:56:31', 'DEBIT', 'acc-f7cc4630-a3e1-4ee1-85ab-2c0d2d6dc0d4');
INSERT INTO account_operation (id, amount, description, operation_date, type, bank_account_id) VALUES (5529, 1207.64, 'Restaurant', '2026-06-23 19:56:31', 'DEBIT', 'acc-f7cc4630-a3e1-4ee1-85ab-2c0d2d6dc0d4');
INSERT INTO account_operation (id, amount, description, operation_date, type, bank_account_id) VALUES (5530, 662.07, 'ONCF Train', '2026-06-25 19:56:31', 'DEBIT', 'acc-f7cc4630-a3e1-4ee1-85ab-2c0d2d6dc0d4');
INSERT INTO account_operation (id, amount, description, operation_date, type, bank_account_id) VALUES (5531, 1524.82, 'Amendis', '2026-05-21 19:56:31', 'DEBIT', 'acc-f7cc4630-a3e1-4ee1-85ab-2c0d2d6dc0d4');
INSERT INTO account_operation (id, amount, description, operation_date, type, bank_account_id) VALUES (5532, 4119.09, 'Dividend Payout', '2026-05-20 19:56:31', 'CREDIT', 'acc-f7cc4630-a3e1-4ee1-85ab-2c0d2d6dc0d4');
INSERT INTO account_operation (id, amount, description, operation_date, type, bank_account_id) VALUES (5533, 2943.85, 'Salary Deposit', '2026-05-03 19:56:31', 'CREDIT', 'acc-f7cc4630-a3e1-4ee1-85ab-2c0d2d6dc0d4');
INSERT INTO account_operation (id, amount, description, operation_date, type, bank_account_id) VALUES (5534, 1350.14, 'Redal', '2026-05-15 19:56:31', 'DEBIT', 'acc-f7cc4630-a3e1-4ee1-85ab-2c0d2d6dc0d4');
INSERT INTO account_operation (id, amount, description, operation_date, type, bank_account_id) VALUES (5535, 377.07, 'CTM Bus', '2026-05-25 19:56:31', 'DEBIT', 'acc-f7cc4630-a3e1-4ee1-85ab-2c0d2d6dc0d4');
INSERT INTO account_operation (id, amount, description, operation_date, type, bank_account_id) VALUES (5536, 341.29, 'CTM Bus', '2026-06-02 19:56:31', 'DEBIT', 'acc-f7cc4630-a3e1-4ee1-85ab-2c0d2d6dc0d4');
INSERT INTO account_operation (id, amount, description, operation_date, type, bank_account_id) VALUES (5537, 14518.53, 'Salary Deposit', '2026-05-03 19:56:31', 'CREDIT', 'acc-f7cc4630-a3e1-4ee1-85ab-2c0d2d6dc0d4');
INSERT INTO account_operation (id, amount, description, operation_date, type, bank_account_id) VALUES (5538, 7037.55, 'Salary Deposit', '2026-05-02 19:56:31', 'CREDIT', 'acc-f7cc4630-a3e1-4ee1-85ab-2c0d2d6dc0d4');
INSERT INTO account_operation (id, amount, description, operation_date, type, bank_account_id) VALUES (5539, 1182.27, 'Redal', '2026-05-14 19:56:31', 'DEBIT', 'acc-f7cc4630-a3e1-4ee1-85ab-2c0d2d6dc0d4');
INSERT INTO account_operation (id, amount, description, operation_date, type, bank_account_id) VALUES (5540, 1350.59, 'Netflix Subscription', '2026-05-14 19:56:31', 'DEBIT', 'acc-f7cc4630-a3e1-4ee1-85ab-2c0d2d6dc0d4');
INSERT INTO account_operation (id, amount, description, operation_date, type, bank_account_id) VALUES (5541, 2119.83, 'Freelance Payment', '2026-05-20 19:56:31', 'CREDIT', 'acc-f7cc4630-a3e1-4ee1-85ab-2c0d2d6dc0d4');
INSERT INTO account_operation (id, amount, description, operation_date, type, bank_account_id) VALUES (5542, 1099.98, 'Restaurant', '2026-06-26 19:56:31', 'DEBIT', 'acc-f7cc4630-a3e1-4ee1-85ab-2c0d2d6dc0d4');
INSERT INTO account_operation (id, amount, description, operation_date, type, bank_account_id) VALUES (5543, 5137.84, 'Cash Deposit', '2026-05-10 19:56:31', 'CREDIT', 'acc-f7cc4630-a3e1-4ee1-85ab-2c0d2d6dc0d4');
INSERT INTO account_operation (id, amount, description, operation_date, type, bank_account_id) VALUES (5544, 798.49, 'BIM Store', '2026-06-02 19:56:31', 'DEBIT', 'acc-f7cc4630-a3e1-4ee1-85ab-2c0d2d6dc0d4');
INSERT INTO account_operation (id, amount, description, operation_date, type, bank_account_id) VALUES (5545, 680.87, 'ONEE Electricity', '2026-05-10 19:56:31', 'DEBIT', 'acc-f7cc4630-a3e1-4ee1-85ab-2c0d2d6dc0d4');
INSERT INTO account_operation (id, amount, description, operation_date, type, bank_account_id) VALUES (5546, 10787.61, 'Transfer Received', '2026-05-26 19:56:31', 'CREDIT', 'acc-f7cc4630-a3e1-4ee1-85ab-2c0d2d6dc0d4');

INSERT INTO customer (id, name, email) VALUES (95, 'Youssef Berrada', 'youssef.berrada@gmail.com');
INSERT INTO bank_account (id, type, balance, created_at, customer_id, over_draft, interest_rate) VALUES ('acc-3a75e1b8-6c0a-46fe-8c0d-d07429d99435', 'CURR', 64456.82, '2025-08-10 19:56:31', 95, 3376.2, NULL);
INSERT INTO account_operation (id, amount, description, operation_date, type, bank_account_id) VALUES (5547, 9735.29, 'Initial Account Funding', '2025-08-10 19:56:31', 'CREDIT', 'acc-3a75e1b8-6c0a-46fe-8c0d-d07429d99435');
INSERT INTO account_operation (id, amount, description, operation_date, type, bank_account_id) VALUES (5548, 1664.32, 'Spotify', '2025-09-10 19:56:31', 'DEBIT', 'acc-3a75e1b8-6c0a-46fe-8c0d-d07429d99435');
INSERT INTO account_operation (id, amount, description, operation_date, type, bank_account_id) VALUES (5549, 2469.89, 'Freelance Payment', '2025-12-01 19:56:31', 'CREDIT', 'acc-3a75e1b8-6c0a-46fe-8c0d-d07429d99435');
INSERT INTO account_operation (id, amount, description, operation_date, type, bank_account_id) VALUES (5550, 361.45, 'Restaurant', '2025-11-15 19:56:31', 'DEBIT', 'acc-3a75e1b8-6c0a-46fe-8c0d-d07429d99435');
INSERT INTO account_operation (id, amount, description, operation_date, type, bank_account_id) VALUES (5551, 4280.79, 'Dividend Payout', '2025-09-20 19:56:31', 'CREDIT', 'acc-3a75e1b8-6c0a-46fe-8c0d-d07429d99435');
INSERT INTO account_operation (id, amount, description, operation_date, type, bank_account_id) VALUES (5552, 1351.9, 'Decathlon', '2026-02-18 19:56:31', 'DEBIT', 'acc-3a75e1b8-6c0a-46fe-8c0d-d07429d99435');
INSERT INTO account_operation (id, amount, description, operation_date, type, bank_account_id) VALUES (5553, 238.06, 'Spotify', '2025-11-24 19:56:31', 'DEBIT', 'acc-3a75e1b8-6c0a-46fe-8c0d-d07429d99435');
INSERT INTO account_operation (id, amount, description, operation_date, type, bank_account_id) VALUES (5554, 478.3, 'ONCF Train', '2026-01-05 19:56:31', 'DEBIT', 'acc-3a75e1b8-6c0a-46fe-8c0d-d07429d99435');
INSERT INTO account_operation (id, amount, description, operation_date, type, bank_account_id) VALUES (5555, 373.84, 'Inwi', '2026-05-30 19:56:31', 'DEBIT', 'acc-3a75e1b8-6c0a-46fe-8c0d-d07429d99435');
INSERT INTO account_operation (id, amount, description, operation_date, type, bank_account_id) VALUES (5556, 1384.98, 'Spotify', '2026-06-01 19:56:31', 'DEBIT', 'acc-3a75e1b8-6c0a-46fe-8c0d-d07429d99435');
INSERT INTO account_operation (id, amount, description, operation_date, type, bank_account_id) VALUES (5557, 7893.65, 'Cash Deposit', '2025-09-20 19:56:31', 'CREDIT', 'acc-3a75e1b8-6c0a-46fe-8c0d-d07429d99435');
INSERT INTO account_operation (id, amount, description, operation_date, type, bank_account_id) VALUES (5558, 7542.48, 'Cash Deposit', '2025-09-28 19:56:31', 'CREDIT', 'acc-3a75e1b8-6c0a-46fe-8c0d-d07429d99435');
INSERT INTO account_operation (id, amount, description, operation_date, type, bank_account_id) VALUES (5559, 8815.06, 'Transfer Received', '2026-05-25 19:56:31', 'CREDIT', 'acc-3a75e1b8-6c0a-46fe-8c0d-d07429d99435');
INSERT INTO account_operation (id, amount, description, operation_date, type, bank_account_id) VALUES (5560, 5334.45, 'Dividend Payout', '2026-05-05 19:56:31', 'CREDIT', 'acc-3a75e1b8-6c0a-46fe-8c0d-d07429d99435');
INSERT INTO account_operation (id, amount, description, operation_date, type, bank_account_id) VALUES (5561, 392.92, 'Inwi', '2026-04-14 19:56:31', 'DEBIT', 'acc-3a75e1b8-6c0a-46fe-8c0d-d07429d99435');
INSERT INTO account_operation (id, amount, description, operation_date, type, bank_account_id) VALUES (5562, 189.4, 'ONEE Electricity', '2025-10-27 19:56:31', 'DEBIT', 'acc-3a75e1b8-6c0a-46fe-8c0d-d07429d99435');
INSERT INTO account_operation (id, amount, description, operation_date, type, bank_account_id) VALUES (5563, 1557.78, 'Local Cafe', '2026-03-10 19:56:31', 'DEBIT', 'acc-3a75e1b8-6c0a-46fe-8c0d-d07429d99435');
INSERT INTO account_operation (id, amount, description, operation_date, type, bank_account_id) VALUES (5564, 3621.83, 'Dividend Payout', '2025-11-04 19:56:31', 'CREDIT', 'acc-3a75e1b8-6c0a-46fe-8c0d-d07429d99435');
INSERT INTO account_operation (id, amount, description, operation_date, type, bank_account_id) VALUES (5565, 1829.25, 'Pharmacy', '2026-02-13 19:56:31', 'DEBIT', 'acc-3a75e1b8-6c0a-46fe-8c0d-d07429d99435');
INSERT INTO account_operation (id, amount, description, operation_date, type, bank_account_id) VALUES (5566, 3191.83, 'Freelance Payment', '2025-09-12 19:56:31', 'CREDIT', 'acc-3a75e1b8-6c0a-46fe-8c0d-d07429d99435');
INSERT INTO account_operation (id, amount, description, operation_date, type, bank_account_id) VALUES (5567, 205.91, 'Amendis', '2026-05-19 19:56:31', 'DEBIT', 'acc-3a75e1b8-6c0a-46fe-8c0d-d07429d99435');
INSERT INTO account_operation (id, amount, description, operation_date, type, bank_account_id) VALUES (5568, 931.55, 'BIM Store', '2025-10-27 19:56:31', 'DEBIT', 'acc-3a75e1b8-6c0a-46fe-8c0d-d07429d99435');
INSERT INTO account_operation (id, amount, description, operation_date, type, bank_account_id) VALUES (5569, 596.16, 'Amendis', '2026-02-09 19:56:31', 'DEBIT', 'acc-3a75e1b8-6c0a-46fe-8c0d-d07429d99435');
INSERT INTO account_operation (id, amount, description, operation_date, type, bank_account_id) VALUES (5570, 490.21, 'Amendis', '2025-08-28 19:56:31', 'DEBIT', 'acc-3a75e1b8-6c0a-46fe-8c0d-d07429d99435');
INSERT INTO account_operation (id, amount, description, operation_date, type, bank_account_id) VALUES (5571, 3824.26, 'Freelance Payment', '2025-11-04 19:56:31', 'CREDIT', 'acc-3a75e1b8-6c0a-46fe-8c0d-d07429d99435');
INSERT INTO account_operation (id, amount, description, operation_date, type, bank_account_id) VALUES (5572, 1174.04, 'Transfer Received', '2025-11-02 19:56:31', 'CREDIT', 'acc-3a75e1b8-6c0a-46fe-8c0d-d07429d99435');
INSERT INTO account_operation (id, amount, description, operation_date, type, bank_account_id) VALUES (5573, 7420.39, 'Cash Deposit', '2026-02-05 19:56:31', 'CREDIT', 'acc-3a75e1b8-6c0a-46fe-8c0d-d07429d99435');
INSERT INTO account_operation (id, amount, description, operation_date, type, bank_account_id) VALUES (5574, 871.55, 'Spotify', '2026-05-12 19:56:31', 'DEBIT', 'acc-3a75e1b8-6c0a-46fe-8c0d-d07429d99435');
INSERT INTO account_operation (id, amount, description, operation_date, type, bank_account_id) VALUES (5575, 1009.36, 'Netflix Subscription', '2026-04-30 19:56:31', 'DEBIT', 'acc-3a75e1b8-6c0a-46fe-8c0d-d07429d99435');
INSERT INTO account_operation (id, amount, description, operation_date, type, bank_account_id) VALUES (5576, 480.61, 'ONCF Train', '2026-04-22 19:56:31', 'DEBIT', 'acc-3a75e1b8-6c0a-46fe-8c0d-d07429d99435');
INSERT INTO account_operation (id, amount, description, operation_date, type, bank_account_id) VALUES (5577, 8329.47, 'Transfer Received', '2026-05-16 19:56:31', 'CREDIT', 'acc-3a75e1b8-6c0a-46fe-8c0d-d07429d99435');
INSERT INTO account_operation (id, amount, description, operation_date, type, bank_account_id) VALUES (5578, 805.21, 'Local Cafe', '2026-05-11 19:56:31', 'DEBIT', 'acc-3a75e1b8-6c0a-46fe-8c0d-d07429d99435');
INSERT INTO account_operation (id, amount, description, operation_date, type, bank_account_id) VALUES (5579, 1372.77, 'Amendis', '2026-01-24 19:56:31', 'DEBIT', 'acc-3a75e1b8-6c0a-46fe-8c0d-d07429d99435');
INSERT INTO account_operation (id, amount, description, operation_date, type, bank_account_id) VALUES (5580, 1152.05, 'Redal', '2026-03-08 19:56:31', 'DEBIT', 'acc-3a75e1b8-6c0a-46fe-8c0d-d07429d99435');
INSERT INTO account_operation (id, amount, description, operation_date, type, bank_account_id) VALUES (5581, 2980.03, 'Salary Deposit', '2025-11-27 19:56:31', 'CREDIT', 'acc-3a75e1b8-6c0a-46fe-8c0d-d07429d99435');
INSERT INTO account_operation (id, amount, description, operation_date, type, bank_account_id) VALUES (5582, 7998.75, 'Salary Deposit', '2025-11-12 19:56:31', 'CREDIT', 'acc-3a75e1b8-6c0a-46fe-8c0d-d07429d99435');
INSERT INTO account_operation (id, amount, description, operation_date, type, bank_account_id) VALUES (5583, 688.33, 'Inwi', '2026-06-20 19:56:31', 'DEBIT', 'acc-3a75e1b8-6c0a-46fe-8c0d-d07429d99435');
INSERT INTO account_operation (id, amount, description, operation_date, type, bank_account_id) VALUES (5584, 874.91, 'Redal', '2025-12-23 19:56:31', 'DEBIT', 'acc-3a75e1b8-6c0a-46fe-8c0d-d07429d99435');
INSERT INTO account_operation (id, amount, description, operation_date, type, bank_account_id) VALUES (5585, 854.57, 'Redal', '2026-01-14 19:56:31', 'DEBIT', 'acc-3a75e1b8-6c0a-46fe-8c0d-d07429d99435');
INSERT INTO bank_account (id, type, balance, created_at, customer_id, over_draft, interest_rate) VALUES ('acc-29e75a2f-bf72-4c78-8f81-f35cea16e7be', 'CURR', 67521.01, '2025-06-30 19:56:31', 95, 7404.64, NULL);
INSERT INTO account_operation (id, amount, description, operation_date, type, bank_account_id) VALUES (5586, 34387.36, 'Initial Account Funding', '2025-06-30 19:56:31', 'CREDIT', 'acc-29e75a2f-bf72-4c78-8f81-f35cea16e7be');
INSERT INTO account_operation (id, amount, description, operation_date, type, bank_account_id) VALUES (5587, 1466.46, 'Maroc Telecom', '2025-07-17 19:56:31', 'DEBIT', 'acc-29e75a2f-bf72-4c78-8f81-f35cea16e7be');
INSERT INTO account_operation (id, amount, description, operation_date, type, bank_account_id) VALUES (5588, 365.8, 'CTM Bus', '2025-12-29 19:56:31', 'DEBIT', 'acc-29e75a2f-bf72-4c78-8f81-f35cea16e7be');
INSERT INTO account_operation (id, amount, description, operation_date, type, bank_account_id) VALUES (5589, 1961.45, 'CTM Bus', '2026-06-13 19:56:31', 'DEBIT', 'acc-29e75a2f-bf72-4c78-8f81-f35cea16e7be');
INSERT INTO account_operation (id, amount, description, operation_date, type, bank_account_id) VALUES (5590, 9735.67, 'Cash Deposit', '2025-09-25 19:56:31', 'CREDIT', 'acc-29e75a2f-bf72-4c78-8f81-f35cea16e7be');
INSERT INTO account_operation (id, amount, description, operation_date, type, bank_account_id) VALUES (5591, 1676.59, 'ONEE Electricity', '2026-03-15 19:56:31', 'DEBIT', 'acc-29e75a2f-bf72-4c78-8f81-f35cea16e7be');
INSERT INTO account_operation (id, amount, description, operation_date, type, bank_account_id) VALUES (5592, 1753.54, 'ONEE Electricity', '2026-03-02 19:56:31', 'DEBIT', 'acc-29e75a2f-bf72-4c78-8f81-f35cea16e7be');
INSERT INTO account_operation (id, amount, description, operation_date, type, bank_account_id) VALUES (5593, 560.36, 'Local Cafe', '2026-02-09 19:56:31', 'DEBIT', 'acc-29e75a2f-bf72-4c78-8f81-f35cea16e7be');
INSERT INTO account_operation (id, amount, description, operation_date, type, bank_account_id) VALUES (5594, 1599.69, 'Salary Deposit', '2026-03-15 19:56:31', 'CREDIT', 'acc-29e75a2f-bf72-4c78-8f81-f35cea16e7be');
INSERT INTO account_operation (id, amount, description, operation_date, type, bank_account_id) VALUES (5595, 1903.7, 'Carrefour', '2025-09-05 19:56:31', 'DEBIT', 'acc-29e75a2f-bf72-4c78-8f81-f35cea16e7be');
INSERT INTO account_operation (id, amount, description, operation_date, type, bank_account_id) VALUES (5596, 1692.06, 'Redal', '2026-03-15 19:56:31', 'DEBIT', 'acc-29e75a2f-bf72-4c78-8f81-f35cea16e7be');
INSERT INTO account_operation (id, amount, description, operation_date, type, bank_account_id) VALUES (5597, 12053.82, 'Salary Deposit', '2025-08-26 19:56:31', 'CREDIT', 'acc-29e75a2f-bf72-4c78-8f81-f35cea16e7be');
INSERT INTO account_operation (id, amount, description, operation_date, type, bank_account_id) VALUES (5598, 1918.11, 'Local Cafe', '2025-10-22 19:56:31', 'DEBIT', 'acc-29e75a2f-bf72-4c78-8f81-f35cea16e7be');
INSERT INTO account_operation (id, amount, description, operation_date, type, bank_account_id) VALUES (5599, 703.83, 'Local Cafe', '2025-12-20 19:56:31', 'DEBIT', 'acc-29e75a2f-bf72-4c78-8f81-f35cea16e7be');
INSERT INTO account_operation (id, amount, description, operation_date, type, bank_account_id) VALUES (5600, 11469.79, 'Dividend Payout', '2025-07-30 19:56:31', 'CREDIT', 'acc-29e75a2f-bf72-4c78-8f81-f35cea16e7be');
INSERT INTO account_operation (id, amount, description, operation_date, type, bank_account_id) VALUES (5601, 10744.55, 'Transfer Received', '2026-05-11 19:56:31', 'CREDIT', 'acc-29e75a2f-bf72-4c78-8f81-f35cea16e7be');
INSERT INTO account_operation (id, amount, description, operation_date, type, bank_account_id) VALUES (5602, 508.55, 'Zara', '2025-10-13 19:56:31', 'DEBIT', 'acc-29e75a2f-bf72-4c78-8f81-f35cea16e7be');
INSERT INTO account_operation (id, amount, description, operation_date, type, bank_account_id) VALUES (5603, 1984.53, 'LC Waikiki', '2025-08-03 19:56:31', 'DEBIT', 'acc-29e75a2f-bf72-4c78-8f81-f35cea16e7be');
INSERT INTO account_operation (id, amount, description, operation_date, type, bank_account_id) VALUES (5604, 301.87, 'Marjane Supermarket', '2026-03-06 19:56:31', 'DEBIT', 'acc-29e75a2f-bf72-4c78-8f81-f35cea16e7be');
INSERT INTO account_operation (id, amount, description, operation_date, type, bank_account_id) VALUES (5605, 107.37, 'Decathlon', '2026-03-24 19:56:31', 'DEBIT', 'acc-29e75a2f-bf72-4c78-8f81-f35cea16e7be');
INSERT INTO account_operation (id, amount, description, operation_date, type, bank_account_id) VALUES (5606, 1639.95, 'BIM Store', '2026-06-19 19:56:31', 'DEBIT', 'acc-29e75a2f-bf72-4c78-8f81-f35cea16e7be');
INSERT INTO account_operation (id, amount, description, operation_date, type, bank_account_id) VALUES (5607, 388.07, 'Redal', '2026-06-26 19:56:31', 'DEBIT', 'acc-29e75a2f-bf72-4c78-8f81-f35cea16e7be');
INSERT INTO account_operation (id, amount, description, operation_date, type, bank_account_id) VALUES (5608, 5139.45, 'Salary Deposit', '2026-05-12 19:56:31', 'CREDIT', 'acc-29e75a2f-bf72-4c78-8f81-f35cea16e7be');
INSERT INTO account_operation (id, amount, description, operation_date, type, bank_account_id) VALUES (5609, 1322.92, 'Salary Deposit', '2026-04-07 19:56:31', 'CREDIT', 'acc-29e75a2f-bf72-4c78-8f81-f35cea16e7be');

INSERT INTO customer (id, name, email) VALUES (96, 'Tariq Benali', 'tariq.benali@gmail.com');
INSERT INTO bank_account (id, type, balance, created_at, customer_id, over_draft, interest_rate) VALUES ('acc-fd8accf6-c65a-4fad-b647-55ef325bbb31', 'CURR', 70657.37, '2025-11-26 19:56:31', 96, 7197.79, NULL);
INSERT INTO account_operation (id, amount, description, operation_date, type, bank_account_id) VALUES (5610, 41146.4, 'Initial Account Funding', '2025-11-26 19:56:31', 'CREDIT', 'acc-fd8accf6-c65a-4fad-b647-55ef325bbb31');
INSERT INTO account_operation (id, amount, description, operation_date, type, bank_account_id) VALUES (5611, 1672.86, 'Redal', '2026-04-02 19:56:31', 'DEBIT', 'acc-fd8accf6-c65a-4fad-b647-55ef325bbb31');
INSERT INTO account_operation (id, amount, description, operation_date, type, bank_account_id) VALUES (5612, 852.83, 'Amendis', '2026-01-10 19:56:31', 'DEBIT', 'acc-fd8accf6-c65a-4fad-b647-55ef325bbb31');
INSERT INTO account_operation (id, amount, description, operation_date, type, bank_account_id) VALUES (5613, 16.75, 'Spotify', '2026-01-29 19:56:31', 'DEBIT', 'acc-fd8accf6-c65a-4fad-b647-55ef325bbb31');
INSERT INTO account_operation (id, amount, description, operation_date, type, bank_account_id) VALUES (5614, 2905.55, 'Salary Deposit', '2026-01-06 19:56:31', 'CREDIT', 'acc-fd8accf6-c65a-4fad-b647-55ef325bbb31');
INSERT INTO account_operation (id, amount, description, operation_date, type, bank_account_id) VALUES (5615, 77.55, 'Local Cafe', '2026-01-16 19:56:31', 'DEBIT', 'acc-fd8accf6-c65a-4fad-b647-55ef325bbb31');
INSERT INTO account_operation (id, amount, description, operation_date, type, bank_account_id) VALUES (5616, 14765.31, 'Dividend Payout', '2026-06-10 19:56:31', 'CREDIT', 'acc-fd8accf6-c65a-4fad-b647-55ef325bbb31');
INSERT INTO account_operation (id, amount, description, operation_date, type, bank_account_id) VALUES (5617, 1724.85, 'Marjane Supermarket', '2026-03-20 19:56:31', 'DEBIT', 'acc-fd8accf6-c65a-4fad-b647-55ef325bbb31');
INSERT INTO account_operation (id, amount, description, operation_date, type, bank_account_id) VALUES (5618, 14760.04, 'Salary Deposit', '2026-04-27 19:56:31', 'CREDIT', 'acc-fd8accf6-c65a-4fad-b647-55ef325bbb31');
INSERT INTO account_operation (id, amount, description, operation_date, type, bank_account_id) VALUES (5619, 1383.01, 'ONEE Electricity', '2025-11-26 19:56:31', 'DEBIT', 'acc-fd8accf6-c65a-4fad-b647-55ef325bbb31');
INSERT INTO account_operation (id, amount, description, operation_date, type, bank_account_id) VALUES (5620, 840.44, 'ONEE Electricity', '2026-03-27 19:56:31', 'DEBIT', 'acc-fd8accf6-c65a-4fad-b647-55ef325bbb31');
INSERT INTO account_operation (id, amount, description, operation_date, type, bank_account_id) VALUES (5621, 5642.32, 'Freelance Payment', '2026-02-27 19:56:31', 'CREDIT', 'acc-fd8accf6-c65a-4fad-b647-55ef325bbb31');
INSERT INTO account_operation (id, amount, description, operation_date, type, bank_account_id) VALUES (5622, 1993.96, 'Pharmacy', '2025-12-11 19:56:31', 'DEBIT', 'acc-fd8accf6-c65a-4fad-b647-55ef325bbb31');
INSERT INTO bank_account (id, type, balance, created_at, customer_id, over_draft, interest_rate) VALUES ('acc-f3849192-0a5c-4b6a-8892-3b30b4bfa551', 'CURR', 107936.92, '2026-04-25 19:56:31', 96, 6926.92, NULL);
INSERT INTO account_operation (id, amount, description, operation_date, type, bank_account_id) VALUES (5623, 33985.66, 'Initial Account Funding', '2026-04-25 19:56:31', 'CREDIT', 'acc-f3849192-0a5c-4b6a-8892-3b30b4bfa551');
INSERT INTO account_operation (id, amount, description, operation_date, type, bank_account_id) VALUES (5624, 1756.74, 'Maroc Telecom', '2026-06-17 19:56:31', 'DEBIT', 'acc-f3849192-0a5c-4b6a-8892-3b30b4bfa551');
INSERT INTO account_operation (id, amount, description, operation_date, type, bank_account_id) VALUES (5625, 2888.0, 'Dividend Payout', '2026-06-10 19:56:31', 'CREDIT', 'acc-f3849192-0a5c-4b6a-8892-3b30b4bfa551');
INSERT INTO account_operation (id, amount, description, operation_date, type, bank_account_id) VALUES (5626, 1921.01, 'CTM Bus', '2026-06-25 19:56:31', 'DEBIT', 'acc-f3849192-0a5c-4b6a-8892-3b30b4bfa551');
INSERT INTO account_operation (id, amount, description, operation_date, type, bank_account_id) VALUES (5627, 13874.4, 'Cash Deposit', '2026-06-16 19:56:31', 'CREDIT', 'acc-f3849192-0a5c-4b6a-8892-3b30b4bfa551');
INSERT INTO account_operation (id, amount, description, operation_date, type, bank_account_id) VALUES (5628, 225.17, 'Restaurant', '2026-06-12 19:56:31', 'DEBIT', 'acc-f3849192-0a5c-4b6a-8892-3b30b4bfa551');
INSERT INTO account_operation (id, amount, description, operation_date, type, bank_account_id) VALUES (5629, 1826.69, 'Orange', '2026-04-26 19:56:31', 'DEBIT', 'acc-f3849192-0a5c-4b6a-8892-3b30b4bfa551');
INSERT INTO account_operation (id, amount, description, operation_date, type, bank_account_id) VALUES (5630, 288.96, 'ONEE Electricity', '2026-06-15 19:56:31', 'DEBIT', 'acc-f3849192-0a5c-4b6a-8892-3b30b4bfa551');
INSERT INTO account_operation (id, amount, description, operation_date, type, bank_account_id) VALUES (5631, 1527.72, 'Redal', '2026-06-24 19:56:31', 'DEBIT', 'acc-f3849192-0a5c-4b6a-8892-3b30b4bfa551');
INSERT INTO account_operation (id, amount, description, operation_date, type, bank_account_id) VALUES (5632, 287.65, 'Orange', '2026-06-02 19:56:31', 'DEBIT', 'acc-f3849192-0a5c-4b6a-8892-3b30b4bfa551');
INSERT INTO account_operation (id, amount, description, operation_date, type, bank_account_id) VALUES (5633, 609.44, 'Amendis', '2026-06-20 19:56:31', 'DEBIT', 'acc-f3849192-0a5c-4b6a-8892-3b30b4bfa551');
INSERT INTO account_operation (id, amount, description, operation_date, type, bank_account_id) VALUES (5634, 4119.14, 'Salary Deposit', '2026-05-31 19:56:31', 'CREDIT', 'acc-f3849192-0a5c-4b6a-8892-3b30b4bfa551');
INSERT INTO account_operation (id, amount, description, operation_date, type, bank_account_id) VALUES (5635, 12081.02, 'Salary Deposit', '2026-06-12 19:56:31', 'CREDIT', 'acc-f3849192-0a5c-4b6a-8892-3b30b4bfa551');
INSERT INTO account_operation (id, amount, description, operation_date, type, bank_account_id) VALUES (5636, 2475.82, 'Freelance Payment', '2026-05-26 19:56:31', 'CREDIT', 'acc-f3849192-0a5c-4b6a-8892-3b30b4bfa551');
INSERT INTO account_operation (id, amount, description, operation_date, type, bank_account_id) VALUES (5637, 544.51, 'ONEE Electricity', '2026-06-11 19:56:31', 'DEBIT', 'acc-f3849192-0a5c-4b6a-8892-3b30b4bfa551');
INSERT INTO account_operation (id, amount, description, operation_date, type, bank_account_id) VALUES (5638, 12374.58, 'Dividend Payout', '2026-05-16 19:56:31', 'CREDIT', 'acc-f3849192-0a5c-4b6a-8892-3b30b4bfa551');
INSERT INTO account_operation (id, amount, description, operation_date, type, bank_account_id) VALUES (5639, 682.19, 'Orange', '2026-06-23 19:56:31', 'DEBIT', 'acc-f3849192-0a5c-4b6a-8892-3b30b4bfa551');
INSERT INTO account_operation (id, amount, description, operation_date, type, bank_account_id) VALUES (5640, 637.91, 'Maroc Telecom', '2026-05-06 19:56:31', 'DEBIT', 'acc-f3849192-0a5c-4b6a-8892-3b30b4bfa551');
INSERT INTO account_operation (id, amount, description, operation_date, type, bank_account_id) VALUES (5641, 4414.57, 'Cash Deposit', '2026-05-19 19:56:31', 'CREDIT', 'acc-f3849192-0a5c-4b6a-8892-3b30b4bfa551');
INSERT INTO account_operation (id, amount, description, operation_date, type, bank_account_id) VALUES (5642, 1749.76, 'Spotify', '2026-06-02 19:56:31', 'DEBIT', 'acc-f3849192-0a5c-4b6a-8892-3b30b4bfa551');
INSERT INTO account_operation (id, amount, description, operation_date, type, bank_account_id) VALUES (5643, 7410.24, 'Transfer Received', '2026-06-11 19:56:31', 'CREDIT', 'acc-f3849192-0a5c-4b6a-8892-3b30b4bfa551');
INSERT INTO account_operation (id, amount, description, operation_date, type, bank_account_id) VALUES (5644, 794.56, 'CTM Bus', '2026-06-08 19:56:31', 'DEBIT', 'acc-f3849192-0a5c-4b6a-8892-3b30b4bfa551');
INSERT INTO account_operation (id, amount, description, operation_date, type, bank_account_id) VALUES (5645, 247.03, 'CTM Bus', '2026-05-30 19:56:31', 'DEBIT', 'acc-f3849192-0a5c-4b6a-8892-3b30b4bfa551');
INSERT INTO account_operation (id, amount, description, operation_date, type, bank_account_id) VALUES (5646, 182.21, 'Maroc Telecom', '2026-04-28 19:56:31', 'DEBIT', 'acc-f3849192-0a5c-4b6a-8892-3b30b4bfa551');
INSERT INTO account_operation (id, amount, description, operation_date, type, bank_account_id) VALUES (5647, 515.78, 'LC Waikiki', '2026-05-08 19:56:31', 'DEBIT', 'acc-f3849192-0a5c-4b6a-8892-3b30b4bfa551');
INSERT INTO account_operation (id, amount, description, operation_date, type, bank_account_id) VALUES (5648, 533.65, 'Maroc Telecom', '2026-04-29 19:56:31', 'DEBIT', 'acc-f3849192-0a5c-4b6a-8892-3b30b4bfa551');
INSERT INTO account_operation (id, amount, description, operation_date, type, bank_account_id) VALUES (5649, 508.28, 'Maroc Telecom', '2026-05-27 19:56:31', 'DEBIT', 'acc-f3849192-0a5c-4b6a-8892-3b30b4bfa551');
INSERT INTO account_operation (id, amount, description, operation_date, type, bank_account_id) VALUES (5650, 1444.35, 'Netflix Subscription', '2026-06-11 19:56:31', 'DEBIT', 'acc-f3849192-0a5c-4b6a-8892-3b30b4bfa551');
INSERT INTO account_operation (id, amount, description, operation_date, type, bank_account_id) VALUES (5651, 684.79, 'CTM Bus', '2026-05-06 19:56:31', 'DEBIT', 'acc-f3849192-0a5c-4b6a-8892-3b30b4bfa551');
INSERT INTO account_operation (id, amount, description, operation_date, type, bank_account_id) VALUES (5652, 810.27, 'Pharmacy', '2026-05-05 19:56:31', 'DEBIT', 'acc-f3849192-0a5c-4b6a-8892-3b30b4bfa551');
INSERT INTO account_operation (id, amount, description, operation_date, type, bank_account_id) VALUES (5653, 778.08, 'Spotify', '2026-06-23 19:56:31', 'DEBIT', 'acc-f3849192-0a5c-4b6a-8892-3b30b4bfa551');
INSERT INTO account_operation (id, amount, description, operation_date, type, bank_account_id) VALUES (5654, 1800.06, 'CTM Bus', '2026-05-24 19:56:31', 'DEBIT', 'acc-f3849192-0a5c-4b6a-8892-3b30b4bfa551');
INSERT INTO account_operation (id, amount, description, operation_date, type, bank_account_id) VALUES (5655, 13141.5, 'Salary Deposit', '2026-06-15 19:56:31', 'CREDIT', 'acc-f3849192-0a5c-4b6a-8892-3b30b4bfa551');
INSERT INTO account_operation (id, amount, description, operation_date, type, bank_account_id) VALUES (5656, 1769.62, 'Orange', '2026-05-09 19:56:31', 'DEBIT', 'acc-f3849192-0a5c-4b6a-8892-3b30b4bfa551');
INSERT INTO account_operation (id, amount, description, operation_date, type, bank_account_id) VALUES (5657, 9264.79, 'Cash Deposit', '2026-06-20 19:56:31', 'CREDIT', 'acc-f3849192-0a5c-4b6a-8892-3b30b4bfa551');
INSERT INTO account_operation (id, amount, description, operation_date, type, bank_account_id) VALUES (5658, 4189.57, 'Freelance Payment', '2026-06-08 19:56:31', 'CREDIT', 'acc-f3849192-0a5c-4b6a-8892-3b30b4bfa551');
INSERT INTO account_operation (id, amount, description, operation_date, type, bank_account_id) VALUES (5659, 1354.86, 'Maroc Telecom', '2026-04-27 19:56:31', 'DEBIT', 'acc-f3849192-0a5c-4b6a-8892-3b30b4bfa551');
INSERT INTO account_operation (id, amount, description, operation_date, type, bank_account_id) VALUES (5660, 1874.31, 'Maroc Telecom', '2026-05-06 19:56:31', 'DEBIT', 'acc-f3849192-0a5c-4b6a-8892-3b30b4bfa551');
INSERT INTO account_operation (id, amount, description, operation_date, type, bank_account_id) VALUES (5661, 1101.57, 'LC Waikiki', '2026-06-01 19:56:31', 'DEBIT', 'acc-f3849192-0a5c-4b6a-8892-3b30b4bfa551');
INSERT INTO account_operation (id, amount, description, operation_date, type, bank_account_id) VALUES (5662, 1248.64, 'BIM Store', '2026-06-17 19:56:31', 'DEBIT', 'acc-f3849192-0a5c-4b6a-8892-3b30b4bfa551');
INSERT INTO account_operation (id, amount, description, operation_date, type, bank_account_id) VALUES (5663, 2537.74, 'Freelance Payment', '2026-06-02 19:56:31', 'CREDIT', 'acc-f3849192-0a5c-4b6a-8892-3b30b4bfa551');
INSERT INTO account_operation (id, amount, description, operation_date, type, bank_account_id) VALUES (5664, 10479.38, 'Cash Deposit', '2026-05-18 19:56:31', 'CREDIT', 'acc-f3849192-0a5c-4b6a-8892-3b30b4bfa551');
INSERT INTO account_operation (id, amount, description, operation_date, type, bank_account_id) VALUES (5665, 199.14, 'Marjane Supermarket', '2026-05-12 19:56:31', 'DEBIT', 'acc-f3849192-0a5c-4b6a-8892-3b30b4bfa551');
INSERT INTO account_operation (id, amount, description, operation_date, type, bank_account_id) VALUES (5666, 52.89, 'LC Waikiki', '2026-05-23 19:56:31', 'DEBIT', 'acc-f3849192-0a5c-4b6a-8892-3b30b4bfa551');
INSERT INTO account_operation (id, amount, description, operation_date, type, bank_account_id) VALUES (5667, 1510.11, 'Zara', '2026-05-11 19:56:31', 'DEBIT', 'acc-f3849192-0a5c-4b6a-8892-3b30b4bfa551');
INSERT INTO account_operation (id, amount, description, operation_date, type, bank_account_id) VALUES (5668, 509.34, 'Restaurant', '2026-05-30 19:56:31', 'DEBIT', 'acc-f3849192-0a5c-4b6a-8892-3b30b4bfa551');
INSERT INTO account_operation (id, amount, description, operation_date, type, bank_account_id) VALUES (5669, 492.89, 'Spotify', '2026-06-26 19:56:31', 'DEBIT', 'acc-f3849192-0a5c-4b6a-8892-3b30b4bfa551');
INSERT INTO account_operation (id, amount, description, operation_date, type, bank_account_id) VALUES (5670, 849.17, 'BIM Store', '2026-05-28 19:56:31', 'DEBIT', 'acc-f3849192-0a5c-4b6a-8892-3b30b4bfa551');
INSERT INTO account_operation (id, amount, description, operation_date, type, bank_account_id) VALUES (5671, 1253.75, 'Maroc Telecom', '2026-05-09 19:56:31', 'DEBIT', 'acc-f3849192-0a5c-4b6a-8892-3b30b4bfa551');
INSERT INTO account_operation (id, amount, description, operation_date, type, bank_account_id) VALUES (5672, 7907.6, 'Freelance Payment', '2026-05-19 19:56:31', 'CREDIT', 'acc-f3849192-0a5c-4b6a-8892-3b30b4bfa551');
INSERT INTO account_operation (id, amount, description, operation_date, type, bank_account_id) VALUES (5673, 633.99, 'Local Cafe', '2026-06-06 19:56:31', 'DEBIT', 'acc-f3849192-0a5c-4b6a-8892-3b30b4bfa551');

INSERT INTO customer (id, name, email) VALUES (97, 'Mehdi Bennani', 'mehdi.bennani@gmail.com');
INSERT INTO bank_account (id, type, balance, created_at, customer_id, over_draft, interest_rate) VALUES ('acc-4c7b63b8-05e5-478d-83c9-d59fcf8574bc', 'CURR', 74892.07, '2025-11-20 19:56:31', 97, 8051.33, NULL);
INSERT INTO account_operation (id, amount, description, operation_date, type, bank_account_id) VALUES (5674, 34358.66, 'Initial Account Funding', '2025-11-20 19:56:31', 'CREDIT', 'acc-4c7b63b8-05e5-478d-83c9-d59fcf8574bc');
INSERT INTO account_operation (id, amount, description, operation_date, type, bank_account_id) VALUES (5675, 5223.67, 'Transfer Received', '2026-03-28 19:56:31', 'CREDIT', 'acc-4c7b63b8-05e5-478d-83c9-d59fcf8574bc');
INSERT INTO account_operation (id, amount, description, operation_date, type, bank_account_id) VALUES (5676, 1447.74, 'Amendis', '2025-12-05 19:56:31', 'DEBIT', 'acc-4c7b63b8-05e5-478d-83c9-d59fcf8574bc');
INSERT INTO account_operation (id, amount, description, operation_date, type, bank_account_id) VALUES (5677, 1355.05, 'Decathlon', '2026-01-28 19:56:31', 'DEBIT', 'acc-4c7b63b8-05e5-478d-83c9-d59fcf8574bc');
INSERT INTO account_operation (id, amount, description, operation_date, type, bank_account_id) VALUES (5678, 1533.82, 'Pharmacy', '2026-05-04 19:56:31', 'DEBIT', 'acc-4c7b63b8-05e5-478d-83c9-d59fcf8574bc');
INSERT INTO account_operation (id, amount, description, operation_date, type, bank_account_id) VALUES (5679, 261.03, 'LC Waikiki', '2026-05-05 19:56:31', 'DEBIT', 'acc-4c7b63b8-05e5-478d-83c9-d59fcf8574bc');
INSERT INTO account_operation (id, amount, description, operation_date, type, bank_account_id) VALUES (5680, 13077.38, 'Cash Deposit', '2026-06-16 19:56:31', 'CREDIT', 'acc-4c7b63b8-05e5-478d-83c9-d59fcf8574bc');
INSERT INTO account_operation (id, amount, description, operation_date, type, bank_account_id) VALUES (5681, 10151.9, 'Salary Deposit', '2026-03-26 19:56:31', 'CREDIT', 'acc-4c7b63b8-05e5-478d-83c9-d59fcf8574bc');
INSERT INTO account_operation (id, amount, description, operation_date, type, bank_account_id) VALUES (5682, 1612.49, 'Pharmacy', '2026-06-10 19:56:31', 'DEBIT', 'acc-4c7b63b8-05e5-478d-83c9-d59fcf8574bc');
INSERT INTO account_operation (id, amount, description, operation_date, type, bank_account_id) VALUES (5683, 890.27, 'Local Cafe', '2026-02-13 19:56:31', 'DEBIT', 'acc-4c7b63b8-05e5-478d-83c9-d59fcf8574bc');
INSERT INTO account_operation (id, amount, description, operation_date, type, bank_account_id) VALUES (5684, 5114.26, 'Dividend Payout', '2025-11-30 19:56:31', 'CREDIT', 'acc-4c7b63b8-05e5-478d-83c9-d59fcf8574bc');
INSERT INTO account_operation (id, amount, description, operation_date, type, bank_account_id) VALUES (5685, 6595.16, 'Cash Deposit', '2026-05-20 19:56:31', 'CREDIT', 'acc-4c7b63b8-05e5-478d-83c9-d59fcf8574bc');
INSERT INTO account_operation (id, amount, description, operation_date, type, bank_account_id) VALUES (5686, 9979.73, 'Salary Deposit', '2025-12-15 19:56:31', 'CREDIT', 'acc-4c7b63b8-05e5-478d-83c9-d59fcf8574bc');
INSERT INTO account_operation (id, amount, description, operation_date, type, bank_account_id) VALUES (5687, 739.5, 'Redal', '2026-01-12 19:56:31', 'DEBIT', 'acc-4c7b63b8-05e5-478d-83c9-d59fcf8574bc');
INSERT INTO account_operation (id, amount, description, operation_date, type, bank_account_id) VALUES (5688, 1903.36, 'Amendis', '2026-06-24 19:56:31', 'DEBIT', 'acc-4c7b63b8-05e5-478d-83c9-d59fcf8574bc');
INSERT INTO account_operation (id, amount, description, operation_date, type, bank_account_id) VALUES (5689, 860.83, 'Marjane Supermarket', '2026-02-17 19:56:31', 'DEBIT', 'acc-4c7b63b8-05e5-478d-83c9-d59fcf8574bc');
INSERT INTO account_operation (id, amount, description, operation_date, type, bank_account_id) VALUES (5690, 5619.83, 'Freelance Payment', '2025-11-21 19:56:31', 'CREDIT', 'acc-4c7b63b8-05e5-478d-83c9-d59fcf8574bc');
INSERT INTO account_operation (id, amount, description, operation_date, type, bank_account_id) VALUES (5691, 1139.21, 'Marjane Supermarket', '2026-05-03 19:56:31', 'DEBIT', 'acc-4c7b63b8-05e5-478d-83c9-d59fcf8574bc');
INSERT INTO account_operation (id, amount, description, operation_date, type, bank_account_id) VALUES (5692, 991.4, 'CTM Bus', '2026-01-02 19:56:31', 'DEBIT', 'acc-4c7b63b8-05e5-478d-83c9-d59fcf8574bc');
INSERT INTO account_operation (id, amount, description, operation_date, type, bank_account_id) VALUES (5693, 1928.49, 'Restaurant', '2026-04-03 19:56:31', 'DEBIT', 'acc-4c7b63b8-05e5-478d-83c9-d59fcf8574bc');
INSERT INTO account_operation (id, amount, description, operation_date, type, bank_account_id) VALUES (5694, 565.33, 'Orange', '2026-03-29 19:56:31', 'DEBIT', 'acc-4c7b63b8-05e5-478d-83c9-d59fcf8574bc');
INSERT INTO bank_account (id, type, balance, created_at, customer_id, over_draft, interest_rate) VALUES ('acc-81d1d4a6-41c1-4dc1-8a34-34f8a77ab94f', 'CURR', 96566.47, '2025-10-28 19:56:31', 97, 9848.69, NULL);
INSERT INTO account_operation (id, amount, description, operation_date, type, bank_account_id) VALUES (5695, 24155.7, 'Initial Account Funding', '2025-10-28 19:56:31', 'CREDIT', 'acc-81d1d4a6-41c1-4dc1-8a34-34f8a77ab94f');
INSERT INTO account_operation (id, amount, description, operation_date, type, bank_account_id) VALUES (5696, 1161.69, 'BIM Store', '2026-01-05 19:56:31', 'DEBIT', 'acc-81d1d4a6-41c1-4dc1-8a34-34f8a77ab94f');
INSERT INTO account_operation (id, amount, description, operation_date, type, bank_account_id) VALUES (5697, 1441.56, 'Netflix Subscription', '2026-02-05 19:56:31', 'DEBIT', 'acc-81d1d4a6-41c1-4dc1-8a34-34f8a77ab94f');
INSERT INTO account_operation (id, amount, description, operation_date, type, bank_account_id) VALUES (5698, 14844.0, 'Salary Deposit', '2026-05-18 19:56:31', 'CREDIT', 'acc-81d1d4a6-41c1-4dc1-8a34-34f8a77ab94f');
INSERT INTO account_operation (id, amount, description, operation_date, type, bank_account_id) VALUES (5699, 9747.58, 'Salary Deposit', '2025-12-11 19:56:31', 'CREDIT', 'acc-81d1d4a6-41c1-4dc1-8a34-34f8a77ab94f');
INSERT INTO account_operation (id, amount, description, operation_date, type, bank_account_id) VALUES (5700, 545.74, 'Zara', '2026-01-03 19:56:31', 'DEBIT', 'acc-81d1d4a6-41c1-4dc1-8a34-34f8a77ab94f');
INSERT INTO account_operation (id, amount, description, operation_date, type, bank_account_id) VALUES (5701, 11055.31, 'Salary Deposit', '2026-02-22 19:56:31', 'CREDIT', 'acc-81d1d4a6-41c1-4dc1-8a34-34f8a77ab94f');
INSERT INTO account_operation (id, amount, description, operation_date, type, bank_account_id) VALUES (5702, 1817.9, 'Local Cafe', '2026-01-08 19:56:31', 'DEBIT', 'acc-81d1d4a6-41c1-4dc1-8a34-34f8a77ab94f');
INSERT INTO account_operation (id, amount, description, operation_date, type, bank_account_id) VALUES (5703, 85.02, 'Redal', '2026-02-22 19:56:31', 'DEBIT', 'acc-81d1d4a6-41c1-4dc1-8a34-34f8a77ab94f');
INSERT INTO account_operation (id, amount, description, operation_date, type, bank_account_id) VALUES (5704, 1798.15, 'Maroc Telecom', '2026-03-14 19:56:31', 'DEBIT', 'acc-81d1d4a6-41c1-4dc1-8a34-34f8a77ab94f');
INSERT INTO account_operation (id, amount, description, operation_date, type, bank_account_id) VALUES (5705, 1851.85, 'Maroc Telecom', '2025-11-14 19:56:31', 'DEBIT', 'acc-81d1d4a6-41c1-4dc1-8a34-34f8a77ab94f');
INSERT INTO account_operation (id, amount, description, operation_date, type, bank_account_id) VALUES (5706, 870.03, 'Pharmacy', '2025-11-20 19:56:31', 'DEBIT', 'acc-81d1d4a6-41c1-4dc1-8a34-34f8a77ab94f');
INSERT INTO account_operation (id, amount, description, operation_date, type, bank_account_id) VALUES (5707, 1422.5, 'Decathlon', '2026-04-22 19:56:31', 'DEBIT', 'acc-81d1d4a6-41c1-4dc1-8a34-34f8a77ab94f');
INSERT INTO account_operation (id, amount, description, operation_date, type, bank_account_id) VALUES (5708, 10367.63, 'Freelance Payment', '2026-06-15 19:56:31', 'CREDIT', 'acc-81d1d4a6-41c1-4dc1-8a34-34f8a77ab94f');
INSERT INTO account_operation (id, amount, description, operation_date, type, bank_account_id) VALUES (5709, 666.68, 'LC Waikiki', '2026-02-20 19:56:31', 'DEBIT', 'acc-81d1d4a6-41c1-4dc1-8a34-34f8a77ab94f');
INSERT INTO account_operation (id, amount, description, operation_date, type, bank_account_id) VALUES (5710, 894.66, 'Pharmacy', '2026-06-09 19:56:31', 'DEBIT', 'acc-81d1d4a6-41c1-4dc1-8a34-34f8a77ab94f');
INSERT INTO account_operation (id, amount, description, operation_date, type, bank_account_id) VALUES (5711, 9120.07, 'Cash Deposit', '2026-01-30 19:56:31', 'CREDIT', 'acc-81d1d4a6-41c1-4dc1-8a34-34f8a77ab94f');
INSERT INTO account_operation (id, amount, description, operation_date, type, bank_account_id) VALUES (5712, 14900.81, 'Transfer Received', '2026-04-03 19:56:31', 'CREDIT', 'acc-81d1d4a6-41c1-4dc1-8a34-34f8a77ab94f');
INSERT INTO account_operation (id, amount, description, operation_date, type, bank_account_id) VALUES (5713, 764.79, 'LC Waikiki', '2026-05-29 19:56:31', 'DEBIT', 'acc-81d1d4a6-41c1-4dc1-8a34-34f8a77ab94f');
INSERT INTO account_operation (id, amount, description, operation_date, type, bank_account_id) VALUES (5714, 9125.56, 'Salary Deposit', '2026-05-26 19:56:31', 'CREDIT', 'acc-81d1d4a6-41c1-4dc1-8a34-34f8a77ab94f');
INSERT INTO account_operation (id, amount, description, operation_date, type, bank_account_id) VALUES (5715, 1598.53, 'Orange', '2026-06-27 19:56:31', 'DEBIT', 'acc-81d1d4a6-41c1-4dc1-8a34-34f8a77ab94f');
INSERT INTO account_operation (id, amount, description, operation_date, type, bank_account_id) VALUES (5716, 1218.97, 'Marjane Supermarket', '2026-02-23 19:56:31', 'DEBIT', 'acc-81d1d4a6-41c1-4dc1-8a34-34f8a77ab94f');
INSERT INTO account_operation (id, amount, description, operation_date, type, bank_account_id) VALUES (5717, 1114.61, 'BIM Store', '2026-03-05 19:56:31', 'DEBIT', 'acc-81d1d4a6-41c1-4dc1-8a34-34f8a77ab94f');
INSERT INTO account_operation (id, amount, description, operation_date, type, bank_account_id) VALUES (5718, 1927.89, 'Amendis', '2026-03-01 19:56:31', 'DEBIT', 'acc-81d1d4a6-41c1-4dc1-8a34-34f8a77ab94f');
INSERT INTO account_operation (id, amount, description, operation_date, type, bank_account_id) VALUES (5719, 1267.38, 'Marjane Supermarket', '2025-12-27 19:56:31', 'DEBIT', 'acc-81d1d4a6-41c1-4dc1-8a34-34f8a77ab94f');
INSERT INTO account_operation (id, amount, description, operation_date, type, bank_account_id) VALUES (5720, 5983.81, 'Transfer Received', '2026-04-19 19:56:31', 'CREDIT', 'acc-81d1d4a6-41c1-4dc1-8a34-34f8a77ab94f');
INSERT INTO account_operation (id, amount, description, operation_date, type, bank_account_id) VALUES (5721, 1648.36, 'BIM Store', '2026-06-25 19:56:31', 'DEBIT', 'acc-81d1d4a6-41c1-4dc1-8a34-34f8a77ab94f');
INSERT INTO account_operation (id, amount, description, operation_date, type, bank_account_id) VALUES (5722, 679.18, 'Spotify', '2026-05-07 19:56:31', 'DEBIT', 'acc-81d1d4a6-41c1-4dc1-8a34-34f8a77ab94f');
INSERT INTO account_operation (id, amount, description, operation_date, type, bank_account_id) VALUES (5723, 1520.28, 'Decathlon', '2025-12-18 19:56:31', 'DEBIT', 'acc-81d1d4a6-41c1-4dc1-8a34-34f8a77ab94f');
INSERT INTO account_operation (id, amount, description, operation_date, type, bank_account_id) VALUES (5724, 1172.14, 'Decathlon', '2026-04-29 19:56:31', 'DEBIT', 'acc-81d1d4a6-41c1-4dc1-8a34-34f8a77ab94f');
INSERT INTO account_operation (id, amount, description, operation_date, type, bank_account_id) VALUES (5725, 227.31, 'Local Cafe', '2026-03-12 19:56:31', 'DEBIT', 'acc-81d1d4a6-41c1-4dc1-8a34-34f8a77ab94f');
INSERT INTO account_operation (id, amount, description, operation_date, type, bank_account_id) VALUES (5726, 306.87, 'Pharmacy', '2026-04-26 19:56:31', 'DEBIT', 'acc-81d1d4a6-41c1-4dc1-8a34-34f8a77ab94f');
INSERT INTO account_operation (id, amount, description, operation_date, type, bank_account_id) VALUES (5727, 1341.47, 'Netflix Subscription', '2026-06-17 19:56:31', 'DEBIT', 'acc-81d1d4a6-41c1-4dc1-8a34-34f8a77ab94f');
INSERT INTO account_operation (id, amount, description, operation_date, type, bank_account_id) VALUES (5728, 1946.49, 'CTM Bus', '2025-11-10 19:56:31', 'DEBIT', 'acc-81d1d4a6-41c1-4dc1-8a34-34f8a77ab94f');
INSERT INTO account_operation (id, amount, description, operation_date, type, bank_account_id) VALUES (5729, 10789.01, 'Freelance Payment', '2026-06-10 19:56:31', 'CREDIT', 'acc-81d1d4a6-41c1-4dc1-8a34-34f8a77ab94f');
INSERT INTO account_operation (id, amount, description, operation_date, type, bank_account_id) VALUES (5730, 7619.92, 'Freelance Payment', '2026-03-09 19:56:31', 'CREDIT', 'acc-81d1d4a6-41c1-4dc1-8a34-34f8a77ab94f');
INSERT INTO account_operation (id, amount, description, operation_date, type, bank_account_id) VALUES (5731, 1852.88, 'Netflix Subscription', '2026-03-15 19:56:31', 'DEBIT', 'acc-81d1d4a6-41c1-4dc1-8a34-34f8a77ab94f');

INSERT INTO customer (id, name, email) VALUES (98, 'Meryem Chraibi', 'meryem.chraibi@gmail.com');
INSERT INTO bank_account (id, type, balance, created_at, customer_id, over_draft, interest_rate) VALUES ('acc-ab342816-d70d-41cf-997f-4647aa930c2f', 'SAVE', 75011.75, '2025-08-15 19:56:31', 98, NULL, 4.69);
INSERT INTO account_operation (id, amount, description, operation_date, type, bank_account_id) VALUES (5732, 42911.28, 'Initial Account Funding', '2025-08-15 19:56:31', 'CREDIT', 'acc-ab342816-d70d-41cf-997f-4647aa930c2f');
INSERT INTO account_operation (id, amount, description, operation_date, type, bank_account_id) VALUES (5733, 853.62, 'Local Cafe', '2026-03-16 19:56:31', 'DEBIT', 'acc-ab342816-d70d-41cf-997f-4647aa930c2f');
INSERT INTO account_operation (id, amount, description, operation_date, type, bank_account_id) VALUES (5734, 1197.61, 'Salary Deposit', '2025-10-18 19:56:31', 'CREDIT', 'acc-ab342816-d70d-41cf-997f-4647aa930c2f');
INSERT INTO account_operation (id, amount, description, operation_date, type, bank_account_id) VALUES (5735, 1769.65, 'ONCF Train', '2026-02-20 19:56:31', 'DEBIT', 'acc-ab342816-d70d-41cf-997f-4647aa930c2f');
INSERT INTO account_operation (id, amount, description, operation_date, type, bank_account_id) VALUES (5736, 895.72, 'Carrefour', '2026-06-03 19:56:31', 'DEBIT', 'acc-ab342816-d70d-41cf-997f-4647aa930c2f');
INSERT INTO account_operation (id, amount, description, operation_date, type, bank_account_id) VALUES (5737, 1870.11, 'Spotify', '2026-01-06 19:56:31', 'DEBIT', 'acc-ab342816-d70d-41cf-997f-4647aa930c2f');
INSERT INTO account_operation (id, amount, description, operation_date, type, bank_account_id) VALUES (5738, 6117.0, 'Salary Deposit', '2026-02-14 19:56:31', 'CREDIT', 'acc-ab342816-d70d-41cf-997f-4647aa930c2f');
INSERT INTO account_operation (id, amount, description, operation_date, type, bank_account_id) VALUES (5739, 148.1, 'Amendis', '2025-10-03 19:56:31', 'DEBIT', 'acc-ab342816-d70d-41cf-997f-4647aa930c2f');
INSERT INTO account_operation (id, amount, description, operation_date, type, bank_account_id) VALUES (5740, 1923.11, 'Redal', '2026-02-14 19:56:31', 'DEBIT', 'acc-ab342816-d70d-41cf-997f-4647aa930c2f');
INSERT INTO account_operation (id, amount, description, operation_date, type, bank_account_id) VALUES (5741, 152.2, 'Netflix Subscription', '2026-02-28 19:56:31', 'DEBIT', 'acc-ab342816-d70d-41cf-997f-4647aa930c2f');
INSERT INTO account_operation (id, amount, description, operation_date, type, bank_account_id) VALUES (5742, 8982.17, 'Dividend Payout', '2025-09-06 19:56:31', 'CREDIT', 'acc-ab342816-d70d-41cf-997f-4647aa930c2f');
INSERT INTO account_operation (id, amount, description, operation_date, type, bank_account_id) VALUES (5743, 2492.65, 'Cash Deposit', '2026-05-16 19:56:31', 'CREDIT', 'acc-ab342816-d70d-41cf-997f-4647aa930c2f');
INSERT INTO account_operation (id, amount, description, operation_date, type, bank_account_id) VALUES (5744, 1405.31, 'ONEE Electricity', '2026-05-22 19:56:31', 'DEBIT', 'acc-ab342816-d70d-41cf-997f-4647aa930c2f');
INSERT INTO account_operation (id, amount, description, operation_date, type, bank_account_id) VALUES (5745, 1457.03, 'Redal', '2025-08-28 19:56:31', 'DEBIT', 'acc-ab342816-d70d-41cf-997f-4647aa930c2f');
INSERT INTO account_operation (id, amount, description, operation_date, type, bank_account_id) VALUES (5746, 1586.92, 'ONCF Train', '2025-12-18 19:56:31', 'DEBIT', 'acc-ab342816-d70d-41cf-997f-4647aa930c2f');
INSERT INTO account_operation (id, amount, description, operation_date, type, bank_account_id) VALUES (5747, 538.06, 'Decathlon', '2025-10-05 19:56:31', 'DEBIT', 'acc-ab342816-d70d-41cf-997f-4647aa930c2f');
INSERT INTO account_operation (id, amount, description, operation_date, type, bank_account_id) VALUES (5748, 1777.99, 'Maroc Telecom', '2025-08-18 19:56:31', 'DEBIT', 'acc-ab342816-d70d-41cf-997f-4647aa930c2f');
INSERT INTO account_operation (id, amount, description, operation_date, type, bank_account_id) VALUES (5749, 1359.22, 'Maroc Telecom', '2026-01-11 19:56:31', 'DEBIT', 'acc-ab342816-d70d-41cf-997f-4647aa930c2f');
INSERT INTO account_operation (id, amount, description, operation_date, type, bank_account_id) VALUES (5750, 9221.94, 'Transfer Received', '2026-01-08 19:56:31', 'CREDIT', 'acc-ab342816-d70d-41cf-997f-4647aa930c2f');
INSERT INTO account_operation (id, amount, description, operation_date, type, bank_account_id) VALUES (5751, 632.6, 'Carrefour', '2025-09-26 19:56:31', 'DEBIT', 'acc-ab342816-d70d-41cf-997f-4647aa930c2f');
INSERT INTO account_operation (id, amount, description, operation_date, type, bank_account_id) VALUES (5752, 1900.0, 'Pharmacy', '2025-09-23 19:56:31', 'DEBIT', 'acc-ab342816-d70d-41cf-997f-4647aa930c2f');
INSERT INTO account_operation (id, amount, description, operation_date, type, bank_account_id) VALUES (5753, 281.13, 'Decathlon', '2026-02-21 19:56:31', 'DEBIT', 'acc-ab342816-d70d-41cf-997f-4647aa930c2f');
INSERT INTO account_operation (id, amount, description, operation_date, type, bank_account_id) VALUES (5754, 1635.48, 'Local Cafe', '2026-04-05 19:56:31', 'DEBIT', 'acc-ab342816-d70d-41cf-997f-4647aa930c2f');
INSERT INTO account_operation (id, amount, description, operation_date, type, bank_account_id) VALUES (5755, 1857.6, 'Dividend Payout', '2025-12-03 19:56:31', 'CREDIT', 'acc-ab342816-d70d-41cf-997f-4647aa930c2f');
INSERT INTO account_operation (id, amount, description, operation_date, type, bank_account_id) VALUES (5756, 6121.25, 'Dividend Payout', '2026-04-27 19:56:31', 'CREDIT', 'acc-ab342816-d70d-41cf-997f-4647aa930c2f');
INSERT INTO account_operation (id, amount, description, operation_date, type, bank_account_id) VALUES (5757, 12219.42, 'Transfer Received', '2026-02-21 19:56:31', 'CREDIT', 'acc-ab342816-d70d-41cf-997f-4647aa930c2f');
INSERT INTO account_operation (id, amount, description, operation_date, type, bank_account_id) VALUES (5758, 432.29, 'Pharmacy', '2026-05-06 19:56:31', 'DEBIT', 'acc-ab342816-d70d-41cf-997f-4647aa930c2f');
INSERT INTO account_operation (id, amount, description, operation_date, type, bank_account_id) VALUES (5759, 458.61, 'ONEE Electricity', '2025-10-21 19:56:31', 'DEBIT', 'acc-ab342816-d70d-41cf-997f-4647aa930c2f');
INSERT INTO account_operation (id, amount, description, operation_date, type, bank_account_id) VALUES (5760, 549.9, 'Decathlon', '2026-04-19 19:56:31', 'DEBIT', 'acc-ab342816-d70d-41cf-997f-4647aa930c2f');
INSERT INTO account_operation (id, amount, description, operation_date, type, bank_account_id) VALUES (5761, 1080.31, 'Zara', '2026-03-19 19:56:31', 'DEBIT', 'acc-ab342816-d70d-41cf-997f-4647aa930c2f');
INSERT INTO account_operation (id, amount, description, operation_date, type, bank_account_id) VALUES (5762, 665.06, 'ONCF Train', '2025-11-08 19:56:31', 'DEBIT', 'acc-ab342816-d70d-41cf-997f-4647aa930c2f');
INSERT INTO account_operation (id, amount, description, operation_date, type, bank_account_id) VALUES (5763, 1646.1, 'Salary Deposit', '2025-12-12 19:56:31', 'CREDIT', 'acc-ab342816-d70d-41cf-997f-4647aa930c2f');
INSERT INTO account_operation (id, amount, description, operation_date, type, bank_account_id) VALUES (5764, 1993.5, 'Inwi', '2025-11-23 19:56:31', 'DEBIT', 'acc-ab342816-d70d-41cf-997f-4647aa930c2f');
INSERT INTO account_operation (id, amount, description, operation_date, type, bank_account_id) VALUES (5765, 1342.21, 'Carrefour', '2026-02-22 19:56:31', 'DEBIT', 'acc-ab342816-d70d-41cf-997f-4647aa930c2f');
INSERT INTO account_operation (id, amount, description, operation_date, type, bank_account_id) VALUES (5766, 1098.62, 'ONCF Train', '2025-11-07 19:56:31', 'DEBIT', 'acc-ab342816-d70d-41cf-997f-4647aa930c2f');
INSERT INTO account_operation (id, amount, description, operation_date, type, bank_account_id) VALUES (5767, 1719.12, 'Restaurant', '2025-08-27 19:56:31', 'DEBIT', 'acc-ab342816-d70d-41cf-997f-4647aa930c2f');
INSERT INTO account_operation (id, amount, description, operation_date, type, bank_account_id) VALUES (5768, 1740.77, 'CTM Bus', '2026-03-19 19:56:31', 'DEBIT', 'acc-ab342816-d70d-41cf-997f-4647aa930c2f');
INSERT INTO account_operation (id, amount, description, operation_date, type, bank_account_id) VALUES (5769, 8497.71, 'Dividend Payout', '2025-12-11 19:56:31', 'CREDIT', 'acc-ab342816-d70d-41cf-997f-4647aa930c2f');
INSERT INTO account_operation (id, amount, description, operation_date, type, bank_account_id) VALUES (5770, 497.44, 'Inwi', '2026-01-03 19:56:31', 'DEBIT', 'acc-ab342816-d70d-41cf-997f-4647aa930c2f');
INSERT INTO account_operation (id, amount, description, operation_date, type, bank_account_id) VALUES (5771, 1460.74, 'Carrefour', '2026-04-21 19:56:31', 'DEBIT', 'acc-ab342816-d70d-41cf-997f-4647aa930c2f');
INSERT INTO account_operation (id, amount, description, operation_date, type, bank_account_id) VALUES (5772, 229.32, 'Netflix Subscription', '2025-10-04 19:56:31', 'DEBIT', 'acc-ab342816-d70d-41cf-997f-4647aa930c2f');
INSERT INTO account_operation (id, amount, description, operation_date, type, bank_account_id) VALUES (5773, 1518.09, 'Pharmacy', '2026-01-21 19:56:31', 'DEBIT', 'acc-ab342816-d70d-41cf-997f-4647aa930c2f');
INSERT INTO account_operation (id, amount, description, operation_date, type, bank_account_id) VALUES (5774, 380.24, 'Netflix Subscription', '2025-11-18 19:56:31', 'DEBIT', 'acc-ab342816-d70d-41cf-997f-4647aa930c2f');
INSERT INTO account_operation (id, amount, description, operation_date, type, bank_account_id) VALUES (5775, 1605.92, 'ONCF Train', '2025-12-20 19:56:31', 'DEBIT', 'acc-ab342816-d70d-41cf-997f-4647aa930c2f');
INSERT INTO account_operation (id, amount, description, operation_date, type, bank_account_id) VALUES (5776, 1250.44, 'Maroc Telecom', '2026-02-11 19:56:31', 'DEBIT', 'acc-ab342816-d70d-41cf-997f-4647aa930c2f');
INSERT INTO account_operation (id, amount, description, operation_date, type, bank_account_id) VALUES (5777, 13318.76, 'Freelance Payment', '2026-02-17 19:56:31', 'CREDIT', 'acc-ab342816-d70d-41cf-997f-4647aa930c2f');
INSERT INTO account_operation (id, amount, description, operation_date, type, bank_account_id) VALUES (5778, 468.43, 'Decathlon', '2025-10-01 19:56:31', 'DEBIT', 'acc-ab342816-d70d-41cf-997f-4647aa930c2f');
INSERT INTO account_operation (id, amount, description, operation_date, type, bank_account_id) VALUES (5779, 522.48, 'Maroc Telecom', '2026-03-07 19:56:31', 'DEBIT', 'acc-ab342816-d70d-41cf-997f-4647aa930c2f');
INSERT INTO account_operation (id, amount, description, operation_date, type, bank_account_id) VALUES (5780, 372.0, 'Maroc Telecom', '2026-06-06 19:56:31', 'DEBIT', 'acc-ab342816-d70d-41cf-997f-4647aa930c2f');
INSERT INTO bank_account (id, type, balance, created_at, customer_id, over_draft, interest_rate) VALUES ('acc-f3b41520-fba8-4bc7-b79d-4f01bc518aea', 'SAVE', 63348.66, '2025-12-15 19:56:31', 98, NULL, 3.09);
INSERT INTO account_operation (id, amount, description, operation_date, type, bank_account_id) VALUES (5781, 19600.84, 'Initial Account Funding', '2025-12-15 19:56:31', 'CREDIT', 'acc-f3b41520-fba8-4bc7-b79d-4f01bc518aea');
INSERT INTO account_operation (id, amount, description, operation_date, type, bank_account_id) VALUES (5782, 1943.91, 'Decathlon', '2026-01-21 19:56:31', 'DEBIT', 'acc-f3b41520-fba8-4bc7-b79d-4f01bc518aea');
INSERT INTO account_operation (id, amount, description, operation_date, type, bank_account_id) VALUES (5783, 10681.57, 'Dividend Payout', '2026-03-21 19:56:31', 'CREDIT', 'acc-f3b41520-fba8-4bc7-b79d-4f01bc518aea');
INSERT INTO account_operation (id, amount, description, operation_date, type, bank_account_id) VALUES (5784, 47.1, 'Orange', '2026-01-25 19:56:31', 'DEBIT', 'acc-f3b41520-fba8-4bc7-b79d-4f01bc518aea');
INSERT INTO account_operation (id, amount, description, operation_date, type, bank_account_id) VALUES (5785, 4682.56, 'Dividend Payout', '2026-03-17 19:56:31', 'CREDIT', 'acc-f3b41520-fba8-4bc7-b79d-4f01bc518aea');
INSERT INTO account_operation (id, amount, description, operation_date, type, bank_account_id) VALUES (5786, 2191.33, 'Dividend Payout', '2026-03-18 19:56:31', 'CREDIT', 'acc-f3b41520-fba8-4bc7-b79d-4f01bc518aea');
INSERT INTO account_operation (id, amount, description, operation_date, type, bank_account_id) VALUES (5787, 900.56, 'LC Waikiki', '2026-05-22 19:56:31', 'DEBIT', 'acc-f3b41520-fba8-4bc7-b79d-4f01bc518aea');
INSERT INTO account_operation (id, amount, description, operation_date, type, bank_account_id) VALUES (5788, 477.26, 'Local Cafe', '2026-03-25 19:56:31', 'DEBIT', 'acc-f3b41520-fba8-4bc7-b79d-4f01bc518aea');
INSERT INTO account_operation (id, amount, description, operation_date, type, bank_account_id) VALUES (5789, 5531.68, 'Salary Deposit', '2026-04-26 19:56:31', 'CREDIT', 'acc-f3b41520-fba8-4bc7-b79d-4f01bc518aea');
INSERT INTO account_operation (id, amount, description, operation_date, type, bank_account_id) VALUES (5790, 974.74, 'LC Waikiki', '2026-06-03 19:56:31', 'DEBIT', 'acc-f3b41520-fba8-4bc7-b79d-4f01bc518aea');
INSERT INTO account_operation (id, amount, description, operation_date, type, bank_account_id) VALUES (5791, 1417.08, 'Local Cafe', '2025-12-29 19:56:31', 'DEBIT', 'acc-f3b41520-fba8-4bc7-b79d-4f01bc518aea');
INSERT INTO account_operation (id, amount, description, operation_date, type, bank_account_id) VALUES (5792, 12085.95, 'Cash Deposit', '2026-02-14 19:56:31', 'CREDIT', 'acc-f3b41520-fba8-4bc7-b79d-4f01bc518aea');
INSERT INTO account_operation (id, amount, description, operation_date, type, bank_account_id) VALUES (5793, 13925.59, 'Dividend Payout', '2026-05-02 19:56:31', 'CREDIT', 'acc-f3b41520-fba8-4bc7-b79d-4f01bc518aea');
INSERT INTO account_operation (id, amount, description, operation_date, type, bank_account_id) VALUES (5794, 1670.37, 'ONEE Electricity', '2026-03-05 19:56:31', 'DEBIT', 'acc-f3b41520-fba8-4bc7-b79d-4f01bc518aea');
INSERT INTO account_operation (id, amount, description, operation_date, type, bank_account_id) VALUES (5795, 1009.08, 'Marjane Supermarket', '2026-03-18 19:56:31', 'DEBIT', 'acc-f3b41520-fba8-4bc7-b79d-4f01bc518aea');
INSERT INTO account_operation (id, amount, description, operation_date, type, bank_account_id) VALUES (5796, 939.63, 'ONEE Electricity', '2025-12-27 19:56:31', 'DEBIT', 'acc-f3b41520-fba8-4bc7-b79d-4f01bc518aea');
INSERT INTO account_operation (id, amount, description, operation_date, type, bank_account_id) VALUES (5797, 1980.16, 'Redal', '2026-03-07 19:56:31', 'DEBIT', 'acc-f3b41520-fba8-4bc7-b79d-4f01bc518aea');
INSERT INTO account_operation (id, amount, description, operation_date, type, bank_account_id) VALUES (5798, 70.76, 'Marjane Supermarket', '2025-12-16 19:56:31', 'DEBIT', 'acc-f3b41520-fba8-4bc7-b79d-4f01bc518aea');
INSERT INTO account_operation (id, amount, description, operation_date, type, bank_account_id) VALUES (5799, 6079.79, 'Cash Deposit', '2026-06-24 19:56:31', 'CREDIT', 'acc-f3b41520-fba8-4bc7-b79d-4f01bc518aea');

INSERT INTO customer (id, name, email) VALUES (99, 'Hassan El Fassi', 'hassan.el fassi@gmail.com');
INSERT INTO bank_account (id, type, balance, created_at, customer_id, over_draft, interest_rate) VALUES ('acc-9306f610-9cb9-46de-8952-7ad074c8ed7a', 'SAVE', 42959.25, '2025-07-12 19:56:31', 99, NULL, 3.95);
INSERT INTO account_operation (id, amount, description, operation_date, type, bank_account_id) VALUES (5800, 19535.86, 'Initial Account Funding', '2025-07-12 19:56:31', 'CREDIT', 'acc-9306f610-9cb9-46de-8952-7ad074c8ed7a');
INSERT INTO account_operation (id, amount, description, operation_date, type, bank_account_id) VALUES (5801, 1822.97, 'CTM Bus', '2026-04-13 19:56:31', 'DEBIT', 'acc-9306f610-9cb9-46de-8952-7ad074c8ed7a');
INSERT INTO account_operation (id, amount, description, operation_date, type, bank_account_id) VALUES (5802, 171.38, 'Local Cafe', '2026-05-21 19:56:31', 'DEBIT', 'acc-9306f610-9cb9-46de-8952-7ad074c8ed7a');
INSERT INTO account_operation (id, amount, description, operation_date, type, bank_account_id) VALUES (5803, 7653.63, 'Cash Deposit', '2026-02-27 19:56:31', 'CREDIT', 'acc-9306f610-9cb9-46de-8952-7ad074c8ed7a');
INSERT INTO account_operation (id, amount, description, operation_date, type, bank_account_id) VALUES (5804, 5676.46, 'Salary Deposit', '2026-03-17 19:56:31', 'CREDIT', 'acc-9306f610-9cb9-46de-8952-7ad074c8ed7a');
INSERT INTO account_operation (id, amount, description, operation_date, type, bank_account_id) VALUES (5805, 1463.98, 'Marjane Supermarket', '2025-10-26 19:56:31', 'DEBIT', 'acc-9306f610-9cb9-46de-8952-7ad074c8ed7a');
INSERT INTO account_operation (id, amount, description, operation_date, type, bank_account_id) VALUES (5806, 14390.05, 'Transfer Received', '2026-04-02 19:56:31', 'CREDIT', 'acc-9306f610-9cb9-46de-8952-7ad074c8ed7a');
INSERT INTO account_operation (id, amount, description, operation_date, type, bank_account_id) VALUES (5807, 684.23, 'Zara', '2026-06-22 19:56:31', 'DEBIT', 'acc-9306f610-9cb9-46de-8952-7ad074c8ed7a');
INSERT INTO account_operation (id, amount, description, operation_date, type, bank_account_id) VALUES (5808, 711.71, 'ONCF Train', '2025-11-26 19:56:31', 'DEBIT', 'acc-9306f610-9cb9-46de-8952-7ad074c8ed7a');
INSERT INTO account_operation (id, amount, description, operation_date, type, bank_account_id) VALUES (5809, 706.55, 'Orange', '2026-03-12 19:56:31', 'DEBIT', 'acc-9306f610-9cb9-46de-8952-7ad074c8ed7a');
INSERT INTO account_operation (id, amount, description, operation_date, type, bank_account_id) VALUES (5810, 409.13, 'ONCF Train', '2026-03-23 19:56:31', 'DEBIT', 'acc-9306f610-9cb9-46de-8952-7ad074c8ed7a');
INSERT INTO account_operation (id, amount, description, operation_date, type, bank_account_id) VALUES (5811, 734.67, 'Spotify', '2026-02-27 19:56:31', 'DEBIT', 'acc-9306f610-9cb9-46de-8952-7ad074c8ed7a');
INSERT INTO account_operation (id, amount, description, operation_date, type, bank_account_id) VALUES (5812, 136.19, 'Inwi', '2026-05-20 19:56:31', 'DEBIT', 'acc-9306f610-9cb9-46de-8952-7ad074c8ed7a');
INSERT INTO account_operation (id, amount, description, operation_date, type, bank_account_id) VALUES (5813, 834.34, 'Marjane Supermarket', '2025-08-09 19:56:31', 'DEBIT', 'acc-9306f610-9cb9-46de-8952-7ad074c8ed7a');
INSERT INTO account_operation (id, amount, description, operation_date, type, bank_account_id) VALUES (5814, 12916.25, 'Freelance Payment', '2026-04-15 19:56:31', 'CREDIT', 'acc-9306f610-9cb9-46de-8952-7ad074c8ed7a');
INSERT INTO account_operation (id, amount, description, operation_date, type, bank_account_id) VALUES (5815, 1604.41, 'Marjane Supermarket', '2026-03-08 19:56:31', 'DEBIT', 'acc-9306f610-9cb9-46de-8952-7ad074c8ed7a');
INSERT INTO account_operation (id, amount, description, operation_date, type, bank_account_id) VALUES (5816, 1310.99, 'Pharmacy', '2025-11-24 19:56:31', 'DEBIT', 'acc-9306f610-9cb9-46de-8952-7ad074c8ed7a');
INSERT INTO account_operation (id, amount, description, operation_date, type, bank_account_id) VALUES (5817, 174.75, 'Maroc Telecom', '2026-06-27 19:56:31', 'DEBIT', 'acc-9306f610-9cb9-46de-8952-7ad074c8ed7a');
INSERT INTO account_operation (id, amount, description, operation_date, type, bank_account_id) VALUES (5818, 1778.23, 'Local Cafe', '2026-01-09 19:56:31', 'DEBIT', 'acc-9306f610-9cb9-46de-8952-7ad074c8ed7a');
INSERT INTO account_operation (id, amount, description, operation_date, type, bank_account_id) VALUES (5819, 1798.4, 'Local Cafe', '2026-01-25 19:56:31', 'DEBIT', 'acc-9306f610-9cb9-46de-8952-7ad074c8ed7a');
INSERT INTO account_operation (id, amount, description, operation_date, type, bank_account_id) VALUES (5820, 5753.02, 'Dividend Payout', '2026-06-24 19:56:31', 'CREDIT', 'acc-9306f610-9cb9-46de-8952-7ad074c8ed7a');
INSERT INTO account_operation (id, amount, description, operation_date, type, bank_account_id) VALUES (5821, 1205.11, 'Pharmacy', '2026-05-09 19:56:31', 'DEBIT', 'acc-9306f610-9cb9-46de-8952-7ad074c8ed7a');
INSERT INTO account_operation (id, amount, description, operation_date, type, bank_account_id) VALUES (5822, 469.22, 'Spotify', '2026-01-10 19:56:31', 'DEBIT', 'acc-9306f610-9cb9-46de-8952-7ad074c8ed7a');
INSERT INTO account_operation (id, amount, description, operation_date, type, bank_account_id) VALUES (5823, 534.59, 'ONCF Train', '2026-02-23 19:56:31', 'DEBIT', 'acc-9306f610-9cb9-46de-8952-7ad074c8ed7a');
INSERT INTO account_operation (id, amount, description, operation_date, type, bank_account_id) VALUES (5824, 979.35, 'Zara', '2026-01-31 19:56:31', 'DEBIT', 'acc-9306f610-9cb9-46de-8952-7ad074c8ed7a');
INSERT INTO account_operation (id, amount, description, operation_date, type, bank_account_id) VALUES (5825, 352.39, 'Local Cafe', '2025-09-18 19:56:31', 'DEBIT', 'acc-9306f610-9cb9-46de-8952-7ad074c8ed7a');
INSERT INTO account_operation (id, amount, description, operation_date, type, bank_account_id) VALUES (5826, 8589.5, 'Salary Deposit', '2025-11-27 19:56:31', 'CREDIT', 'acc-9306f610-9cb9-46de-8952-7ad074c8ed7a');
INSERT INTO account_operation (id, amount, description, operation_date, type, bank_account_id) VALUES (5827, 1902.87, 'Carrefour', '2025-08-20 19:56:31', 'DEBIT', 'acc-9306f610-9cb9-46de-8952-7ad074c8ed7a');
INSERT INTO account_operation (id, amount, description, operation_date, type, bank_account_id) VALUES (5828, 589.48, 'Local Cafe', '2026-04-10 19:56:31', 'DEBIT', 'acc-9306f610-9cb9-46de-8952-7ad074c8ed7a');
INSERT INTO account_operation (id, amount, description, operation_date, type, bank_account_id) VALUES (5829, 849.3, 'Netflix Subscription', '2025-09-25 19:56:31', 'DEBIT', 'acc-9306f610-9cb9-46de-8952-7ad074c8ed7a');
INSERT INTO account_operation (id, amount, description, operation_date, type, bank_account_id) VALUES (5830, 1133.29, 'ONEE Electricity', '2026-04-30 19:56:31', 'DEBIT', 'acc-9306f610-9cb9-46de-8952-7ad074c8ed7a');
INSERT INTO account_operation (id, amount, description, operation_date, type, bank_account_id) VALUES (5831, 3875.01, 'Cash Deposit', '2025-09-21 19:56:31', 'CREDIT', 'acc-9306f610-9cb9-46de-8952-7ad074c8ed7a');
INSERT INTO account_operation (id, amount, description, operation_date, type, bank_account_id) VALUES (5832, 524.48, 'Zara', '2026-05-05 19:56:31', 'DEBIT', 'acc-9306f610-9cb9-46de-8952-7ad074c8ed7a');
INSERT INTO account_operation (id, amount, description, operation_date, type, bank_account_id) VALUES (5833, 1782.03, 'Pharmacy', '2025-07-16 19:56:31', 'DEBIT', 'acc-9306f610-9cb9-46de-8952-7ad074c8ed7a');
INSERT INTO account_operation (id, amount, description, operation_date, type, bank_account_id) VALUES (5834, 1213.54, 'ONEE Electricity', '2025-11-17 19:56:31', 'DEBIT', 'acc-9306f610-9cb9-46de-8952-7ad074c8ed7a');
INSERT INTO account_operation (id, amount, description, operation_date, type, bank_account_id) VALUES (5835, 1342.93, 'Zara', '2025-10-30 19:56:31', 'DEBIT', 'acc-9306f610-9cb9-46de-8952-7ad074c8ed7a');
INSERT INTO account_operation (id, amount, description, operation_date, type, bank_account_id) VALUES (5836, 1777.26, 'Netflix Subscription', '2025-09-02 19:56:31', 'DEBIT', 'acc-9306f610-9cb9-46de-8952-7ad074c8ed7a');
INSERT INTO account_operation (id, amount, description, operation_date, type, bank_account_id) VALUES (5837, 1467.29, 'Marjane Supermarket', '2026-05-15 19:56:31', 'DEBIT', 'acc-9306f610-9cb9-46de-8952-7ad074c8ed7a');
INSERT INTO account_operation (id, amount, description, operation_date, type, bank_account_id) VALUES (5838, 1252.41, 'Netflix Subscription', '2025-10-09 19:56:31', 'DEBIT', 'acc-9306f610-9cb9-46de-8952-7ad074c8ed7a');
INSERT INTO account_operation (id, amount, description, operation_date, type, bank_account_id) VALUES (5839, 154.89, 'Netflix Subscription', '2025-12-23 19:56:31', 'DEBIT', 'acc-9306f610-9cb9-46de-8952-7ad074c8ed7a');
INSERT INTO account_operation (id, amount, description, operation_date, type, bank_account_id) VALUES (5840, 1034.55, 'ONEE Electricity', '2026-01-03 19:56:31', 'DEBIT', 'acc-9306f610-9cb9-46de-8952-7ad074c8ed7a');
INSERT INTO account_operation (id, amount, description, operation_date, type, bank_account_id) VALUES (5841, 695.85, 'CTM Bus', '2026-01-04 19:56:31', 'DEBIT', 'acc-9306f610-9cb9-46de-8952-7ad074c8ed7a');
INSERT INTO account_operation (id, amount, description, operation_date, type, bank_account_id) VALUES (5842, 1827.77, 'Inwi', '2026-03-02 19:56:31', 'DEBIT', 'acc-9306f610-9cb9-46de-8952-7ad074c8ed7a');
INSERT INTO bank_account (id, type, balance, created_at, customer_id, over_draft, interest_rate) VALUES ('acc-05687f5a-9d06-4f21-aaed-0c3baa5bd6bf', 'SAVE', 96268.49, '2026-01-06 19:56:31', 99, NULL, 3.61);
INSERT INTO account_operation (id, amount, description, operation_date, type, bank_account_id) VALUES (5843, 20576.72, 'Initial Account Funding', '2026-01-06 19:56:31', 'CREDIT', 'acc-05687f5a-9d06-4f21-aaed-0c3baa5bd6bf');
INSERT INTO account_operation (id, amount, description, operation_date, type, bank_account_id) VALUES (5844, 10937.53, 'Transfer Received', '2026-04-24 19:56:31', 'CREDIT', 'acc-05687f5a-9d06-4f21-aaed-0c3baa5bd6bf');
INSERT INTO account_operation (id, amount, description, operation_date, type, bank_account_id) VALUES (5845, 180.08, 'Redal', '2026-06-14 19:56:31', 'DEBIT', 'acc-05687f5a-9d06-4f21-aaed-0c3baa5bd6bf');
INSERT INTO account_operation (id, amount, description, operation_date, type, bank_account_id) VALUES (5846, 604.01, 'Amendis', '2026-04-04 19:56:31', 'DEBIT', 'acc-05687f5a-9d06-4f21-aaed-0c3baa5bd6bf');
INSERT INTO account_operation (id, amount, description, operation_date, type, bank_account_id) VALUES (5847, 5772.1, 'Salary Deposit', '2026-04-19 19:56:31', 'CREDIT', 'acc-05687f5a-9d06-4f21-aaed-0c3baa5bd6bf');
INSERT INTO account_operation (id, amount, description, operation_date, type, bank_account_id) VALUES (5848, 8990.73, 'Cash Deposit', '2026-03-25 19:56:31', 'CREDIT', 'acc-05687f5a-9d06-4f21-aaed-0c3baa5bd6bf');
INSERT INTO account_operation (id, amount, description, operation_date, type, bank_account_id) VALUES (5849, 9656.17, 'Dividend Payout', '2026-02-06 19:56:31', 'CREDIT', 'acc-05687f5a-9d06-4f21-aaed-0c3baa5bd6bf');
INSERT INTO account_operation (id, amount, description, operation_date, type, bank_account_id) VALUES (5850, 11733.02, 'Salary Deposit', '2026-04-24 19:56:31', 'CREDIT', 'acc-05687f5a-9d06-4f21-aaed-0c3baa5bd6bf');
INSERT INTO account_operation (id, amount, description, operation_date, type, bank_account_id) VALUES (5851, 4332.25, 'Cash Deposit', '2026-05-08 19:56:31', 'CREDIT', 'acc-05687f5a-9d06-4f21-aaed-0c3baa5bd6bf');
INSERT INTO account_operation (id, amount, description, operation_date, type, bank_account_id) VALUES (5852, 6021.74, 'Cash Deposit', '2026-04-26 19:56:31', 'CREDIT', 'acc-05687f5a-9d06-4f21-aaed-0c3baa5bd6bf');
INSERT INTO account_operation (id, amount, description, operation_date, type, bank_account_id) VALUES (5853, 47.65, 'Decathlon', '2026-04-19 19:56:31', 'DEBIT', 'acc-05687f5a-9d06-4f21-aaed-0c3baa5bd6bf');
INSERT INTO account_operation (id, amount, description, operation_date, type, bank_account_id) VALUES (5854, 600.18, 'ONCF Train', '2026-02-27 19:56:31', 'DEBIT', 'acc-05687f5a-9d06-4f21-aaed-0c3baa5bd6bf');
INSERT INTO account_operation (id, amount, description, operation_date, type, bank_account_id) VALUES (5855, 986.82, 'Redal', '2026-05-29 19:56:31', 'DEBIT', 'acc-05687f5a-9d06-4f21-aaed-0c3baa5bd6bf');
INSERT INTO account_operation (id, amount, description, operation_date, type, bank_account_id) VALUES (5856, 761.17, 'Restaurant', '2026-05-06 19:56:31', 'DEBIT', 'acc-05687f5a-9d06-4f21-aaed-0c3baa5bd6bf');
INSERT INTO account_operation (id, amount, description, operation_date, type, bank_account_id) VALUES (5857, 242.0, 'Maroc Telecom', '2026-02-18 19:56:31', 'DEBIT', 'acc-05687f5a-9d06-4f21-aaed-0c3baa5bd6bf');
INSERT INTO account_operation (id, amount, description, operation_date, type, bank_account_id) VALUES (5858, 937.1, 'Amendis', '2026-01-31 19:56:31', 'DEBIT', 'acc-05687f5a-9d06-4f21-aaed-0c3baa5bd6bf');
INSERT INTO account_operation (id, amount, description, operation_date, type, bank_account_id) VALUES (5859, 12408.09, 'Transfer Received', '2026-04-08 19:56:31', 'CREDIT', 'acc-05687f5a-9d06-4f21-aaed-0c3baa5bd6bf');
INSERT INTO account_operation (id, amount, description, operation_date, type, bank_account_id) VALUES (5860, 588.03, 'Amendis', '2026-05-03 19:56:31', 'DEBIT', 'acc-05687f5a-9d06-4f21-aaed-0c3baa5bd6bf');
INSERT INTO account_operation (id, amount, description, operation_date, type, bank_account_id) VALUES (5861, 6577.26, 'Cash Deposit', '2026-03-30 19:56:31', 'CREDIT', 'acc-05687f5a-9d06-4f21-aaed-0c3baa5bd6bf');
INSERT INTO account_operation (id, amount, description, operation_date, type, bank_account_id) VALUES (5862, 1429.86, 'CTM Bus', '2026-02-08 19:56:31', 'DEBIT', 'acc-05687f5a-9d06-4f21-aaed-0c3baa5bd6bf');
INSERT INTO account_operation (id, amount, description, operation_date, type, bank_account_id) VALUES (5863, 7677.24, 'Transfer Received', '2026-04-07 19:56:31', 'CREDIT', 'acc-05687f5a-9d06-4f21-aaed-0c3baa5bd6bf');
INSERT INTO account_operation (id, amount, description, operation_date, type, bank_account_id) VALUES (5864, 1277.72, 'Restaurant', '2026-06-07 19:56:31', 'DEBIT', 'acc-05687f5a-9d06-4f21-aaed-0c3baa5bd6bf');
INSERT INTO account_operation (id, amount, description, operation_date, type, bank_account_id) VALUES (5865, 192.19, 'Restaurant', '2026-03-04 19:56:31', 'DEBIT', 'acc-05687f5a-9d06-4f21-aaed-0c3baa5bd6bf');
INSERT INTO account_operation (id, amount, description, operation_date, type, bank_account_id) VALUES (5866, 1995.45, 'Local Cafe', '2026-04-03 19:56:31', 'DEBIT', 'acc-05687f5a-9d06-4f21-aaed-0c3baa5bd6bf');
INSERT INTO account_operation (id, amount, description, operation_date, type, bank_account_id) VALUES (5867, 1852.48, 'Salary Deposit', '2026-03-04 19:56:31', 'CREDIT', 'acc-05687f5a-9d06-4f21-aaed-0c3baa5bd6bf');
INSERT INTO account_operation (id, amount, description, operation_date, type, bank_account_id) VALUES (5868, 369.2, 'Pharmacy', '2026-04-20 19:56:31', 'DEBIT', 'acc-05687f5a-9d06-4f21-aaed-0c3baa5bd6bf');
INSERT INTO account_operation (id, amount, description, operation_date, type, bank_account_id) VALUES (5869, 55.38, 'Orange', '2026-03-23 19:56:31', 'DEBIT', 'acc-05687f5a-9d06-4f21-aaed-0c3baa5bd6bf');
INSERT INTO bank_account (id, type, balance, created_at, customer_id, over_draft, interest_rate) VALUES ('acc-b901f76a-b7b4-4896-8ad4-096326f9a4e1', 'CURR', 166983.78, '2026-03-17 19:56:31', 99, 7067.74, NULL);
INSERT INTO account_operation (id, amount, description, operation_date, type, bank_account_id) VALUES (5870, 48800.08, 'Initial Account Funding', '2026-03-17 19:56:31', 'CREDIT', 'acc-b901f76a-b7b4-4896-8ad4-096326f9a4e1');
INSERT INTO account_operation (id, amount, description, operation_date, type, bank_account_id) VALUES (5871, 9636.49, 'Transfer Received', '2026-06-10 19:56:31', 'CREDIT', 'acc-b901f76a-b7b4-4896-8ad4-096326f9a4e1');
INSERT INTO account_operation (id, amount, description, operation_date, type, bank_account_id) VALUES (5872, 319.35, 'Pharmacy', '2026-04-20 19:56:31', 'DEBIT', 'acc-b901f76a-b7b4-4896-8ad4-096326f9a4e1');
INSERT INTO account_operation (id, amount, description, operation_date, type, bank_account_id) VALUES (5873, 14259.72, 'Cash Deposit', '2026-05-29 19:56:31', 'CREDIT', 'acc-b901f76a-b7b4-4896-8ad4-096326f9a4e1');
INSERT INTO account_operation (id, amount, description, operation_date, type, bank_account_id) VALUES (5874, 11047.83, 'Salary Deposit', '2026-04-25 19:56:31', 'CREDIT', 'acc-b901f76a-b7b4-4896-8ad4-096326f9a4e1');
INSERT INTO account_operation (id, amount, description, operation_date, type, bank_account_id) VALUES (5875, 1039.92, 'Orange', '2026-03-24 19:56:31', 'DEBIT', 'acc-b901f76a-b7b4-4896-8ad4-096326f9a4e1');
INSERT INTO account_operation (id, amount, description, operation_date, type, bank_account_id) VALUES (5876, 808.59, 'Carrefour', '2026-04-06 19:56:31', 'DEBIT', 'acc-b901f76a-b7b4-4896-8ad4-096326f9a4e1');
INSERT INTO account_operation (id, amount, description, operation_date, type, bank_account_id) VALUES (5877, 252.21, 'Amendis', '2026-04-02 19:56:31', 'DEBIT', 'acc-b901f76a-b7b4-4896-8ad4-096326f9a4e1');
INSERT INTO account_operation (id, amount, description, operation_date, type, bank_account_id) VALUES (5878, 11620.59, 'Freelance Payment', '2026-05-21 19:56:31', 'CREDIT', 'acc-b901f76a-b7b4-4896-8ad4-096326f9a4e1');
INSERT INTO account_operation (id, amount, description, operation_date, type, bank_account_id) VALUES (5879, 5160.47, 'Salary Deposit', '2026-06-12 19:56:31', 'CREDIT', 'acc-b901f76a-b7b4-4896-8ad4-096326f9a4e1');
INSERT INTO account_operation (id, amount, description, operation_date, type, bank_account_id) VALUES (5880, 8233.08, 'Salary Deposit', '2026-04-24 19:56:31', 'CREDIT', 'acc-b901f76a-b7b4-4896-8ad4-096326f9a4e1');
INSERT INTO account_operation (id, amount, description, operation_date, type, bank_account_id) VALUES (5881, 107.45, 'Carrefour', '2026-05-27 19:56:31', 'DEBIT', 'acc-b901f76a-b7b4-4896-8ad4-096326f9a4e1');
INSERT INTO account_operation (id, amount, description, operation_date, type, bank_account_id) VALUES (5882, 1236.64, 'Redal', '2026-05-09 19:56:31', 'DEBIT', 'acc-b901f76a-b7b4-4896-8ad4-096326f9a4e1');
INSERT INTO account_operation (id, amount, description, operation_date, type, bank_account_id) VALUES (5883, 4481.15, 'Dividend Payout', '2026-06-04 19:56:31', 'CREDIT', 'acc-b901f76a-b7b4-4896-8ad4-096326f9a4e1');
INSERT INTO account_operation (id, amount, description, operation_date, type, bank_account_id) VALUES (5884, 1930.28, 'Marjane Supermarket', '2026-05-23 19:56:31', 'DEBIT', 'acc-b901f76a-b7b4-4896-8ad4-096326f9a4e1');
INSERT INTO account_operation (id, amount, description, operation_date, type, bank_account_id) VALUES (5885, 5749.6, 'Dividend Payout', '2026-04-10 19:56:31', 'CREDIT', 'acc-b901f76a-b7b4-4896-8ad4-096326f9a4e1');
INSERT INTO account_operation (id, amount, description, operation_date, type, bank_account_id) VALUES (5886, 5866.78, 'Cash Deposit', '2026-06-25 19:56:31', 'CREDIT', 'acc-b901f76a-b7b4-4896-8ad4-096326f9a4e1');
INSERT INTO account_operation (id, amount, description, operation_date, type, bank_account_id) VALUES (5887, 1550.65, 'Spotify', '2026-05-31 19:56:31', 'DEBIT', 'acc-b901f76a-b7b4-4896-8ad4-096326f9a4e1');
INSERT INTO account_operation (id, amount, description, operation_date, type, bank_account_id) VALUES (5888, 1671.5, 'Restaurant', '2026-05-07 19:56:31', 'DEBIT', 'acc-b901f76a-b7b4-4896-8ad4-096326f9a4e1');
INSERT INTO account_operation (id, amount, description, operation_date, type, bank_account_id) VALUES (5889, 707.41, 'Amendis', '2026-04-16 19:56:31', 'DEBIT', 'acc-b901f76a-b7b4-4896-8ad4-096326f9a4e1');
INSERT INTO account_operation (id, amount, description, operation_date, type, bank_account_id) VALUES (5890, 7837.72, 'Transfer Received', '2026-06-09 19:56:31', 'CREDIT', 'acc-b901f76a-b7b4-4896-8ad4-096326f9a4e1');
INSERT INTO account_operation (id, amount, description, operation_date, type, bank_account_id) VALUES (5891, 1246.11, 'Carrefour', '2026-05-26 19:56:31', 'DEBIT', 'acc-b901f76a-b7b4-4896-8ad4-096326f9a4e1');
INSERT INTO account_operation (id, amount, description, operation_date, type, bank_account_id) VALUES (5892, 1042.03, 'Spotify', '2026-03-18 19:56:31', 'DEBIT', 'acc-b901f76a-b7b4-4896-8ad4-096326f9a4e1');
INSERT INTO account_operation (id, amount, description, operation_date, type, bank_account_id) VALUES (5893, 930.9, 'Local Cafe', '2026-03-25 19:56:31', 'DEBIT', 'acc-b901f76a-b7b4-4896-8ad4-096326f9a4e1');
INSERT INTO account_operation (id, amount, description, operation_date, type, bank_account_id) VALUES (5894, 9940.63, 'Cash Deposit', '2026-04-27 19:56:31', 'CREDIT', 'acc-b901f76a-b7b4-4896-8ad4-096326f9a4e1');
INSERT INTO account_operation (id, amount, description, operation_date, type, bank_account_id) VALUES (5895, 4102.32, 'Salary Deposit', '2026-06-04 19:56:31', 'CREDIT', 'acc-b901f76a-b7b4-4896-8ad4-096326f9a4e1');
INSERT INTO account_operation (id, amount, description, operation_date, type, bank_account_id) VALUES (5896, 9811.81, 'Freelance Payment', '2026-04-01 19:56:31', 'CREDIT', 'acc-b901f76a-b7b4-4896-8ad4-096326f9a4e1');
INSERT INTO account_operation (id, amount, description, operation_date, type, bank_account_id) VALUES (5897, 610.91, 'Inwi', '2026-04-02 19:56:31', 'DEBIT', 'acc-b901f76a-b7b4-4896-8ad4-096326f9a4e1');
INSERT INTO account_operation (id, amount, description, operation_date, type, bank_account_id) VALUES (5898, 598.5, 'Netflix Subscription', '2026-04-20 19:56:31', 'DEBIT', 'acc-b901f76a-b7b4-4896-8ad4-096326f9a4e1');
INSERT INTO account_operation (id, amount, description, operation_date, type, bank_account_id) VALUES (5899, 1583.61, 'LC Waikiki', '2026-05-01 19:56:31', 'DEBIT', 'acc-b901f76a-b7b4-4896-8ad4-096326f9a4e1');
INSERT INTO account_operation (id, amount, description, operation_date, type, bank_account_id) VALUES (5900, 1261.29, 'Redal', '2026-05-06 19:56:31', 'DEBIT', 'acc-b901f76a-b7b4-4896-8ad4-096326f9a4e1');
INSERT INTO account_operation (id, amount, description, operation_date, type, bank_account_id) VALUES (5901, 825.44, 'Netflix Subscription', '2026-04-30 19:56:31', 'DEBIT', 'acc-b901f76a-b7b4-4896-8ad4-096326f9a4e1');
INSERT INTO account_operation (id, amount, description, operation_date, type, bank_account_id) VALUES (5902, 125.71, 'Decathlon', '2026-03-19 19:56:31', 'DEBIT', 'acc-b901f76a-b7b4-4896-8ad4-096326f9a4e1');
INSERT INTO account_operation (id, amount, description, operation_date, type, bank_account_id) VALUES (5903, 1979.4, 'Marjane Supermarket', '2026-05-16 19:56:31', 'DEBIT', 'acc-b901f76a-b7b4-4896-8ad4-096326f9a4e1');
INSERT INTO account_operation (id, amount, description, operation_date, type, bank_account_id) VALUES (5904, 1545.36, 'Netflix Subscription', '2026-04-28 19:56:31', 'DEBIT', 'acc-b901f76a-b7b4-4896-8ad4-096326f9a4e1');
INSERT INTO account_operation (id, amount, description, operation_date, type, bank_account_id) VALUES (5905, 9334.55, 'Freelance Payment', '2026-04-23 19:56:31', 'CREDIT', 'acc-b901f76a-b7b4-4896-8ad4-096326f9a4e1');
INSERT INTO account_operation (id, amount, description, operation_date, type, bank_account_id) VALUES (5906, 12296.18, 'Freelance Payment', '2026-05-29 19:56:31', 'CREDIT', 'acc-b901f76a-b7b4-4896-8ad4-096326f9a4e1');
INSERT INTO account_operation (id, amount, description, operation_date, type, bank_account_id) VALUES (5907, 6887.83, 'Freelance Payment', '2026-04-17 19:56:31', 'CREDIT', 'acc-b901f76a-b7b4-4896-8ad4-096326f9a4e1');
INSERT INTO account_operation (id, amount, description, operation_date, type, bank_account_id) VALUES (5908, 1826.18, 'Carrefour', '2026-05-30 19:56:31', 'DEBIT', 'acc-b901f76a-b7b4-4896-8ad4-096326f9a4e1');
INSERT INTO account_operation (id, amount, description, operation_date, type, bank_account_id) VALUES (5909, 1367.31, 'Maroc Telecom', '2026-05-06 19:56:31', 'DEBIT', 'acc-b901f76a-b7b4-4896-8ad4-096326f9a4e1');
INSERT INTO account_operation (id, amount, description, operation_date, type, bank_account_id) VALUES (5910, 626.63, 'Restaurant', '2026-04-02 19:56:31', 'DEBIT', 'acc-b901f76a-b7b4-4896-8ad4-096326f9a4e1');
INSERT INTO account_operation (id, amount, description, operation_date, type, bank_account_id) VALUES (5911, 900.88, 'Inwi', '2026-06-04 19:56:31', 'DEBIT', 'acc-b901f76a-b7b4-4896-8ad4-096326f9a4e1');
INSERT INTO account_operation (id, amount, description, operation_date, type, bank_account_id) VALUES (5912, 1835.71, 'Salary Deposit', '2026-05-15 19:56:31', 'CREDIT', 'acc-b901f76a-b7b4-4896-8ad4-096326f9a4e1');
INSERT INTO account_operation (id, amount, description, operation_date, type, bank_account_id) VALUES (5913, 153.96, 'CTM Bus', '2026-04-02 19:56:31', 'DEBIT', 'acc-b901f76a-b7b4-4896-8ad4-096326f9a4e1');
INSERT INTO account_operation (id, amount, description, operation_date, type, bank_account_id) VALUES (5914, 1379.69, 'Redal', '2026-05-16 19:56:31', 'DEBIT', 'acc-b901f76a-b7b4-4896-8ad4-096326f9a4e1');
INSERT INTO account_operation (id, amount, description, operation_date, type, bank_account_id) VALUES (5915, 1716.91, 'Orange', '2026-06-01 19:56:31', 'DEBIT', 'acc-b901f76a-b7b4-4896-8ad4-096326f9a4e1');
INSERT INTO account_operation (id, amount, description, operation_date, type, bank_account_id) VALUES (5916, 1797.18, 'Zara', '2026-05-29 19:56:31', 'DEBIT', 'acc-b901f76a-b7b4-4896-8ad4-096326f9a4e1');
INSERT INTO account_operation (id, amount, description, operation_date, type, bank_account_id) VALUES (5917, 13483.73, 'Cash Deposit', '2026-06-25 19:56:31', 'CREDIT', 'acc-b901f76a-b7b4-4896-8ad4-096326f9a4e1');
INSERT INTO account_operation (id, amount, description, operation_date, type, bank_account_id) VALUES (5918, 417.88, 'ONEE Electricity', '2026-06-03 19:56:31', 'DEBIT', 'acc-b901f76a-b7b4-4896-8ad4-096326f9a4e1');
INSERT INTO account_operation (id, amount, description, operation_date, type, bank_account_id) VALUES (5919, 1842.61, 'ONEE Electricity', '2026-05-08 19:56:31', 'DEBIT', 'acc-b901f76a-b7b4-4896-8ad4-096326f9a4e1');

INSERT INTO customer (id, name, email) VALUES (100, 'Omar Benali', 'omar.benali@gmail.com');
INSERT INTO bank_account (id, type, balance, created_at, customer_id, over_draft, interest_rate) VALUES ('acc-c4767964-c681-4f79-aefb-7b510341a302', 'CURR', 115036.5, '2026-02-21 19:56:31', 100, 6912.13, NULL);
INSERT INTO account_operation (id, amount, description, operation_date, type, bank_account_id) VALUES (5920, 17869.87, 'Initial Account Funding', '2026-02-21 19:56:31', 'CREDIT', 'acc-c4767964-c681-4f79-aefb-7b510341a302');
INSERT INTO account_operation (id, amount, description, operation_date, type, bank_account_id) VALUES (5921, 1662.38, 'Marjane Supermarket', '2026-05-13 19:56:31', 'DEBIT', 'acc-c4767964-c681-4f79-aefb-7b510341a302');
INSERT INTO account_operation (id, amount, description, operation_date, type, bank_account_id) VALUES (5922, 12746.34, 'Cash Deposit', '2026-06-26 19:56:31', 'CREDIT', 'acc-c4767964-c681-4f79-aefb-7b510341a302');
INSERT INTO account_operation (id, amount, description, operation_date, type, bank_account_id) VALUES (5923, 1519.51, 'Inwi', '2026-04-04 19:56:31', 'DEBIT', 'acc-c4767964-c681-4f79-aefb-7b510341a302');
INSERT INTO account_operation (id, amount, description, operation_date, type, bank_account_id) VALUES (5924, 918.85, 'Local Cafe', '2026-05-01 19:56:31', 'DEBIT', 'acc-c4767964-c681-4f79-aefb-7b510341a302');
INSERT INTO account_operation (id, amount, description, operation_date, type, bank_account_id) VALUES (5925, 621.72, 'LC Waikiki', '2026-04-03 19:56:31', 'DEBIT', 'acc-c4767964-c681-4f79-aefb-7b510341a302');
INSERT INTO account_operation (id, amount, description, operation_date, type, bank_account_id) VALUES (5926, 1558.03, 'Amendis', '2026-04-28 19:56:31', 'DEBIT', 'acc-c4767964-c681-4f79-aefb-7b510341a302');
INSERT INTO account_operation (id, amount, description, operation_date, type, bank_account_id) VALUES (5927, 1138.94, 'BIM Store', '2026-03-18 19:56:31', 'DEBIT', 'acc-c4767964-c681-4f79-aefb-7b510341a302');
INSERT INTO account_operation (id, amount, description, operation_date, type, bank_account_id) VALUES (5928, 165.93, 'ONEE Electricity', '2026-03-04 19:56:31', 'DEBIT', 'acc-c4767964-c681-4f79-aefb-7b510341a302');
INSERT INTO account_operation (id, amount, description, operation_date, type, bank_account_id) VALUES (5929, 989.47, 'BIM Store', '2026-06-25 19:56:31', 'DEBIT', 'acc-c4767964-c681-4f79-aefb-7b510341a302');
INSERT INTO account_operation (id, amount, description, operation_date, type, bank_account_id) VALUES (5930, 9641.63, 'Dividend Payout', '2026-05-10 19:56:31', 'CREDIT', 'acc-c4767964-c681-4f79-aefb-7b510341a302');
INSERT INTO account_operation (id, amount, description, operation_date, type, bank_account_id) VALUES (5931, 7673.54, 'Transfer Received', '2026-02-21 19:56:31', 'CREDIT', 'acc-c4767964-c681-4f79-aefb-7b510341a302');
INSERT INTO account_operation (id, amount, description, operation_date, type, bank_account_id) VALUES (5932, 4567.8, 'Transfer Received', '2026-06-09 19:56:31', 'CREDIT', 'acc-c4767964-c681-4f79-aefb-7b510341a302');
INSERT INTO account_operation (id, amount, description, operation_date, type, bank_account_id) VALUES (5933, 774.54, 'Decathlon', '2026-02-22 19:56:31', 'DEBIT', 'acc-c4767964-c681-4f79-aefb-7b510341a302');
INSERT INTO account_operation (id, amount, description, operation_date, type, bank_account_id) VALUES (5934, 1436.48, 'Local Cafe', '2026-04-11 19:56:31', 'DEBIT', 'acc-c4767964-c681-4f79-aefb-7b510341a302');
INSERT INTO account_operation (id, amount, description, operation_date, type, bank_account_id) VALUES (5935, 12833.32, 'Transfer Received', '2026-06-20 19:56:31', 'CREDIT', 'acc-c4767964-c681-4f79-aefb-7b510341a302');
INSERT INTO account_operation (id, amount, description, operation_date, type, bank_account_id) VALUES (5936, 1921.81, 'Redal', '2026-05-06 19:56:31', 'DEBIT', 'acc-c4767964-c681-4f79-aefb-7b510341a302');
INSERT INTO account_operation (id, amount, description, operation_date, type, bank_account_id) VALUES (5937, 1393.11, 'Orange', '2026-06-13 19:56:31', 'DEBIT', 'acc-c4767964-c681-4f79-aefb-7b510341a302');
INSERT INTO account_operation (id, amount, description, operation_date, type, bank_account_id) VALUES (5938, 518.25, 'CTM Bus', '2026-04-24 19:56:31', 'DEBIT', 'acc-c4767964-c681-4f79-aefb-7b510341a302');
INSERT INTO account_operation (id, amount, description, operation_date, type, bank_account_id) VALUES (5939, 1079.81, 'Local Cafe', '2026-03-25 19:56:31', 'DEBIT', 'acc-c4767964-c681-4f79-aefb-7b510341a302');
INSERT INTO account_operation (id, amount, description, operation_date, type, bank_account_id) VALUES (5940, 1341.42, 'LC Waikiki', '2026-02-21 19:56:31', 'DEBIT', 'acc-c4767964-c681-4f79-aefb-7b510341a302');
INSERT INTO account_operation (id, amount, description, operation_date, type, bank_account_id) VALUES (5941, 467.62, 'CTM Bus', '2026-03-17 19:56:31', 'DEBIT', 'acc-c4767964-c681-4f79-aefb-7b510341a302');
INSERT INTO account_operation (id, amount, description, operation_date, type, bank_account_id) VALUES (5942, 12975.83, 'Dividend Payout', '2026-03-19 19:56:31', 'CREDIT', 'acc-c4767964-c681-4f79-aefb-7b510341a302');
INSERT INTO account_operation (id, amount, description, operation_date, type, bank_account_id) VALUES (5943, 4619.06, 'Freelance Payment', '2026-05-05 19:56:31', 'CREDIT', 'acc-c4767964-c681-4f79-aefb-7b510341a302');
INSERT INTO account_operation (id, amount, description, operation_date, type, bank_account_id) VALUES (5944, 3869.91, 'Dividend Payout', '2026-06-25 19:56:31', 'CREDIT', 'acc-c4767964-c681-4f79-aefb-7b510341a302');
INSERT INTO account_operation (id, amount, description, operation_date, type, bank_account_id) VALUES (5945, 783.59, 'Netflix Subscription', '2026-03-12 19:56:31', 'DEBIT', 'acc-c4767964-c681-4f79-aefb-7b510341a302');
INSERT INTO account_operation (id, amount, description, operation_date, type, bank_account_id) VALUES (5946, 1460.42, 'ONCF Train', '2026-04-02 19:56:31', 'DEBIT', 'acc-c4767964-c681-4f79-aefb-7b510341a302');
INSERT INTO account_operation (id, amount, description, operation_date, type, bank_account_id) VALUES (5947, 14398.42, 'Freelance Payment', '2026-02-22 19:56:31', 'CREDIT', 'acc-c4767964-c681-4f79-aefb-7b510341a302');
INSERT INTO account_operation (id, amount, description, operation_date, type, bank_account_id) VALUES (5948, 233.08, 'Maroc Telecom', '2026-04-22 19:56:31', 'DEBIT', 'acc-c4767964-c681-4f79-aefb-7b510341a302');
INSERT INTO account_operation (id, amount, description, operation_date, type, bank_account_id) VALUES (5949, 1164.28, 'Zara', '2026-03-06 19:56:31', 'DEBIT', 'acc-c4767964-c681-4f79-aefb-7b510341a302');
INSERT INTO account_operation (id, amount, description, operation_date, type, bank_account_id) VALUES (5950, 1449.32, 'Zara', '2026-02-23 19:56:31', 'DEBIT', 'acc-c4767964-c681-4f79-aefb-7b510341a302');
INSERT INTO account_operation (id, amount, description, operation_date, type, bank_account_id) VALUES (5951, 3314.66, 'Transfer Received', '2026-06-19 19:56:31', 'CREDIT', 'acc-c4767964-c681-4f79-aefb-7b510341a302');
INSERT INTO account_operation (id, amount, description, operation_date, type, bank_account_id) VALUES (5952, 11167.92, 'Freelance Payment', '2026-06-09 19:56:31', 'CREDIT', 'acc-c4767964-c681-4f79-aefb-7b510341a302');
INSERT INTO account_operation (id, amount, description, operation_date, type, bank_account_id) VALUES (5953, 4176.92, 'Freelance Payment', '2026-03-19 19:56:31', 'CREDIT', 'acc-c4767964-c681-4f79-aefb-7b510341a302');
INSERT INTO account_operation (id, amount, description, operation_date, type, bank_account_id) VALUES (5954, 968.44, 'Carrefour', '2026-05-17 19:56:31', 'DEBIT', 'acc-c4767964-c681-4f79-aefb-7b510341a302');
INSERT INTO account_operation (id, amount, description, operation_date, type, bank_account_id) VALUES (5955, 9510.61, 'Dividend Payout', '2026-03-11 19:56:31', 'CREDIT', 'acc-c4767964-c681-4f79-aefb-7b510341a302');
INSERT INTO account_operation (id, amount, description, operation_date, type, bank_account_id) VALUES (5956, 1799.89, 'Carrefour', '2026-05-13 19:56:31', 'DEBIT', 'acc-c4767964-c681-4f79-aefb-7b510341a302');
INSERT INTO account_operation (id, amount, description, operation_date, type, bank_account_id) VALUES (5957, 10775.17, 'Salary Deposit', '2026-05-22 19:56:31', 'CREDIT', 'acc-c4767964-c681-4f79-aefb-7b510341a302');
INSERT INTO account_operation (id, amount, description, operation_date, type, bank_account_id) VALUES (5958, 1095.14, 'Restaurant', '2026-05-30 19:56:31', 'DEBIT', 'acc-c4767964-c681-4f79-aefb-7b510341a302');
INSERT INTO account_operation (id, amount, description, operation_date, type, bank_account_id) VALUES (5959, 1575.99, 'Marjane Supermarket', '2026-06-04 19:56:31', 'DEBIT', 'acc-c4767964-c681-4f79-aefb-7b510341a302');
INSERT INTO account_operation (id, amount, description, operation_date, type, bank_account_id) VALUES (5960, 1236.63, 'Decathlon', '2026-06-19 19:56:31', 'DEBIT', 'acc-c4767964-c681-4f79-aefb-7b510341a302');
INSERT INTO account_operation (id, amount, description, operation_date, type, bank_account_id) VALUES (5961, 1868.32, 'ONCF Train', '2026-05-30 19:56:31', 'DEBIT', 'acc-c4767964-c681-4f79-aefb-7b510341a302');
INSERT INTO account_operation (id, amount, description, operation_date, type, bank_account_id) VALUES (5962, 1603.52, 'Redal', '2026-03-06 19:56:31', 'DEBIT', 'acc-c4767964-c681-4f79-aefb-7b510341a302');
INSERT INTO account_operation (id, amount, description, operation_date, type, bank_account_id) VALUES (5963, 151.64, 'Amendis', '2026-02-23 19:56:31', 'DEBIT', 'acc-c4767964-c681-4f79-aefb-7b510341a302');
INSERT INTO account_operation (id, amount, description, operation_date, type, bank_account_id) VALUES (5964, 7793.63, 'Cash Deposit', '2026-06-26 19:56:31', 'CREDIT', 'acc-c4767964-c681-4f79-aefb-7b510341a302');
INSERT INTO bank_account (id, type, balance, created_at, customer_id, over_draft, interest_rate) VALUES ('acc-4cb9291d-1195-42b1-b48c-6b0266712478', 'SAVE', 87004.44, '2025-07-01 19:56:31', 100, NULL, 4.16);
INSERT INTO account_operation (id, amount, description, operation_date, type, bank_account_id) VALUES (5965, 37033.28, 'Initial Account Funding', '2025-07-01 19:56:31', 'CREDIT', 'acc-4cb9291d-1195-42b1-b48c-6b0266712478');
INSERT INTO account_operation (id, amount, description, operation_date, type, bank_account_id) VALUES (5966, 625.3, 'BIM Store', '2026-03-26 19:56:31', 'DEBIT', 'acc-4cb9291d-1195-42b1-b48c-6b0266712478');
INSERT INTO account_operation (id, amount, description, operation_date, type, bank_account_id) VALUES (5967, 13737.02, 'Cash Deposit', '2026-06-24 19:56:31', 'CREDIT', 'acc-4cb9291d-1195-42b1-b48c-6b0266712478');
INSERT INTO account_operation (id, amount, description, operation_date, type, bank_account_id) VALUES (5968, 700.54, 'Local Cafe', '2025-10-07 19:56:31', 'DEBIT', 'acc-4cb9291d-1195-42b1-b48c-6b0266712478');
INSERT INTO account_operation (id, amount, description, operation_date, type, bank_account_id) VALUES (5969, 855.17, 'ONCF Train', '2026-03-05 19:56:31', 'DEBIT', 'acc-4cb9291d-1195-42b1-b48c-6b0266712478');
INSERT INTO account_operation (id, amount, description, operation_date, type, bank_account_id) VALUES (5970, 14292.35, 'Salary Deposit', '2026-05-03 19:56:31', 'CREDIT', 'acc-4cb9291d-1195-42b1-b48c-6b0266712478');
INSERT INTO account_operation (id, amount, description, operation_date, type, bank_account_id) VALUES (5971, 1654.75, 'Orange', '2025-09-19 19:56:31', 'DEBIT', 'acc-4cb9291d-1195-42b1-b48c-6b0266712478');
INSERT INTO account_operation (id, amount, description, operation_date, type, bank_account_id) VALUES (5972, 14426.64, 'Cash Deposit', '2026-02-17 19:56:31', 'CREDIT', 'acc-4cb9291d-1195-42b1-b48c-6b0266712478');
INSERT INTO account_operation (id, amount, description, operation_date, type, bank_account_id) VALUES (5973, 5286.18, 'Transfer Received', '2026-01-23 19:56:31', 'CREDIT', 'acc-4cb9291d-1195-42b1-b48c-6b0266712478');
INSERT INTO account_operation (id, amount, description, operation_date, type, bank_account_id) VALUES (5974, 1089.99, 'ONCF Train', '2025-11-04 19:56:31', 'DEBIT', 'acc-4cb9291d-1195-42b1-b48c-6b0266712478');
INSERT INTO account_operation (id, amount, description, operation_date, type, bank_account_id) VALUES (5975, 398.82, 'Amendis', '2026-02-15 19:56:31', 'DEBIT', 'acc-4cb9291d-1195-42b1-b48c-6b0266712478');
INSERT INTO account_operation (id, amount, description, operation_date, type, bank_account_id) VALUES (5976, 3457.54, 'Salary Deposit', '2026-02-21 19:56:31', 'CREDIT', 'acc-4cb9291d-1195-42b1-b48c-6b0266712478');
INSERT INTO account_operation (id, amount, description, operation_date, type, bank_account_id) VALUES (5977, 309.55, 'Orange', '2026-02-17 19:56:31', 'DEBIT', 'acc-4cb9291d-1195-42b1-b48c-6b0266712478');
INSERT INTO account_operation (id, amount, description, operation_date, type, bank_account_id) VALUES (5978, 8233.81, 'Dividend Payout', '2026-04-10 19:56:31', 'CREDIT', 'acc-4cb9291d-1195-42b1-b48c-6b0266712478');
INSERT INTO account_operation (id, amount, description, operation_date, type, bank_account_id) VALUES (5979, 609.88, 'ONEE Electricity', '2026-01-13 19:56:31', 'DEBIT', 'acc-4cb9291d-1195-42b1-b48c-6b0266712478');
INSERT INTO account_operation (id, amount, description, operation_date, type, bank_account_id) VALUES (5980, 1907.52, 'Spotify', '2026-01-20 19:56:31', 'DEBIT', 'acc-4cb9291d-1195-42b1-b48c-6b0266712478');
INSERT INTO account_operation (id, amount, description, operation_date, type, bank_account_id) VALUES (5981, 1310.86, 'Maroc Telecom', '2026-06-28 19:56:31', 'DEBIT', 'acc-4cb9291d-1195-42b1-b48c-6b0266712478');

INSERT INTO customer (id, name, email) VALUES (101, 'Omar Berrada', 'omar.berrada@gmail.com');
INSERT INTO bank_account (id, type, balance, created_at, customer_id, over_draft, interest_rate) VALUES ('acc-2b0df19e-4709-44d9-8d6a-da20ec82a1e2', 'SAVE', 143090.98, '2025-11-17 19:56:31', 101, NULL, 1.59);
INSERT INTO account_operation (id, amount, description, operation_date, type, bank_account_id) VALUES (5982, 42211.36, 'Initial Account Funding', '2025-11-17 19:56:31', 'CREDIT', 'acc-2b0df19e-4709-44d9-8d6a-da20ec82a1e2');
INSERT INTO account_operation (id, amount, description, operation_date, type, bank_account_id) VALUES (5983, 1062.84, 'Amendis', '2026-03-26 19:56:31', 'DEBIT', 'acc-2b0df19e-4709-44d9-8d6a-da20ec82a1e2');
INSERT INTO account_operation (id, amount, description, operation_date, type, bank_account_id) VALUES (5984, 10817.76, 'Dividend Payout', '2026-01-22 19:56:31', 'CREDIT', 'acc-2b0df19e-4709-44d9-8d6a-da20ec82a1e2');
INSERT INTO account_operation (id, amount, description, operation_date, type, bank_account_id) VALUES (5985, 288.68, 'Spotify', '2026-02-09 19:56:31', 'DEBIT', 'acc-2b0df19e-4709-44d9-8d6a-da20ec82a1e2');
INSERT INTO account_operation (id, amount, description, operation_date, type, bank_account_id) VALUES (5986, 6423.08, 'Dividend Payout', '2026-05-29 19:56:31', 'CREDIT', 'acc-2b0df19e-4709-44d9-8d6a-da20ec82a1e2');
INSERT INTO account_operation (id, amount, description, operation_date, type, bank_account_id) VALUES (5987, 1416.89, 'CTM Bus', '2026-02-12 19:56:31', 'DEBIT', 'acc-2b0df19e-4709-44d9-8d6a-da20ec82a1e2');
INSERT INTO account_operation (id, amount, description, operation_date, type, bank_account_id) VALUES (5988, 1143.78, 'BIM Store', '2026-04-26 19:56:31', 'DEBIT', 'acc-2b0df19e-4709-44d9-8d6a-da20ec82a1e2');
INSERT INTO account_operation (id, amount, description, operation_date, type, bank_account_id) VALUES (5989, 10789.07, 'Cash Deposit', '2026-04-11 19:56:31', 'CREDIT', 'acc-2b0df19e-4709-44d9-8d6a-da20ec82a1e2');
INSERT INTO account_operation (id, amount, description, operation_date, type, bank_account_id) VALUES (5990, 5123.14, 'Cash Deposit', '2026-06-13 19:56:31', 'CREDIT', 'acc-2b0df19e-4709-44d9-8d6a-da20ec82a1e2');
INSERT INTO account_operation (id, amount, description, operation_date, type, bank_account_id) VALUES (5991, 1249.27, 'Carrefour', '2025-12-07 19:56:31', 'DEBIT', 'acc-2b0df19e-4709-44d9-8d6a-da20ec82a1e2');
INSERT INTO account_operation (id, amount, description, operation_date, type, bank_account_id) VALUES (5992, 1974.95, 'Redal', '2026-01-06 19:56:31', 'DEBIT', 'acc-2b0df19e-4709-44d9-8d6a-da20ec82a1e2');
INSERT INTO account_operation (id, amount, description, operation_date, type, bank_account_id) VALUES (5993, 1100.83, 'Zara', '2026-02-23 19:56:31', 'DEBIT', 'acc-2b0df19e-4709-44d9-8d6a-da20ec82a1e2');
INSERT INTO account_operation (id, amount, description, operation_date, type, bank_account_id) VALUES (5994, 1961.06, 'Orange', '2026-01-08 19:56:31', 'DEBIT', 'acc-2b0df19e-4709-44d9-8d6a-da20ec82a1e2');
INSERT INTO account_operation (id, amount, description, operation_date, type, bank_account_id) VALUES (5995, 766.21, 'Restaurant', '2025-11-23 19:56:31', 'DEBIT', 'acc-2b0df19e-4709-44d9-8d6a-da20ec82a1e2');
INSERT INTO account_operation (id, amount, description, operation_date, type, bank_account_id) VALUES (5996, 235.09, 'BIM Store', '2026-06-09 19:56:31', 'DEBIT', 'acc-2b0df19e-4709-44d9-8d6a-da20ec82a1e2');
INSERT INTO account_operation (id, amount, description, operation_date, type, bank_account_id) VALUES (5997, 579.74, 'Redal', '2026-05-10 19:56:31', 'DEBIT', 'acc-2b0df19e-4709-44d9-8d6a-da20ec82a1e2');
INSERT INTO account_operation (id, amount, description, operation_date, type, bank_account_id) VALUES (5998, 1429.23, 'Zara', '2026-01-19 19:56:31', 'DEBIT', 'acc-2b0df19e-4709-44d9-8d6a-da20ec82a1e2');
INSERT INTO account_operation (id, amount, description, operation_date, type, bank_account_id) VALUES (5999, 2485.09, 'Freelance Payment', '2026-02-18 19:56:31', 'CREDIT', 'acc-2b0df19e-4709-44d9-8d6a-da20ec82a1e2');
INSERT INTO account_operation (id, amount, description, operation_date, type, bank_account_id) VALUES (6000, 240.0, 'Amendis', '2025-12-13 19:56:31', 'DEBIT', 'acc-2b0df19e-4709-44d9-8d6a-da20ec82a1e2');
INSERT INTO account_operation (id, amount, description, operation_date, type, bank_account_id) VALUES (6001, 5506.17, 'Dividend Payout', '2026-05-07 19:56:31', 'CREDIT', 'acc-2b0df19e-4709-44d9-8d6a-da20ec82a1e2');
INSERT INTO account_operation (id, amount, description, operation_date, type, bank_account_id) VALUES (6002, 1586.64, 'Pharmacy', '2026-03-31 19:56:31', 'DEBIT', 'acc-2b0df19e-4709-44d9-8d6a-da20ec82a1e2');
INSERT INTO account_operation (id, amount, description, operation_date, type, bank_account_id) VALUES (6003, 11289.47, 'Salary Deposit', '2026-02-15 19:56:31', 'CREDIT', 'acc-2b0df19e-4709-44d9-8d6a-da20ec82a1e2');
INSERT INTO account_operation (id, amount, description, operation_date, type, bank_account_id) VALUES (6004, 1695.69, 'Redal', '2026-04-25 19:56:31', 'DEBIT', 'acc-2b0df19e-4709-44d9-8d6a-da20ec82a1e2');
INSERT INTO account_operation (id, amount, description, operation_date, type, bank_account_id) VALUES (6005, 9460.9, 'Freelance Payment', '2026-01-26 19:56:31', 'CREDIT', 'acc-2b0df19e-4709-44d9-8d6a-da20ec82a1e2');
INSERT INTO account_operation (id, amount, description, operation_date, type, bank_account_id) VALUES (6006, 4942.78, 'Dividend Payout', '2025-11-24 19:56:31', 'CREDIT', 'acc-2b0df19e-4709-44d9-8d6a-da20ec82a1e2');
INSERT INTO account_operation (id, amount, description, operation_date, type, bank_account_id) VALUES (6007, 55.8, 'ONEE Electricity', '2026-01-12 19:56:31', 'DEBIT', 'acc-2b0df19e-4709-44d9-8d6a-da20ec82a1e2');
INSERT INTO account_operation (id, amount, description, operation_date, type, bank_account_id) VALUES (6008, 1699.06, 'Orange', '2025-12-23 19:56:31', 'DEBIT', 'acc-2b0df19e-4709-44d9-8d6a-da20ec82a1e2');
INSERT INTO account_operation (id, amount, description, operation_date, type, bank_account_id) VALUES (6009, 13243.24, 'Freelance Payment', '2026-01-03 19:56:31', 'CREDIT', 'acc-2b0df19e-4709-44d9-8d6a-da20ec82a1e2');
INSERT INTO account_operation (id, amount, description, operation_date, type, bank_account_id) VALUES (6010, 427.04, 'CTM Bus', '2026-03-26 19:56:31', 'DEBIT', 'acc-2b0df19e-4709-44d9-8d6a-da20ec82a1e2');
INSERT INTO account_operation (id, amount, description, operation_date, type, bank_account_id) VALUES (6011, 1847.96, 'BIM Store', '2026-01-25 19:56:31', 'DEBIT', 'acc-2b0df19e-4709-44d9-8d6a-da20ec82a1e2');
INSERT INTO account_operation (id, amount, description, operation_date, type, bank_account_id) VALUES (6012, 5503.36, 'Dividend Payout', '2026-04-19 19:56:31', 'CREDIT', 'acc-2b0df19e-4709-44d9-8d6a-da20ec82a1e2');
INSERT INTO account_operation (id, amount, description, operation_date, type, bank_account_id) VALUES (6013, 651.82, 'ONEE Electricity', '2026-01-25 19:56:31', 'DEBIT', 'acc-2b0df19e-4709-44d9-8d6a-da20ec82a1e2');
INSERT INTO account_operation (id, amount, description, operation_date, type, bank_account_id) VALUES (6014, 8182.51, 'Cash Deposit', '2025-11-19 19:56:31', 'CREDIT', 'acc-2b0df19e-4709-44d9-8d6a-da20ec82a1e2');
INSERT INTO account_operation (id, amount, description, operation_date, type, bank_account_id) VALUES (6015, 6084.17, 'Salary Deposit', '2026-04-07 19:56:31', 'CREDIT', 'acc-2b0df19e-4709-44d9-8d6a-da20ec82a1e2');
INSERT INTO account_operation (id, amount, description, operation_date, type, bank_account_id) VALUES (6016, 330.02, 'ONCF Train', '2026-01-16 19:56:31', 'DEBIT', 'acc-2b0df19e-4709-44d9-8d6a-da20ec82a1e2');
INSERT INTO account_operation (id, amount, description, operation_date, type, bank_account_id) VALUES (6017, 12868.96, 'Salary Deposit', '2026-05-26 19:56:31', 'CREDIT', 'acc-2b0df19e-4709-44d9-8d6a-da20ec82a1e2');
INSERT INTO account_operation (id, amount, description, operation_date, type, bank_account_id) VALUES (6018, 4273.64, 'Transfer Received', '2025-12-19 19:56:31', 'CREDIT', 'acc-2b0df19e-4709-44d9-8d6a-da20ec82a1e2');
INSERT INTO account_operation (id, amount, description, operation_date, type, bank_account_id) VALUES (6019, 1120.12, 'ONCF Train', '2026-06-22 19:56:31', 'DEBIT', 'acc-2b0df19e-4709-44d9-8d6a-da20ec82a1e2');
INSERT INTO account_operation (id, amount, description, operation_date, type, bank_account_id) VALUES (6020, 1957.77, 'BIM Store', '2026-05-21 19:56:31', 'DEBIT', 'acc-2b0df19e-4709-44d9-8d6a-da20ec82a1e2');
INSERT INTO account_operation (id, amount, description, operation_date, type, bank_account_id) VALUES (6021, 712.27, 'Restaurant', '2026-05-26 19:56:31', 'DEBIT', 'acc-2b0df19e-4709-44d9-8d6a-da20ec82a1e2');
INSERT INTO account_operation (id, amount, description, operation_date, type, bank_account_id) VALUES (6022, 392.36, 'Restaurant', '2026-06-17 19:56:31', 'DEBIT', 'acc-2b0df19e-4709-44d9-8d6a-da20ec82a1e2');
INSERT INTO account_operation (id, amount, description, operation_date, type, bank_account_id) VALUES (6023, 1180.8, 'Spotify', '2025-11-22 19:56:31', 'DEBIT', 'acc-2b0df19e-4709-44d9-8d6a-da20ec82a1e2');
INSERT INTO account_operation (id, amount, description, operation_date, type, bank_account_id) VALUES (6024, 7730.83, 'Freelance Payment', '2026-04-06 19:56:31', 'CREDIT', 'acc-2b0df19e-4709-44d9-8d6a-da20ec82a1e2');
INSERT INTO account_operation (id, amount, description, operation_date, type, bank_account_id) VALUES (6025, 1406.94, 'Zara', '2025-12-02 19:56:31', 'DEBIT', 'acc-2b0df19e-4709-44d9-8d6a-da20ec82a1e2');
INSERT INTO account_operation (id, amount, description, operation_date, type, bank_account_id) VALUES (6026, 524.12, 'ONEE Electricity', '2026-01-18 19:56:31', 'DEBIT', 'acc-2b0df19e-4709-44d9-8d6a-da20ec82a1e2');
INSERT INTO account_operation (id, amount, description, operation_date, type, bank_account_id) VALUES (6027, 1674.54, 'Pharmacy', '2026-06-19 19:56:31', 'DEBIT', 'acc-2b0df19e-4709-44d9-8d6a-da20ec82a1e2');
INSERT INTO account_operation (id, amount, description, operation_date, type, bank_account_id) VALUES (6028, 431.95, 'ONCF Train', '2026-06-24 19:56:31', 'DEBIT', 'acc-2b0df19e-4709-44d9-8d6a-da20ec82a1e2');
INSERT INTO account_operation (id, amount, description, operation_date, type, bank_account_id) VALUES (6029, 1732.39, 'Zara', '2026-06-01 19:56:31', 'DEBIT', 'acc-2b0df19e-4709-44d9-8d6a-da20ec82a1e2');
INSERT INTO account_operation (id, amount, description, operation_date, type, bank_account_id) VALUES (6030, 10781.27, 'Dividend Payout', '2026-02-26 19:56:31', 'CREDIT', 'acc-2b0df19e-4709-44d9-8d6a-da20ec82a1e2');
INSERT INTO account_operation (id, amount, description, operation_date, type, bank_account_id) VALUES (6031, 121.08, 'Local Cafe', '2025-11-29 19:56:31', 'DEBIT', 'acc-2b0df19e-4709-44d9-8d6a-da20ec82a1e2');
INSERT INTO account_operation (id, amount, description, operation_date, type, bank_account_id) VALUES (6032, 1628.88, 'Maroc Telecom', '2026-05-07 19:56:31', 'DEBIT', 'acc-2b0df19e-4709-44d9-8d6a-da20ec82a1e2');

INSERT INTO customer (id, name, email) VALUES (102, 'Tariq Tazi', 'tariq.tazi@gmail.com');
INSERT INTO bank_account (id, type, balance, created_at, customer_id, over_draft, interest_rate) VALUES ('acc-b890a06c-1a96-446f-a469-e2ba29689ad7', 'CURR', 55288.44, '2025-11-16 19:56:31', 102, 2039.16, NULL);
INSERT INTO account_operation (id, amount, description, operation_date, type, bank_account_id) VALUES (6033, 7316.06, 'Initial Account Funding', '2025-11-16 19:56:31', 'CREDIT', 'acc-b890a06c-1a96-446f-a469-e2ba29689ad7');
INSERT INTO account_operation (id, amount, description, operation_date, type, bank_account_id) VALUES (6034, 10426.44, 'Salary Deposit', '2026-04-19 19:56:31', 'CREDIT', 'acc-b890a06c-1a96-446f-a469-e2ba29689ad7');
INSERT INTO account_operation (id, amount, description, operation_date, type, bank_account_id) VALUES (6035, 1471.39, 'Orange', '2026-06-09 19:56:31', 'DEBIT', 'acc-b890a06c-1a96-446f-a469-e2ba29689ad7');
INSERT INTO account_operation (id, amount, description, operation_date, type, bank_account_id) VALUES (6036, 1969.77, 'Pharmacy', '2025-11-28 19:56:31', 'DEBIT', 'acc-b890a06c-1a96-446f-a469-e2ba29689ad7');
INSERT INTO account_operation (id, amount, description, operation_date, type, bank_account_id) VALUES (6037, 2654.59, 'Salary Deposit', '2025-11-28 19:56:31', 'CREDIT', 'acc-b890a06c-1a96-446f-a469-e2ba29689ad7');
INSERT INTO account_operation (id, amount, description, operation_date, type, bank_account_id) VALUES (6038, 1177.1, 'LC Waikiki', '2026-02-09 19:56:31', 'DEBIT', 'acc-b890a06c-1a96-446f-a469-e2ba29689ad7');
INSERT INTO account_operation (id, amount, description, operation_date, type, bank_account_id) VALUES (6039, 1670.12, 'BIM Store', '2026-01-11 19:56:31', 'DEBIT', 'acc-b890a06c-1a96-446f-a469-e2ba29689ad7');
INSERT INTO account_operation (id, amount, description, operation_date, type, bank_account_id) VALUES (6040, 521.68, 'Pharmacy', '2025-12-12 19:56:31', 'DEBIT', 'acc-b890a06c-1a96-446f-a469-e2ba29689ad7');
INSERT INTO account_operation (id, amount, description, operation_date, type, bank_account_id) VALUES (6041, 1904.8, 'ONCF Train', '2025-12-09 19:56:31', 'DEBIT', 'acc-b890a06c-1a96-446f-a469-e2ba29689ad7');
INSERT INTO account_operation (id, amount, description, operation_date, type, bank_account_id) VALUES (6042, 1766.84, 'Decathlon', '2026-06-13 19:56:31', 'DEBIT', 'acc-b890a06c-1a96-446f-a469-e2ba29689ad7');
INSERT INTO account_operation (id, amount, description, operation_date, type, bank_account_id) VALUES (6043, 12297.59, 'Salary Deposit', '2026-03-14 19:56:31', 'CREDIT', 'acc-b890a06c-1a96-446f-a469-e2ba29689ad7');
INSERT INTO account_operation (id, amount, description, operation_date, type, bank_account_id) VALUES (6044, 1394.91, 'Redal', '2025-12-15 19:56:31', 'DEBIT', 'acc-b890a06c-1a96-446f-a469-e2ba29689ad7');
INSERT INTO account_operation (id, amount, description, operation_date, type, bank_account_id) VALUES (6045, 1531.28, 'ONCF Train', '2026-01-12 19:56:31', 'DEBIT', 'acc-b890a06c-1a96-446f-a469-e2ba29689ad7');
INSERT INTO account_operation (id, amount, description, operation_date, type, bank_account_id) VALUES (6046, 1427.47, 'CTM Bus', '2026-01-26 19:56:31', 'DEBIT', 'acc-b890a06c-1a96-446f-a469-e2ba29689ad7');
INSERT INTO account_operation (id, amount, description, operation_date, type, bank_account_id) VALUES (6047, 1200.16, 'Carrefour', '2025-12-23 19:56:31', 'DEBIT', 'acc-b890a06c-1a96-446f-a469-e2ba29689ad7');
INSERT INTO account_operation (id, amount, description, operation_date, type, bank_account_id) VALUES (6048, 4855.8, 'Freelance Payment', '2026-02-04 19:56:31', 'CREDIT', 'acc-b890a06c-1a96-446f-a469-e2ba29689ad7');
INSERT INTO account_operation (id, amount, description, operation_date, type, bank_account_id) VALUES (6049, 1955.65, 'LC Waikiki', '2026-04-13 19:56:31', 'DEBIT', 'acc-b890a06c-1a96-446f-a469-e2ba29689ad7');
INSERT INTO account_operation (id, amount, description, operation_date, type, bank_account_id) VALUES (6050, 1823.69, 'CTM Bus', '2025-12-31 19:56:31', 'DEBIT', 'acc-b890a06c-1a96-446f-a469-e2ba29689ad7');
INSERT INTO account_operation (id, amount, description, operation_date, type, bank_account_id) VALUES (6051, 10345.51, 'Cash Deposit', '2026-06-11 19:56:31', 'CREDIT', 'acc-b890a06c-1a96-446f-a469-e2ba29689ad7');
INSERT INTO account_operation (id, amount, description, operation_date, type, bank_account_id) VALUES (6052, 293.66, 'Zara', '2026-02-23 19:56:31', 'DEBIT', 'acc-b890a06c-1a96-446f-a469-e2ba29689ad7');
INSERT INTO account_operation (id, amount, description, operation_date, type, bank_account_id) VALUES (6053, 644.39, 'Maroc Telecom', '2026-04-08 19:56:31', 'DEBIT', 'acc-b890a06c-1a96-446f-a469-e2ba29689ad7');
INSERT INTO account_operation (id, amount, description, operation_date, type, bank_account_id) VALUES (6054, 7041.23, 'Salary Deposit', '2026-02-28 19:56:31', 'CREDIT', 'acc-b890a06c-1a96-446f-a469-e2ba29689ad7');
INSERT INTO account_operation (id, amount, description, operation_date, type, bank_account_id) VALUES (6055, 684.33, 'Inwi', '2026-03-08 19:56:31', 'DEBIT', 'acc-b890a06c-1a96-446f-a469-e2ba29689ad7');
INSERT INTO account_operation (id, amount, description, operation_date, type, bank_account_id) VALUES (6056, 485.32, 'Redal', '2026-02-21 19:56:31', 'DEBIT', 'acc-b890a06c-1a96-446f-a469-e2ba29689ad7');
INSERT INTO account_operation (id, amount, description, operation_date, type, bank_account_id) VALUES (6057, 1755.36, 'Zara', '2026-05-20 19:56:31', 'DEBIT', 'acc-b890a06c-1a96-446f-a469-e2ba29689ad7');
INSERT INTO account_operation (id, amount, description, operation_date, type, bank_account_id) VALUES (6058, 1123.45, 'Dividend Payout', '2026-05-26 19:56:31', 'CREDIT', 'acc-b890a06c-1a96-446f-a469-e2ba29689ad7');
INSERT INTO account_operation (id, amount, description, operation_date, type, bank_account_id) VALUES (6059, 133.89, 'BIM Store', '2025-12-07 19:56:31', 'DEBIT', 'acc-b890a06c-1a96-446f-a469-e2ba29689ad7');
INSERT INTO account_operation (id, amount, description, operation_date, type, bank_account_id) VALUES (6060, 13081.77, 'Salary Deposit', '2025-12-05 19:56:31', 'CREDIT', 'acc-b890a06c-1a96-446f-a469-e2ba29689ad7');
INSERT INTO account_operation (id, amount, description, operation_date, type, bank_account_id) VALUES (6061, 365.65, 'Marjane Supermarket', '2025-12-14 19:56:31', 'DEBIT', 'acc-b890a06c-1a96-446f-a469-e2ba29689ad7');
INSERT INTO account_operation (id, amount, description, operation_date, type, bank_account_id) VALUES (6062, 789.87, 'LC Waikiki', '2026-05-06 19:56:31', 'DEBIT', 'acc-b890a06c-1a96-446f-a469-e2ba29689ad7');
INSERT INTO account_operation (id, amount, description, operation_date, type, bank_account_id) VALUES (6063, 1054.45, 'Salary Deposit', '2026-01-10 19:56:31', 'CREDIT', 'acc-b890a06c-1a96-446f-a469-e2ba29689ad7');
INSERT INTO account_operation (id, amount, description, operation_date, type, bank_account_id) VALUES (6064, 328.5, 'Marjane Supermarket', '2026-01-16 19:56:31', 'DEBIT', 'acc-b890a06c-1a96-446f-a469-e2ba29689ad7');
INSERT INTO account_operation (id, amount, description, operation_date, type, bank_account_id) VALUES (6065, 1081.33, 'Redal', '2026-04-10 19:56:31', 'DEBIT', 'acc-b890a06c-1a96-446f-a469-e2ba29689ad7');
INSERT INTO account_operation (id, amount, description, operation_date, type, bank_account_id) VALUES (6066, 694.68, 'LC Waikiki', '2026-01-17 19:56:31', 'DEBIT', 'acc-b890a06c-1a96-446f-a469-e2ba29689ad7');
INSERT INTO account_operation (id, amount, description, operation_date, type, bank_account_id) VALUES (6067, 127.37, 'Spotify', '2026-02-10 19:56:31', 'DEBIT', 'acc-b890a06c-1a96-446f-a469-e2ba29689ad7');
INSERT INTO account_operation (id, amount, description, operation_date, type, bank_account_id) VALUES (6068, 7408.82, 'Salary Deposit', '2026-01-15 19:56:31', 'CREDIT', 'acc-b890a06c-1a96-446f-a469-e2ba29689ad7');
INSERT INTO account_operation (id, amount, description, operation_date, type, bank_account_id) VALUES (6069, 109.81, 'CTM Bus', '2026-03-12 19:56:31', 'DEBIT', 'acc-b890a06c-1a96-446f-a469-e2ba29689ad7');
INSERT INTO account_operation (id, amount, description, operation_date, type, bank_account_id) VALUES (6070, 5297.56, 'Cash Deposit', '2026-05-24 19:56:31', 'CREDIT', 'acc-b890a06c-1a96-446f-a469-e2ba29689ad7');
INSERT INTO account_operation (id, amount, description, operation_date, type, bank_account_id) VALUES (6071, 1505.96, 'Redal', '2026-04-25 19:56:31', 'DEBIT', 'acc-b890a06c-1a96-446f-a469-e2ba29689ad7');
INSERT INTO account_operation (id, amount, description, operation_date, type, bank_account_id) VALUES (6072, 893.9, 'Netflix Subscription', '2026-03-17 19:56:31', 'DEBIT', 'acc-b890a06c-1a96-446f-a469-e2ba29689ad7');
INSERT INTO account_operation (id, amount, description, operation_date, type, bank_account_id) VALUES (6073, 2140.9, 'Cash Deposit', '2026-01-12 19:56:31', 'CREDIT', 'acc-b890a06c-1a96-446f-a469-e2ba29689ad7');
INSERT INTO account_operation (id, amount, description, operation_date, type, bank_account_id) VALUES (6074, 46.85, 'Inwi', '2026-02-24 19:56:31', 'DEBIT', 'acc-b890a06c-1a96-446f-a469-e2ba29689ad7');

INSERT INTO customer (id, name, email) VALUES (103, 'Mehdi Berrada', 'mehdi.berrada@gmail.com');
INSERT INTO bank_account (id, type, balance, created_at, customer_id, over_draft, interest_rate) VALUES ('acc-1d19c48c-2cb7-4e69-9bee-82c592aef782', 'CURR', 101599.34, '2026-02-15 19:56:31', 103, 4964.2, NULL);
INSERT INTO account_operation (id, amount, description, operation_date, type, bank_account_id) VALUES (6075, 48612.13, 'Initial Account Funding', '2026-02-15 19:56:31', 'CREDIT', 'acc-1d19c48c-2cb7-4e69-9bee-82c592aef782');
INSERT INTO account_operation (id, amount, description, operation_date, type, bank_account_id) VALUES (6076, 1521.71, 'Amendis', '2026-05-21 19:56:31', 'DEBIT', 'acc-1d19c48c-2cb7-4e69-9bee-82c592aef782');
INSERT INTO account_operation (id, amount, description, operation_date, type, bank_account_id) VALUES (6077, 377.19, 'ONCF Train', '2026-04-03 19:56:31', 'DEBIT', 'acc-1d19c48c-2cb7-4e69-9bee-82c592aef782');
INSERT INTO account_operation (id, amount, description, operation_date, type, bank_account_id) VALUES (6078, 377.05, 'Zara', '2026-02-26 19:56:31', 'DEBIT', 'acc-1d19c48c-2cb7-4e69-9bee-82c592aef782');
INSERT INTO account_operation (id, amount, description, operation_date, type, bank_account_id) VALUES (6079, 730.81, 'Maroc Telecom', '2026-04-13 19:56:31', 'DEBIT', 'acc-1d19c48c-2cb7-4e69-9bee-82c592aef782');
INSERT INTO account_operation (id, amount, description, operation_date, type, bank_account_id) VALUES (6080, 1335.8, 'Decathlon', '2026-03-31 19:56:31', 'DEBIT', 'acc-1d19c48c-2cb7-4e69-9bee-82c592aef782');
INSERT INTO account_operation (id, amount, description, operation_date, type, bank_account_id) VALUES (6081, 307.01, 'Carrefour', '2026-06-20 19:56:31', 'DEBIT', 'acc-1d19c48c-2cb7-4e69-9bee-82c592aef782');
INSERT INTO account_operation (id, amount, description, operation_date, type, bank_account_id) VALUES (6082, 3480.38, 'Freelance Payment', '2026-04-23 19:56:31', 'CREDIT', 'acc-1d19c48c-2cb7-4e69-9bee-82c592aef782');
INSERT INTO account_operation (id, amount, description, operation_date, type, bank_account_id) VALUES (6083, 701.38, 'Decathlon', '2026-03-04 19:56:31', 'DEBIT', 'acc-1d19c48c-2cb7-4e69-9bee-82c592aef782');
INSERT INTO account_operation (id, amount, description, operation_date, type, bank_account_id) VALUES (6084, 13528.58, 'Cash Deposit', '2026-03-17 19:56:31', 'CREDIT', 'acc-1d19c48c-2cb7-4e69-9bee-82c592aef782');
INSERT INTO account_operation (id, amount, description, operation_date, type, bank_account_id) VALUES (6085, 1054.74, 'Pharmacy', '2026-04-22 19:56:31', 'DEBIT', 'acc-1d19c48c-2cb7-4e69-9bee-82c592aef782');
INSERT INTO account_operation (id, amount, description, operation_date, type, bank_account_id) VALUES (6086, 1974.38, 'Netflix Subscription', '2026-05-08 19:56:31', 'DEBIT', 'acc-1d19c48c-2cb7-4e69-9bee-82c592aef782');
INSERT INTO account_operation (id, amount, description, operation_date, type, bank_account_id) VALUES (6087, 5630.02, 'Dividend Payout', '2026-03-02 19:56:31', 'CREDIT', 'acc-1d19c48c-2cb7-4e69-9bee-82c592aef782');
INSERT INTO account_operation (id, amount, description, operation_date, type, bank_account_id) VALUES (6088, 1189.72, 'Local Cafe', '2026-03-24 19:56:31', 'DEBIT', 'acc-1d19c48c-2cb7-4e69-9bee-82c592aef782');
INSERT INTO account_operation (id, amount, description, operation_date, type, bank_account_id) VALUES (6089, 1033.09, 'Spotify', '2026-06-11 19:56:31', 'DEBIT', 'acc-1d19c48c-2cb7-4e69-9bee-82c592aef782');
INSERT INTO account_operation (id, amount, description, operation_date, type, bank_account_id) VALUES (6090, 6880.27, 'Salary Deposit', '2026-03-22 19:56:31', 'CREDIT', 'acc-1d19c48c-2cb7-4e69-9bee-82c592aef782');
INSERT INTO account_operation (id, amount, description, operation_date, type, bank_account_id) VALUES (6091, 1275.05, 'Inwi', '2026-03-20 19:56:31', 'DEBIT', 'acc-1d19c48c-2cb7-4e69-9bee-82c592aef782');
INSERT INTO account_operation (id, amount, description, operation_date, type, bank_account_id) VALUES (6092, 529.25, 'Orange', '2026-06-02 19:56:31', 'DEBIT', 'acc-1d19c48c-2cb7-4e69-9bee-82c592aef782');
INSERT INTO account_operation (id, amount, description, operation_date, type, bank_account_id) VALUES (6093, 1906.48, 'Amendis', '2026-03-13 19:56:31', 'DEBIT', 'acc-1d19c48c-2cb7-4e69-9bee-82c592aef782');
INSERT INTO account_operation (id, amount, description, operation_date, type, bank_account_id) VALUES (6094, 512.03, 'LC Waikiki', '2026-04-27 19:56:31', 'DEBIT', 'acc-1d19c48c-2cb7-4e69-9bee-82c592aef782');
INSERT INTO account_operation (id, amount, description, operation_date, type, bank_account_id) VALUES (6095, 421.84, 'Netflix Subscription', '2026-04-11 19:56:31', 'DEBIT', 'acc-1d19c48c-2cb7-4e69-9bee-82c592aef782');
INSERT INTO account_operation (id, amount, description, operation_date, type, bank_account_id) VALUES (6096, 1473.32, 'Dividend Payout', '2026-04-25 19:56:31', 'CREDIT', 'acc-1d19c48c-2cb7-4e69-9bee-82c592aef782');
INSERT INTO account_operation (id, amount, description, operation_date, type, bank_account_id) VALUES (6097, 8618.77, 'Transfer Received', '2026-05-20 19:56:31', 'CREDIT', 'acc-1d19c48c-2cb7-4e69-9bee-82c592aef782');
INSERT INTO account_operation (id, amount, description, operation_date, type, bank_account_id) VALUES (6098, 13643.89, 'Cash Deposit', '2026-04-24 19:56:31', 'CREDIT', 'acc-1d19c48c-2cb7-4e69-9bee-82c592aef782');
INSERT INTO account_operation (id, amount, description, operation_date, type, bank_account_id) VALUES (6099, 1445.91, 'LC Waikiki', '2026-06-07 19:56:31', 'DEBIT', 'acc-1d19c48c-2cb7-4e69-9bee-82c592aef782');
INSERT INTO account_operation (id, amount, description, operation_date, type, bank_account_id) VALUES (6100, 1485.71, 'BIM Store', '2026-04-05 19:56:31', 'DEBIT', 'acc-1d19c48c-2cb7-4e69-9bee-82c592aef782');
INSERT INTO account_operation (id, amount, description, operation_date, type, bank_account_id) VALUES (6101, 1620.89, 'Decathlon', '2026-06-02 19:56:31', 'DEBIT', 'acc-1d19c48c-2cb7-4e69-9bee-82c592aef782');
INSERT INTO account_operation (id, amount, description, operation_date, type, bank_account_id) VALUES (6102, 5854.67, 'Salary Deposit', '2026-03-07 19:56:31', 'CREDIT', 'acc-1d19c48c-2cb7-4e69-9bee-82c592aef782');
INSERT INTO account_operation (id, amount, description, operation_date, type, bank_account_id) VALUES (6103, 1410.07, 'ONEE Electricity', '2026-05-15 19:56:31', 'DEBIT', 'acc-1d19c48c-2cb7-4e69-9bee-82c592aef782');
INSERT INTO account_operation (id, amount, description, operation_date, type, bank_account_id) VALUES (6104, 13190.15, 'Transfer Received', '2026-03-18 19:56:31', 'CREDIT', 'acc-1d19c48c-2cb7-4e69-9bee-82c592aef782');
INSERT INTO account_operation (id, amount, description, operation_date, type, bank_account_id) VALUES (6105, 5064.78, 'Freelance Payment', '2026-04-25 19:56:31', 'CREDIT', 'acc-1d19c48c-2cb7-4e69-9bee-82c592aef782');
INSERT INTO account_operation (id, amount, description, operation_date, type, bank_account_id) VALUES (6106, 808.26, 'ONCF Train', '2026-04-11 19:56:31', 'DEBIT', 'acc-1d19c48c-2cb7-4e69-9bee-82c592aef782');
INSERT INTO account_operation (id, amount, description, operation_date, type, bank_account_id) VALUES (6107, 1673.64, 'Spotify', '2026-03-05 19:56:31', 'DEBIT', 'acc-1d19c48c-2cb7-4e69-9bee-82c592aef782');
INSERT INTO account_operation (id, amount, description, operation_date, type, bank_account_id) VALUES (6108, 685.61, 'Orange', '2026-05-02 19:56:31', 'DEBIT', 'acc-1d19c48c-2cb7-4e69-9bee-82c592aef782');

INSERT INTO customer (id, name, email) VALUES (104, 'Tariq Benali', 'tariq.benali@gmail.com');
INSERT INTO bank_account (id, type, balance, created_at, customer_id, over_draft, interest_rate) VALUES ('acc-e57775eb-dfc3-4e06-b079-12c8f069c52e', 'CURR', 73647.83, '2025-11-03 19:56:31', 104, 7673.18, NULL);
INSERT INTO account_operation (id, amount, description, operation_date, type, bank_account_id) VALUES (6109, 41898.47, 'Initial Account Funding', '2025-11-03 19:56:31', 'CREDIT', 'acc-e57775eb-dfc3-4e06-b079-12c8f069c52e');
INSERT INTO account_operation (id, amount, description, operation_date, type, bank_account_id) VALUES (6110, 10221.71, 'Cash Deposit', '2025-12-25 19:56:31', 'CREDIT', 'acc-e57775eb-dfc3-4e06-b079-12c8f069c52e');
INSERT INTO account_operation (id, amount, description, operation_date, type, bank_account_id) VALUES (6111, 5629.06, 'Transfer Received', '2025-12-26 19:56:31', 'CREDIT', 'acc-e57775eb-dfc3-4e06-b079-12c8f069c52e');
INSERT INTO account_operation (id, amount, description, operation_date, type, bank_account_id) VALUES (6112, 6639.05, 'Salary Deposit', '2026-03-30 19:56:31', 'CREDIT', 'acc-e57775eb-dfc3-4e06-b079-12c8f069c52e');
INSERT INTO account_operation (id, amount, description, operation_date, type, bank_account_id) VALUES (6113, 8178.92, 'Transfer Received', '2025-12-02 19:56:31', 'CREDIT', 'acc-e57775eb-dfc3-4e06-b079-12c8f069c52e');
INSERT INTO account_operation (id, amount, description, operation_date, type, bank_account_id) VALUES (6114, 560.12, 'BIM Store', '2026-04-28 19:56:31', 'DEBIT', 'acc-e57775eb-dfc3-4e06-b079-12c8f069c52e');
INSERT INTO account_operation (id, amount, description, operation_date, type, bank_account_id) VALUES (6115, 1512.37, 'Zara', '2025-12-26 19:56:31', 'DEBIT', 'acc-e57775eb-dfc3-4e06-b079-12c8f069c52e');
INSERT INTO account_operation (id, amount, description, operation_date, type, bank_account_id) VALUES (6116, 130.97, 'BIM Store', '2026-01-27 19:56:31', 'DEBIT', 'acc-e57775eb-dfc3-4e06-b079-12c8f069c52e');
INSERT INTO account_operation (id, amount, description, operation_date, type, bank_account_id) VALUES (6117, 899.23, 'Netflix Subscription', '2026-06-12 19:56:31', 'DEBIT', 'acc-e57775eb-dfc3-4e06-b079-12c8f069c52e');
INSERT INTO account_operation (id, amount, description, operation_date, type, bank_account_id) VALUES (6118, 1908.42, 'Inwi', '2026-01-20 19:56:31', 'DEBIT', 'acc-e57775eb-dfc3-4e06-b079-12c8f069c52e');
INSERT INTO account_operation (id, amount, description, operation_date, type, bank_account_id) VALUES (6119, 997.91, 'Redal', '2026-02-13 19:56:31', 'DEBIT', 'acc-e57775eb-dfc3-4e06-b079-12c8f069c52e');
INSERT INTO account_operation (id, amount, description, operation_date, type, bank_account_id) VALUES (6120, 7089.64, 'Dividend Payout', '2026-06-21 19:56:31', 'CREDIT', 'acc-e57775eb-dfc3-4e06-b079-12c8f069c52e');

INSERT INTO customer (id, name, email) VALUES (105, 'Hamza Bennis', 'hamza.bennis@gmail.com');
INSERT INTO bank_account (id, type, balance, created_at, customer_id, over_draft, interest_rate) VALUES ('acc-d474bc98-2a19-4ed5-a916-9dcce9965294', 'SAVE', 48886.34, '2025-07-13 19:56:31', 105, NULL, 4.83);
INSERT INTO account_operation (id, amount, description, operation_date, type, bank_account_id) VALUES (6121, 21156.44, 'Initial Account Funding', '2025-07-13 19:56:31', 'CREDIT', 'acc-d474bc98-2a19-4ed5-a916-9dcce9965294');
INSERT INTO account_operation (id, amount, description, operation_date, type, bank_account_id) VALUES (6122, 82.9, 'LC Waikiki', '2025-09-10 19:56:31', 'DEBIT', 'acc-d474bc98-2a19-4ed5-a916-9dcce9965294');
INSERT INTO account_operation (id, amount, description, operation_date, type, bank_account_id) VALUES (6123, 4562.72, 'Dividend Payout', '2025-08-28 19:56:31', 'CREDIT', 'acc-d474bc98-2a19-4ed5-a916-9dcce9965294');
INSERT INTO account_operation (id, amount, description, operation_date, type, bank_account_id) VALUES (6124, 634.07, 'Inwi', '2026-05-15 19:56:31', 'DEBIT', 'acc-d474bc98-2a19-4ed5-a916-9dcce9965294');
INSERT INTO account_operation (id, amount, description, operation_date, type, bank_account_id) VALUES (6125, 1203.35, 'ONCF Train', '2025-07-24 19:56:31', 'DEBIT', 'acc-d474bc98-2a19-4ed5-a916-9dcce9965294');
INSERT INTO account_operation (id, amount, description, operation_date, type, bank_account_id) VALUES (6126, 240.02, 'Local Cafe', '2026-01-02 19:56:31', 'DEBIT', 'acc-d474bc98-2a19-4ed5-a916-9dcce9965294');
INSERT INTO account_operation (id, amount, description, operation_date, type, bank_account_id) VALUES (6127, 629.01, 'Pharmacy', '2025-12-29 19:56:31', 'DEBIT', 'acc-d474bc98-2a19-4ed5-a916-9dcce9965294');
INSERT INTO account_operation (id, amount, description, operation_date, type, bank_account_id) VALUES (6128, 638.55, 'Netflix Subscription', '2026-01-17 19:56:31', 'DEBIT', 'acc-d474bc98-2a19-4ed5-a916-9dcce9965294');
INSERT INTO account_operation (id, amount, description, operation_date, type, bank_account_id) VALUES (6129, 1722.41, 'BIM Store', '2025-08-15 19:56:31', 'DEBIT', 'acc-d474bc98-2a19-4ed5-a916-9dcce9965294');
INSERT INTO account_operation (id, amount, description, operation_date, type, bank_account_id) VALUES (6130, 11397.53, 'Dividend Payout', '2026-04-04 19:56:31', 'CREDIT', 'acc-d474bc98-2a19-4ed5-a916-9dcce9965294');
INSERT INTO account_operation (id, amount, description, operation_date, type, bank_account_id) VALUES (6131, 1818.26, 'Restaurant', '2025-07-28 19:56:31', 'DEBIT', 'acc-d474bc98-2a19-4ed5-a916-9dcce9965294');
INSERT INTO account_operation (id, amount, description, operation_date, type, bank_account_id) VALUES (6132, 202.04, 'Zara', '2025-07-18 19:56:31', 'DEBIT', 'acc-d474bc98-2a19-4ed5-a916-9dcce9965294');
INSERT INTO account_operation (id, amount, description, operation_date, type, bank_account_id) VALUES (6133, 4221.77, 'Freelance Payment', '2026-04-11 19:56:31', 'CREDIT', 'acc-d474bc98-2a19-4ed5-a916-9dcce9965294');
INSERT INTO account_operation (id, amount, description, operation_date, type, bank_account_id) VALUES (6134, 884.03, 'Restaurant', '2025-12-15 19:56:31', 'DEBIT', 'acc-d474bc98-2a19-4ed5-a916-9dcce9965294');
INSERT INTO account_operation (id, amount, description, operation_date, type, bank_account_id) VALUES (6135, 13783.27, 'Dividend Payout', '2025-10-13 19:56:31', 'CREDIT', 'acc-d474bc98-2a19-4ed5-a916-9dcce9965294');
INSERT INTO account_operation (id, amount, description, operation_date, type, bank_account_id) VALUES (6136, 5853.17, 'Dividend Payout', '2026-06-21 19:56:31', 'CREDIT', 'acc-d474bc98-2a19-4ed5-a916-9dcce9965294');
INSERT INTO account_operation (id, amount, description, operation_date, type, bank_account_id) VALUES (6137, 1385.63, 'LC Waikiki', '2025-10-20 19:56:31', 'DEBIT', 'acc-d474bc98-2a19-4ed5-a916-9dcce9965294');
INSERT INTO account_operation (id, amount, description, operation_date, type, bank_account_id) VALUES (6138, 269.07, 'CTM Bus', '2025-10-02 19:56:31', 'DEBIT', 'acc-d474bc98-2a19-4ed5-a916-9dcce9965294');
INSERT INTO account_operation (id, amount, description, operation_date, type, bank_account_id) VALUES (6139, 1421.09, 'Restaurant', '2025-10-04 19:56:31', 'DEBIT', 'acc-d474bc98-2a19-4ed5-a916-9dcce9965294');
INSERT INTO account_operation (id, amount, description, operation_date, type, bank_account_id) VALUES (6140, 596.03, 'CTM Bus', '2026-04-07 19:56:31', 'DEBIT', 'acc-d474bc98-2a19-4ed5-a916-9dcce9965294');
INSERT INTO account_operation (id, amount, description, operation_date, type, bank_account_id) VALUES (6141, 362.1, 'Maroc Telecom', '2026-06-28 19:56:31', 'DEBIT', 'acc-d474bc98-2a19-4ed5-a916-9dcce9965294');
INSERT INTO bank_account (id, type, balance, created_at, customer_id, over_draft, interest_rate) VALUES ('acc-146746c0-b99f-4c2d-81bb-66136f8d3c92', 'SAVE', 115795.17, '2025-11-02 19:56:31', 105, NULL, 3.11);
INSERT INTO account_operation (id, amount, description, operation_date, type, bank_account_id) VALUES (6142, 16128.9, 'Initial Account Funding', '2025-11-02 19:56:31', 'CREDIT', 'acc-146746c0-b99f-4c2d-81bb-66136f8d3c92');
INSERT INTO account_operation (id, amount, description, operation_date, type, bank_account_id) VALUES (6143, 6743.59, 'Salary Deposit', '2026-05-28 19:56:31', 'CREDIT', 'acc-146746c0-b99f-4c2d-81bb-66136f8d3c92');
INSERT INTO account_operation (id, amount, description, operation_date, type, bank_account_id) VALUES (6144, 14470.84, 'Transfer Received', '2026-01-01 19:56:31', 'CREDIT', 'acc-146746c0-b99f-4c2d-81bb-66136f8d3c92');
INSERT INTO account_operation (id, amount, description, operation_date, type, bank_account_id) VALUES (6145, 518.59, 'Restaurant', '2025-11-02 19:56:31', 'DEBIT', 'acc-146746c0-b99f-4c2d-81bb-66136f8d3c92');
INSERT INTO account_operation (id, amount, description, operation_date, type, bank_account_id) VALUES (6146, 572.5, 'Netflix Subscription', '2026-02-22 19:56:31', 'DEBIT', 'acc-146746c0-b99f-4c2d-81bb-66136f8d3c92');
INSERT INTO account_operation (id, amount, description, operation_date, type, bank_account_id) VALUES (6147, 5049.84, 'Transfer Received', '2025-12-25 19:56:31', 'CREDIT', 'acc-146746c0-b99f-4c2d-81bb-66136f8d3c92');
INSERT INTO account_operation (id, amount, description, operation_date, type, bank_account_id) VALUES (6148, 1695.27, 'BIM Store', '2026-01-28 19:56:31', 'DEBIT', 'acc-146746c0-b99f-4c2d-81bb-66136f8d3c92');
INSERT INTO account_operation (id, amount, description, operation_date, type, bank_account_id) VALUES (6149, 3949.76, 'Transfer Received', '2026-05-27 19:56:31', 'CREDIT', 'acc-146746c0-b99f-4c2d-81bb-66136f8d3c92');
INSERT INTO account_operation (id, amount, description, operation_date, type, bank_account_id) VALUES (6150, 1935.11, 'CTM Bus', '2026-06-17 19:56:31', 'DEBIT', 'acc-146746c0-b99f-4c2d-81bb-66136f8d3c92');
INSERT INTO account_operation (id, amount, description, operation_date, type, bank_account_id) VALUES (6151, 1771.64, 'Pharmacy', '2026-06-12 19:56:31', 'DEBIT', 'acc-146746c0-b99f-4c2d-81bb-66136f8d3c92');
INSERT INTO account_operation (id, amount, description, operation_date, type, bank_account_id) VALUES (6152, 503.16, 'BIM Store', '2026-05-02 19:56:31', 'DEBIT', 'acc-146746c0-b99f-4c2d-81bb-66136f8d3c92');
INSERT INTO account_operation (id, amount, description, operation_date, type, bank_account_id) VALUES (6153, 1542.4, 'Local Cafe', '2026-01-01 19:56:31', 'DEBIT', 'acc-146746c0-b99f-4c2d-81bb-66136f8d3c92');
INSERT INTO account_operation (id, amount, description, operation_date, type, bank_account_id) VALUES (6154, 1407.72, 'BIM Store', '2025-12-18 19:56:31', 'DEBIT', 'acc-146746c0-b99f-4c2d-81bb-66136f8d3c92');
INSERT INTO account_operation (id, amount, description, operation_date, type, bank_account_id) VALUES (6155, 1484.09, 'Orange', '2026-04-14 19:56:31', 'DEBIT', 'acc-146746c0-b99f-4c2d-81bb-66136f8d3c92');
INSERT INTO account_operation (id, amount, description, operation_date, type, bank_account_id) VALUES (6156, 1596.73, 'Amendis', '2026-03-30 19:56:31', 'DEBIT', 'acc-146746c0-b99f-4c2d-81bb-66136f8d3c92');
INSERT INTO account_operation (id, amount, description, operation_date, type, bank_account_id) VALUES (6157, 9152.28, 'Freelance Payment', '2026-04-01 19:56:31', 'CREDIT', 'acc-146746c0-b99f-4c2d-81bb-66136f8d3c92');
INSERT INTO account_operation (id, amount, description, operation_date, type, bank_account_id) VALUES (6158, 361.05, 'Carrefour', '2026-03-18 19:56:31', 'DEBIT', 'acc-146746c0-b99f-4c2d-81bb-66136f8d3c92');
INSERT INTO account_operation (id, amount, description, operation_date, type, bank_account_id) VALUES (6159, 272.14, 'Maroc Telecom', '2025-11-12 19:56:31', 'DEBIT', 'acc-146746c0-b99f-4c2d-81bb-66136f8d3c92');
INSERT INTO account_operation (id, amount, description, operation_date, type, bank_account_id) VALUES (6160, 1260.27, 'Spotify', '2026-06-29 19:56:31', 'DEBIT', 'acc-146746c0-b99f-4c2d-81bb-66136f8d3c92');
INSERT INTO account_operation (id, amount, description, operation_date, type, bank_account_id) VALUES (6161, 715.28, 'CTM Bus', '2026-02-13 19:56:31', 'DEBIT', 'acc-146746c0-b99f-4c2d-81bb-66136f8d3c92');
INSERT INTO account_operation (id, amount, description, operation_date, type, bank_account_id) VALUES (6162, 989.36, 'Marjane Supermarket', '2026-01-27 19:56:31', 'DEBIT', 'acc-146746c0-b99f-4c2d-81bb-66136f8d3c92');
INSERT INTO account_operation (id, amount, description, operation_date, type, bank_account_id) VALUES (6163, 238.93, 'ONEE Electricity', '2025-12-14 19:56:31', 'DEBIT', 'acc-146746c0-b99f-4c2d-81bb-66136f8d3c92');
INSERT INTO account_operation (id, amount, description, operation_date, type, bank_account_id) VALUES (6164, 786.55, 'Pharmacy', '2026-03-03 19:56:31', 'DEBIT', 'acc-146746c0-b99f-4c2d-81bb-66136f8d3c92');
INSERT INTO account_operation (id, amount, description, operation_date, type, bank_account_id) VALUES (6165, 1950.52, 'BIM Store', '2025-12-18 19:56:31', 'DEBIT', 'acc-146746c0-b99f-4c2d-81bb-66136f8d3c92');
INSERT INTO account_operation (id, amount, description, operation_date, type, bank_account_id) VALUES (6166, 7788.24, 'Salary Deposit', '2026-05-26 19:56:31', 'CREDIT', 'acc-146746c0-b99f-4c2d-81bb-66136f8d3c92');
INSERT INTO account_operation (id, amount, description, operation_date, type, bank_account_id) VALUES (6167, 824.7, 'Inwi', '2026-05-23 19:56:31', 'DEBIT', 'acc-146746c0-b99f-4c2d-81bb-66136f8d3c92');
INSERT INTO account_operation (id, amount, description, operation_date, type, bank_account_id) VALUES (6168, 246.64, 'Orange', '2025-12-10 19:56:31', 'DEBIT', 'acc-146746c0-b99f-4c2d-81bb-66136f8d3c92');
INSERT INTO account_operation (id, amount, description, operation_date, type, bank_account_id) VALUES (6169, 7889.41, 'Dividend Payout', '2025-12-19 19:56:31', 'CREDIT', 'acc-146746c0-b99f-4c2d-81bb-66136f8d3c92');
INSERT INTO account_operation (id, amount, description, operation_date, type, bank_account_id) VALUES (6170, 13121.82, 'Cash Deposit', '2026-02-18 19:56:31', 'CREDIT', 'acc-146746c0-b99f-4c2d-81bb-66136f8d3c92');
INSERT INTO account_operation (id, amount, description, operation_date, type, bank_account_id) VALUES (6171, 1312.9, 'Local Cafe', '2025-11-29 19:56:31', 'DEBIT', 'acc-146746c0-b99f-4c2d-81bb-66136f8d3c92');
INSERT INTO account_operation (id, amount, description, operation_date, type, bank_account_id) VALUES (6172, 777.37, 'Amendis', '2026-05-16 19:56:31', 'DEBIT', 'acc-146746c0-b99f-4c2d-81bb-66136f8d3c92');
INSERT INTO account_operation (id, amount, description, operation_date, type, bank_account_id) VALUES (6173, 1848.02, 'Transfer Received', '2026-05-06 19:56:31', 'CREDIT', 'acc-146746c0-b99f-4c2d-81bb-66136f8d3c92');
INSERT INTO account_operation (id, amount, description, operation_date, type, bank_account_id) VALUES (6174, 14816.97, 'Cash Deposit', '2026-02-03 19:56:31', 'CREDIT', 'acc-146746c0-b99f-4c2d-81bb-66136f8d3c92');
INSERT INTO account_operation (id, amount, description, operation_date, type, bank_account_id) VALUES (6175, 1292.76, 'Carrefour', '2026-06-04 19:56:31', 'DEBIT', 'acc-146746c0-b99f-4c2d-81bb-66136f8d3c92');
INSERT INTO account_operation (id, amount, description, operation_date, type, bank_account_id) VALUES (6176, 1516.98, 'LC Waikiki', '2025-11-08 19:56:31', 'DEBIT', 'acc-146746c0-b99f-4c2d-81bb-66136f8d3c92');
INSERT INTO account_operation (id, amount, description, operation_date, type, bank_account_id) VALUES (6177, 1764.42, 'Redal', '2026-06-27 19:56:31', 'DEBIT', 'acc-146746c0-b99f-4c2d-81bb-66136f8d3c92');
INSERT INTO account_operation (id, amount, description, operation_date, type, bank_account_id) VALUES (6178, 12079.73, 'Salary Deposit', '2026-01-01 19:56:31', 'CREDIT', 'acc-146746c0-b99f-4c2d-81bb-66136f8d3c92');
INSERT INTO account_operation (id, amount, description, operation_date, type, bank_account_id) VALUES (6179, 10643.11, 'Freelance Payment', '2026-05-03 19:56:31', 'CREDIT', 'acc-146746c0-b99f-4c2d-81bb-66136f8d3c92');
INSERT INTO account_operation (id, amount, description, operation_date, type, bank_account_id) VALUES (6180, 3344.07, 'Salary Deposit', '2026-05-25 19:56:31', 'CREDIT', 'acc-146746c0-b99f-4c2d-81bb-66136f8d3c92');
INSERT INTO account_operation (id, amount, description, operation_date, type, bank_account_id) VALUES (6181, 1815.84, 'Zara', '2025-11-28 19:56:31', 'DEBIT', 'acc-146746c0-b99f-4c2d-81bb-66136f8d3c92');
INSERT INTO account_operation (id, amount, description, operation_date, type, bank_account_id) VALUES (6182, 7760.75, 'Freelance Payment', '2026-03-16 19:56:31', 'CREDIT', 'acc-146746c0-b99f-4c2d-81bb-66136f8d3c92');
INSERT INTO account_operation (id, amount, description, operation_date, type, bank_account_id) VALUES (6183, 7163.28, 'Cash Deposit', '2026-06-13 19:56:31', 'CREDIT', 'acc-146746c0-b99f-4c2d-81bb-66136f8d3c92');
INSERT INTO account_operation (id, amount, description, operation_date, type, bank_account_id) VALUES (6184, 157.85, 'Decathlon', '2026-03-30 19:56:31', 'DEBIT', 'acc-146746c0-b99f-4c2d-81bb-66136f8d3c92');
INSERT INTO account_operation (id, amount, description, operation_date, type, bank_account_id) VALUES (6185, 3423.41, 'Cash Deposit', '2025-12-21 19:56:31', 'CREDIT', 'acc-146746c0-b99f-4c2d-81bb-66136f8d3c92');
INSERT INTO account_operation (id, amount, description, operation_date, type, bank_account_id) VALUES (6186, 229.63, 'BIM Store', '2026-06-15 19:56:31', 'DEBIT', 'acc-146746c0-b99f-4c2d-81bb-66136f8d3c92');
INSERT INTO account_operation (id, amount, description, operation_date, type, bank_account_id) VALUES (6187, 993.93, 'CTM Bus', '2025-12-31 19:56:31', 'DEBIT', 'acc-146746c0-b99f-4c2d-81bb-66136f8d3c92');
INSERT INTO account_operation (id, amount, description, operation_date, type, bank_account_id) VALUES (6188, 1576.04, 'Freelance Payment', '2026-02-02 19:56:31', 'CREDIT', 'acc-146746c0-b99f-4c2d-81bb-66136f8d3c92');
INSERT INTO account_operation (id, amount, description, operation_date, type, bank_account_id) VALUES (6189, 112.59, 'Local Cafe', '2026-01-23 19:56:31', 'DEBIT', 'acc-146746c0-b99f-4c2d-81bb-66136f8d3c92');
INSERT INTO account_operation (id, amount, description, operation_date, type, bank_account_id) VALUES (6190, 507.97, 'Inwi', '2026-01-21 19:56:31', 'DEBIT', 'acc-146746c0-b99f-4c2d-81bb-66136f8d3c92');

INSERT INTO customer (id, name, email) VALUES (106, 'Yassine Lahlou', 'yassine.lahlou@gmail.com');
INSERT INTO bank_account (id, type, balance, created_at, customer_id, over_draft, interest_rate) VALUES ('acc-39f0997c-13cb-4be4-9c50-e34356255809', 'SAVE', 84835.84, '2026-03-15 19:56:31', 106, NULL, 4.64);
INSERT INTO account_operation (id, amount, description, operation_date, type, bank_account_id) VALUES (6191, 47261.95, 'Initial Account Funding', '2026-03-15 19:56:31', 'CREDIT', 'acc-39f0997c-13cb-4be4-9c50-e34356255809');
INSERT INTO account_operation (id, amount, description, operation_date, type, bank_account_id) VALUES (6192, 1528.44, 'Local Cafe', '2026-03-23 19:56:31', 'DEBIT', 'acc-39f0997c-13cb-4be4-9c50-e34356255809');
INSERT INTO account_operation (id, amount, description, operation_date, type, bank_account_id) VALUES (6193, 11716.63, 'Freelance Payment', '2026-06-29 19:56:31', 'CREDIT', 'acc-39f0997c-13cb-4be4-9c50-e34356255809');
INSERT INTO account_operation (id, amount, description, operation_date, type, bank_account_id) VALUES (6194, 1089.38, 'Dividend Payout', '2026-05-19 19:56:31', 'CREDIT', 'acc-39f0997c-13cb-4be4-9c50-e34356255809');
INSERT INTO account_operation (id, amount, description, operation_date, type, bank_account_id) VALUES (6195, 1165.9, 'Netflix Subscription', '2026-05-13 19:56:31', 'DEBIT', 'acc-39f0997c-13cb-4be4-9c50-e34356255809');
INSERT INTO account_operation (id, amount, description, operation_date, type, bank_account_id) VALUES (6196, 855.27, 'Spotify', '2026-05-09 19:56:31', 'DEBIT', 'acc-39f0997c-13cb-4be4-9c50-e34356255809');
INSERT INTO account_operation (id, amount, description, operation_date, type, bank_account_id) VALUES (6197, 976.48, 'CTM Bus', '2026-05-18 19:56:31', 'DEBIT', 'acc-39f0997c-13cb-4be4-9c50-e34356255809');
INSERT INTO account_operation (id, amount, description, operation_date, type, bank_account_id) VALUES (6198, 9377.26, 'Cash Deposit', '2026-04-07 19:56:31', 'CREDIT', 'acc-39f0997c-13cb-4be4-9c50-e34356255809');
INSERT INTO account_operation (id, amount, description, operation_date, type, bank_account_id) VALUES (6199, 951.33, 'Amendis', '2026-03-23 19:56:31', 'DEBIT', 'acc-39f0997c-13cb-4be4-9c50-e34356255809');
INSERT INTO account_operation (id, amount, description, operation_date, type, bank_account_id) VALUES (6200, 12336.45, 'Freelance Payment', '2026-04-03 19:56:31', 'CREDIT', 'acc-39f0997c-13cb-4be4-9c50-e34356255809');
INSERT INTO account_operation (id, amount, description, operation_date, type, bank_account_id) VALUES (6201, 1411.69, 'Restaurant', '2026-03-28 19:56:31', 'DEBIT', 'acc-39f0997c-13cb-4be4-9c50-e34356255809');
INSERT INTO account_operation (id, amount, description, operation_date, type, bank_account_id) VALUES (6202, 1023.78, 'Carrefour', '2026-04-23 19:56:31', 'DEBIT', 'acc-39f0997c-13cb-4be4-9c50-e34356255809');
INSERT INTO account_operation (id, amount, description, operation_date, type, bank_account_id) VALUES (6203, 10967.06, 'Freelance Payment', '2026-04-01 19:56:31', 'CREDIT', 'acc-39f0997c-13cb-4be4-9c50-e34356255809');
INSERT INTO bank_account (id, type, balance, created_at, customer_id, over_draft, interest_rate) VALUES ('acc-32a7a85b-23a0-4e8d-bbde-5147f4d8d4ef', 'CURR', 113946.57, '2025-11-26 19:56:31', 106, 7843.28, NULL);
INSERT INTO account_operation (id, amount, description, operation_date, type, bank_account_id) VALUES (6204, 44969.01, 'Initial Account Funding', '2025-11-26 19:56:31', 'CREDIT', 'acc-32a7a85b-23a0-4e8d-bbde-5147f4d8d4ef');
INSERT INTO account_operation (id, amount, description, operation_date, type, bank_account_id) VALUES (6205, 36.49, 'Zara', '2026-01-31 19:56:31', 'DEBIT', 'acc-32a7a85b-23a0-4e8d-bbde-5147f4d8d4ef');
INSERT INTO account_operation (id, amount, description, operation_date, type, bank_account_id) VALUES (6206, 4799.71, 'Salary Deposit', '2026-06-27 19:56:31', 'CREDIT', 'acc-32a7a85b-23a0-4e8d-bbde-5147f4d8d4ef');
INSERT INTO account_operation (id, amount, description, operation_date, type, bank_account_id) VALUES (6207, 1341.29, 'Carrefour', '2026-04-13 19:56:31', 'DEBIT', 'acc-32a7a85b-23a0-4e8d-bbde-5147f4d8d4ef');
INSERT INTO account_operation (id, amount, description, operation_date, type, bank_account_id) VALUES (6208, 109.96, 'Pharmacy', '2026-05-22 19:56:31', 'DEBIT', 'acc-32a7a85b-23a0-4e8d-bbde-5147f4d8d4ef');
INSERT INTO account_operation (id, amount, description, operation_date, type, bank_account_id) VALUES (6209, 485.93, 'ONEE Electricity', '2026-02-13 19:56:31', 'DEBIT', 'acc-32a7a85b-23a0-4e8d-bbde-5147f4d8d4ef');
INSERT INTO account_operation (id, amount, description, operation_date, type, bank_account_id) VALUES (6210, 1748.1, 'Zara', '2026-02-19 19:56:31', 'DEBIT', 'acc-32a7a85b-23a0-4e8d-bbde-5147f4d8d4ef');
INSERT INTO account_operation (id, amount, description, operation_date, type, bank_account_id) VALUES (6211, 11641.98, 'Cash Deposit', '2026-01-17 19:56:31', 'CREDIT', 'acc-32a7a85b-23a0-4e8d-bbde-5147f4d8d4ef');
INSERT INTO account_operation (id, amount, description, operation_date, type, bank_account_id) VALUES (6212, 11368.0, 'Dividend Payout', '2026-02-13 19:56:31', 'CREDIT', 'acc-32a7a85b-23a0-4e8d-bbde-5147f4d8d4ef');
INSERT INTO account_operation (id, amount, description, operation_date, type, bank_account_id) VALUES (6213, 1166.21, 'ONCF Train', '2026-05-31 19:56:31', 'DEBIT', 'acc-32a7a85b-23a0-4e8d-bbde-5147f4d8d4ef');
INSERT INTO account_operation (id, amount, description, operation_date, type, bank_account_id) VALUES (6214, 1520.02, 'Salary Deposit', '2026-03-14 19:56:31', 'CREDIT', 'acc-32a7a85b-23a0-4e8d-bbde-5147f4d8d4ef');
INSERT INTO account_operation (id, amount, description, operation_date, type, bank_account_id) VALUES (6215, 894.17, 'ONCF Train', '2026-06-20 19:56:31', 'DEBIT', 'acc-32a7a85b-23a0-4e8d-bbde-5147f4d8d4ef');
INSERT INTO account_operation (id, amount, description, operation_date, type, bank_account_id) VALUES (6216, 3338.94, 'Transfer Received', '2026-04-23 19:56:31', 'CREDIT', 'acc-32a7a85b-23a0-4e8d-bbde-5147f4d8d4ef');
INSERT INTO account_operation (id, amount, description, operation_date, type, bank_account_id) VALUES (6217, 1883.26, 'Redal', '2026-03-07 19:56:31', 'DEBIT', 'acc-32a7a85b-23a0-4e8d-bbde-5147f4d8d4ef');
INSERT INTO account_operation (id, amount, description, operation_date, type, bank_account_id) VALUES (6218, 11477.87, 'Salary Deposit', '2026-04-11 19:56:31', 'CREDIT', 'acc-32a7a85b-23a0-4e8d-bbde-5147f4d8d4ef');
INSERT INTO account_operation (id, amount, description, operation_date, type, bank_account_id) VALUES (6219, 1050.27, 'Amendis', '2026-04-17 19:56:31', 'DEBIT', 'acc-32a7a85b-23a0-4e8d-bbde-5147f4d8d4ef');
INSERT INTO account_operation (id, amount, description, operation_date, type, bank_account_id) VALUES (6220, 13548.43, 'Freelance Payment', '2026-06-23 19:56:31', 'CREDIT', 'acc-32a7a85b-23a0-4e8d-bbde-5147f4d8d4ef');
INSERT INTO account_operation (id, amount, description, operation_date, type, bank_account_id) VALUES (6221, 1584.21, 'LC Waikiki', '2026-06-29 19:56:31', 'DEBIT', 'acc-32a7a85b-23a0-4e8d-bbde-5147f4d8d4ef');
INSERT INTO account_operation (id, amount, description, operation_date, type, bank_account_id) VALUES (6222, 531.43, 'Amendis', '2025-11-26 19:56:31', 'DEBIT', 'acc-32a7a85b-23a0-4e8d-bbde-5147f4d8d4ef');
INSERT INTO account_operation (id, amount, description, operation_date, type, bank_account_id) VALUES (6223, 170.76, 'CTM Bus', '2025-12-09 19:56:31', 'DEBIT', 'acc-32a7a85b-23a0-4e8d-bbde-5147f4d8d4ef');
INSERT INTO account_operation (id, amount, description, operation_date, type, bank_account_id) VALUES (6224, 11382.96, 'Salary Deposit', '2025-12-15 19:56:31', 'CREDIT', 'acc-32a7a85b-23a0-4e8d-bbde-5147f4d8d4ef');
INSERT INTO account_operation (id, amount, description, operation_date, type, bank_account_id) VALUES (6225, 1587.29, 'Decathlon', '2025-11-30 19:56:31', 'DEBIT', 'acc-32a7a85b-23a0-4e8d-bbde-5147f4d8d4ef');
INSERT INTO account_operation (id, amount, description, operation_date, type, bank_account_id) VALUES (6226, 3277.47, 'Dividend Payout', '2026-05-13 19:56:31', 'CREDIT', 'acc-32a7a85b-23a0-4e8d-bbde-5147f4d8d4ef');
INSERT INTO account_operation (id, amount, description, operation_date, type, bank_account_id) VALUES (6227, 1271.1, 'Carrefour', '2026-03-18 19:56:31', 'DEBIT', 'acc-32a7a85b-23a0-4e8d-bbde-5147f4d8d4ef');
INSERT INTO account_operation (id, amount, description, operation_date, type, bank_account_id) VALUES (6228, 10482.65, 'Transfer Received', '2026-02-22 19:56:31', 'CREDIT', 'acc-32a7a85b-23a0-4e8d-bbde-5147f4d8d4ef');

INSERT INTO customer (id, name, email) VALUES (107, 'Hassan Tazi', 'hassan.tazi@gmail.com');
INSERT INTO bank_account (id, type, balance, created_at, customer_id, over_draft, interest_rate) VALUES ('acc-79074908-1d1c-4f3d-8ed7-3eea550e51c8', 'SAVE', 84706.17, '2025-09-28 19:56:31', 107, NULL, 4.0);
INSERT INTO account_operation (id, amount, description, operation_date, type, bank_account_id) VALUES (6229, 28420.49, 'Initial Account Funding', '2025-09-28 19:56:31', 'CREDIT', 'acc-79074908-1d1c-4f3d-8ed7-3eea550e51c8');
INSERT INTO account_operation (id, amount, description, operation_date, type, bank_account_id) VALUES (6230, 637.65, 'Orange', '2025-10-07 19:56:31', 'DEBIT', 'acc-79074908-1d1c-4f3d-8ed7-3eea550e51c8');
INSERT INTO account_operation (id, amount, description, operation_date, type, bank_account_id) VALUES (6231, 1162.55, 'Inwi', '2025-10-31 19:56:31', 'DEBIT', 'acc-79074908-1d1c-4f3d-8ed7-3eea550e51c8');
INSERT INTO account_operation (id, amount, description, operation_date, type, bank_account_id) VALUES (6232, 1559.14, 'Pharmacy', '2026-06-06 19:56:31', 'DEBIT', 'acc-79074908-1d1c-4f3d-8ed7-3eea550e51c8');
INSERT INTO account_operation (id, amount, description, operation_date, type, bank_account_id) VALUES (6233, 568.83, 'Decathlon', '2026-05-12 19:56:31', 'DEBIT', 'acc-79074908-1d1c-4f3d-8ed7-3eea550e51c8');
INSERT INTO account_operation (id, amount, description, operation_date, type, bank_account_id) VALUES (6234, 9883.59, 'Dividend Payout', '2025-11-04 19:56:31', 'CREDIT', 'acc-79074908-1d1c-4f3d-8ed7-3eea550e51c8');
INSERT INTO account_operation (id, amount, description, operation_date, type, bank_account_id) VALUES (6235, 1952.09, 'Maroc Telecom', '2025-12-19 19:56:31', 'DEBIT', 'acc-79074908-1d1c-4f3d-8ed7-3eea550e51c8');
INSERT INTO account_operation (id, amount, description, operation_date, type, bank_account_id) VALUES (6236, 12051.47, 'Dividend Payout', '2025-10-04 19:56:31', 'CREDIT', 'acc-79074908-1d1c-4f3d-8ed7-3eea550e51c8');
INSERT INTO account_operation (id, amount, description, operation_date, type, bank_account_id) VALUES (6237, 1538.37, 'LC Waikiki', '2025-12-16 19:56:31', 'DEBIT', 'acc-79074908-1d1c-4f3d-8ed7-3eea550e51c8');
INSERT INTO account_operation (id, amount, description, operation_date, type, bank_account_id) VALUES (6238, 187.24, 'Local Cafe', '2026-03-27 19:56:31', 'DEBIT', 'acc-79074908-1d1c-4f3d-8ed7-3eea550e51c8');
INSERT INTO account_operation (id, amount, description, operation_date, type, bank_account_id) VALUES (6239, 971.15, 'Marjane Supermarket', '2025-10-15 19:56:31', 'DEBIT', 'acc-79074908-1d1c-4f3d-8ed7-3eea550e51c8');
INSERT INTO account_operation (id, amount, description, operation_date, type, bank_account_id) VALUES (6240, 166.24, 'ONEE Electricity', '2025-11-30 19:56:31', 'DEBIT', 'acc-79074908-1d1c-4f3d-8ed7-3eea550e51c8');
INSERT INTO account_operation (id, amount, description, operation_date, type, bank_account_id) VALUES (6241, 1299.27, 'Decathlon', '2026-03-06 19:56:31', 'DEBIT', 'acc-79074908-1d1c-4f3d-8ed7-3eea550e51c8');
INSERT INTO account_operation (id, amount, description, operation_date, type, bank_account_id) VALUES (6242, 9919.37, 'Transfer Received', '2025-12-22 19:56:31', 'CREDIT', 'acc-79074908-1d1c-4f3d-8ed7-3eea550e51c8');
INSERT INTO account_operation (id, amount, description, operation_date, type, bank_account_id) VALUES (6243, 1253.44, 'CTM Bus', '2025-12-26 19:56:31', 'DEBIT', 'acc-79074908-1d1c-4f3d-8ed7-3eea550e51c8');
INSERT INTO account_operation (id, amount, description, operation_date, type, bank_account_id) VALUES (6244, 407.42, 'Inwi', '2025-12-12 19:56:31', 'DEBIT', 'acc-79074908-1d1c-4f3d-8ed7-3eea550e51c8');
INSERT INTO account_operation (id, amount, description, operation_date, type, bank_account_id) VALUES (6245, 1913.07, 'Maroc Telecom', '2026-04-08 19:56:31', 'DEBIT', 'acc-79074908-1d1c-4f3d-8ed7-3eea550e51c8');
INSERT INTO account_operation (id, amount, description, operation_date, type, bank_account_id) VALUES (6246, 5951.01, 'Transfer Received', '2026-05-26 19:56:31', 'CREDIT', 'acc-79074908-1d1c-4f3d-8ed7-3eea550e51c8');
INSERT INTO account_operation (id, amount, description, operation_date, type, bank_account_id) VALUES (6247, 1404.16, 'CTM Bus', '2026-05-28 19:56:31', 'DEBIT', 'acc-79074908-1d1c-4f3d-8ed7-3eea550e51c8');
INSERT INTO account_operation (id, amount, description, operation_date, type, bank_account_id) VALUES (6248, 524.65, 'LC Waikiki', '2026-06-13 19:56:31', 'DEBIT', 'acc-79074908-1d1c-4f3d-8ed7-3eea550e51c8');
INSERT INTO account_operation (id, amount, description, operation_date, type, bank_account_id) VALUES (6249, 8507.55, 'Freelance Payment', '2026-02-04 19:56:31', 'CREDIT', 'acc-79074908-1d1c-4f3d-8ed7-3eea550e51c8');
INSERT INTO account_operation (id, amount, description, operation_date, type, bank_account_id) VALUES (6250, 972.33, 'Marjane Supermarket', '2026-03-01 19:56:31', 'DEBIT', 'acc-79074908-1d1c-4f3d-8ed7-3eea550e51c8');
INSERT INTO account_operation (id, amount, description, operation_date, type, bank_account_id) VALUES (6251, 12632.27, 'Transfer Received', '2025-10-20 19:56:31', 'CREDIT', 'acc-79074908-1d1c-4f3d-8ed7-3eea550e51c8');
INSERT INTO account_operation (id, amount, description, operation_date, type, bank_account_id) VALUES (6252, 1488.21, 'Cash Deposit', '2026-02-28 19:56:31', 'CREDIT', 'acc-79074908-1d1c-4f3d-8ed7-3eea550e51c8');
INSERT INTO account_operation (id, amount, description, operation_date, type, bank_account_id) VALUES (6253, 423.74, 'Inwi', '2026-05-22 19:56:31', 'DEBIT', 'acc-79074908-1d1c-4f3d-8ed7-3eea550e51c8');
INSERT INTO account_operation (id, amount, description, operation_date, type, bank_account_id) VALUES (6254, 151.94, 'Orange', '2025-10-19 19:56:31', 'DEBIT', 'acc-79074908-1d1c-4f3d-8ed7-3eea550e51c8');
INSERT INTO account_operation (id, amount, description, operation_date, type, bank_account_id) VALUES (6255, 1745.56, 'Maroc Telecom', '2026-06-12 19:56:31', 'DEBIT', 'acc-79074908-1d1c-4f3d-8ed7-3eea550e51c8');
INSERT INTO account_operation (id, amount, description, operation_date, type, bank_account_id) VALUES (6256, 14840.22, 'Dividend Payout', '2025-12-04 19:56:31', 'CREDIT', 'acc-79074908-1d1c-4f3d-8ed7-3eea550e51c8');
INSERT INTO account_operation (id, amount, description, operation_date, type, bank_account_id) VALUES (6257, 502.71, 'Inwi', '2026-06-14 19:56:31', 'DEBIT', 'acc-79074908-1d1c-4f3d-8ed7-3eea550e51c8');
INSERT INTO account_operation (id, amount, description, operation_date, type, bank_account_id) VALUES (6258, 1875.04, 'Decathlon', '2026-04-15 19:56:31', 'DEBIT', 'acc-79074908-1d1c-4f3d-8ed7-3eea550e51c8');
INSERT INTO account_operation (id, amount, description, operation_date, type, bank_account_id) VALUES (6259, 1737.39, 'Orange', '2026-04-12 19:56:31', 'DEBIT', 'acc-79074908-1d1c-4f3d-8ed7-3eea550e51c8');
INSERT INTO account_operation (id, amount, description, operation_date, type, bank_account_id) VALUES (6260, 120.45, 'Zara', '2026-04-05 19:56:31', 'DEBIT', 'acc-79074908-1d1c-4f3d-8ed7-3eea550e51c8');
INSERT INTO account_operation (id, amount, description, operation_date, type, bank_account_id) VALUES (6261, 4502.22, 'Freelance Payment', '2026-06-16 19:56:31', 'CREDIT', 'acc-79074908-1d1c-4f3d-8ed7-3eea550e51c8');
INSERT INTO account_operation (id, amount, description, operation_date, type, bank_account_id) VALUES (6262, 415.8, 'Inwi', '2026-03-04 19:56:31', 'DEBIT', 'acc-79074908-1d1c-4f3d-8ed7-3eea550e51c8');
INSERT INTO bank_account (id, type, balance, created_at, customer_id, over_draft, interest_rate) VALUES ('acc-357b953d-696d-4ce5-8759-a4801dd53332', 'SAVE', 64198.88, '2025-09-15 19:56:31', 107, NULL, 1.71);
INSERT INTO account_operation (id, amount, description, operation_date, type, bank_account_id) VALUES (6263, 14564.86, 'Initial Account Funding', '2025-09-15 19:56:31', 'CREDIT', 'acc-357b953d-696d-4ce5-8759-a4801dd53332');
INSERT INTO account_operation (id, amount, description, operation_date, type, bank_account_id) VALUES (6264, 637.5, 'Maroc Telecom', '2026-06-08 19:56:31', 'DEBIT', 'acc-357b953d-696d-4ce5-8759-a4801dd53332');
INSERT INTO account_operation (id, amount, description, operation_date, type, bank_account_id) VALUES (6265, 49.87, 'Carrefour', '2025-12-24 19:56:31', 'DEBIT', 'acc-357b953d-696d-4ce5-8759-a4801dd53332');
INSERT INTO account_operation (id, amount, description, operation_date, type, bank_account_id) VALUES (6266, 651.79, 'Carrefour', '2026-03-29 19:56:31', 'DEBIT', 'acc-357b953d-696d-4ce5-8759-a4801dd53332');
INSERT INTO account_operation (id, amount, description, operation_date, type, bank_account_id) VALUES (6267, 967.46, 'ONCF Train', '2026-03-04 19:56:31', 'DEBIT', 'acc-357b953d-696d-4ce5-8759-a4801dd53332');
INSERT INTO account_operation (id, amount, description, operation_date, type, bank_account_id) VALUES (6268, 1930.38, 'Redal', '2025-12-30 19:56:31', 'DEBIT', 'acc-357b953d-696d-4ce5-8759-a4801dd53332');
INSERT INTO account_operation (id, amount, description, operation_date, type, bank_account_id) VALUES (6269, 1706.82, 'Carrefour', '2026-03-07 19:56:31', 'DEBIT', 'acc-357b953d-696d-4ce5-8759-a4801dd53332');
INSERT INTO account_operation (id, amount, description, operation_date, type, bank_account_id) VALUES (6270, 1271.14, 'Dividend Payout', '2026-05-04 19:56:31', 'CREDIT', 'acc-357b953d-696d-4ce5-8759-a4801dd53332');
INSERT INTO account_operation (id, amount, description, operation_date, type, bank_account_id) VALUES (6271, 400.39, 'LC Waikiki', '2025-11-09 19:56:31', 'DEBIT', 'acc-357b953d-696d-4ce5-8759-a4801dd53332');
INSERT INTO account_operation (id, amount, description, operation_date, type, bank_account_id) VALUES (6272, 404.94, 'Zara', '2026-03-07 19:56:31', 'DEBIT', 'acc-357b953d-696d-4ce5-8759-a4801dd53332');
INSERT INTO account_operation (id, amount, description, operation_date, type, bank_account_id) VALUES (6273, 1063.46, 'ONEE Electricity', '2026-02-28 19:56:31', 'DEBIT', 'acc-357b953d-696d-4ce5-8759-a4801dd53332');
INSERT INTO account_operation (id, amount, description, operation_date, type, bank_account_id) VALUES (6274, 2730.01, 'Freelance Payment', '2026-01-31 19:56:31', 'CREDIT', 'acc-357b953d-696d-4ce5-8759-a4801dd53332');
INSERT INTO account_operation (id, amount, description, operation_date, type, bank_account_id) VALUES (6275, 4834.26, 'Cash Deposit', '2026-02-14 19:56:31', 'CREDIT', 'acc-357b953d-696d-4ce5-8759-a4801dd53332');
INSERT INTO account_operation (id, amount, description, operation_date, type, bank_account_id) VALUES (6276, 720.64, 'Netflix Subscription', '2025-10-17 19:56:31', 'DEBIT', 'acc-357b953d-696d-4ce5-8759-a4801dd53332');
INSERT INTO account_operation (id, amount, description, operation_date, type, bank_account_id) VALUES (6277, 1108.35, 'Local Cafe', '2025-09-17 19:56:31', 'DEBIT', 'acc-357b953d-696d-4ce5-8759-a4801dd53332');
INSERT INTO account_operation (id, amount, description, operation_date, type, bank_account_id) VALUES (6278, 204.43, 'Restaurant', '2026-01-08 19:56:31', 'DEBIT', 'acc-357b953d-696d-4ce5-8759-a4801dd53332');
INSERT INTO account_operation (id, amount, description, operation_date, type, bank_account_id) VALUES (6279, 10533.07, 'Cash Deposit', '2025-09-21 19:56:31', 'CREDIT', 'acc-357b953d-696d-4ce5-8759-a4801dd53332');
INSERT INTO account_operation (id, amount, description, operation_date, type, bank_account_id) VALUES (6280, 749.0, 'Carrefour', '2026-03-30 19:56:31', 'DEBIT', 'acc-357b953d-696d-4ce5-8759-a4801dd53332');
INSERT INTO account_operation (id, amount, description, operation_date, type, bank_account_id) VALUES (6281, 1507.53, 'Maroc Telecom', '2026-03-27 19:56:31', 'DEBIT', 'acc-357b953d-696d-4ce5-8759-a4801dd53332');
INSERT INTO account_operation (id, amount, description, operation_date, type, bank_account_id) VALUES (6282, 804.08, 'Spotify', '2026-06-25 19:56:31', 'DEBIT', 'acc-357b953d-696d-4ce5-8759-a4801dd53332');
INSERT INTO account_operation (id, amount, description, operation_date, type, bank_account_id) VALUES (6283, 1899.85, 'CTM Bus', '2026-04-04 19:56:31', 'DEBIT', 'acc-357b953d-696d-4ce5-8759-a4801dd53332');
INSERT INTO account_operation (id, amount, description, operation_date, type, bank_account_id) VALUES (6284, 871.56, 'Inwi', '2025-10-08 19:56:31', 'DEBIT', 'acc-357b953d-696d-4ce5-8759-a4801dd53332');
INSERT INTO account_operation (id, amount, description, operation_date, type, bank_account_id) VALUES (6285, 723.92, 'Netflix Subscription', '2026-01-26 19:56:31', 'DEBIT', 'acc-357b953d-696d-4ce5-8759-a4801dd53332');
INSERT INTO account_operation (id, amount, description, operation_date, type, bank_account_id) VALUES (6286, 13643.96, 'Freelance Payment', '2025-12-12 19:56:31', 'CREDIT', 'acc-357b953d-696d-4ce5-8759-a4801dd53332');
INSERT INTO account_operation (id, amount, description, operation_date, type, bank_account_id) VALUES (6287, 238.37, 'Spotify', '2026-04-14 19:56:31', 'DEBIT', 'acc-357b953d-696d-4ce5-8759-a4801dd53332');
INSERT INTO account_operation (id, amount, description, operation_date, type, bank_account_id) VALUES (6288, 11133.42, 'Salary Deposit', '2026-03-24 19:56:31', 'CREDIT', 'acc-357b953d-696d-4ce5-8759-a4801dd53332');
INSERT INTO account_operation (id, amount, description, operation_date, type, bank_account_id) VALUES (6289, 841.49, 'Restaurant', '2025-10-13 19:56:31', 'DEBIT', 'acc-357b953d-696d-4ce5-8759-a4801dd53332');
INSERT INTO account_operation (id, amount, description, operation_date, type, bank_account_id) VALUES (6290, 1853.41, 'Decathlon', '2026-01-08 19:56:31', 'DEBIT', 'acc-357b953d-696d-4ce5-8759-a4801dd53332');
INSERT INTO account_operation (id, amount, description, operation_date, type, bank_account_id) VALUES (6291, 2571.43, 'Transfer Received', '2026-02-26 19:56:31', 'CREDIT', 'acc-357b953d-696d-4ce5-8759-a4801dd53332');
INSERT INTO account_operation (id, amount, description, operation_date, type, bank_account_id) VALUES (6292, 13350.68, 'Freelance Payment', '2026-01-17 19:56:31', 'CREDIT', 'acc-357b953d-696d-4ce5-8759-a4801dd53332');
INSERT INTO account_operation (id, amount, description, operation_date, type, bank_account_id) VALUES (6293, 1659.67, 'Decathlon', '2026-06-02 19:56:31', 'DEBIT', 'acc-357b953d-696d-4ce5-8759-a4801dd53332');
INSERT INTO account_operation (id, amount, description, operation_date, type, bank_account_id) VALUES (6294, 1448.8, 'Marjane Supermarket', '2026-01-18 19:56:31', 'DEBIT', 'acc-357b953d-696d-4ce5-8759-a4801dd53332');
INSERT INTO account_operation (id, amount, description, operation_date, type, bank_account_id) VALUES (6295, 1887.72, 'Amendis', '2025-12-21 19:56:31', 'DEBIT', 'acc-357b953d-696d-4ce5-8759-a4801dd53332');
INSERT INTO account_operation (id, amount, description, operation_date, type, bank_account_id) VALUES (6296, 365.39, 'Amendis', '2025-09-26 19:56:31', 'DEBIT', 'acc-357b953d-696d-4ce5-8759-a4801dd53332');
INSERT INTO account_operation (id, amount, description, operation_date, type, bank_account_id) VALUES (6297, 10759.23, 'Dividend Payout', '2026-04-23 19:56:31', 'CREDIT', 'acc-357b953d-696d-4ce5-8759-a4801dd53332');
INSERT INTO account_operation (id, amount, description, operation_date, type, bank_account_id) VALUES (6298, 596.48, 'BIM Store', '2025-10-04 19:56:31', 'DEBIT', 'acc-357b953d-696d-4ce5-8759-a4801dd53332');
INSERT INTO account_operation (id, amount, description, operation_date, type, bank_account_id) VALUES (6299, 477.36, 'LC Waikiki', '2026-02-15 19:56:31', 'DEBIT', 'acc-357b953d-696d-4ce5-8759-a4801dd53332');
INSERT INTO account_operation (id, amount, description, operation_date, type, bank_account_id) VALUES (6300, 422.87, 'Restaurant', '2026-01-31 19:56:31', 'DEBIT', 'acc-357b953d-696d-4ce5-8759-a4801dd53332');
INSERT INTO account_operation (id, amount, description, operation_date, type, bank_account_id) VALUES (6301, 1228.45, 'Orange', '2026-06-10 19:56:31', 'DEBIT', 'acc-357b953d-696d-4ce5-8759-a4801dd53332');
INSERT INTO account_operation (id, amount, description, operation_date, type, bank_account_id) VALUES (6302, 499.6, 'BIM Store', '2026-03-18 19:56:31', 'DEBIT', 'acc-357b953d-696d-4ce5-8759-a4801dd53332');
INSERT INTO account_operation (id, amount, description, operation_date, type, bank_account_id) VALUES (6303, 8366.14, 'Transfer Received', '2026-04-06 19:56:31', 'CREDIT', 'acc-357b953d-696d-4ce5-8759-a4801dd53332');
INSERT INTO account_operation (id, amount, description, operation_date, type, bank_account_id) VALUES (6304, 390.71, 'BIM Store', '2026-03-16 19:56:31', 'DEBIT', 'acc-357b953d-696d-4ce5-8759-a4801dd53332');
INSERT INTO account_operation (id, amount, description, operation_date, type, bank_account_id) VALUES (6305, 1247.03, 'Zara', '2026-03-19 19:56:31', 'DEBIT', 'acc-357b953d-696d-4ce5-8759-a4801dd53332');
INSERT INTO bank_account (id, type, balance, created_at, customer_id, over_draft, interest_rate) VALUES ('acc-2a18d603-c147-423c-a575-7b0a717161ce', 'CURR', 104661.1, '2026-01-27 19:56:31', 107, 3939.24, NULL);
INSERT INTO account_operation (id, amount, description, operation_date, type, bank_account_id) VALUES (6306, 43987.7, 'Initial Account Funding', '2026-01-27 19:56:31', 'CREDIT', 'acc-2a18d603-c147-423c-a575-7b0a717161ce');
INSERT INTO account_operation (id, amount, description, operation_date, type, bank_account_id) VALUES (6307, 9161.96, 'Dividend Payout', '2026-03-07 19:56:31', 'CREDIT', 'acc-2a18d603-c147-423c-a575-7b0a717161ce');
INSERT INTO account_operation (id, amount, description, operation_date, type, bank_account_id) VALUES (6308, 938.23, 'CTM Bus', '2026-02-17 19:56:31', 'DEBIT', 'acc-2a18d603-c147-423c-a575-7b0a717161ce');
INSERT INTO account_operation (id, amount, description, operation_date, type, bank_account_id) VALUES (6309, 1324.57, 'ONCF Train', '2026-04-25 19:56:31', 'DEBIT', 'acc-2a18d603-c147-423c-a575-7b0a717161ce');
INSERT INTO account_operation (id, amount, description, operation_date, type, bank_account_id) VALUES (6310, 676.76, 'Maroc Telecom', '2026-03-16 19:56:31', 'DEBIT', 'acc-2a18d603-c147-423c-a575-7b0a717161ce');
INSERT INTO account_operation (id, amount, description, operation_date, type, bank_account_id) VALUES (6311, 1054.01, 'Marjane Supermarket', '2026-03-25 19:56:31', 'DEBIT', 'acc-2a18d603-c147-423c-a575-7b0a717161ce');
INSERT INTO account_operation (id, amount, description, operation_date, type, bank_account_id) VALUES (6312, 14.74, 'ONEE Electricity', '2026-05-15 19:56:31', 'DEBIT', 'acc-2a18d603-c147-423c-a575-7b0a717161ce');
INSERT INTO account_operation (id, amount, description, operation_date, type, bank_account_id) VALUES (6313, 10857.65, 'Freelance Payment', '2026-05-22 19:56:31', 'CREDIT', 'acc-2a18d603-c147-423c-a575-7b0a717161ce');
INSERT INTO account_operation (id, amount, description, operation_date, type, bank_account_id) VALUES (6314, 9393.25, 'Freelance Payment', '2026-03-26 19:56:31', 'CREDIT', 'acc-2a18d603-c147-423c-a575-7b0a717161ce');
INSERT INTO account_operation (id, amount, description, operation_date, type, bank_account_id) VALUES (6315, 996.18, 'Amendis', '2026-04-09 19:56:31', 'DEBIT', 'acc-2a18d603-c147-423c-a575-7b0a717161ce');
INSERT INTO account_operation (id, amount, description, operation_date, type, bank_account_id) VALUES (6316, 582.68, 'ONEE Electricity', '2026-06-23 19:56:31', 'DEBIT', 'acc-2a18d603-c147-423c-a575-7b0a717161ce');
INSERT INTO account_operation (id, amount, description, operation_date, type, bank_account_id) VALUES (6317, 1685.59, 'BIM Store', '2026-05-02 19:56:31', 'DEBIT', 'acc-2a18d603-c147-423c-a575-7b0a717161ce');
INSERT INTO account_operation (id, amount, description, operation_date, type, bank_account_id) VALUES (6318, 506.96, 'Redal', '2026-06-05 19:56:31', 'DEBIT', 'acc-2a18d603-c147-423c-a575-7b0a717161ce');
INSERT INTO account_operation (id, amount, description, operation_date, type, bank_account_id) VALUES (6319, 10608.59, 'Freelance Payment', '2026-06-10 19:56:31', 'CREDIT', 'acc-2a18d603-c147-423c-a575-7b0a717161ce');
INSERT INTO account_operation (id, amount, description, operation_date, type, bank_account_id) VALUES (6320, 9386.67, 'Cash Deposit', '2026-06-07 19:56:31', 'CREDIT', 'acc-2a18d603-c147-423c-a575-7b0a717161ce');
INSERT INTO account_operation (id, amount, description, operation_date, type, bank_account_id) VALUES (6321, 428.74, 'Redal', '2026-06-25 19:56:31', 'DEBIT', 'acc-2a18d603-c147-423c-a575-7b0a717161ce');
INSERT INTO account_operation (id, amount, description, operation_date, type, bank_account_id) VALUES (6322, 7906.77, 'Salary Deposit', '2026-04-29 19:56:31', 'CREDIT', 'acc-2a18d603-c147-423c-a575-7b0a717161ce');
INSERT INTO account_operation (id, amount, description, operation_date, type, bank_account_id) VALUES (6323, 639.14, 'Maroc Telecom', '2026-02-21 19:56:31', 'DEBIT', 'acc-2a18d603-c147-423c-a575-7b0a717161ce');
INSERT INTO account_operation (id, amount, description, operation_date, type, bank_account_id) VALUES (6324, 1459.56, 'Spotify', '2026-02-16 19:56:31', 'DEBIT', 'acc-2a18d603-c147-423c-a575-7b0a717161ce');
INSERT INTO account_operation (id, amount, description, operation_date, type, bank_account_id) VALUES (6325, 442.53, 'Zara', '2026-05-29 19:56:31', 'DEBIT', 'acc-2a18d603-c147-423c-a575-7b0a717161ce');
INSERT INTO account_operation (id, amount, description, operation_date, type, bank_account_id) VALUES (6326, 467.24, 'Carrefour', '2026-03-30 19:56:31', 'DEBIT', 'acc-2a18d603-c147-423c-a575-7b0a717161ce');
INSERT INTO account_operation (id, amount, description, operation_date, type, bank_account_id) VALUES (6327, 1374.17, 'Maroc Telecom', '2026-01-30 19:56:31', 'DEBIT', 'acc-2a18d603-c147-423c-a575-7b0a717161ce');
INSERT INTO account_operation (id, amount, description, operation_date, type, bank_account_id) VALUES (6328, 1715.4, 'Amendis', '2026-05-16 19:56:31', 'DEBIT', 'acc-2a18d603-c147-423c-a575-7b0a717161ce');
INSERT INTO account_operation (id, amount, description, operation_date, type, bank_account_id) VALUES (6329, 1144.54, 'Maroc Telecom', '2026-04-15 19:56:31', 'DEBIT', 'acc-2a18d603-c147-423c-a575-7b0a717161ce');
INSERT INTO account_operation (id, amount, description, operation_date, type, bank_account_id) VALUES (6330, 1995.43, 'BIM Store', '2026-04-09 19:56:31', 'DEBIT', 'acc-2a18d603-c147-423c-a575-7b0a717161ce');
INSERT INTO account_operation (id, amount, description, operation_date, type, bank_account_id) VALUES (6331, 1612.43, 'Netflix Subscription', '2026-02-18 19:56:31', 'DEBIT', 'acc-2a18d603-c147-423c-a575-7b0a717161ce');
INSERT INTO account_operation (id, amount, description, operation_date, type, bank_account_id) VALUES (6332, 2800.43, 'Dividend Payout', '2026-05-21 19:56:31', 'CREDIT', 'acc-2a18d603-c147-423c-a575-7b0a717161ce');
INSERT INTO account_operation (id, amount, description, operation_date, type, bank_account_id) VALUES (6333, 7377.23, 'Salary Deposit', '2026-03-23 19:56:31', 'CREDIT', 'acc-2a18d603-c147-423c-a575-7b0a717161ce');
INSERT INTO account_operation (id, amount, description, operation_date, type, bank_account_id) VALUES (6334, 14726.7, 'Dividend Payout', '2026-02-06 19:56:31', 'CREDIT', 'acc-2a18d603-c147-423c-a575-7b0a717161ce');
INSERT INTO account_operation (id, amount, description, operation_date, type, bank_account_id) VALUES (6335, 1472.56, 'ONEE Electricity', '2026-03-06 19:56:31', 'DEBIT', 'acc-2a18d603-c147-423c-a575-7b0a717161ce');
INSERT INTO account_operation (id, amount, description, operation_date, type, bank_account_id) VALUES (6336, 1014.39, 'CTM Bus', '2026-02-26 19:56:31', 'DEBIT', 'acc-2a18d603-c147-423c-a575-7b0a717161ce');

INSERT INTO customer (id, name, email) VALUES (108, 'Khadija Berrada', 'khadija.berrada@gmail.com');
INSERT INTO bank_account (id, type, balance, created_at, customer_id, over_draft, interest_rate) VALUES ('acc-3484e704-fab7-4e19-b386-a946a88aed3e', 'SAVE', 93926.44, '2026-01-16 19:56:31', 108, NULL, 2.0);
INSERT INTO account_operation (id, amount, description, operation_date, type, bank_account_id) VALUES (6337, 17246.3, 'Initial Account Funding', '2026-01-16 19:56:31', 'CREDIT', 'acc-3484e704-fab7-4e19-b386-a946a88aed3e');
INSERT INTO account_operation (id, amount, description, operation_date, type, bank_account_id) VALUES (6338, 1431.88, 'Pharmacy', '2026-06-20 19:56:31', 'DEBIT', 'acc-3484e704-fab7-4e19-b386-a946a88aed3e');
INSERT INTO account_operation (id, amount, description, operation_date, type, bank_account_id) VALUES (6339, 504.13, 'Orange', '2026-06-12 19:56:31', 'DEBIT', 'acc-3484e704-fab7-4e19-b386-a946a88aed3e');
INSERT INTO account_operation (id, amount, description, operation_date, type, bank_account_id) VALUES (6340, 14487.42, 'Dividend Payout', '2026-01-30 19:56:31', 'CREDIT', 'acc-3484e704-fab7-4e19-b386-a946a88aed3e');
INSERT INTO account_operation (id, amount, description, operation_date, type, bank_account_id) VALUES (6341, 121.89, 'CTM Bus', '2026-03-25 19:56:31', 'DEBIT', 'acc-3484e704-fab7-4e19-b386-a946a88aed3e');
INSERT INTO account_operation (id, amount, description, operation_date, type, bank_account_id) VALUES (6342, 1608.74, 'Decathlon', '2026-05-26 19:56:31', 'DEBIT', 'acc-3484e704-fab7-4e19-b386-a946a88aed3e');
INSERT INTO account_operation (id, amount, description, operation_date, type, bank_account_id) VALUES (6343, 1438.46, 'Amendis', '2026-05-10 19:56:31', 'DEBIT', 'acc-3484e704-fab7-4e19-b386-a946a88aed3e');
INSERT INTO account_operation (id, amount, description, operation_date, type, bank_account_id) VALUES (6344, 1684.58, 'Marjane Supermarket', '2026-02-11 19:56:31', 'DEBIT', 'acc-3484e704-fab7-4e19-b386-a946a88aed3e');
INSERT INTO account_operation (id, amount, description, operation_date, type, bank_account_id) VALUES (6345, 5979.73, 'Salary Deposit', '2026-02-17 19:56:31', 'CREDIT', 'acc-3484e704-fab7-4e19-b386-a946a88aed3e');
INSERT INTO account_operation (id, amount, description, operation_date, type, bank_account_id) VALUES (6346, 13555.8, 'Transfer Received', '2026-06-13 19:56:31', 'CREDIT', 'acc-3484e704-fab7-4e19-b386-a946a88aed3e');
INSERT INTO account_operation (id, amount, description, operation_date, type, bank_account_id) VALUES (6347, 101.48, 'LC Waikiki', '2026-05-25 19:56:31', 'DEBIT', 'acc-3484e704-fab7-4e19-b386-a946a88aed3e');
INSERT INTO account_operation (id, amount, description, operation_date, type, bank_account_id) VALUES (6348, 1029.71, 'ONEE Electricity', '2026-03-09 19:56:31', 'DEBIT', 'acc-3484e704-fab7-4e19-b386-a946a88aed3e');
INSERT INTO account_operation (id, amount, description, operation_date, type, bank_account_id) VALUES (6349, 1197.29, 'ONCF Train', '2026-02-28 19:56:31', 'DEBIT', 'acc-3484e704-fab7-4e19-b386-a946a88aed3e');
INSERT INTO account_operation (id, amount, description, operation_date, type, bank_account_id) VALUES (6350, 1984.36, 'Carrefour', '2026-03-27 19:56:31', 'DEBIT', 'acc-3484e704-fab7-4e19-b386-a946a88aed3e');
INSERT INTO account_operation (id, amount, description, operation_date, type, bank_account_id) VALUES (6351, 3036.63, 'Transfer Received', '2026-05-22 19:56:31', 'CREDIT', 'acc-3484e704-fab7-4e19-b386-a946a88aed3e');
INSERT INTO account_operation (id, amount, description, operation_date, type, bank_account_id) VALUES (6352, 666.69, 'Restaurant', '2026-02-08 19:56:31', 'DEBIT', 'acc-3484e704-fab7-4e19-b386-a946a88aed3e');
INSERT INTO account_operation (id, amount, description, operation_date, type, bank_account_id) VALUES (6353, 2945.43, 'Freelance Payment', '2026-04-17 19:56:31', 'CREDIT', 'acc-3484e704-fab7-4e19-b386-a946a88aed3e');
INSERT INTO account_operation (id, amount, description, operation_date, type, bank_account_id) VALUES (6354, 4183.91, 'Freelance Payment', '2026-05-03 19:56:31', 'CREDIT', 'acc-3484e704-fab7-4e19-b386-a946a88aed3e');
INSERT INTO account_operation (id, amount, description, operation_date, type, bank_account_id) VALUES (6355, 1039.85, 'Marjane Supermarket', '2026-03-22 19:56:31', 'DEBIT', 'acc-3484e704-fab7-4e19-b386-a946a88aed3e');
INSERT INTO account_operation (id, amount, description, operation_date, type, bank_account_id) VALUES (6356, 1156.14, 'Maroc Telecom', '2026-06-21 19:56:31', 'DEBIT', 'acc-3484e704-fab7-4e19-b386-a946a88aed3e');
INSERT INTO account_operation (id, amount, description, operation_date, type, bank_account_id) VALUES (6357, 6736.82, 'Dividend Payout', '2026-03-05 19:56:31', 'CREDIT', 'acc-3484e704-fab7-4e19-b386-a946a88aed3e');
INSERT INTO account_operation (id, amount, description, operation_date, type, bank_account_id) VALUES (6358, 1056.49, 'ONEE Electricity', '2026-04-27 19:56:31', 'DEBIT', 'acc-3484e704-fab7-4e19-b386-a946a88aed3e');
INSERT INTO account_operation (id, amount, description, operation_date, type, bank_account_id) VALUES (6359, 9658.54, 'Cash Deposit', '2026-04-08 19:56:31', 'CREDIT', 'acc-3484e704-fab7-4e19-b386-a946a88aed3e');
INSERT INTO account_operation (id, amount, description, operation_date, type, bank_account_id) VALUES (6360, 1916.76, 'Orange', '2026-06-11 19:56:31', 'DEBIT', 'acc-3484e704-fab7-4e19-b386-a946a88aed3e');
INSERT INTO account_operation (id, amount, description, operation_date, type, bank_account_id) VALUES (6361, 5252.8, 'Dividend Payout', '2026-02-25 19:56:31', 'CREDIT', 'acc-3484e704-fab7-4e19-b386-a946a88aed3e');
INSERT INTO account_operation (id, amount, description, operation_date, type, bank_account_id) VALUES (6362, 14462.35, 'Cash Deposit', '2026-02-06 19:56:31', 'CREDIT', 'acc-3484e704-fab7-4e19-b386-a946a88aed3e');
INSERT INTO account_operation (id, amount, description, operation_date, type, bank_account_id) VALUES (6363, 1296.29, 'Maroc Telecom', '2026-02-18 19:56:31', 'DEBIT', 'acc-3484e704-fab7-4e19-b386-a946a88aed3e');
INSERT INTO account_operation (id, amount, description, operation_date, type, bank_account_id) VALUES (6364, 1201.67, 'Zara', '2026-06-20 19:56:31', 'DEBIT', 'acc-3484e704-fab7-4e19-b386-a946a88aed3e');
INSERT INTO account_operation (id, amount, description, operation_date, type, bank_account_id) VALUES (6365, 4407.27, 'Transfer Received', '2026-02-23 19:56:31', 'CREDIT', 'acc-3484e704-fab7-4e19-b386-a946a88aed3e');
INSERT INTO account_operation (id, amount, description, operation_date, type, bank_account_id) VALUES (6366, 1420.29, 'Pharmacy', '2026-05-11 19:56:31', 'DEBIT', 'acc-3484e704-fab7-4e19-b386-a946a88aed3e');
INSERT INTO account_operation (id, amount, description, operation_date, type, bank_account_id) VALUES (6367, 145.9, 'Marjane Supermarket', '2026-03-04 19:56:31', 'DEBIT', 'acc-3484e704-fab7-4e19-b386-a946a88aed3e');
INSERT INTO account_operation (id, amount, description, operation_date, type, bank_account_id) VALUES (6368, 796.29, 'Decathlon', '2026-05-25 19:56:31', 'DEBIT', 'acc-3484e704-fab7-4e19-b386-a946a88aed3e');
INSERT INTO account_operation (id, amount, description, operation_date, type, bank_account_id) VALUES (6369, 62.48, 'Decathlon', '2026-04-13 19:56:31', 'DEBIT', 'acc-3484e704-fab7-4e19-b386-a946a88aed3e');
INSERT INTO account_operation (id, amount, description, operation_date, type, bank_account_id) VALUES (6370, 807.94, 'Orange', '2026-03-31 19:56:31', 'DEBIT', 'acc-3484e704-fab7-4e19-b386-a946a88aed3e');
INSERT INTO account_operation (id, amount, description, operation_date, type, bank_account_id) VALUES (6371, 14910.71, 'Cash Deposit', '2026-05-25 19:56:31', 'CREDIT', 'acc-3484e704-fab7-4e19-b386-a946a88aed3e');
INSERT INTO account_operation (id, amount, description, operation_date, type, bank_account_id) VALUES (6372, 267.96, 'CTM Bus', '2026-03-29 19:56:31', 'DEBIT', 'acc-3484e704-fab7-4e19-b386-a946a88aed3e');

INSERT INTO customer (id, name, email) VALUES (109, 'Amina Benali', 'amina.benali@gmail.com');
INSERT INTO bank_account (id, type, balance, created_at, customer_id, over_draft, interest_rate) VALUES ('acc-a2d14902-1113-43fb-b342-aa003612b84b', 'SAVE', 98248.65, '2025-07-06 19:56:31', 109, NULL, 2.17);
INSERT INTO account_operation (id, amount, description, operation_date, type, bank_account_id) VALUES (6373, 7357.83, 'Initial Account Funding', '2025-07-06 19:56:31', 'CREDIT', 'acc-a2d14902-1113-43fb-b342-aa003612b84b');
INSERT INTO account_operation (id, amount, description, operation_date, type, bank_account_id) VALUES (6374, 1771.65, 'Dividend Payout', '2025-09-22 19:56:31', 'CREDIT', 'acc-a2d14902-1113-43fb-b342-aa003612b84b');
INSERT INTO account_operation (id, amount, description, operation_date, type, bank_account_id) VALUES (6375, 1115.72, 'ONCF Train', '2026-04-26 19:56:31', 'DEBIT', 'acc-a2d14902-1113-43fb-b342-aa003612b84b');
INSERT INTO account_operation (id, amount, description, operation_date, type, bank_account_id) VALUES (6376, 1482.21, 'Zara', '2025-11-21 19:56:31', 'DEBIT', 'acc-a2d14902-1113-43fb-b342-aa003612b84b');
INSERT INTO account_operation (id, amount, description, operation_date, type, bank_account_id) VALUES (6377, 101.26, 'LC Waikiki', '2026-03-29 19:56:31', 'DEBIT', 'acc-a2d14902-1113-43fb-b342-aa003612b84b');
INSERT INTO account_operation (id, amount, description, operation_date, type, bank_account_id) VALUES (6378, 601.84, 'LC Waikiki', '2025-10-19 19:56:31', 'DEBIT', 'acc-a2d14902-1113-43fb-b342-aa003612b84b');
INSERT INTO account_operation (id, amount, description, operation_date, type, bank_account_id) VALUES (6379, 1266.86, 'Local Cafe', '2025-08-20 19:56:31', 'DEBIT', 'acc-a2d14902-1113-43fb-b342-aa003612b84b');
INSERT INTO account_operation (id, amount, description, operation_date, type, bank_account_id) VALUES (6380, 3065.3, 'Salary Deposit', '2026-06-13 19:56:31', 'CREDIT', 'acc-a2d14902-1113-43fb-b342-aa003612b84b');
INSERT INTO account_operation (id, amount, description, operation_date, type, bank_account_id) VALUES (6381, 10279.11, 'Freelance Payment', '2026-01-16 19:56:31', 'CREDIT', 'acc-a2d14902-1113-43fb-b342-aa003612b84b');
INSERT INTO account_operation (id, amount, description, operation_date, type, bank_account_id) VALUES (6382, 5672.81, 'Transfer Received', '2026-01-05 19:56:31', 'CREDIT', 'acc-a2d14902-1113-43fb-b342-aa003612b84b');
INSERT INTO account_operation (id, amount, description, operation_date, type, bank_account_id) VALUES (6383, 715.0, 'CTM Bus', '2026-03-05 19:56:31', 'DEBIT', 'acc-a2d14902-1113-43fb-b342-aa003612b84b');
INSERT INTO account_operation (id, amount, description, operation_date, type, bank_account_id) VALUES (6384, 14714.95, 'Salary Deposit', '2026-01-03 19:56:31', 'CREDIT', 'acc-a2d14902-1113-43fb-b342-aa003612b84b');
INSERT INTO account_operation (id, amount, description, operation_date, type, bank_account_id) VALUES (6385, 915.62, 'LC Waikiki', '2026-05-09 19:56:31', 'DEBIT', 'acc-a2d14902-1113-43fb-b342-aa003612b84b');
INSERT INTO account_operation (id, amount, description, operation_date, type, bank_account_id) VALUES (6386, 3370.24, 'Cash Deposit', '2026-06-10 19:56:31', 'CREDIT', 'acc-a2d14902-1113-43fb-b342-aa003612b84b');
INSERT INTO account_operation (id, amount, description, operation_date, type, bank_account_id) VALUES (6387, 11.35, 'ONCF Train', '2026-02-03 19:56:31', 'DEBIT', 'acc-a2d14902-1113-43fb-b342-aa003612b84b');
INSERT INTO account_operation (id, amount, description, operation_date, type, bank_account_id) VALUES (6388, 702.87, 'Redal', '2025-11-02 19:56:31', 'DEBIT', 'acc-a2d14902-1113-43fb-b342-aa003612b84b');
INSERT INTO account_operation (id, amount, description, operation_date, type, bank_account_id) VALUES (6389, 339.45, 'Carrefour', '2026-02-16 19:56:31', 'DEBIT', 'acc-a2d14902-1113-43fb-b342-aa003612b84b');
INSERT INTO account_operation (id, amount, description, operation_date, type, bank_account_id) VALUES (6390, 394.87, 'LC Waikiki', '2026-02-22 19:56:31', 'DEBIT', 'acc-a2d14902-1113-43fb-b342-aa003612b84b');
INSERT INTO account_operation (id, amount, description, operation_date, type, bank_account_id) VALUES (6391, 13334.92, 'Transfer Received', '2025-11-19 19:56:31', 'CREDIT', 'acc-a2d14902-1113-43fb-b342-aa003612b84b');
INSERT INTO account_operation (id, amount, description, operation_date, type, bank_account_id) VALUES (6392, 622.74, 'Orange', '2026-03-03 19:56:31', 'DEBIT', 'acc-a2d14902-1113-43fb-b342-aa003612b84b');
INSERT INTO account_operation (id, amount, description, operation_date, type, bank_account_id) VALUES (6393, 10202.95, 'Freelance Payment', '2026-02-15 19:56:31', 'CREDIT', 'acc-a2d14902-1113-43fb-b342-aa003612b84b');
INSERT INTO account_operation (id, amount, description, operation_date, type, bank_account_id) VALUES (6394, 12446.41, 'Transfer Received', '2025-08-21 19:56:31', 'CREDIT', 'acc-a2d14902-1113-43fb-b342-aa003612b84b');
INSERT INTO account_operation (id, amount, description, operation_date, type, bank_account_id) VALUES (6395, 767.17, 'Netflix Subscription', '2025-10-16 19:56:31', 'DEBIT', 'acc-a2d14902-1113-43fb-b342-aa003612b84b');
INSERT INTO account_operation (id, amount, description, operation_date, type, bank_account_id) VALUES (6396, 1103.95, 'Inwi', '2026-05-30 19:56:31', 'DEBIT', 'acc-a2d14902-1113-43fb-b342-aa003612b84b');
INSERT INTO account_operation (id, amount, description, operation_date, type, bank_account_id) VALUES (6397, 291.02, 'Pharmacy', '2026-05-08 19:56:31', 'DEBIT', 'acc-a2d14902-1113-43fb-b342-aa003612b84b');
INSERT INTO account_operation (id, amount, description, operation_date, type, bank_account_id) VALUES (6398, 13099.89, 'Transfer Received', '2026-01-08 19:56:31', 'CREDIT', 'acc-a2d14902-1113-43fb-b342-aa003612b84b');
INSERT INTO account_operation (id, amount, description, operation_date, type, bank_account_id) VALUES (6399, 1566.76, 'Pharmacy', '2025-11-22 19:56:31', 'DEBIT', 'acc-a2d14902-1113-43fb-b342-aa003612b84b');
INSERT INTO account_operation (id, amount, description, operation_date, type, bank_account_id) VALUES (6400, 1405.48, 'Restaurant', '2025-08-23 19:56:31', 'DEBIT', 'acc-a2d14902-1113-43fb-b342-aa003612b84b');
INSERT INTO account_operation (id, amount, description, operation_date, type, bank_account_id) VALUES (6401, 6523.43, 'Freelance Payment', '2025-11-27 19:56:31', 'CREDIT', 'acc-a2d14902-1113-43fb-b342-aa003612b84b');
INSERT INTO account_operation (id, amount, description, operation_date, type, bank_account_id) VALUES (6402, 6480.1, 'Freelance Payment', '2026-02-19 19:56:31', 'CREDIT', 'acc-a2d14902-1113-43fb-b342-aa003612b84b');
INSERT INTO account_operation (id, amount, description, operation_date, type, bank_account_id) VALUES (6403, 38.66, 'Decathlon', '2025-08-05 19:56:31', 'DEBIT', 'acc-a2d14902-1113-43fb-b342-aa003612b84b');
INSERT INTO account_operation (id, amount, description, operation_date, type, bank_account_id) VALUES (6404, 722.36, 'Local Cafe', '2026-04-16 19:56:31', 'DEBIT', 'acc-a2d14902-1113-43fb-b342-aa003612b84b');
INSERT INTO account_operation (id, amount, description, operation_date, type, bank_account_id) VALUES (6405, 596.1, 'Inwi', '2025-09-30 19:56:31', 'DEBIT', 'acc-a2d14902-1113-43fb-b342-aa003612b84b');
INSERT INTO account_operation (id, amount, description, operation_date, type, bank_account_id) VALUES (6406, 719.81, 'Maroc Telecom', '2025-11-14 19:56:31', 'DEBIT', 'acc-a2d14902-1113-43fb-b342-aa003612b84b');
INSERT INTO account_operation (id, amount, description, operation_date, type, bank_account_id) VALUES (6407, 734.97, 'BIM Store', '2026-05-07 19:56:31', 'DEBIT', 'acc-a2d14902-1113-43fb-b342-aa003612b84b');
INSERT INTO account_operation (id, amount, description, operation_date, type, bank_account_id) VALUES (6408, 6145.13, 'Transfer Received', '2025-11-03 19:56:31', 'CREDIT', 'acc-a2d14902-1113-43fb-b342-aa003612b84b');
INSERT INTO bank_account (id, type, balance, created_at, customer_id, over_draft, interest_rate) VALUES ('acc-060b60d6-d312-4cb9-977c-2b34adeb90e2', 'SAVE', 93652.11, '2025-11-07 19:56:31', 109, NULL, 1.63);
INSERT INTO account_operation (id, amount, description, operation_date, type, bank_account_id) VALUES (6409, 46783.35, 'Initial Account Funding', '2025-11-07 19:56:31', 'CREDIT', 'acc-060b60d6-d312-4cb9-977c-2b34adeb90e2');
INSERT INTO account_operation (id, amount, description, operation_date, type, bank_account_id) VALUES (6410, 11295.42, 'Transfer Received', '2026-06-11 19:56:31', 'CREDIT', 'acc-060b60d6-d312-4cb9-977c-2b34adeb90e2');
INSERT INTO account_operation (id, amount, description, operation_date, type, bank_account_id) VALUES (6411, 4113.15, 'Dividend Payout', '2025-12-12 19:56:31', 'CREDIT', 'acc-060b60d6-d312-4cb9-977c-2b34adeb90e2');
INSERT INTO account_operation (id, amount, description, operation_date, type, bank_account_id) VALUES (6412, 648.24, 'ONCF Train', '2026-01-21 19:56:31', 'DEBIT', 'acc-060b60d6-d312-4cb9-977c-2b34adeb90e2');
INSERT INTO account_operation (id, amount, description, operation_date, type, bank_account_id) VALUES (6413, 2337.01, 'Transfer Received', '2025-12-01 19:56:31', 'CREDIT', 'acc-060b60d6-d312-4cb9-977c-2b34adeb90e2');
INSERT INTO account_operation (id, amount, description, operation_date, type, bank_account_id) VALUES (6414, 569.98, 'Decathlon', '2026-05-18 19:56:31', 'DEBIT', 'acc-060b60d6-d312-4cb9-977c-2b34adeb90e2');
INSERT INTO account_operation (id, amount, description, operation_date, type, bank_account_id) VALUES (6415, 1218.67, 'Spotify', '2026-06-23 19:56:31', 'DEBIT', 'acc-060b60d6-d312-4cb9-977c-2b34adeb90e2');
INSERT INTO account_operation (id, amount, description, operation_date, type, bank_account_id) VALUES (6416, 932.65, 'Maroc Telecom', '2026-02-03 19:56:31', 'DEBIT', 'acc-060b60d6-d312-4cb9-977c-2b34adeb90e2');
INSERT INTO account_operation (id, amount, description, operation_date, type, bank_account_id) VALUES (6417, 1084.94, 'Maroc Telecom', '2026-05-28 19:56:31', 'DEBIT', 'acc-060b60d6-d312-4cb9-977c-2b34adeb90e2');
INSERT INTO account_operation (id, amount, description, operation_date, type, bank_account_id) VALUES (6418, 797.47, 'Maroc Telecom', '2025-11-30 19:56:31', 'DEBIT', 'acc-060b60d6-d312-4cb9-977c-2b34adeb90e2');
INSERT INTO account_operation (id, amount, description, operation_date, type, bank_account_id) VALUES (6419, 4617.73, 'Dividend Payout', '2026-05-27 19:56:31', 'CREDIT', 'acc-060b60d6-d312-4cb9-977c-2b34adeb90e2');
INSERT INTO account_operation (id, amount, description, operation_date, type, bank_account_id) VALUES (6420, 1509.01, 'Restaurant', '2026-03-31 19:56:31', 'DEBIT', 'acc-060b60d6-d312-4cb9-977c-2b34adeb90e2');
INSERT INTO account_operation (id, amount, description, operation_date, type, bank_account_id) VALUES (6421, 4289.53, 'Cash Deposit', '2026-04-11 19:56:31', 'CREDIT', 'acc-060b60d6-d312-4cb9-977c-2b34adeb90e2');
INSERT INTO account_operation (id, amount, description, operation_date, type, bank_account_id) VALUES (6422, 14993.57, 'Transfer Received', '2026-05-08 19:56:31', 'CREDIT', 'acc-060b60d6-d312-4cb9-977c-2b34adeb90e2');
INSERT INTO account_operation (id, amount, description, operation_date, type, bank_account_id) VALUES (6423, 932.26, 'ONCF Train', '2026-01-25 19:56:31', 'DEBIT', 'acc-060b60d6-d312-4cb9-977c-2b34adeb90e2');
INSERT INTO account_operation (id, amount, description, operation_date, type, bank_account_id) VALUES (6424, 1575.46, 'Redal', '2026-06-01 19:56:31', 'DEBIT', 'acc-060b60d6-d312-4cb9-977c-2b34adeb90e2');
INSERT INTO account_operation (id, amount, description, operation_date, type, bank_account_id) VALUES (6425, 1314.04, 'Pharmacy', '2026-04-05 19:56:31', 'DEBIT', 'acc-060b60d6-d312-4cb9-977c-2b34adeb90e2');
INSERT INTO account_operation (id, amount, description, operation_date, type, bank_account_id) VALUES (6426, 11510.71, 'Salary Deposit', '2026-04-15 19:56:31', 'CREDIT', 'acc-060b60d6-d312-4cb9-977c-2b34adeb90e2');
INSERT INTO account_operation (id, amount, description, operation_date, type, bank_account_id) VALUES (6427, 184.98, 'Orange', '2026-03-06 19:56:31', 'DEBIT', 'acc-060b60d6-d312-4cb9-977c-2b34adeb90e2');
INSERT INTO account_operation (id, amount, description, operation_date, type, bank_account_id) VALUES (6428, 3148.37, 'Freelance Payment', '2026-04-29 19:56:31', 'CREDIT', 'acc-060b60d6-d312-4cb9-977c-2b34adeb90e2');
INSERT INTO account_operation (id, amount, description, operation_date, type, bank_account_id) VALUES (6429, 5913.17, 'Freelance Payment', '2026-03-06 19:56:31', 'CREDIT', 'acc-060b60d6-d312-4cb9-977c-2b34adeb90e2');
INSERT INTO account_operation (id, amount, description, operation_date, type, bank_account_id) VALUES (6430, 1094.89, 'CTM Bus', '2026-06-28 19:56:31', 'DEBIT', 'acc-060b60d6-d312-4cb9-977c-2b34adeb90e2');
INSERT INTO account_operation (id, amount, description, operation_date, type, bank_account_id) VALUES (6431, 168.75, 'Inwi', '2026-03-29 19:56:31', 'DEBIT', 'acc-060b60d6-d312-4cb9-977c-2b34adeb90e2');
INSERT INTO account_operation (id, amount, description, operation_date, type, bank_account_id) VALUES (6432, 1240.48, 'Pharmacy', '2025-12-17 19:56:31', 'DEBIT', 'acc-060b60d6-d312-4cb9-977c-2b34adeb90e2');
INSERT INTO account_operation (id, amount, description, operation_date, type, bank_account_id) VALUES (6433, 156.31, 'Local Cafe', '2026-01-16 19:56:31', 'DEBIT', 'acc-060b60d6-d312-4cb9-977c-2b34adeb90e2');
INSERT INTO account_operation (id, amount, description, operation_date, type, bank_account_id) VALUES (6434, 531.91, 'Marjane Supermarket', '2026-03-27 19:56:31', 'DEBIT', 'acc-060b60d6-d312-4cb9-977c-2b34adeb90e2');
INSERT INTO account_operation (id, amount, description, operation_date, type, bank_account_id) VALUES (6435, 1389.86, 'Zara', '2026-06-19 19:56:31', 'DEBIT', 'acc-060b60d6-d312-4cb9-977c-2b34adeb90e2');

INSERT INTO customer (id, name, email) VALUES (110, 'Salma Berrada', 'salma.berrada@gmail.com');
INSERT INTO bank_account (id, type, balance, created_at, customer_id, over_draft, interest_rate) VALUES ('acc-bd06a0f1-f746-43ee-a9e5-08359872e273', 'CURR', 100453.56, '2025-07-29 19:56:31', 110, 7357.29, NULL);
INSERT INTO account_operation (id, amount, description, operation_date, type, bank_account_id) VALUES (6436, 11348.1, 'Initial Account Funding', '2025-07-29 19:56:31', 'CREDIT', 'acc-bd06a0f1-f746-43ee-a9e5-08359872e273');
INSERT INTO account_operation (id, amount, description, operation_date, type, bank_account_id) VALUES (6437, 3210.43, 'Dividend Payout', '2026-02-18 19:56:31', 'CREDIT', 'acc-bd06a0f1-f746-43ee-a9e5-08359872e273');
INSERT INTO account_operation (id, amount, description, operation_date, type, bank_account_id) VALUES (6438, 1620.09, 'Inwi', '2026-03-18 19:56:31', 'DEBIT', 'acc-bd06a0f1-f746-43ee-a9e5-08359872e273');
INSERT INTO account_operation (id, amount, description, operation_date, type, bank_account_id) VALUES (6439, 124.63, 'Marjane Supermarket', '2025-12-20 19:56:31', 'DEBIT', 'acc-bd06a0f1-f746-43ee-a9e5-08359872e273');
INSERT INTO account_operation (id, amount, description, operation_date, type, bank_account_id) VALUES (6440, 1592.31, 'Transfer Received', '2026-01-05 19:56:31', 'CREDIT', 'acc-bd06a0f1-f746-43ee-a9e5-08359872e273');
INSERT INTO account_operation (id, amount, description, operation_date, type, bank_account_id) VALUES (6441, 1684.13, 'Pharmacy', '2025-11-29 19:56:31', 'DEBIT', 'acc-bd06a0f1-f746-43ee-a9e5-08359872e273');
INSERT INTO account_operation (id, amount, description, operation_date, type, bank_account_id) VALUES (6442, 8780.77, 'Cash Deposit', '2026-02-24 19:56:31', 'CREDIT', 'acc-bd06a0f1-f746-43ee-a9e5-08359872e273');
INSERT INTO account_operation (id, amount, description, operation_date, type, bank_account_id) VALUES (6443, 1343.8, 'Carrefour', '2025-12-15 19:56:31', 'DEBIT', 'acc-bd06a0f1-f746-43ee-a9e5-08359872e273');
INSERT INTO account_operation (id, amount, description, operation_date, type, bank_account_id) VALUES (6444, 1562.25, 'Decathlon', '2026-05-09 19:56:31', 'DEBIT', 'acc-bd06a0f1-f746-43ee-a9e5-08359872e273');
INSERT INTO account_operation (id, amount, description, operation_date, type, bank_account_id) VALUES (6445, 13000.96, 'Salary Deposit', '2026-03-11 19:56:31', 'CREDIT', 'acc-bd06a0f1-f746-43ee-a9e5-08359872e273');
INSERT INTO account_operation (id, amount, description, operation_date, type, bank_account_id) VALUES (6446, 1516.8, 'Carrefour', '2026-04-11 19:56:31', 'DEBIT', 'acc-bd06a0f1-f746-43ee-a9e5-08359872e273');
INSERT INTO account_operation (id, amount, description, operation_date, type, bank_account_id) VALUES (6447, 725.07, 'Netflix Subscription', '2026-03-05 19:56:31', 'DEBIT', 'acc-bd06a0f1-f746-43ee-a9e5-08359872e273');
INSERT INTO account_operation (id, amount, description, operation_date, type, bank_account_id) VALUES (6448, 2264.59, 'Salary Deposit', '2025-12-01 19:56:31', 'CREDIT', 'acc-bd06a0f1-f746-43ee-a9e5-08359872e273');
INSERT INTO account_operation (id, amount, description, operation_date, type, bank_account_id) VALUES (6449, 14114.68, 'Salary Deposit', '2025-11-24 19:56:31', 'CREDIT', 'acc-bd06a0f1-f746-43ee-a9e5-08359872e273');
INSERT INTO account_operation (id, amount, description, operation_date, type, bank_account_id) VALUES (6450, 1041.27, 'Spotify', '2026-01-09 19:56:31', 'DEBIT', 'acc-bd06a0f1-f746-43ee-a9e5-08359872e273');
INSERT INTO account_operation (id, amount, description, operation_date, type, bank_account_id) VALUES (6451, 511.54, 'Maroc Telecom', '2026-01-19 19:56:31', 'DEBIT', 'acc-bd06a0f1-f746-43ee-a9e5-08359872e273');
INSERT INTO account_operation (id, amount, description, operation_date, type, bank_account_id) VALUES (6452, 12955.14, 'Cash Deposit', '2026-06-26 19:56:31', 'CREDIT', 'acc-bd06a0f1-f746-43ee-a9e5-08359872e273');
INSERT INTO account_operation (id, amount, description, operation_date, type, bank_account_id) VALUES (6453, 591.14, 'Redal', '2026-02-21 19:56:31', 'DEBIT', 'acc-bd06a0f1-f746-43ee-a9e5-08359872e273');
INSERT INTO account_operation (id, amount, description, operation_date, type, bank_account_id) VALUES (6454, 868.84, 'Decathlon', '2026-02-23 19:56:31', 'DEBIT', 'acc-bd06a0f1-f746-43ee-a9e5-08359872e273');
INSERT INTO account_operation (id, amount, description, operation_date, type, bank_account_id) VALUES (6455, 316.82, 'Marjane Supermarket', '2025-08-24 19:56:31', 'DEBIT', 'acc-bd06a0f1-f746-43ee-a9e5-08359872e273');
INSERT INTO account_operation (id, amount, description, operation_date, type, bank_account_id) VALUES (6456, 1887.85, 'Netflix Subscription', '2026-06-12 19:56:31', 'DEBIT', 'acc-bd06a0f1-f746-43ee-a9e5-08359872e273');
INSERT INTO account_operation (id, amount, description, operation_date, type, bank_account_id) VALUES (6457, 11092.59, 'Cash Deposit', '2025-09-29 19:56:31', 'CREDIT', 'acc-bd06a0f1-f746-43ee-a9e5-08359872e273');
INSERT INTO account_operation (id, amount, description, operation_date, type, bank_account_id) VALUES (6458, 1118.34, 'BIM Store', '2026-05-23 19:56:31', 'DEBIT', 'acc-bd06a0f1-f746-43ee-a9e5-08359872e273');
INSERT INTO account_operation (id, amount, description, operation_date, type, bank_account_id) VALUES (6459, 2983.75, 'Freelance Payment', '2025-08-21 19:56:31', 'CREDIT', 'acc-bd06a0f1-f746-43ee-a9e5-08359872e273');
INSERT INTO account_operation (id, amount, description, operation_date, type, bank_account_id) VALUES (6460, 4214.61, 'Dividend Payout', '2025-08-30 19:56:31', 'CREDIT', 'acc-bd06a0f1-f746-43ee-a9e5-08359872e273');
INSERT INTO account_operation (id, amount, description, operation_date, type, bank_account_id) VALUES (6461, 1359.5, 'Amendis', '2026-05-06 19:56:31', 'DEBIT', 'acc-bd06a0f1-f746-43ee-a9e5-08359872e273');
INSERT INTO account_operation (id, amount, description, operation_date, type, bank_account_id) VALUES (6462, 243.12, 'Redal', '2026-03-30 19:56:31', 'DEBIT', 'acc-bd06a0f1-f746-43ee-a9e5-08359872e273');
INSERT INTO account_operation (id, amount, description, operation_date, type, bank_account_id) VALUES (6463, 1328.21, 'Inwi', '2025-12-21 19:56:31', 'DEBIT', 'acc-bd06a0f1-f746-43ee-a9e5-08359872e273');
INSERT INTO account_operation (id, amount, description, operation_date, type, bank_account_id) VALUES (6464, 639.01, 'ONEE Electricity', '2026-04-23 19:56:31', 'DEBIT', 'acc-bd06a0f1-f746-43ee-a9e5-08359872e273');
INSERT INTO account_operation (id, amount, description, operation_date, type, bank_account_id) VALUES (6465, 1335.11, 'Maroc Telecom', '2026-06-19 19:56:31', 'DEBIT', 'acc-bd06a0f1-f746-43ee-a9e5-08359872e273');
INSERT INTO account_operation (id, amount, description, operation_date, type, bank_account_id) VALUES (6466, 1907.79, 'Restaurant', '2025-12-19 19:56:31', 'DEBIT', 'acc-bd06a0f1-f746-43ee-a9e5-08359872e273');
INSERT INTO account_operation (id, amount, description, operation_date, type, bank_account_id) VALUES (6467, 11067.66, 'Transfer Received', '2026-03-01 19:56:31', 'CREDIT', 'acc-bd06a0f1-f746-43ee-a9e5-08359872e273');
INSERT INTO account_operation (id, amount, description, operation_date, type, bank_account_id) VALUES (6468, 2625.66, 'Cash Deposit', '2026-03-02 19:56:31', 'CREDIT', 'acc-bd06a0f1-f746-43ee-a9e5-08359872e273');
INSERT INTO account_operation (id, amount, description, operation_date, type, bank_account_id) VALUES (6469, 1354.98, 'CTM Bus', '2025-08-23 19:56:31', 'DEBIT', 'acc-bd06a0f1-f746-43ee-a9e5-08359872e273');
INSERT INTO account_operation (id, amount, description, operation_date, type, bank_account_id) VALUES (6470, 1743.05, 'Zara', '2025-10-17 19:56:31', 'DEBIT', 'acc-bd06a0f1-f746-43ee-a9e5-08359872e273');
INSERT INTO account_operation (id, amount, description, operation_date, type, bank_account_id) VALUES (6471, 1996.98, 'Pharmacy', '2026-04-30 19:56:31', 'DEBIT', 'acc-bd06a0f1-f746-43ee-a9e5-08359872e273');
INSERT INTO account_operation (id, amount, description, operation_date, type, bank_account_id) VALUES (6472, 3029.28, 'Transfer Received', '2025-10-17 19:56:31', 'CREDIT', 'acc-bd06a0f1-f746-43ee-a9e5-08359872e273');
INSERT INTO account_operation (id, amount, description, operation_date, type, bank_account_id) VALUES (6473, 1514.85, 'Salary Deposit', '2026-03-03 19:56:31', 'CREDIT', 'acc-bd06a0f1-f746-43ee-a9e5-08359872e273');
INSERT INTO account_operation (id, amount, description, operation_date, type, bank_account_id) VALUES (6474, 7236.23, 'Freelance Payment', '2025-09-26 19:56:31', 'CREDIT', 'acc-bd06a0f1-f746-43ee-a9e5-08359872e273');
INSERT INTO account_operation (id, amount, description, operation_date, type, bank_account_id) VALUES (6475, 12305.67, 'Salary Deposit', '2025-09-11 19:56:31', 'CREDIT', 'acc-bd06a0f1-f746-43ee-a9e5-08359872e273');
INSERT INTO account_operation (id, amount, description, operation_date, type, bank_account_id) VALUES (6476, 5485.3, 'Salary Deposit', '2025-08-20 19:56:31', 'CREDIT', 'acc-bd06a0f1-f746-43ee-a9e5-08359872e273');
INSERT INTO account_operation (id, amount, description, operation_date, type, bank_account_id) VALUES (6477, 1548.7, 'Decathlon', '2026-03-30 19:56:31', 'DEBIT', 'acc-bd06a0f1-f746-43ee-a9e5-08359872e273');

INSERT INTO customer (id, name, email) VALUES (111, 'Karim Bennis', 'karim.bennis@gmail.com');
INSERT INTO bank_account (id, type, balance, created_at, customer_id, over_draft, interest_rate) VALUES ('acc-5b615292-8df0-49b7-bc10-fb070cd0a8c3', 'SAVE', 154010.82, '2025-09-28 19:56:31', 111, NULL, 4.73);
INSERT INTO account_operation (id, amount, description, operation_date, type, bank_account_id) VALUES (6478, 23346.76, 'Initial Account Funding', '2025-09-28 19:56:31', 'CREDIT', 'acc-5b615292-8df0-49b7-bc10-fb070cd0a8c3');
INSERT INTO account_operation (id, amount, description, operation_date, type, bank_account_id) VALUES (6479, 485.94, 'Decathlon', '2025-11-15 19:56:31', 'DEBIT', 'acc-5b615292-8df0-49b7-bc10-fb070cd0a8c3');
INSERT INTO account_operation (id, amount, description, operation_date, type, bank_account_id) VALUES (6480, 1216.3, 'Maroc Telecom', '2026-03-08 19:56:31', 'DEBIT', 'acc-5b615292-8df0-49b7-bc10-fb070cd0a8c3');
INSERT INTO account_operation (id, amount, description, operation_date, type, bank_account_id) VALUES (6481, 590.63, 'Inwi', '2025-11-04 19:56:31', 'DEBIT', 'acc-5b615292-8df0-49b7-bc10-fb070cd0a8c3');
INSERT INTO account_operation (id, amount, description, operation_date, type, bank_account_id) VALUES (6482, 14383.02, 'Freelance Payment', '2026-02-02 19:56:31', 'CREDIT', 'acc-5b615292-8df0-49b7-bc10-fb070cd0a8c3');
INSERT INTO account_operation (id, amount, description, operation_date, type, bank_account_id) VALUES (6483, 6548.22, 'Cash Deposit', '2026-01-26 19:56:31', 'CREDIT', 'acc-5b615292-8df0-49b7-bc10-fb070cd0a8c3');
INSERT INTO account_operation (id, amount, description, operation_date, type, bank_account_id) VALUES (6484, 1800.39, 'Carrefour', '2025-12-23 19:56:31', 'DEBIT', 'acc-5b615292-8df0-49b7-bc10-fb070cd0a8c3');
INSERT INTO account_operation (id, amount, description, operation_date, type, bank_account_id) VALUES (6485, 8666.45, 'Dividend Payout', '2026-04-06 19:56:31', 'CREDIT', 'acc-5b615292-8df0-49b7-bc10-fb070cd0a8c3');
INSERT INTO account_operation (id, amount, description, operation_date, type, bank_account_id) VALUES (6486, 9086.21, 'Cash Deposit', '2025-12-27 19:56:31', 'CREDIT', 'acc-5b615292-8df0-49b7-bc10-fb070cd0a8c3');
INSERT INTO account_operation (id, amount, description, operation_date, type, bank_account_id) VALUES (6487, 282.56, 'ONCF Train', '2026-05-25 19:56:31', 'DEBIT', 'acc-5b615292-8df0-49b7-bc10-fb070cd0a8c3');
INSERT INTO account_operation (id, amount, description, operation_date, type, bank_account_id) VALUES (6488, 1405.51, 'Amendis', '2026-04-03 19:56:31', 'DEBIT', 'acc-5b615292-8df0-49b7-bc10-fb070cd0a8c3');
INSERT INTO account_operation (id, amount, description, operation_date, type, bank_account_id) VALUES (6489, 12868.59, 'Freelance Payment', '2025-10-21 19:56:31', 'CREDIT', 'acc-5b615292-8df0-49b7-bc10-fb070cd0a8c3');
INSERT INTO account_operation (id, amount, description, operation_date, type, bank_account_id) VALUES (6490, 23.71, 'Carrefour', '2026-05-22 19:56:31', 'DEBIT', 'acc-5b615292-8df0-49b7-bc10-fb070cd0a8c3');
INSERT INTO account_operation (id, amount, description, operation_date, type, bank_account_id) VALUES (6491, 11640.88, 'Freelance Payment', '2026-04-08 19:56:31', 'CREDIT', 'acc-5b615292-8df0-49b7-bc10-fb070cd0a8c3');
INSERT INTO account_operation (id, amount, description, operation_date, type, bank_account_id) VALUES (6492, 1483.62, 'Amendis', '2026-05-05 19:56:31', 'DEBIT', 'acc-5b615292-8df0-49b7-bc10-fb070cd0a8c3');
INSERT INTO account_operation (id, amount, description, operation_date, type, bank_account_id) VALUES (6493, 823.3, 'Orange', '2025-12-10 19:56:31', 'DEBIT', 'acc-5b615292-8df0-49b7-bc10-fb070cd0a8c3');
INSERT INTO account_operation (id, amount, description, operation_date, type, bank_account_id) VALUES (6494, 6579.23, 'Salary Deposit', '2025-12-26 19:56:31', 'CREDIT', 'acc-5b615292-8df0-49b7-bc10-fb070cd0a8c3');
INSERT INTO account_operation (id, amount, description, operation_date, type, bank_account_id) VALUES (6495, 685.51, 'CTM Bus', '2026-02-01 19:56:31', 'DEBIT', 'acc-5b615292-8df0-49b7-bc10-fb070cd0a8c3');
INSERT INTO account_operation (id, amount, description, operation_date, type, bank_account_id) VALUES (6496, 1983.95, 'Orange', '2026-06-07 19:56:31', 'DEBIT', 'acc-5b615292-8df0-49b7-bc10-fb070cd0a8c3');
INSERT INTO account_operation (id, amount, description, operation_date, type, bank_account_id) VALUES (6497, 1729.06, 'Marjane Supermarket', '2025-10-03 19:56:31', 'DEBIT', 'acc-5b615292-8df0-49b7-bc10-fb070cd0a8c3');
INSERT INTO account_operation (id, amount, description, operation_date, type, bank_account_id) VALUES (6498, 585.04, 'Amendis', '2025-11-27 19:56:31', 'DEBIT', 'acc-5b615292-8df0-49b7-bc10-fb070cd0a8c3');
INSERT INTO account_operation (id, amount, description, operation_date, type, bank_account_id) VALUES (6499, 10379.72, 'Salary Deposit', '2026-03-25 19:56:31', 'CREDIT', 'acc-5b615292-8df0-49b7-bc10-fb070cd0a8c3');
INSERT INTO account_operation (id, amount, description, operation_date, type, bank_account_id) VALUES (6500, 1185.05, 'Salary Deposit', '2026-01-24 19:56:31', 'CREDIT', 'acc-5b615292-8df0-49b7-bc10-fb070cd0a8c3');
INSERT INTO account_operation (id, amount, description, operation_date, type, bank_account_id) VALUES (6501, 1748.48, 'LC Waikiki', '2025-10-23 19:56:31', 'DEBIT', 'acc-5b615292-8df0-49b7-bc10-fb070cd0a8c3');
INSERT INTO account_operation (id, amount, description, operation_date, type, bank_account_id) VALUES (6502, 10491.74, 'Freelance Payment', '2025-10-07 19:56:31', 'CREDIT', 'acc-5b615292-8df0-49b7-bc10-fb070cd0a8c3');
INSERT INTO account_operation (id, amount, description, operation_date, type, bank_account_id) VALUES (6503, 11932.16, 'Cash Deposit', '2026-01-27 19:56:31', 'CREDIT', 'acc-5b615292-8df0-49b7-bc10-fb070cd0a8c3');
INSERT INTO account_operation (id, amount, description, operation_date, type, bank_account_id) VALUES (6504, 883.68, 'Spotify', '2026-05-19 19:56:31', 'DEBIT', 'acc-5b615292-8df0-49b7-bc10-fb070cd0a8c3');
INSERT INTO account_operation (id, amount, description, operation_date, type, bank_account_id) VALUES (6505, 328.22, 'Orange', '2026-04-11 19:56:31', 'DEBIT', 'acc-5b615292-8df0-49b7-bc10-fb070cd0a8c3');
INSERT INTO account_operation (id, amount, description, operation_date, type, bank_account_id) VALUES (6506, 13182.14, 'Dividend Payout', '2026-03-23 19:56:31', 'CREDIT', 'acc-5b615292-8df0-49b7-bc10-fb070cd0a8c3');
INSERT INTO account_operation (id, amount, description, operation_date, type, bank_account_id) VALUES (6507, 771.02, 'CTM Bus', '2026-05-23 19:56:31', 'DEBIT', 'acc-5b615292-8df0-49b7-bc10-fb070cd0a8c3');
INSERT INTO account_operation (id, amount, description, operation_date, type, bank_account_id) VALUES (6508, 332.34, 'ONEE Electricity', '2026-05-03 19:56:31', 'DEBIT', 'acc-5b615292-8df0-49b7-bc10-fb070cd0a8c3');
INSERT INTO account_operation (id, amount, description, operation_date, type, bank_account_id) VALUES (6509, 7492.94, 'Transfer Received', '2026-03-15 19:56:31', 'CREDIT', 'acc-5b615292-8df0-49b7-bc10-fb070cd0a8c3');
INSERT INTO account_operation (id, amount, description, operation_date, type, bank_account_id) VALUES (6510, 748.85, 'Redal', '2026-04-29 19:56:31', 'DEBIT', 'acc-5b615292-8df0-49b7-bc10-fb070cd0a8c3');
INSERT INTO account_operation (id, amount, description, operation_date, type, bank_account_id) VALUES (6511, 1149.97, 'CTM Bus', '2026-04-29 19:56:31', 'DEBIT', 'acc-5b615292-8df0-49b7-bc10-fb070cd0a8c3');
INSERT INTO account_operation (id, amount, description, operation_date, type, bank_account_id) VALUES (6512, 1030.9, 'Netflix Subscription', '2026-02-23 19:56:31', 'DEBIT', 'acc-5b615292-8df0-49b7-bc10-fb070cd0a8c3');
INSERT INTO account_operation (id, amount, description, operation_date, type, bank_account_id) VALUES (6513, 1159.31, 'Maroc Telecom', '2026-05-11 19:56:31', 'DEBIT', 'acc-5b615292-8df0-49b7-bc10-fb070cd0a8c3');
INSERT INTO account_operation (id, amount, description, operation_date, type, bank_account_id) VALUES (6514, 474.78, 'BIM Store', '2026-05-10 19:56:31', 'DEBIT', 'acc-5b615292-8df0-49b7-bc10-fb070cd0a8c3');
INSERT INTO account_operation (id, amount, description, operation_date, type, bank_account_id) VALUES (6515, 13308.79, 'Salary Deposit', '2026-05-27 19:56:31', 'CREDIT', 'acc-5b615292-8df0-49b7-bc10-fb070cd0a8c3');
INSERT INTO account_operation (id, amount, description, operation_date, type, bank_account_id) VALUES (6516, 1509.98, 'Dividend Payout', '2025-12-28 19:56:31', 'CREDIT', 'acc-5b615292-8df0-49b7-bc10-fb070cd0a8c3');
INSERT INTO account_operation (id, amount, description, operation_date, type, bank_account_id) VALUES (6517, 13355.66, 'Cash Deposit', '2026-05-13 19:56:31', 'CREDIT', 'acc-5b615292-8df0-49b7-bc10-fb070cd0a8c3');
INSERT INTO account_operation (id, amount, description, operation_date, type, bank_account_id) VALUES (6518, 223.65, 'Marjane Supermarket', '2026-02-27 19:56:31', 'DEBIT', 'acc-5b615292-8df0-49b7-bc10-fb070cd0a8c3');

INSERT INTO customer (id, name, email) VALUES (112, 'Meryem El Amrani', 'meryem.el amrani@gmail.com');
INSERT INTO bank_account (id, type, balance, created_at, customer_id, over_draft, interest_rate) VALUES ('acc-81359fd4-15ac-4e35-9fc6-fc7b040ac292', 'SAVE', 102270.75, '2026-04-28 19:56:31', 112, NULL, 1.88);
INSERT INTO account_operation (id, amount, description, operation_date, type, bank_account_id) VALUES (6519, 11796.49, 'Initial Account Funding', '2026-04-28 19:56:31', 'CREDIT', 'acc-81359fd4-15ac-4e35-9fc6-fc7b040ac292');
INSERT INTO account_operation (id, amount, description, operation_date, type, bank_account_id) VALUES (6520, 665.33, 'Netflix Subscription', '2026-05-11 19:56:31', 'DEBIT', 'acc-81359fd4-15ac-4e35-9fc6-fc7b040ac292');
INSERT INTO account_operation (id, amount, description, operation_date, type, bank_account_id) VALUES (6521, 762.04, 'Orange', '2026-05-08 19:56:31', 'DEBIT', 'acc-81359fd4-15ac-4e35-9fc6-fc7b040ac292');
INSERT INTO account_operation (id, amount, description, operation_date, type, bank_account_id) VALUES (6522, 1145.07, 'Marjane Supermarket', '2026-06-01 19:56:31', 'DEBIT', 'acc-81359fd4-15ac-4e35-9fc6-fc7b040ac292');
INSERT INTO account_operation (id, amount, description, operation_date, type, bank_account_id) VALUES (6523, 1004.92, 'ONCF Train', '2026-05-21 19:56:31', 'DEBIT', 'acc-81359fd4-15ac-4e35-9fc6-fc7b040ac292');
INSERT INTO account_operation (id, amount, description, operation_date, type, bank_account_id) VALUES (6524, 1049.7, 'ONCF Train', '2026-06-20 19:56:31', 'DEBIT', 'acc-81359fd4-15ac-4e35-9fc6-fc7b040ac292');
INSERT INTO account_operation (id, amount, description, operation_date, type, bank_account_id) VALUES (6525, 1952.5, 'CTM Bus', '2026-05-28 19:56:31', 'DEBIT', 'acc-81359fd4-15ac-4e35-9fc6-fc7b040ac292');
INSERT INTO account_operation (id, amount, description, operation_date, type, bank_account_id) VALUES (6526, 310.43, 'Spotify', '2026-05-10 19:56:31', 'DEBIT', 'acc-81359fd4-15ac-4e35-9fc6-fc7b040ac292');
INSERT INTO account_operation (id, amount, description, operation_date, type, bank_account_id) VALUES (6527, 5391.87, 'Freelance Payment', '2026-06-08 19:56:31', 'CREDIT', 'acc-81359fd4-15ac-4e35-9fc6-fc7b040ac292');
INSERT INTO account_operation (id, amount, description, operation_date, type, bank_account_id) VALUES (6528, 781.23, 'Orange', '2026-06-13 19:56:31', 'DEBIT', 'acc-81359fd4-15ac-4e35-9fc6-fc7b040ac292');
INSERT INTO account_operation (id, amount, description, operation_date, type, bank_account_id) VALUES (6529, 1705.44, 'Zara', '2026-05-10 19:56:31', 'DEBIT', 'acc-81359fd4-15ac-4e35-9fc6-fc7b040ac292');
INSERT INTO account_operation (id, amount, description, operation_date, type, bank_account_id) VALUES (6530, 924.09, 'Spotify', '2026-06-07 19:56:31', 'DEBIT', 'acc-81359fd4-15ac-4e35-9fc6-fc7b040ac292');
INSERT INTO account_operation (id, amount, description, operation_date, type, bank_account_id) VALUES (6531, 25.01, 'Restaurant', '2026-05-31 19:56:31', 'DEBIT', 'acc-81359fd4-15ac-4e35-9fc6-fc7b040ac292');
INSERT INTO account_operation (id, amount, description, operation_date, type, bank_account_id) VALUES (6532, 9500.85, 'Salary Deposit', '2026-05-14 19:56:31', 'CREDIT', 'acc-81359fd4-15ac-4e35-9fc6-fc7b040ac292');
INSERT INTO account_operation (id, amount, description, operation_date, type, bank_account_id) VALUES (6533, 1923.46, 'Maroc Telecom', '2026-06-15 19:56:31', 'DEBIT', 'acc-81359fd4-15ac-4e35-9fc6-fc7b040ac292');
INSERT INTO account_operation (id, amount, description, operation_date, type, bank_account_id) VALUES (6534, 1543.51, 'Amendis', '2026-06-11 19:56:31', 'DEBIT', 'acc-81359fd4-15ac-4e35-9fc6-fc7b040ac292');
INSERT INTO account_operation (id, amount, description, operation_date, type, bank_account_id) VALUES (6535, 176.14, 'Carrefour', '2026-06-09 19:56:31', 'DEBIT', 'acc-81359fd4-15ac-4e35-9fc6-fc7b040ac292');
INSERT INTO account_operation (id, amount, description, operation_date, type, bank_account_id) VALUES (6536, 400.48, 'LC Waikiki', '2026-06-21 19:56:31', 'DEBIT', 'acc-81359fd4-15ac-4e35-9fc6-fc7b040ac292');
INSERT INTO account_operation (id, amount, description, operation_date, type, bank_account_id) VALUES (6537, 309.67, 'Restaurant', '2026-06-27 19:56:31', 'DEBIT', 'acc-81359fd4-15ac-4e35-9fc6-fc7b040ac292');
INSERT INTO account_operation (id, amount, description, operation_date, type, bank_account_id) VALUES (6538, 938.15, 'Redal', '2026-06-20 19:56:31', 'DEBIT', 'acc-81359fd4-15ac-4e35-9fc6-fc7b040ac292');
INSERT INTO account_operation (id, amount, description, operation_date, type, bank_account_id) VALUES (6539, 2012.11, 'Transfer Received', '2026-06-29 19:56:31', 'CREDIT', 'acc-81359fd4-15ac-4e35-9fc6-fc7b040ac292');
INSERT INTO account_operation (id, amount, description, operation_date, type, bank_account_id) VALUES (6540, 14429.86, 'Dividend Payout', '2026-05-31 19:56:31', 'CREDIT', 'acc-81359fd4-15ac-4e35-9fc6-fc7b040ac292');
INSERT INTO account_operation (id, amount, description, operation_date, type, bank_account_id) VALUES (6541, 7764.03, 'Cash Deposit', '2026-06-13 19:56:31', 'CREDIT', 'acc-81359fd4-15ac-4e35-9fc6-fc7b040ac292');
INSERT INTO account_operation (id, amount, description, operation_date, type, bank_account_id) VALUES (6542, 358.22, 'Maroc Telecom', '2026-06-20 19:56:31', 'DEBIT', 'acc-81359fd4-15ac-4e35-9fc6-fc7b040ac292');
INSERT INTO account_operation (id, amount, description, operation_date, type, bank_account_id) VALUES (6543, 7098.13, 'Salary Deposit', '2026-05-25 19:56:31', 'CREDIT', 'acc-81359fd4-15ac-4e35-9fc6-fc7b040ac292');
INSERT INTO account_operation (id, amount, description, operation_date, type, bank_account_id) VALUES (6544, 1501.2, 'Pharmacy', '2026-06-28 19:56:31', 'DEBIT', 'acc-81359fd4-15ac-4e35-9fc6-fc7b040ac292');
INSERT INTO account_operation (id, amount, description, operation_date, type, bank_account_id) VALUES (6545, 1129.37, 'Zara', '2026-06-18 19:56:31', 'DEBIT', 'acc-81359fd4-15ac-4e35-9fc6-fc7b040ac292');
INSERT INTO account_operation (id, amount, description, operation_date, type, bank_account_id) VALUES (6546, 2626.67, 'Salary Deposit', '2026-06-17 19:56:31', 'CREDIT', 'acc-81359fd4-15ac-4e35-9fc6-fc7b040ac292');
INSERT INTO account_operation (id, amount, description, operation_date, type, bank_account_id) VALUES (6547, 2279.58, 'Transfer Received', '2026-05-03 19:56:31', 'CREDIT', 'acc-81359fd4-15ac-4e35-9fc6-fc7b040ac292');
INSERT INTO account_operation (id, amount, description, operation_date, type, bank_account_id) VALUES (6548, 7990.2, 'Freelance Payment', '2026-05-24 19:56:31', 'CREDIT', 'acc-81359fd4-15ac-4e35-9fc6-fc7b040ac292');
INSERT INTO account_operation (id, amount, description, operation_date, type, bank_account_id) VALUES (6549, 1120.06, 'Restaurant', '2026-05-10 19:56:31', 'DEBIT', 'acc-81359fd4-15ac-4e35-9fc6-fc7b040ac292');
INSERT INTO account_operation (id, amount, description, operation_date, type, bank_account_id) VALUES (6550, 1945.64, 'Zara', '2026-06-07 19:56:31', 'DEBIT', 'acc-81359fd4-15ac-4e35-9fc6-fc7b040ac292');
INSERT INTO account_operation (id, amount, description, operation_date, type, bank_account_id) VALUES (6551, 1916.9, 'Cash Deposit', '2026-05-25 19:56:31', 'CREDIT', 'acc-81359fd4-15ac-4e35-9fc6-fc7b040ac292');
INSERT INTO account_operation (id, amount, description, operation_date, type, bank_account_id) VALUES (6552, 1297.79, 'Carrefour', '2026-05-05 19:56:31', 'DEBIT', 'acc-81359fd4-15ac-4e35-9fc6-fc7b040ac292');
INSERT INTO account_operation (id, amount, description, operation_date, type, bank_account_id) VALUES (6553, 1093.75, 'LC Waikiki', '2026-06-07 19:56:31', 'DEBIT', 'acc-81359fd4-15ac-4e35-9fc6-fc7b040ac292');
INSERT INTO account_operation (id, amount, description, operation_date, type, bank_account_id) VALUES (6554, 9935.06, 'Salary Deposit', '2026-05-14 19:56:31', 'CREDIT', 'acc-81359fd4-15ac-4e35-9fc6-fc7b040ac292');
INSERT INTO account_operation (id, amount, description, operation_date, type, bank_account_id) VALUES (6555, 1581.96, 'Zara', '2026-06-23 19:56:31', 'DEBIT', 'acc-81359fd4-15ac-4e35-9fc6-fc7b040ac292');
INSERT INTO account_operation (id, amount, description, operation_date, type, bank_account_id) VALUES (6556, 1166.1, 'Amendis', '2026-05-27 19:56:31', 'DEBIT', 'acc-81359fd4-15ac-4e35-9fc6-fc7b040ac292');
INSERT INTO account_operation (id, amount, description, operation_date, type, bank_account_id) VALUES (6557, 1967.38, 'ONEE Electricity', '2026-06-25 19:56:31', 'DEBIT', 'acc-81359fd4-15ac-4e35-9fc6-fc7b040ac292');
INSERT INTO account_operation (id, amount, description, operation_date, type, bank_account_id) VALUES (6558, 10067.47, 'Freelance Payment', '2026-06-06 19:56:31', 'CREDIT', 'acc-81359fd4-15ac-4e35-9fc6-fc7b040ac292');
INSERT INTO account_operation (id, amount, description, operation_date, type, bank_account_id) VALUES (6559, 12663.81, 'Transfer Received', '2026-05-30 19:56:31', 'CREDIT', 'acc-81359fd4-15ac-4e35-9fc6-fc7b040ac292');
INSERT INTO account_operation (id, amount, description, operation_date, type, bank_account_id) VALUES (6560, 12985.66, 'Dividend Payout', '2026-06-19 19:56:31', 'CREDIT', 'acc-81359fd4-15ac-4e35-9fc6-fc7b040ac292');
INSERT INTO account_operation (id, amount, description, operation_date, type, bank_account_id) VALUES (6561, 41.02, 'ONCF Train', '2026-05-17 19:56:31', 'DEBIT', 'acc-81359fd4-15ac-4e35-9fc6-fc7b040ac292');
INSERT INTO account_operation (id, amount, description, operation_date, type, bank_account_id) VALUES (6562, 1185.92, 'Dividend Payout', '2026-05-19 19:56:31', 'CREDIT', 'acc-81359fd4-15ac-4e35-9fc6-fc7b040ac292');
INSERT INTO account_operation (id, amount, description, operation_date, type, bank_account_id) VALUES (6563, 2495.26, 'Cash Deposit', '2026-05-08 19:56:31', 'CREDIT', 'acc-81359fd4-15ac-4e35-9fc6-fc7b040ac292');
INSERT INTO account_operation (id, amount, description, operation_date, type, bank_account_id) VALUES (6564, 8950.54, 'Cash Deposit', '2026-05-27 19:56:31', 'CREDIT', 'acc-81359fd4-15ac-4e35-9fc6-fc7b040ac292');
INSERT INTO bank_account (id, type, balance, created_at, customer_id, over_draft, interest_rate) VALUES ('acc-95c2a278-935d-4fc3-89ec-ab749702e6ce', 'CURR', 90980.78, '2026-04-11 19:56:31', 112, 2420.84, NULL);
INSERT INTO account_operation (id, amount, description, operation_date, type, bank_account_id) VALUES (6565, 28846.68, 'Initial Account Funding', '2026-04-11 19:56:31', 'CREDIT', 'acc-95c2a278-935d-4fc3-89ec-ab749702e6ce');
INSERT INTO account_operation (id, amount, description, operation_date, type, bank_account_id) VALUES (6566, 1559.31, 'Zara', '2026-06-03 19:56:31', 'DEBIT', 'acc-95c2a278-935d-4fc3-89ec-ab749702e6ce');
INSERT INTO account_operation (id, amount, description, operation_date, type, bank_account_id) VALUES (6567, 954.08, 'Decathlon', '2026-05-31 19:56:31', 'DEBIT', 'acc-95c2a278-935d-4fc3-89ec-ab749702e6ce');
INSERT INTO account_operation (id, amount, description, operation_date, type, bank_account_id) VALUES (6568, 1113.73, 'Zara', '2026-05-01 19:56:31', 'DEBIT', 'acc-95c2a278-935d-4fc3-89ec-ab749702e6ce');
INSERT INTO account_operation (id, amount, description, operation_date, type, bank_account_id) VALUES (6569, 1959.87, 'LC Waikiki', '2026-06-28 19:56:31', 'DEBIT', 'acc-95c2a278-935d-4fc3-89ec-ab749702e6ce');
INSERT INTO account_operation (id, amount, description, operation_date, type, bank_account_id) VALUES (6570, 5557.85, 'Salary Deposit', '2026-06-05 19:56:31', 'CREDIT', 'acc-95c2a278-935d-4fc3-89ec-ab749702e6ce');
INSERT INTO account_operation (id, amount, description, operation_date, type, bank_account_id) VALUES (6571, 13120.63, 'Freelance Payment', '2026-04-22 19:56:31', 'CREDIT', 'acc-95c2a278-935d-4fc3-89ec-ab749702e6ce');
INSERT INTO account_operation (id, amount, description, operation_date, type, bank_account_id) VALUES (6572, 12520.31, 'Freelance Payment', '2026-05-23 19:56:31', 'CREDIT', 'acc-95c2a278-935d-4fc3-89ec-ab749702e6ce');
INSERT INTO account_operation (id, amount, description, operation_date, type, bank_account_id) VALUES (6573, 989.37, 'Carrefour', '2026-06-13 19:56:31', 'DEBIT', 'acc-95c2a278-935d-4fc3-89ec-ab749702e6ce');
INSERT INTO account_operation (id, amount, description, operation_date, type, bank_account_id) VALUES (6574, 959.2, 'Spotify', '2026-06-02 19:56:31', 'DEBIT', 'acc-95c2a278-935d-4fc3-89ec-ab749702e6ce');
INSERT INTO account_operation (id, amount, description, operation_date, type, bank_account_id) VALUES (6575, 13709.43, 'Salary Deposit', '2026-06-15 19:56:31', 'CREDIT', 'acc-95c2a278-935d-4fc3-89ec-ab749702e6ce');
INSERT INTO account_operation (id, amount, description, operation_date, type, bank_account_id) VALUES (6576, 629.89, 'ONCF Train', '2026-05-16 19:56:31', 'DEBIT', 'acc-95c2a278-935d-4fc3-89ec-ab749702e6ce');
INSERT INTO account_operation (id, amount, description, operation_date, type, bank_account_id) VALUES (6577, 367.87, 'ONEE Electricity', '2026-06-20 19:56:31', 'DEBIT', 'acc-95c2a278-935d-4fc3-89ec-ab749702e6ce');
INSERT INTO account_operation (id, amount, description, operation_date, type, bank_account_id) VALUES (6578, 3149.58, 'Transfer Received', '2026-05-05 19:56:31', 'CREDIT', 'acc-95c2a278-935d-4fc3-89ec-ab749702e6ce');
INSERT INTO account_operation (id, amount, description, operation_date, type, bank_account_id) VALUES (6579, 572.98, 'CTM Bus', '2026-05-16 19:56:31', 'DEBIT', 'acc-95c2a278-935d-4fc3-89ec-ab749702e6ce');
INSERT INTO account_operation (id, amount, description, operation_date, type, bank_account_id) VALUES (6580, 5807.64, 'Dividend Payout', '2026-05-03 19:56:31', 'CREDIT', 'acc-95c2a278-935d-4fc3-89ec-ab749702e6ce');
INSERT INTO account_operation (id, amount, description, operation_date, type, bank_account_id) VALUES (6581, 1450.65, 'LC Waikiki', '2026-06-11 19:56:31', 'DEBIT', 'acc-95c2a278-935d-4fc3-89ec-ab749702e6ce');
INSERT INTO account_operation (id, amount, description, operation_date, type, bank_account_id) VALUES (6582, 3481.75, 'Cash Deposit', '2026-06-27 19:56:31', 'CREDIT', 'acc-95c2a278-935d-4fc3-89ec-ab749702e6ce');
INSERT INTO account_operation (id, amount, description, operation_date, type, bank_account_id) VALUES (6583, 822.63, 'Zara', '2026-06-17 19:56:31', 'DEBIT', 'acc-95c2a278-935d-4fc3-89ec-ab749702e6ce');
INSERT INTO account_operation (id, amount, description, operation_date, type, bank_account_id) VALUES (6584, 1087.28, 'LC Waikiki', '2026-04-29 19:56:31', 'DEBIT', 'acc-95c2a278-935d-4fc3-89ec-ab749702e6ce');
INSERT INTO account_operation (id, amount, description, operation_date, type, bank_account_id) VALUES (6585, 13576.44, 'Cash Deposit', '2026-06-10 19:56:31', 'CREDIT', 'acc-95c2a278-935d-4fc3-89ec-ab749702e6ce');
INSERT INTO account_operation (id, amount, description, operation_date, type, bank_account_id) VALUES (6586, 163.33, 'Redal', '2026-05-11 19:56:31', 'DEBIT', 'acc-95c2a278-935d-4fc3-89ec-ab749702e6ce');
INSERT INTO account_operation (id, amount, description, operation_date, type, bank_account_id) VALUES (6587, 449.44, 'Carrefour', '2026-05-07 19:56:31', 'DEBIT', 'acc-95c2a278-935d-4fc3-89ec-ab749702e6ce');
INSERT INTO account_operation (id, amount, description, operation_date, type, bank_account_id) VALUES (6588, 101.0, 'Carrefour', '2026-06-12 19:56:31', 'DEBIT', 'acc-95c2a278-935d-4fc3-89ec-ab749702e6ce');
INSERT INTO account_operation (id, amount, description, operation_date, type, bank_account_id) VALUES (6589, 882.82, 'BIM Store', '2026-06-09 19:56:31', 'DEBIT', 'acc-95c2a278-935d-4fc3-89ec-ab749702e6ce');
INSERT INTO account_operation (id, amount, description, operation_date, type, bank_account_id) VALUES (6590, 6275.17, 'Dividend Payout', '2026-06-24 19:56:31', 'CREDIT', 'acc-95c2a278-935d-4fc3-89ec-ab749702e6ce');
INSERT INTO account_operation (id, amount, description, operation_date, type, bank_account_id) VALUES (6591, 930.74, 'Decathlon', '2026-04-21 19:56:31', 'DEBIT', 'acc-95c2a278-935d-4fc3-89ec-ab749702e6ce');
INSERT INTO account_operation (id, amount, description, operation_date, type, bank_account_id) VALUES (6592, 70.51, 'ONEE Electricity', '2026-04-15 19:56:31', 'DEBIT', 'acc-95c2a278-935d-4fc3-89ec-ab749702e6ce');
INSERT INTO bank_account (id, type, balance, created_at, customer_id, over_draft, interest_rate) VALUES ('acc-fbebdcb9-ef30-4885-983b-66dbcca860ce', 'SAVE', 33788.19, '2025-08-12 19:56:31', 112, NULL, 2.77);
INSERT INTO account_operation (id, amount, description, operation_date, type, bank_account_id) VALUES (6593, 6103.48, 'Initial Account Funding', '2025-08-12 19:56:31', 'CREDIT', 'acc-fbebdcb9-ef30-4885-983b-66dbcca860ce');
INSERT INTO account_operation (id, amount, description, operation_date, type, bank_account_id) VALUES (6594, 1279.03, 'Zara', '2025-09-29 19:56:31', 'DEBIT', 'acc-fbebdcb9-ef30-4885-983b-66dbcca860ce');
INSERT INTO account_operation (id, amount, description, operation_date, type, bank_account_id) VALUES (6595, 190.65, 'Restaurant', '2026-01-11 19:56:31', 'DEBIT', 'acc-fbebdcb9-ef30-4885-983b-66dbcca860ce');
INSERT INTO account_operation (id, amount, description, operation_date, type, bank_account_id) VALUES (6596, 10101.52, 'Transfer Received', '2026-01-29 19:56:31', 'CREDIT', 'acc-fbebdcb9-ef30-4885-983b-66dbcca860ce');
INSERT INTO account_operation (id, amount, description, operation_date, type, bank_account_id) VALUES (6597, 1743.03, 'Netflix Subscription', '2026-02-02 19:56:31', 'DEBIT', 'acc-fbebdcb9-ef30-4885-983b-66dbcca860ce');
INSERT INTO account_operation (id, amount, description, operation_date, type, bank_account_id) VALUES (6598, 1342.63, 'Carrefour', '2025-12-15 19:56:31', 'DEBIT', 'acc-fbebdcb9-ef30-4885-983b-66dbcca860ce');
INSERT INTO account_operation (id, amount, description, operation_date, type, bank_account_id) VALUES (6599, 7906.62, 'Transfer Received', '2025-11-11 19:56:31', 'CREDIT', 'acc-fbebdcb9-ef30-4885-983b-66dbcca860ce');
INSERT INTO account_operation (id, amount, description, operation_date, type, bank_account_id) VALUES (6600, 4764.72, 'Freelance Payment', '2026-01-21 19:56:31', 'CREDIT', 'acc-fbebdcb9-ef30-4885-983b-66dbcca860ce');
INSERT INTO account_operation (id, amount, description, operation_date, type, bank_account_id) VALUES (6601, 1516.77, 'Netflix Subscription', '2026-02-02 19:56:31', 'DEBIT', 'acc-fbebdcb9-ef30-4885-983b-66dbcca860ce');
INSERT INTO account_operation (id, amount, description, operation_date, type, bank_account_id) VALUES (6602, 6222.99, 'Freelance Payment', '2025-08-30 19:56:31', 'CREDIT', 'acc-fbebdcb9-ef30-4885-983b-66dbcca860ce');
INSERT INTO account_operation (id, amount, description, operation_date, type, bank_account_id) VALUES (6603, 2833.54, 'Salary Deposit', '2025-11-17 19:56:31', 'CREDIT', 'acc-fbebdcb9-ef30-4885-983b-66dbcca860ce');
INSERT INTO account_operation (id, amount, description, operation_date, type, bank_account_id) VALUES (6604, 1274.45, 'Maroc Telecom', '2025-08-26 19:56:31', 'DEBIT', 'acc-fbebdcb9-ef30-4885-983b-66dbcca860ce');
INSERT INTO account_operation (id, amount, description, operation_date, type, bank_account_id) VALUES (6605, 416.4, 'Marjane Supermarket', '2026-02-27 19:56:31', 'DEBIT', 'acc-fbebdcb9-ef30-4885-983b-66dbcca860ce');
INSERT INTO account_operation (id, amount, description, operation_date, type, bank_account_id) VALUES (6606, 1716.4, 'Pharmacy', '2025-10-07 19:56:31', 'DEBIT', 'acc-fbebdcb9-ef30-4885-983b-66dbcca860ce');
INSERT INTO account_operation (id, amount, description, operation_date, type, bank_account_id) VALUES (6607, 434.32, 'Local Cafe', '2025-12-15 19:56:31', 'DEBIT', 'acc-fbebdcb9-ef30-4885-983b-66dbcca860ce');
INSERT INTO account_operation (id, amount, description, operation_date, type, bank_account_id) VALUES (6608, 14428.76, 'Dividend Payout', '2025-08-16 19:56:31', 'CREDIT', 'acc-fbebdcb9-ef30-4885-983b-66dbcca860ce');
INSERT INTO account_operation (id, amount, description, operation_date, type, bank_account_id) VALUES (6609, 1707.15, 'Inwi', '2025-11-26 19:56:31', 'DEBIT', 'acc-fbebdcb9-ef30-4885-983b-66dbcca860ce');
INSERT INTO account_operation (id, amount, description, operation_date, type, bank_account_id) VALUES (6610, 1601.8, 'Marjane Supermarket', '2025-12-01 19:56:31', 'DEBIT', 'acc-fbebdcb9-ef30-4885-983b-66dbcca860ce');
INSERT INTO account_operation (id, amount, description, operation_date, type, bank_account_id) VALUES (6611, 345.08, 'Amendis', '2026-04-22 19:56:31', 'DEBIT', 'acc-fbebdcb9-ef30-4885-983b-66dbcca860ce');
INSERT INTO account_operation (id, amount, description, operation_date, type, bank_account_id) VALUES (6612, 420.93, 'Orange', '2025-10-21 19:56:31', 'DEBIT', 'acc-fbebdcb9-ef30-4885-983b-66dbcca860ce');
INSERT INTO account_operation (id, amount, description, operation_date, type, bank_account_id) VALUES (6613, 702.7, 'CTM Bus', '2025-12-20 19:56:31', 'DEBIT', 'acc-fbebdcb9-ef30-4885-983b-66dbcca860ce');
INSERT INTO account_operation (id, amount, description, operation_date, type, bank_account_id) VALUES (6614, 662.55, 'LC Waikiki', '2026-06-01 19:56:31', 'DEBIT', 'acc-fbebdcb9-ef30-4885-983b-66dbcca860ce');
INSERT INTO account_operation (id, amount, description, operation_date, type, bank_account_id) VALUES (6615, 1372.86, 'Spotify', '2025-10-18 19:56:31', 'DEBIT', 'acc-fbebdcb9-ef30-4885-983b-66dbcca860ce');
INSERT INTO account_operation (id, amount, description, operation_date, type, bank_account_id) VALUES (6616, 1846.69, 'ONEE Electricity', '2026-01-08 19:56:31', 'DEBIT', 'acc-fbebdcb9-ef30-4885-983b-66dbcca860ce');

INSERT INTO customer (id, name, email) VALUES (113, 'Ayoub El Amrani', 'ayoub.el amrani@gmail.com');
INSERT INTO bank_account (id, type, balance, created_at, customer_id, over_draft, interest_rate) VALUES ('acc-e0ecb443-27a6-428e-8b7d-9271af17dc56', 'SAVE', 121046.0, '2025-11-20 19:56:31', 113, NULL, 1.66);
INSERT INTO account_operation (id, amount, description, operation_date, type, bank_account_id) VALUES (6617, 38226.09, 'Initial Account Funding', '2025-11-20 19:56:31', 'CREDIT', 'acc-e0ecb443-27a6-428e-8b7d-9271af17dc56');
INSERT INTO account_operation (id, amount, description, operation_date, type, bank_account_id) VALUES (6618, 1429.24, 'ONCF Train', '2026-01-19 19:56:31', 'DEBIT', 'acc-e0ecb443-27a6-428e-8b7d-9271af17dc56');
INSERT INTO account_operation (id, amount, description, operation_date, type, bank_account_id) VALUES (6619, 1382.75, 'LC Waikiki', '2026-03-01 19:56:31', 'DEBIT', 'acc-e0ecb443-27a6-428e-8b7d-9271af17dc56');
INSERT INTO account_operation (id, amount, description, operation_date, type, bank_account_id) VALUES (6620, 1780.75, 'LC Waikiki', '2026-01-02 19:56:31', 'DEBIT', 'acc-e0ecb443-27a6-428e-8b7d-9271af17dc56');
INSERT INTO account_operation (id, amount, description, operation_date, type, bank_account_id) VALUES (6621, 1628.67, 'ONEE Electricity', '2026-02-05 19:56:31', 'DEBIT', 'acc-e0ecb443-27a6-428e-8b7d-9271af17dc56');
INSERT INTO account_operation (id, amount, description, operation_date, type, bank_account_id) VALUES (6622, 1022.83, 'Marjane Supermarket', '2025-12-05 19:56:31', 'DEBIT', 'acc-e0ecb443-27a6-428e-8b7d-9271af17dc56');
INSERT INTO account_operation (id, amount, description, operation_date, type, bank_account_id) VALUES (6623, 9782.67, 'Dividend Payout', '2026-04-20 19:56:31', 'CREDIT', 'acc-e0ecb443-27a6-428e-8b7d-9271af17dc56');
INSERT INTO account_operation (id, amount, description, operation_date, type, bank_account_id) VALUES (6624, 12073.03, 'Cash Deposit', '2026-01-02 19:56:31', 'CREDIT', 'acc-e0ecb443-27a6-428e-8b7d-9271af17dc56');
INSERT INTO account_operation (id, amount, description, operation_date, type, bank_account_id) VALUES (6625, 11713.77, 'Salary Deposit', '2026-06-08 19:56:31', 'CREDIT', 'acc-e0ecb443-27a6-428e-8b7d-9271af17dc56');
INSERT INTO account_operation (id, amount, description, operation_date, type, bank_account_id) VALUES (6626, 219.93, 'Maroc Telecom', '2026-06-07 19:56:31', 'DEBIT', 'acc-e0ecb443-27a6-428e-8b7d-9271af17dc56');
INSERT INTO account_operation (id, amount, description, operation_date, type, bank_account_id) VALUES (6627, 437.57, 'Carrefour', '2026-01-14 19:56:31', 'DEBIT', 'acc-e0ecb443-27a6-428e-8b7d-9271af17dc56');
INSERT INTO account_operation (id, amount, description, operation_date, type, bank_account_id) VALUES (6628, 1993.97, 'Spotify', '2026-05-28 19:56:31', 'DEBIT', 'acc-e0ecb443-27a6-428e-8b7d-9271af17dc56');
INSERT INTO account_operation (id, amount, description, operation_date, type, bank_account_id) VALUES (6629, 266.34, 'CTM Bus', '2026-02-11 19:56:31', 'DEBIT', 'acc-e0ecb443-27a6-428e-8b7d-9271af17dc56');
INSERT INTO account_operation (id, amount, description, operation_date, type, bank_account_id) VALUES (6630, 1604.57, 'Carrefour', '2026-01-17 19:56:31', 'DEBIT', 'acc-e0ecb443-27a6-428e-8b7d-9271af17dc56');
INSERT INTO account_operation (id, amount, description, operation_date, type, bank_account_id) VALUES (6631, 1215.01, 'Maroc Telecom', '2025-12-29 19:56:31', 'DEBIT', 'acc-e0ecb443-27a6-428e-8b7d-9271af17dc56');
INSERT INTO account_operation (id, amount, description, operation_date, type, bank_account_id) VALUES (6632, 8929.76, 'Freelance Payment', '2026-04-23 19:56:31', 'CREDIT', 'acc-e0ecb443-27a6-428e-8b7d-9271af17dc56');
INSERT INTO account_operation (id, amount, description, operation_date, type, bank_account_id) VALUES (6633, 1101.38, 'Decathlon', '2026-01-01 19:56:31', 'DEBIT', 'acc-e0ecb443-27a6-428e-8b7d-9271af17dc56');
INSERT INTO account_operation (id, amount, description, operation_date, type, bank_account_id) VALUES (6634, 5171.35, 'Transfer Received', '2026-01-30 19:56:31', 'CREDIT', 'acc-e0ecb443-27a6-428e-8b7d-9271af17dc56');
INSERT INTO account_operation (id, amount, description, operation_date, type, bank_account_id) VALUES (6635, 4997.51, 'Cash Deposit', '2026-01-05 19:56:31', 'CREDIT', 'acc-e0ecb443-27a6-428e-8b7d-9271af17dc56');
INSERT INTO account_operation (id, amount, description, operation_date, type, bank_account_id) VALUES (6636, 1619.61, 'Carrefour', '2026-01-10 19:56:31', 'DEBIT', 'acc-e0ecb443-27a6-428e-8b7d-9271af17dc56');
INSERT INTO account_operation (id, amount, description, operation_date, type, bank_account_id) VALUES (6637, 288.18, 'LC Waikiki', '2026-04-04 19:56:31', 'DEBIT', 'acc-e0ecb443-27a6-428e-8b7d-9271af17dc56');
INSERT INTO account_operation (id, amount, description, operation_date, type, bank_account_id) VALUES (6638, 1590.36, 'Inwi', '2025-12-19 19:56:31', 'DEBIT', 'acc-e0ecb443-27a6-428e-8b7d-9271af17dc56');
INSERT INTO account_operation (id, amount, description, operation_date, type, bank_account_id) VALUES (6639, 1397.14, 'Redal', '2026-01-24 19:56:31', 'DEBIT', 'acc-e0ecb443-27a6-428e-8b7d-9271af17dc56');
INSERT INTO account_operation (id, amount, description, operation_date, type, bank_account_id) VALUES (6640, 1878.24, 'Decathlon', '2026-05-27 19:56:31', 'DEBIT', 'acc-e0ecb443-27a6-428e-8b7d-9271af17dc56');
INSERT INTO account_operation (id, amount, description, operation_date, type, bank_account_id) VALUES (6641, 1244.39, 'Netflix Subscription', '2026-06-15 19:56:31', 'DEBIT', 'acc-e0ecb443-27a6-428e-8b7d-9271af17dc56');
INSERT INTO account_operation (id, amount, description, operation_date, type, bank_account_id) VALUES (6642, 1627.87, 'CTM Bus', '2026-01-21 19:56:31', 'DEBIT', 'acc-e0ecb443-27a6-428e-8b7d-9271af17dc56');
INSERT INTO account_operation (id, amount, description, operation_date, type, bank_account_id) VALUES (6643, 1756.36, 'Restaurant', '2026-03-08 19:56:31', 'DEBIT', 'acc-e0ecb443-27a6-428e-8b7d-9271af17dc56');
INSERT INTO account_operation (id, amount, description, operation_date, type, bank_account_id) VALUES (6644, 8913.43, 'Freelance Payment', '2025-11-20 19:56:31', 'CREDIT', 'acc-e0ecb443-27a6-428e-8b7d-9271af17dc56');
INSERT INTO account_operation (id, amount, description, operation_date, type, bank_account_id) VALUES (6645, 10446.1, 'Salary Deposit', '2025-12-02 19:56:31', 'CREDIT', 'acc-e0ecb443-27a6-428e-8b7d-9271af17dc56');
INSERT INTO account_operation (id, amount, description, operation_date, type, bank_account_id) VALUES (6646, 1858.96, 'ONCF Train', '2026-05-05 19:56:31', 'DEBIT', 'acc-e0ecb443-27a6-428e-8b7d-9271af17dc56');
INSERT INTO account_operation (id, amount, description, operation_date, type, bank_account_id) VALUES (6647, 1996.5, 'ONCF Train', '2026-04-04 19:56:31', 'DEBIT', 'acc-e0ecb443-27a6-428e-8b7d-9271af17dc56');
INSERT INTO account_operation (id, amount, description, operation_date, type, bank_account_id) VALUES (6648, 1004.25, 'Carrefour', '2026-03-03 19:56:31', 'DEBIT', 'acc-e0ecb443-27a6-428e-8b7d-9271af17dc56');
INSERT INTO account_operation (id, amount, description, operation_date, type, bank_account_id) VALUES (6649, 1084.51, 'Zara', '2026-04-04 19:56:31', 'DEBIT', 'acc-e0ecb443-27a6-428e-8b7d-9271af17dc56');
INSERT INTO account_operation (id, amount, description, operation_date, type, bank_account_id) VALUES (6650, 14052.67, 'Transfer Received', '2026-02-10 19:56:31', 'CREDIT', 'acc-e0ecb443-27a6-428e-8b7d-9271af17dc56');
INSERT INTO account_operation (id, amount, description, operation_date, type, bank_account_id) VALUES (6651, 256.12, 'Decathlon', '2026-02-12 19:56:31', 'DEBIT', 'acc-e0ecb443-27a6-428e-8b7d-9271af17dc56');
INSERT INTO account_operation (id, amount, description, operation_date, type, bank_account_id) VALUES (6652, 7749.48, 'Dividend Payout', '2026-01-09 19:56:31', 'CREDIT', 'acc-e0ecb443-27a6-428e-8b7d-9271af17dc56');
INSERT INTO account_operation (id, amount, description, operation_date, type, bank_account_id) VALUES (6653, 8825.94, 'Freelance Payment', '2025-12-27 19:56:31', 'CREDIT', 'acc-e0ecb443-27a6-428e-8b7d-9271af17dc56');
INSERT INTO account_operation (id, amount, description, operation_date, type, bank_account_id) VALUES (6654, 12853.2, 'Salary Deposit', '2026-03-20 19:56:31', 'CREDIT', 'acc-e0ecb443-27a6-428e-8b7d-9271af17dc56');
INSERT INTO account_operation (id, amount, description, operation_date, type, bank_account_id) VALUES (6655, 1003.5, 'Local Cafe', '2026-01-17 19:56:31', 'DEBIT', 'acc-e0ecb443-27a6-428e-8b7d-9271af17dc56');

INSERT INTO customer (id, name, email) VALUES (114, 'Imane Daoudi', 'imane.daoudi@gmail.com');
INSERT INTO bank_account (id, type, balance, created_at, customer_id, over_draft, interest_rate) VALUES ('acc-e47710d3-9276-4818-a449-6b6c533ad976', 'SAVE', 106102.28, '2026-02-16 19:56:31', 114, NULL, 2.55);
INSERT INTO account_operation (id, amount, description, operation_date, type, bank_account_id) VALUES (6656, 26805.22, 'Initial Account Funding', '2026-02-16 19:56:31', 'CREDIT', 'acc-e47710d3-9276-4818-a449-6b6c533ad976');
INSERT INTO account_operation (id, amount, description, operation_date, type, bank_account_id) VALUES (6657, 1934.77, 'BIM Store', '2026-05-21 19:56:31', 'DEBIT', 'acc-e47710d3-9276-4818-a449-6b6c533ad976');
INSERT INTO account_operation (id, amount, description, operation_date, type, bank_account_id) VALUES (6658, 1858.29, 'Decathlon', '2026-06-23 19:56:31', 'DEBIT', 'acc-e47710d3-9276-4818-a449-6b6c533ad976');
INSERT INTO account_operation (id, amount, description, operation_date, type, bank_account_id) VALUES (6659, 667.84, 'ONEE Electricity', '2026-03-21 19:56:31', 'DEBIT', 'acc-e47710d3-9276-4818-a449-6b6c533ad976');
INSERT INTO account_operation (id, amount, description, operation_date, type, bank_account_id) VALUES (6660, 1685.86, 'ONEE Electricity', '2026-06-27 19:56:31', 'DEBIT', 'acc-e47710d3-9276-4818-a449-6b6c533ad976');
INSERT INTO account_operation (id, amount, description, operation_date, type, bank_account_id) VALUES (6661, 1769.0, 'Zara', '2026-03-18 19:56:31', 'DEBIT', 'acc-e47710d3-9276-4818-a449-6b6c533ad976');
INSERT INTO account_operation (id, amount, description, operation_date, type, bank_account_id) VALUES (6662, 1055.88, 'Zara', '2026-04-08 19:56:31', 'DEBIT', 'acc-e47710d3-9276-4818-a449-6b6c533ad976');
INSERT INTO account_operation (id, amount, description, operation_date, type, bank_account_id) VALUES (6663, 337.54, 'ONEE Electricity', '2026-03-19 19:56:31', 'DEBIT', 'acc-e47710d3-9276-4818-a449-6b6c533ad976');
INSERT INTO account_operation (id, amount, description, operation_date, type, bank_account_id) VALUES (6664, 514.39, 'LC Waikiki', '2026-03-26 19:56:31', 'DEBIT', 'acc-e47710d3-9276-4818-a449-6b6c533ad976');
INSERT INTO account_operation (id, amount, description, operation_date, type, bank_account_id) VALUES (6665, 1701.48, 'Carrefour', '2026-06-18 19:56:31', 'DEBIT', 'acc-e47710d3-9276-4818-a449-6b6c533ad976');
INSERT INTO account_operation (id, amount, description, operation_date, type, bank_account_id) VALUES (6666, 1101.35, 'Restaurant', '2026-05-10 19:56:31', 'DEBIT', 'acc-e47710d3-9276-4818-a449-6b6c533ad976');
INSERT INTO account_operation (id, amount, description, operation_date, type, bank_account_id) VALUES (6667, 3039.72, 'Dividend Payout', '2026-03-28 19:56:31', 'CREDIT', 'acc-e47710d3-9276-4818-a449-6b6c533ad976');
INSERT INTO account_operation (id, amount, description, operation_date, type, bank_account_id) VALUES (6668, 988.83, 'Amendis', '2026-02-22 19:56:31', 'DEBIT', 'acc-e47710d3-9276-4818-a449-6b6c533ad976');
INSERT INTO account_operation (id, amount, description, operation_date, type, bank_account_id) VALUES (6669, 466.0, 'Marjane Supermarket', '2026-04-10 19:56:31', 'DEBIT', 'acc-e47710d3-9276-4818-a449-6b6c533ad976');
INSERT INTO account_operation (id, amount, description, operation_date, type, bank_account_id) VALUES (6670, 1079.22, 'CTM Bus', '2026-03-07 19:56:31', 'DEBIT', 'acc-e47710d3-9276-4818-a449-6b6c533ad976');
INSERT INTO account_operation (id, amount, description, operation_date, type, bank_account_id) VALUES (6671, 13754.0, 'Dividend Payout', '2026-05-16 19:56:31', 'CREDIT', 'acc-e47710d3-9276-4818-a449-6b6c533ad976');
INSERT INTO account_operation (id, amount, description, operation_date, type, bank_account_id) VALUES (6672, 14560.06, 'Dividend Payout', '2026-02-28 19:56:31', 'CREDIT', 'acc-e47710d3-9276-4818-a449-6b6c533ad976');
INSERT INTO account_operation (id, amount, description, operation_date, type, bank_account_id) VALUES (6673, 1165.35, 'Restaurant', '2026-05-26 19:56:31', 'DEBIT', 'acc-e47710d3-9276-4818-a449-6b6c533ad976');
INSERT INTO account_operation (id, amount, description, operation_date, type, bank_account_id) VALUES (6674, 981.8, 'LC Waikiki', '2026-02-24 19:56:31', 'DEBIT', 'acc-e47710d3-9276-4818-a449-6b6c533ad976');
INSERT INTO account_operation (id, amount, description, operation_date, type, bank_account_id) VALUES (6675, 68.28, 'Zara', '2026-06-13 19:56:31', 'DEBIT', 'acc-e47710d3-9276-4818-a449-6b6c533ad976');
INSERT INTO account_operation (id, amount, description, operation_date, type, bank_account_id) VALUES (6676, 258.84, 'Amendis', '2026-04-27 19:56:31', 'DEBIT', 'acc-e47710d3-9276-4818-a449-6b6c533ad976');
INSERT INTO account_operation (id, amount, description, operation_date, type, bank_account_id) VALUES (6677, 8745.92, 'Freelance Payment', '2026-04-11 19:56:31', 'CREDIT', 'acc-e47710d3-9276-4818-a449-6b6c533ad976');
INSERT INTO account_operation (id, amount, description, operation_date, type, bank_account_id) VALUES (6678, 1654.09, 'Cash Deposit', '2026-05-30 19:56:31', 'CREDIT', 'acc-e47710d3-9276-4818-a449-6b6c533ad976');
INSERT INTO account_operation (id, amount, description, operation_date, type, bank_account_id) VALUES (6679, 11662.21, 'Freelance Payment', '2026-04-24 19:56:31', 'CREDIT', 'acc-e47710d3-9276-4818-a449-6b6c533ad976');
INSERT INTO account_operation (id, amount, description, operation_date, type, bank_account_id) VALUES (6680, 1207.59, 'LC Waikiki', '2026-06-15 19:56:31', 'DEBIT', 'acc-e47710d3-9276-4818-a449-6b6c533ad976');
INSERT INTO account_operation (id, amount, description, operation_date, type, bank_account_id) VALUES (6681, 10555.05, 'Freelance Payment', '2026-04-21 19:56:31', 'CREDIT', 'acc-e47710d3-9276-4818-a449-6b6c533ad976');
INSERT INTO account_operation (id, amount, description, operation_date, type, bank_account_id) VALUES (6682, 6256.86, 'Cash Deposit', '2026-05-04 19:56:31', 'CREDIT', 'acc-e47710d3-9276-4818-a449-6b6c533ad976');
INSERT INTO account_operation (id, amount, description, operation_date, type, bank_account_id) VALUES (6683, 1373.95, 'Redal', '2026-02-19 19:56:31', 'DEBIT', 'acc-e47710d3-9276-4818-a449-6b6c533ad976');
INSERT INTO account_operation (id, amount, description, operation_date, type, bank_account_id) VALUES (6684, 1871.75, 'Inwi', '2026-05-26 19:56:31', 'DEBIT', 'acc-e47710d3-9276-4818-a449-6b6c533ad976');
INSERT INTO account_operation (id, amount, description, operation_date, type, bank_account_id) VALUES (6685, 12320.6, 'Salary Deposit', '2026-05-26 19:56:31', 'CREDIT', 'acc-e47710d3-9276-4818-a449-6b6c533ad976');
INSERT INTO account_operation (id, amount, description, operation_date, type, bank_account_id) VALUES (6686, 1732.32, 'Transfer Received', '2026-05-06 19:56:31', 'CREDIT', 'acc-e47710d3-9276-4818-a449-6b6c533ad976');
INSERT INTO account_operation (id, amount, description, operation_date, type, bank_account_id) VALUES (6687, 826.15, 'Inwi', '2026-03-10 19:56:31', 'DEBIT', 'acc-e47710d3-9276-4818-a449-6b6c533ad976');
INSERT INTO account_operation (id, amount, description, operation_date, type, bank_account_id) VALUES (6688, 752.23, 'ONCF Train', '2026-02-16 19:56:31', 'DEBIT', 'acc-e47710d3-9276-4818-a449-6b6c533ad976');
INSERT INTO account_operation (id, amount, description, operation_date, type, bank_account_id) VALUES (6689, 1536.67, 'Inwi', '2026-04-07 19:56:31', 'DEBIT', 'acc-e47710d3-9276-4818-a449-6b6c533ad976');
INSERT INTO account_operation (id, amount, description, operation_date, type, bank_account_id) VALUES (6690, 1149.93, 'Amendis', '2026-04-13 19:56:31', 'DEBIT', 'acc-e47710d3-9276-4818-a449-6b6c533ad976');
INSERT INTO account_operation (id, amount, description, operation_date, type, bank_account_id) VALUES (6691, 4471.22, 'Freelance Payment', '2026-04-10 19:56:31', 'CREDIT', 'acc-e47710d3-9276-4818-a449-6b6c533ad976');
INSERT INTO account_operation (id, amount, description, operation_date, type, bank_account_id) VALUES (6692, 1788.17, 'Carrefour', '2026-06-21 19:56:31', 'DEBIT', 'acc-e47710d3-9276-4818-a449-6b6c533ad976');
INSERT INTO account_operation (id, amount, description, operation_date, type, bank_account_id) VALUES (6693, 13149.95, 'Salary Deposit', '2026-06-27 19:56:31', 'CREDIT', 'acc-e47710d3-9276-4818-a449-6b6c533ad976');
INSERT INTO account_operation (id, amount, description, operation_date, type, bank_account_id) VALUES (6694, 5536.22, 'Salary Deposit', '2026-03-08 19:56:31', 'CREDIT', 'acc-e47710d3-9276-4818-a449-6b6c533ad976');

INSERT INTO customer (id, name, email) VALUES (115, 'Sanae Lahlou', 'sanae.lahlou@gmail.com');
INSERT INTO bank_account (id, type, balance, created_at, customer_id, over_draft, interest_rate) VALUES ('acc-8c1c65ff-73f5-4d0a-8199-67368fe58fd1', 'SAVE', 46421.92, '2025-09-27 19:56:31', 115, NULL, 3.81);
INSERT INTO account_operation (id, amount, description, operation_date, type, bank_account_id) VALUES (6695, 6086.66, 'Initial Account Funding', '2025-09-27 19:56:31', 'CREDIT', 'acc-8c1c65ff-73f5-4d0a-8199-67368fe58fd1');
INSERT INTO account_operation (id, amount, description, operation_date, type, bank_account_id) VALUES (6696, 1918.85, 'Carrefour', '2026-04-27 19:56:31', 'DEBIT', 'acc-8c1c65ff-73f5-4d0a-8199-67368fe58fd1');
INSERT INTO account_operation (id, amount, description, operation_date, type, bank_account_id) VALUES (6697, 1834.75, 'Amendis', '2026-02-03 19:56:31', 'DEBIT', 'acc-8c1c65ff-73f5-4d0a-8199-67368fe58fd1');
INSERT INTO account_operation (id, amount, description, operation_date, type, bank_account_id) VALUES (6698, 470.95, 'Netflix Subscription', '2026-02-10 19:56:31', 'DEBIT', 'acc-8c1c65ff-73f5-4d0a-8199-67368fe58fd1');
INSERT INTO account_operation (id, amount, description, operation_date, type, bank_account_id) VALUES (6699, 595.71, 'Orange', '2026-04-19 19:56:31', 'DEBIT', 'acc-8c1c65ff-73f5-4d0a-8199-67368fe58fd1');
INSERT INTO account_operation (id, amount, description, operation_date, type, bank_account_id) VALUES (6700, 1877.38, 'Marjane Supermarket', '2026-05-27 19:56:31', 'DEBIT', 'acc-8c1c65ff-73f5-4d0a-8199-67368fe58fd1');
INSERT INTO account_operation (id, amount, description, operation_date, type, bank_account_id) VALUES (6701, 1752.77, 'Restaurant', '2026-03-25 19:56:31', 'DEBIT', 'acc-8c1c65ff-73f5-4d0a-8199-67368fe58fd1');
INSERT INTO account_operation (id, amount, description, operation_date, type, bank_account_id) VALUES (6702, 1015.84, 'ONCF Train', '2025-10-22 19:56:31', 'DEBIT', 'acc-8c1c65ff-73f5-4d0a-8199-67368fe58fd1');
INSERT INTO account_operation (id, amount, description, operation_date, type, bank_account_id) VALUES (6703, 4175.77, 'Freelance Payment', '2026-05-18 19:56:31', 'CREDIT', 'acc-8c1c65ff-73f5-4d0a-8199-67368fe58fd1');
INSERT INTO account_operation (id, amount, description, operation_date, type, bank_account_id) VALUES (6704, 11222.29, 'Freelance Payment', '2026-04-19 19:56:31', 'CREDIT', 'acc-8c1c65ff-73f5-4d0a-8199-67368fe58fd1');
INSERT INTO account_operation (id, amount, description, operation_date, type, bank_account_id) VALUES (6705, 187.08, 'ONEE Electricity', '2025-09-27 19:56:31', 'DEBIT', 'acc-8c1c65ff-73f5-4d0a-8199-67368fe58fd1');
INSERT INTO account_operation (id, amount, description, operation_date, type, bank_account_id) VALUES (6706, 162.71, 'Restaurant', '2026-01-06 19:56:31', 'DEBIT', 'acc-8c1c65ff-73f5-4d0a-8199-67368fe58fd1');
INSERT INTO account_operation (id, amount, description, operation_date, type, bank_account_id) VALUES (6707, 1437.27, 'Decathlon', '2025-12-21 19:56:31', 'DEBIT', 'acc-8c1c65ff-73f5-4d0a-8199-67368fe58fd1');
INSERT INTO account_operation (id, amount, description, operation_date, type, bank_account_id) VALUES (6708, 3458.0, 'Cash Deposit', '2026-02-24 19:56:31', 'CREDIT', 'acc-8c1c65ff-73f5-4d0a-8199-67368fe58fd1');
INSERT INTO account_operation (id, amount, description, operation_date, type, bank_account_id) VALUES (6709, 601.28, 'Inwi', '2025-09-28 19:56:31', 'DEBIT', 'acc-8c1c65ff-73f5-4d0a-8199-67368fe58fd1');
INSERT INTO account_operation (id, amount, description, operation_date, type, bank_account_id) VALUES (6710, 5647.24, 'Salary Deposit', '2026-01-20 19:56:31', 'CREDIT', 'acc-8c1c65ff-73f5-4d0a-8199-67368fe58fd1');
INSERT INTO account_operation (id, amount, description, operation_date, type, bank_account_id) VALUES (6711, 219.83, 'Pharmacy', '2026-03-03 19:56:31', 'DEBIT', 'acc-8c1c65ff-73f5-4d0a-8199-67368fe58fd1');
INSERT INTO account_operation (id, amount, description, operation_date, type, bank_account_id) VALUES (6712, 11004.77, 'Freelance Payment', '2026-01-11 19:56:31', 'CREDIT', 'acc-8c1c65ff-73f5-4d0a-8199-67368fe58fd1');
INSERT INTO account_operation (id, amount, description, operation_date, type, bank_account_id) VALUES (6713, 2616.36, 'Dividend Payout', '2026-01-20 19:56:31', 'CREDIT', 'acc-8c1c65ff-73f5-4d0a-8199-67368fe58fd1');
INSERT INTO account_operation (id, amount, description, operation_date, type, bank_account_id) VALUES (6714, 9153.55, 'Transfer Received', '2025-11-28 19:56:31', 'CREDIT', 'acc-8c1c65ff-73f5-4d0a-8199-67368fe58fd1');
INSERT INTO account_operation (id, amount, description, operation_date, type, bank_account_id) VALUES (6715, 1239.75, 'Netflix Subscription', '2025-11-26 19:56:31', 'DEBIT', 'acc-8c1c65ff-73f5-4d0a-8199-67368fe58fd1');
INSERT INTO account_operation (id, amount, description, operation_date, type, bank_account_id) VALUES (6716, 1941.96, 'Pharmacy', '2026-03-07 19:56:31', 'DEBIT', 'acc-8c1c65ff-73f5-4d0a-8199-67368fe58fd1');
INSERT INTO account_operation (id, amount, description, operation_date, type, bank_account_id) VALUES (6717, 1642.38, 'Inwi', '2026-05-02 19:56:31', 'DEBIT', 'acc-8c1c65ff-73f5-4d0a-8199-67368fe58fd1');
INSERT INTO account_operation (id, amount, description, operation_date, type, bank_account_id) VALUES (6718, 9955.79, 'Dividend Payout', '2025-11-08 19:56:31', 'CREDIT', 'acc-8c1c65ff-73f5-4d0a-8199-67368fe58fd1');

INSERT INTO customer (id, name, email) VALUES (116, 'Imane El Fassi', 'imane.el fassi@gmail.com');
INSERT INTO bank_account (id, type, balance, created_at, customer_id, over_draft, interest_rate) VALUES ('acc-d713abd1-bebb-44d7-8bc3-cff38caee8f8', 'CURR', 34815.86, '2026-04-19 19:56:31', 116, 2643.62, NULL);
INSERT INTO account_operation (id, amount, description, operation_date, type, bank_account_id) VALUES (6719, 24510.59, 'Initial Account Funding', '2026-04-19 19:56:31', 'CREDIT', 'acc-d713abd1-bebb-44d7-8bc3-cff38caee8f8');
INSERT INTO account_operation (id, amount, description, operation_date, type, bank_account_id) VALUES (6720, 1805.39, 'LC Waikiki', '2026-05-31 19:56:31', 'DEBIT', 'acc-d713abd1-bebb-44d7-8bc3-cff38caee8f8');
INSERT INTO account_operation (id, amount, description, operation_date, type, bank_account_id) VALUES (6721, 211.97, 'Pharmacy', '2026-06-10 19:56:31', 'DEBIT', 'acc-d713abd1-bebb-44d7-8bc3-cff38caee8f8');
INSERT INTO account_operation (id, amount, description, operation_date, type, bank_account_id) VALUES (6722, 793.35, 'ONEE Electricity', '2026-05-19 19:56:31', 'DEBIT', 'acc-d713abd1-bebb-44d7-8bc3-cff38caee8f8');
INSERT INTO account_operation (id, amount, description, operation_date, type, bank_account_id) VALUES (6723, 1473.7, 'Spotify', '2026-04-21 19:56:31', 'DEBIT', 'acc-d713abd1-bebb-44d7-8bc3-cff38caee8f8');
INSERT INTO account_operation (id, amount, description, operation_date, type, bank_account_id) VALUES (6724, 1870.52, 'BIM Store', '2026-06-06 19:56:31', 'DEBIT', 'acc-d713abd1-bebb-44d7-8bc3-cff38caee8f8');
INSERT INTO account_operation (id, amount, description, operation_date, type, bank_account_id) VALUES (6725, 666.55, 'Maroc Telecom', '2026-05-05 19:56:31', 'DEBIT', 'acc-d713abd1-bebb-44d7-8bc3-cff38caee8f8');
INSERT INTO account_operation (id, amount, description, operation_date, type, bank_account_id) VALUES (6726, 6939.22, 'Salary Deposit', '2026-06-16 19:56:31', 'CREDIT', 'acc-d713abd1-bebb-44d7-8bc3-cff38caee8f8');
INSERT INTO account_operation (id, amount, description, operation_date, type, bank_account_id) VALUES (6727, 252.72, 'Netflix Subscription', '2026-06-05 19:56:31', 'DEBIT', 'acc-d713abd1-bebb-44d7-8bc3-cff38caee8f8');
INSERT INTO account_operation (id, amount, description, operation_date, type, bank_account_id) VALUES (6728, 10253.56, 'Salary Deposit', '2026-04-29 19:56:31', 'CREDIT', 'acc-d713abd1-bebb-44d7-8bc3-cff38caee8f8');
INSERT INTO account_operation (id, amount, description, operation_date, type, bank_account_id) VALUES (6729, 1147.73, 'Local Cafe', '2026-04-19 19:56:31', 'DEBIT', 'acc-d713abd1-bebb-44d7-8bc3-cff38caee8f8');
INSERT INTO account_operation (id, amount, description, operation_date, type, bank_account_id) VALUES (6730, 980.67, 'Decathlon', '2026-05-10 19:56:31', 'DEBIT', 'acc-d713abd1-bebb-44d7-8bc3-cff38caee8f8');
INSERT INTO account_operation (id, amount, description, operation_date, type, bank_account_id) VALUES (6731, 1771.98, 'Restaurant', '2026-05-27 19:56:31', 'DEBIT', 'acc-d713abd1-bebb-44d7-8bc3-cff38caee8f8');
INSERT INTO account_operation (id, amount, description, operation_date, type, bank_account_id) VALUES (6732, 1783.34, 'Pharmacy', '2026-06-12 19:56:31', 'DEBIT', 'acc-d713abd1-bebb-44d7-8bc3-cff38caee8f8');
INSERT INTO account_operation (id, amount, description, operation_date, type, bank_account_id) VALUES (6733, 1792.52, 'Spotify', '2026-05-09 19:56:31', 'DEBIT', 'acc-d713abd1-bebb-44d7-8bc3-cff38caee8f8');
INSERT INTO account_operation (id, amount, description, operation_date, type, bank_account_id) VALUES (6734, 7662.93, 'Dividend Payout', '2026-05-10 19:56:31', 'CREDIT', 'acc-d713abd1-bebb-44d7-8bc3-cff38caee8f8');

INSERT INTO customer (id, name, email) VALUES (117, 'Ayoub El Idrissi', 'ayoub.el idrissi@gmail.com');
INSERT INTO bank_account (id, type, balance, created_at, customer_id, over_draft, interest_rate) VALUES ('acc-429c848f-5abb-41fe-b285-cfaecb1153a5', 'SAVE', 98160.38, '2025-12-14 19:56:31', 117, NULL, 2.18);
INSERT INTO account_operation (id, amount, description, operation_date, type, bank_account_id) VALUES (6735, 29001.98, 'Initial Account Funding', '2025-12-14 19:56:31', 'CREDIT', 'acc-429c848f-5abb-41fe-b285-cfaecb1153a5');
INSERT INTO account_operation (id, amount, description, operation_date, type, bank_account_id) VALUES (6736, 1392.39, 'Netflix Subscription', '2026-05-14 19:56:31', 'DEBIT', 'acc-429c848f-5abb-41fe-b285-cfaecb1153a5');
INSERT INTO account_operation (id, amount, description, operation_date, type, bank_account_id) VALUES (6737, 918.15, 'Amendis', '2026-05-20 19:56:31', 'DEBIT', 'acc-429c848f-5abb-41fe-b285-cfaecb1153a5');
INSERT INTO account_operation (id, amount, description, operation_date, type, bank_account_id) VALUES (6738, 963.57, 'Netflix Subscription', '2026-03-15 19:56:31', 'DEBIT', 'acc-429c848f-5abb-41fe-b285-cfaecb1153a5');
INSERT INTO account_operation (id, amount, description, operation_date, type, bank_account_id) VALUES (6739, 7217.62, 'Dividend Payout', '2026-04-04 19:56:31', 'CREDIT', 'acc-429c848f-5abb-41fe-b285-cfaecb1153a5');
INSERT INTO account_operation (id, amount, description, operation_date, type, bank_account_id) VALUES (6740, 5297.09, 'Freelance Payment', '2026-03-27 19:56:31', 'CREDIT', 'acc-429c848f-5abb-41fe-b285-cfaecb1153a5');
INSERT INTO account_operation (id, amount, description, operation_date, type, bank_account_id) VALUES (6741, 7856.12, 'Transfer Received', '2026-05-07 19:56:31', 'CREDIT', 'acc-429c848f-5abb-41fe-b285-cfaecb1153a5');
INSERT INTO account_operation (id, amount, description, operation_date, type, bank_account_id) VALUES (6742, 14271.5, 'Dividend Payout', '2026-02-26 19:56:31', 'CREDIT', 'acc-429c848f-5abb-41fe-b285-cfaecb1153a5');
INSERT INTO account_operation (id, amount, description, operation_date, type, bank_account_id) VALUES (6743, 1623.98, 'Netflix Subscription', '2026-04-25 19:56:31', 'DEBIT', 'acc-429c848f-5abb-41fe-b285-cfaecb1153a5');
INSERT INTO account_operation (id, amount, description, operation_date, type, bank_account_id) VALUES (6744, 1037.22, 'LC Waikiki', '2026-03-10 19:56:31', 'DEBIT', 'acc-429c848f-5abb-41fe-b285-cfaecb1153a5');
INSERT INTO account_operation (id, amount, description, operation_date, type, bank_account_id) VALUES (6745, 1428.77, 'Decathlon', '2026-05-11 19:56:31', 'DEBIT', 'acc-429c848f-5abb-41fe-b285-cfaecb1153a5');
INSERT INTO account_operation (id, amount, description, operation_date, type, bank_account_id) VALUES (6746, 1255.25, 'ONEE Electricity', '2025-12-28 19:56:31', 'DEBIT', 'acc-429c848f-5abb-41fe-b285-cfaecb1153a5');
INSERT INTO account_operation (id, amount, description, operation_date, type, bank_account_id) VALUES (6747, 1342.85, 'ONEE Electricity', '2026-02-14 19:56:31', 'DEBIT', 'acc-429c848f-5abb-41fe-b285-cfaecb1153a5');
INSERT INTO account_operation (id, amount, description, operation_date, type, bank_account_id) VALUES (6748, 64.36, 'Decathlon', '2026-05-25 19:56:31', 'DEBIT', 'acc-429c848f-5abb-41fe-b285-cfaecb1153a5');
INSERT INTO account_operation (id, amount, description, operation_date, type, bank_account_id) VALUES (6749, 1188.12, 'ONEE Electricity', '2026-04-01 19:56:31', 'DEBIT', 'acc-429c848f-5abb-41fe-b285-cfaecb1153a5');
INSERT INTO account_operation (id, amount, description, operation_date, type, bank_account_id) VALUES (6750, 1642.03, 'Local Cafe', '2026-04-29 19:56:31', 'DEBIT', 'acc-429c848f-5abb-41fe-b285-cfaecb1153a5');
INSERT INTO account_operation (id, amount, description, operation_date, type, bank_account_id) VALUES (6751, 7365.1, 'Salary Deposit', '2026-01-05 19:56:31', 'CREDIT', 'acc-429c848f-5abb-41fe-b285-cfaecb1153a5');
INSERT INTO account_operation (id, amount, description, operation_date, type, bank_account_id) VALUES (6752, 1439.65, 'Redal', '2026-06-28 19:56:31', 'DEBIT', 'acc-429c848f-5abb-41fe-b285-cfaecb1153a5');
INSERT INTO account_operation (id, amount, description, operation_date, type, bank_account_id) VALUES (6753, 12419.78, 'Cash Deposit', '2026-03-05 19:56:31', 'CREDIT', 'acc-429c848f-5abb-41fe-b285-cfaecb1153a5');
INSERT INTO account_operation (id, amount, description, operation_date, type, bank_account_id) VALUES (6754, 13958.58, 'Freelance Payment', '2026-04-18 19:56:31', 'CREDIT', 'acc-429c848f-5abb-41fe-b285-cfaecb1153a5');
INSERT INTO account_operation (id, amount, description, operation_date, type, bank_account_id) VALUES (6755, 1455.93, 'Marjane Supermarket', '2026-06-01 19:56:31', 'DEBIT', 'acc-429c848f-5abb-41fe-b285-cfaecb1153a5');
INSERT INTO account_operation (id, amount, description, operation_date, type, bank_account_id) VALUES (6756, 3686.65, 'Dividend Payout', '2026-03-15 19:56:31', 'CREDIT', 'acc-429c848f-5abb-41fe-b285-cfaecb1153a5');
INSERT INTO account_operation (id, amount, description, operation_date, type, bank_account_id) VALUES (6757, 3620.11, 'Salary Deposit', '2026-01-03 19:56:31', 'CREDIT', 'acc-429c848f-5abb-41fe-b285-cfaecb1153a5');
INSERT INTO account_operation (id, amount, description, operation_date, type, bank_account_id) VALUES (6758, 1793.05, 'Carrefour', '2026-04-09 19:56:31', 'DEBIT', 'acc-429c848f-5abb-41fe-b285-cfaecb1153a5');
INSERT INTO account_operation (id, amount, description, operation_date, type, bank_account_id) VALUES (6759, 148.58, 'Orange', '2026-04-12 19:56:31', 'DEBIT', 'acc-429c848f-5abb-41fe-b285-cfaecb1153a5');
INSERT INTO account_operation (id, amount, description, operation_date, type, bank_account_id) VALUES (6760, 1963.19, 'Spotify', '2026-04-19 19:56:31', 'DEBIT', 'acc-429c848f-5abb-41fe-b285-cfaecb1153a5');
INSERT INTO account_operation (id, amount, description, operation_date, type, bank_account_id) VALUES (6761, 523.53, 'Zara', '2026-05-01 19:56:31', 'DEBIT', 'acc-429c848f-5abb-41fe-b285-cfaecb1153a5');
INSERT INTO account_operation (id, amount, description, operation_date, type, bank_account_id) VALUES (6762, 1334.87, 'ONEE Electricity', '2026-03-25 19:56:31', 'DEBIT', 'acc-429c848f-5abb-41fe-b285-cfaecb1153a5');
INSERT INTO account_operation (id, amount, description, operation_date, type, bank_account_id) VALUES (6763, 45.28, 'Orange', '2026-02-19 19:56:31', 'DEBIT', 'acc-429c848f-5abb-41fe-b285-cfaecb1153a5');
INSERT INTO account_operation (id, amount, description, operation_date, type, bank_account_id) VALUES (6764, 11417.22, 'Cash Deposit', '2025-12-16 19:56:31', 'CREDIT', 'acc-429c848f-5abb-41fe-b285-cfaecb1153a5');
INSERT INTO account_operation (id, amount, description, operation_date, type, bank_account_id) VALUES (6765, 2067.64, 'Dividend Payout', '2026-01-27 19:56:31', 'CREDIT', 'acc-429c848f-5abb-41fe-b285-cfaecb1153a5');
INSERT INTO account_operation (id, amount, description, operation_date, type, bank_account_id) VALUES (6766, 1541.76, 'Freelance Payment', '2026-04-03 19:56:31', 'CREDIT', 'acc-429c848f-5abb-41fe-b285-cfaecb1153a5');
INSERT INTO bank_account (id, type, balance, created_at, customer_id, over_draft, interest_rate) VALUES ('acc-01666c70-b726-48bf-9f2e-6c4f64610e41', 'SAVE', 100832.53, '2025-09-25 19:56:31', 117, NULL, 4.89);
INSERT INTO account_operation (id, amount, description, operation_date, type, bank_account_id) VALUES (6767, 43636.82, 'Initial Account Funding', '2025-09-25 19:56:31', 'CREDIT', 'acc-01666c70-b726-48bf-9f2e-6c4f64610e41');
INSERT INTO account_operation (id, amount, description, operation_date, type, bank_account_id) VALUES (6768, 720.12, 'Local Cafe', '2026-01-29 19:56:31', 'DEBIT', 'acc-01666c70-b726-48bf-9f2e-6c4f64610e41');
INSERT INTO account_operation (id, amount, description, operation_date, type, bank_account_id) VALUES (6769, 14149.43, 'Dividend Payout', '2026-05-02 19:56:31', 'CREDIT', 'acc-01666c70-b726-48bf-9f2e-6c4f64610e41');
INSERT INTO account_operation (id, amount, description, operation_date, type, bank_account_id) VALUES (6770, 1306.7, 'Marjane Supermarket', '2026-05-13 19:56:31', 'DEBIT', 'acc-01666c70-b726-48bf-9f2e-6c4f64610e41');
INSERT INTO account_operation (id, amount, description, operation_date, type, bank_account_id) VALUES (6771, 564.18, 'Marjane Supermarket', '2026-03-18 19:56:31', 'DEBIT', 'acc-01666c70-b726-48bf-9f2e-6c4f64610e41');
INSERT INTO account_operation (id, amount, description, operation_date, type, bank_account_id) VALUES (6772, 1428.69, 'ONCF Train', '2026-05-27 19:56:31', 'DEBIT', 'acc-01666c70-b726-48bf-9f2e-6c4f64610e41');
INSERT INTO account_operation (id, amount, description, operation_date, type, bank_account_id) VALUES (6773, 469.0, 'Orange', '2026-03-03 19:56:31', 'DEBIT', 'acc-01666c70-b726-48bf-9f2e-6c4f64610e41');
INSERT INTO account_operation (id, amount, description, operation_date, type, bank_account_id) VALUES (6774, 11401.53, 'Cash Deposit', '2026-04-20 19:56:31', 'CREDIT', 'acc-01666c70-b726-48bf-9f2e-6c4f64610e41');
INSERT INTO account_operation (id, amount, description, operation_date, type, bank_account_id) VALUES (6775, 11815.65, 'Cash Deposit', '2026-06-03 19:56:31', 'CREDIT', 'acc-01666c70-b726-48bf-9f2e-6c4f64610e41');
INSERT INTO account_operation (id, amount, description, operation_date, type, bank_account_id) VALUES (6776, 1193.41, 'Orange', '2026-04-30 19:56:31', 'DEBIT', 'acc-01666c70-b726-48bf-9f2e-6c4f64610e41');
INSERT INTO account_operation (id, amount, description, operation_date, type, bank_account_id) VALUES (6777, 1854.55, 'Marjane Supermarket', '2026-04-21 19:56:31', 'DEBIT', 'acc-01666c70-b726-48bf-9f2e-6c4f64610e41');
INSERT INTO account_operation (id, amount, description, operation_date, type, bank_account_id) VALUES (6778, 1724.1, 'ONEE Electricity', '2026-01-05 19:56:31', 'DEBIT', 'acc-01666c70-b726-48bf-9f2e-6c4f64610e41');
INSERT INTO account_operation (id, amount, description, operation_date, type, bank_account_id) VALUES (6779, 1548.66, 'Local Cafe', '2026-02-18 19:56:31', 'DEBIT', 'acc-01666c70-b726-48bf-9f2e-6c4f64610e41');
INSERT INTO account_operation (id, amount, description, operation_date, type, bank_account_id) VALUES (6780, 1759.74, 'CTM Bus', '2026-04-30 19:56:31', 'DEBIT', 'acc-01666c70-b726-48bf-9f2e-6c4f64610e41');
INSERT INTO account_operation (id, amount, description, operation_date, type, bank_account_id) VALUES (6781, 14474.07, 'Dividend Payout', '2026-06-28 19:56:31', 'CREDIT', 'acc-01666c70-b726-48bf-9f2e-6c4f64610e41');
INSERT INTO account_operation (id, amount, description, operation_date, type, bank_account_id) VALUES (6782, 1310.35, 'Carrefour', '2026-05-29 19:56:31', 'DEBIT', 'acc-01666c70-b726-48bf-9f2e-6c4f64610e41');
INSERT INTO account_operation (id, amount, description, operation_date, type, bank_account_id) VALUES (6783, 1673.62, 'Restaurant', '2025-11-20 19:56:31', 'DEBIT', 'acc-01666c70-b726-48bf-9f2e-6c4f64610e41');
INSERT INTO account_operation (id, amount, description, operation_date, type, bank_account_id) VALUES (6784, 2029.87, 'Cash Deposit', '2026-02-27 19:56:31', 'CREDIT', 'acc-01666c70-b726-48bf-9f2e-6c4f64610e41');
INSERT INTO account_operation (id, amount, description, operation_date, type, bank_account_id) VALUES (6785, 803.86, 'Netflix Subscription', '2026-01-06 19:56:31', 'DEBIT', 'acc-01666c70-b726-48bf-9f2e-6c4f64610e41');
INSERT INTO account_operation (id, amount, description, operation_date, type, bank_account_id) VALUES (6786, 1145.08, 'Carrefour', '2026-01-05 19:56:31', 'DEBIT', 'acc-01666c70-b726-48bf-9f2e-6c4f64610e41');
INSERT INTO account_operation (id, amount, description, operation_date, type, bank_account_id) VALUES (6787, 1322.56, 'Orange', '2026-06-15 19:56:31', 'DEBIT', 'acc-01666c70-b726-48bf-9f2e-6c4f64610e41');
INSERT INTO account_operation (id, amount, description, operation_date, type, bank_account_id) VALUES (6788, 480.36, 'Maroc Telecom', '2026-04-02 19:56:31', 'DEBIT', 'acc-01666c70-b726-48bf-9f2e-6c4f64610e41');
INSERT INTO account_operation (id, amount, description, operation_date, type, bank_account_id) VALUES (6789, 855.62, 'CTM Bus', '2026-05-14 19:56:31', 'DEBIT', 'acc-01666c70-b726-48bf-9f2e-6c4f64610e41');
INSERT INTO account_operation (id, amount, description, operation_date, type, bank_account_id) VALUES (6790, 337.33, 'Maroc Telecom', '2025-11-16 19:56:31', 'DEBIT', 'acc-01666c70-b726-48bf-9f2e-6c4f64610e41');
INSERT INTO account_operation (id, amount, description, operation_date, type, bank_account_id) VALUES (6791, 488.31, 'Maroc Telecom', '2025-11-26 19:56:31', 'DEBIT', 'acc-01666c70-b726-48bf-9f2e-6c4f64610e41');
INSERT INTO account_operation (id, amount, description, operation_date, type, bank_account_id) VALUES (6792, 10722.9, 'Freelance Payment', '2025-11-24 19:56:31', 'CREDIT', 'acc-01666c70-b726-48bf-9f2e-6c4f64610e41');
INSERT INTO account_operation (id, amount, description, operation_date, type, bank_account_id) VALUES (6793, 1627.27, 'Netflix Subscription', '2025-11-22 19:56:31', 'DEBIT', 'acc-01666c70-b726-48bf-9f2e-6c4f64610e41');
INSERT INTO account_operation (id, amount, description, operation_date, type, bank_account_id) VALUES (6794, 1172.33, 'Inwi', '2026-01-10 19:56:31', 'DEBIT', 'acc-01666c70-b726-48bf-9f2e-6c4f64610e41');
INSERT INTO account_operation (id, amount, description, operation_date, type, bank_account_id) VALUES (6795, 628.61, 'Carrefour', '2026-03-19 19:56:31', 'DEBIT', 'acc-01666c70-b726-48bf-9f2e-6c4f64610e41');
INSERT INTO account_operation (id, amount, description, operation_date, type, bank_account_id) VALUES (6796, 6475.59, 'Freelance Payment', '2026-01-09 19:56:31', 'CREDIT', 'acc-01666c70-b726-48bf-9f2e-6c4f64610e41');
INSERT INTO account_operation (id, amount, description, operation_date, type, bank_account_id) VALUES (6797, 1016.14, 'CTM Bus', '2026-06-21 19:56:31', 'DEBIT', 'acc-01666c70-b726-48bf-9f2e-6c4f64610e41');
INSERT INTO account_operation (id, amount, description, operation_date, type, bank_account_id) VALUES (6798, 1575.84, 'BIM Store', '2025-11-29 19:56:31', 'DEBIT', 'acc-01666c70-b726-48bf-9f2e-6c4f64610e41');
INSERT INTO account_operation (id, amount, description, operation_date, type, bank_account_id) VALUES (6799, 8757.19, 'Cash Deposit', '2026-06-23 19:56:31', 'CREDIT', 'acc-01666c70-b726-48bf-9f2e-6c4f64610e41');
INSERT INTO account_operation (id, amount, description, operation_date, type, bank_account_id) VALUES (6800, 1326.14, 'Redal', '2025-09-25 19:56:31', 'DEBIT', 'acc-01666c70-b726-48bf-9f2e-6c4f64610e41');
INSERT INTO account_operation (id, amount, description, operation_date, type, bank_account_id) VALUES (6801, 1577.52, 'Marjane Supermarket', '2026-06-24 19:56:31', 'DEBIT', 'acc-01666c70-b726-48bf-9f2e-6c4f64610e41');
INSERT INTO account_operation (id, amount, description, operation_date, type, bank_account_id) VALUES (6802, 1586.75, 'Pharmacy', '2026-01-16 19:56:31', 'DEBIT', 'acc-01666c70-b726-48bf-9f2e-6c4f64610e41');
INSERT INTO account_operation (id, amount, description, operation_date, type, bank_account_id) VALUES (6803, 1517.39, 'Orange', '2026-01-15 19:56:31', 'DEBIT', 'acc-01666c70-b726-48bf-9f2e-6c4f64610e41');
INSERT INTO account_operation (id, amount, description, operation_date, type, bank_account_id) VALUES (6804, 934.37, 'Inwi', '2026-06-13 19:56:31', 'DEBIT', 'acc-01666c70-b726-48bf-9f2e-6c4f64610e41');
INSERT INTO account_operation (id, amount, description, operation_date, type, bank_account_id) VALUES (6805, 37.44, 'Redal', '2025-11-24 19:56:31', 'DEBIT', 'acc-01666c70-b726-48bf-9f2e-6c4f64610e41');
INSERT INTO account_operation (id, amount, description, operation_date, type, bank_account_id) VALUES (6806, 3466.37, 'Dividend Payout', '2025-10-14 19:56:31', 'CREDIT', 'acc-01666c70-b726-48bf-9f2e-6c4f64610e41');
INSERT INTO account_operation (id, amount, description, operation_date, type, bank_account_id) VALUES (6807, 139.37, 'Spotify', '2026-01-07 19:56:31', 'DEBIT', 'acc-01666c70-b726-48bf-9f2e-6c4f64610e41');
INSERT INTO account_operation (id, amount, description, operation_date, type, bank_account_id) VALUES (6808, 1013.79, 'Amendis', '2025-11-07 19:56:31', 'DEBIT', 'acc-01666c70-b726-48bf-9f2e-6c4f64610e41');
INSERT INTO account_operation (id, amount, description, operation_date, type, bank_account_id) VALUES (6809, 190.92, 'Maroc Telecom', '2026-02-25 19:56:31', 'DEBIT', 'acc-01666c70-b726-48bf-9f2e-6c4f64610e41');
INSERT INTO account_operation (id, amount, description, operation_date, type, bank_account_id) VALUES (6810, 12279.09, 'Freelance Payment', '2025-10-26 19:56:31', 'CREDIT', 'acc-01666c70-b726-48bf-9f2e-6c4f64610e41');
INSERT INTO account_operation (id, amount, description, operation_date, type, bank_account_id) VALUES (6811, 43.09, 'Inwi', '2025-10-03 19:56:31', 'DEBIT', 'acc-01666c70-b726-48bf-9f2e-6c4f64610e41');
INSERT INTO account_operation (id, amount, description, operation_date, type, bank_account_id) VALUES (6812, 1781.75, 'Maroc Telecom', '2026-03-19 19:56:31', 'DEBIT', 'acc-01666c70-b726-48bf-9f2e-6c4f64610e41');
INSERT INTO account_operation (id, amount, description, operation_date, type, bank_account_id) VALUES (6813, 55.39, 'Zara', '2026-05-02 19:56:31', 'DEBIT', 'acc-01666c70-b726-48bf-9f2e-6c4f64610e41');
INSERT INTO account_operation (id, amount, description, operation_date, type, bank_account_id) VALUES (6814, 1165.63, 'Spotify', '2026-06-19 19:56:31', 'DEBIT', 'acc-01666c70-b726-48bf-9f2e-6c4f64610e41');

INSERT INTO customer (id, name, email) VALUES (118, 'Tariq El Amrani', 'tariq.el amrani@gmail.com');
INSERT INTO bank_account (id, type, balance, created_at, customer_id, over_draft, interest_rate) VALUES ('acc-5e0ae576-6ee0-489f-8520-384fb783a120', 'CURR', 138483.09, '2026-03-21 19:56:31', 118, 7122.48, NULL);
INSERT INTO account_operation (id, amount, description, operation_date, type, bank_account_id) VALUES (6815, 46007.3, 'Initial Account Funding', '2026-03-21 19:56:31', 'CREDIT', 'acc-5e0ae576-6ee0-489f-8520-384fb783a120');
INSERT INTO account_operation (id, amount, description, operation_date, type, bank_account_id) VALUES (6816, 287.35, 'CTM Bus', '2026-03-27 19:56:31', 'DEBIT', 'acc-5e0ae576-6ee0-489f-8520-384fb783a120');
INSERT INTO account_operation (id, amount, description, operation_date, type, bank_account_id) VALUES (6817, 1383.34, 'Spotify', '2026-04-27 19:56:31', 'DEBIT', 'acc-5e0ae576-6ee0-489f-8520-384fb783a120');
INSERT INTO account_operation (id, amount, description, operation_date, type, bank_account_id) VALUES (6818, 1014.58, 'Carrefour', '2026-04-16 19:56:31', 'DEBIT', 'acc-5e0ae576-6ee0-489f-8520-384fb783a120');
INSERT INTO account_operation (id, amount, description, operation_date, type, bank_account_id) VALUES (6819, 132.96, 'Inwi', '2026-05-09 19:56:31', 'DEBIT', 'acc-5e0ae576-6ee0-489f-8520-384fb783a120');
INSERT INTO account_operation (id, amount, description, operation_date, type, bank_account_id) VALUES (6820, 1665.53, 'LC Waikiki', '2026-06-23 19:56:31', 'DEBIT', 'acc-5e0ae576-6ee0-489f-8520-384fb783a120');
INSERT INTO account_operation (id, amount, description, operation_date, type, bank_account_id) VALUES (6821, 833.74, 'Zara', '2026-06-24 19:56:31', 'DEBIT', 'acc-5e0ae576-6ee0-489f-8520-384fb783a120');
INSERT INTO account_operation (id, amount, description, operation_date, type, bank_account_id) VALUES (6822, 2099.73, 'Freelance Payment', '2026-03-30 19:56:31', 'CREDIT', 'acc-5e0ae576-6ee0-489f-8520-384fb783a120');
INSERT INTO account_operation (id, amount, description, operation_date, type, bank_account_id) VALUES (6823, 1318.22, 'ONEE Electricity', '2026-04-02 19:56:31', 'DEBIT', 'acc-5e0ae576-6ee0-489f-8520-384fb783a120');
INSERT INTO account_operation (id, amount, description, operation_date, type, bank_account_id) VALUES (6824, 1593.86, 'Dividend Payout', '2026-05-31 19:56:31', 'CREDIT', 'acc-5e0ae576-6ee0-489f-8520-384fb783a120');
INSERT INTO account_operation (id, amount, description, operation_date, type, bank_account_id) VALUES (6825, 639.62, 'Amendis', '2026-04-27 19:56:31', 'DEBIT', 'acc-5e0ae576-6ee0-489f-8520-384fb783a120');
INSERT INTO account_operation (id, amount, description, operation_date, type, bank_account_id) VALUES (6826, 530.27, 'Inwi', '2026-03-22 19:56:31', 'DEBIT', 'acc-5e0ae576-6ee0-489f-8520-384fb783a120');
INSERT INTO account_operation (id, amount, description, operation_date, type, bank_account_id) VALUES (6827, 131.58, 'Restaurant', '2026-03-24 19:56:31', 'DEBIT', 'acc-5e0ae576-6ee0-489f-8520-384fb783a120');
INSERT INTO account_operation (id, amount, description, operation_date, type, bank_account_id) VALUES (6828, 1202.71, 'Pharmacy', '2026-05-15 19:56:31', 'DEBIT', 'acc-5e0ae576-6ee0-489f-8520-384fb783a120');
INSERT INTO account_operation (id, amount, description, operation_date, type, bank_account_id) VALUES (6829, 10427.3, 'Transfer Received', '2026-05-16 19:56:31', 'CREDIT', 'acc-5e0ae576-6ee0-489f-8520-384fb783a120');
INSERT INTO account_operation (id, amount, description, operation_date, type, bank_account_id) VALUES (6830, 247.24, 'LC Waikiki', '2026-03-21 19:56:31', 'DEBIT', 'acc-5e0ae576-6ee0-489f-8520-384fb783a120');
INSERT INTO account_operation (id, amount, description, operation_date, type, bank_account_id) VALUES (6831, 1960.39, 'Restaurant', '2026-05-18 19:56:31', 'DEBIT', 'acc-5e0ae576-6ee0-489f-8520-384fb783a120');
INSERT INTO account_operation (id, amount, description, operation_date, type, bank_account_id) VALUES (6832, 956.72, 'Spotify', '2026-06-25 19:56:31', 'DEBIT', 'acc-5e0ae576-6ee0-489f-8520-384fb783a120');
INSERT INTO account_operation (id, amount, description, operation_date, type, bank_account_id) VALUES (6833, 1052.47, 'Local Cafe', '2026-04-25 19:56:31', 'DEBIT', 'acc-5e0ae576-6ee0-489f-8520-384fb783a120');
INSERT INTO account_operation (id, amount, description, operation_date, type, bank_account_id) VALUES (6834, 7415.37, 'Dividend Payout', '2026-04-04 19:56:31', 'CREDIT', 'acc-5e0ae576-6ee0-489f-8520-384fb783a120');
INSERT INTO account_operation (id, amount, description, operation_date, type, bank_account_id) VALUES (6835, 2785.84, 'Cash Deposit', '2026-04-15 19:56:31', 'CREDIT', 'acc-5e0ae576-6ee0-489f-8520-384fb783a120');
INSERT INTO account_operation (id, amount, description, operation_date, type, bank_account_id) VALUES (6836, 10872.29, 'Freelance Payment', '2026-05-03 19:56:31', 'CREDIT', 'acc-5e0ae576-6ee0-489f-8520-384fb783a120');
INSERT INTO account_operation (id, amount, description, operation_date, type, bank_account_id) VALUES (6837, 1423.43, 'Marjane Supermarket', '2026-06-10 19:56:31', 'DEBIT', 'acc-5e0ae576-6ee0-489f-8520-384fb783a120');
INSERT INTO account_operation (id, amount, description, operation_date, type, bank_account_id) VALUES (6838, 7077.26, 'Salary Deposit', '2026-05-03 19:56:31', 'CREDIT', 'acc-5e0ae576-6ee0-489f-8520-384fb783a120');
INSERT INTO account_operation (id, amount, description, operation_date, type, bank_account_id) VALUES (6839, 1348.39, 'Inwi', '2026-06-23 19:56:31', 'DEBIT', 'acc-5e0ae576-6ee0-489f-8520-384fb783a120');
INSERT INTO account_operation (id, amount, description, operation_date, type, bank_account_id) VALUES (6840, 3828.01, 'Transfer Received', '2026-03-29 19:56:31', 'CREDIT', 'acc-5e0ae576-6ee0-489f-8520-384fb783a120');
INSERT INTO account_operation (id, amount, description, operation_date, type, bank_account_id) VALUES (6841, 419.48, 'Carrefour', '2026-04-06 19:56:31', 'DEBIT', 'acc-5e0ae576-6ee0-489f-8520-384fb783a120');
INSERT INTO account_operation (id, amount, description, operation_date, type, bank_account_id) VALUES (6842, 2710.73, 'Cash Deposit', '2026-05-18 19:56:31', 'CREDIT', 'acc-5e0ae576-6ee0-489f-8520-384fb783a120');
INSERT INTO account_operation (id, amount, description, operation_date, type, bank_account_id) VALUES (6843, 883.17, 'Inwi', '2026-06-04 19:56:31', 'DEBIT', 'acc-5e0ae576-6ee0-489f-8520-384fb783a120');
INSERT INTO account_operation (id, amount, description, operation_date, type, bank_account_id) VALUES (6844, 931.02, 'BIM Store', '2026-03-28 19:56:31', 'DEBIT', 'acc-5e0ae576-6ee0-489f-8520-384fb783a120');
INSERT INTO account_operation (id, amount, description, operation_date, type, bank_account_id) VALUES (6845, 4738.42, 'Transfer Received', '2026-06-21 19:56:31', 'CREDIT', 'acc-5e0ae576-6ee0-489f-8520-384fb783a120');
INSERT INTO account_operation (id, amount, description, operation_date, type, bank_account_id) VALUES (6846, 9697.99, 'Salary Deposit', '2026-06-28 19:56:31', 'CREDIT', 'acc-5e0ae576-6ee0-489f-8520-384fb783a120');
INSERT INTO account_operation (id, amount, description, operation_date, type, bank_account_id) VALUES (6847, 2289.01, 'Freelance Payment', '2026-06-10 19:56:31', 'CREDIT', 'acc-5e0ae576-6ee0-489f-8520-384fb783a120');
INSERT INTO account_operation (id, amount, description, operation_date, type, bank_account_id) VALUES (6848, 4809.51, 'Dividend Payout', '2026-05-17 19:56:31', 'CREDIT', 'acc-5e0ae576-6ee0-489f-8520-384fb783a120');
INSERT INTO account_operation (id, amount, description, operation_date, type, bank_account_id) VALUES (6849, 763.44, 'Local Cafe', '2026-04-08 19:56:31', 'DEBIT', 'acc-5e0ae576-6ee0-489f-8520-384fb783a120');
INSERT INTO account_operation (id, amount, description, operation_date, type, bank_account_id) VALUES (6850, 13979.2, 'Salary Deposit', '2026-03-26 19:56:31', 'CREDIT', 'acc-5e0ae576-6ee0-489f-8520-384fb783a120');
INSERT INTO account_operation (id, amount, description, operation_date, type, bank_account_id) VALUES (6851, 731.16, 'Marjane Supermarket', '2026-04-02 19:56:31', 'DEBIT', 'acc-5e0ae576-6ee0-489f-8520-384fb783a120');
INSERT INTO account_operation (id, amount, description, operation_date, type, bank_account_id) VALUES (6852, 11005.28, 'Transfer Received', '2026-04-03 19:56:31', 'CREDIT', 'acc-5e0ae576-6ee0-489f-8520-384fb783a120');
INSERT INTO account_operation (id, amount, description, operation_date, type, bank_account_id) VALUES (6853, 1751.59, 'Maroc Telecom', '2026-06-12 19:56:31', 'DEBIT', 'acc-5e0ae576-6ee0-489f-8520-384fb783a120');
INSERT INTO account_operation (id, amount, description, operation_date, type, bank_account_id) VALUES (6854, 398.19, 'Spotify', '2026-04-12 19:56:31', 'DEBIT', 'acc-5e0ae576-6ee0-489f-8520-384fb783a120');
INSERT INTO account_operation (id, amount, description, operation_date, type, bank_account_id) VALUES (6855, 8291.52, 'Salary Deposit', '2026-04-16 19:56:31', 'CREDIT', 'acc-5e0ae576-6ee0-489f-8520-384fb783a120');
INSERT INTO account_operation (id, amount, description, operation_date, type, bank_account_id) VALUES (6856, 14853.5, 'Cash Deposit', '2026-04-11 19:56:31', 'CREDIT', 'acc-5e0ae576-6ee0-489f-8520-384fb783a120');
INSERT INTO account_operation (id, amount, description, operation_date, type, bank_account_id) VALUES (6857, 384.24, 'Netflix Subscription', '2026-05-19 19:56:31', 'DEBIT', 'acc-5e0ae576-6ee0-489f-8520-384fb783a120');
INSERT INTO account_operation (id, amount, description, operation_date, type, bank_account_id) VALUES (6858, 1833.76, 'LC Waikiki', '2026-05-09 19:56:31', 'DEBIT', 'acc-5e0ae576-6ee0-489f-8520-384fb783a120');
INSERT INTO account_operation (id, amount, description, operation_date, type, bank_account_id) VALUES (6859, 1774.44, 'Maroc Telecom', '2026-05-23 19:56:31', 'DEBIT', 'acc-5e0ae576-6ee0-489f-8520-384fb783a120');
INSERT INTO bank_account (id, type, balance, created_at, customer_id, over_draft, interest_rate) VALUES ('acc-d07ae3f5-d4e8-45aa-b2ac-49b93f92a048', 'SAVE', 88285.15, '2025-10-28 19:56:31', 118, NULL, 3.29);
INSERT INTO account_operation (id, amount, description, operation_date, type, bank_account_id) VALUES (6860, 15943.89, 'Initial Account Funding', '2025-10-28 19:56:31', 'CREDIT', 'acc-d07ae3f5-d4e8-45aa-b2ac-49b93f92a048');
INSERT INTO account_operation (id, amount, description, operation_date, type, bank_account_id) VALUES (6861, 1643.19, 'LC Waikiki', '2025-11-04 19:56:31', 'DEBIT', 'acc-d07ae3f5-d4e8-45aa-b2ac-49b93f92a048');
INSERT INTO account_operation (id, amount, description, operation_date, type, bank_account_id) VALUES (6862, 1851.71, 'Inwi', '2026-03-29 19:56:31', 'DEBIT', 'acc-d07ae3f5-d4e8-45aa-b2ac-49b93f92a048');
INSERT INTO account_operation (id, amount, description, operation_date, type, bank_account_id) VALUES (6863, 14925.51, 'Freelance Payment', '2026-01-08 19:56:31', 'CREDIT', 'acc-d07ae3f5-d4e8-45aa-b2ac-49b93f92a048');
INSERT INTO account_operation (id, amount, description, operation_date, type, bank_account_id) VALUES (6864, 176.14, 'Restaurant', '2025-11-16 19:56:31', 'DEBIT', 'acc-d07ae3f5-d4e8-45aa-b2ac-49b93f92a048');
INSERT INTO account_operation (id, amount, description, operation_date, type, bank_account_id) VALUES (6865, 110.59, 'Netflix Subscription', '2026-02-27 19:56:31', 'DEBIT', 'acc-d07ae3f5-d4e8-45aa-b2ac-49b93f92a048');
INSERT INTO account_operation (id, amount, description, operation_date, type, bank_account_id) VALUES (6866, 8590.78, 'Transfer Received', '2025-11-06 19:56:31', 'CREDIT', 'acc-d07ae3f5-d4e8-45aa-b2ac-49b93f92a048');
INSERT INTO account_operation (id, amount, description, operation_date, type, bank_account_id) VALUES (6867, 1303.03, 'Netflix Subscription', '2025-12-18 19:56:31', 'DEBIT', 'acc-d07ae3f5-d4e8-45aa-b2ac-49b93f92a048');
INSERT INTO account_operation (id, amount, description, operation_date, type, bank_account_id) VALUES (6868, 1806.59, 'Restaurant', '2026-06-24 19:56:31', 'DEBIT', 'acc-d07ae3f5-d4e8-45aa-b2ac-49b93f92a048');
INSERT INTO account_operation (id, amount, description, operation_date, type, bank_account_id) VALUES (6869, 287.51, 'LC Waikiki', '2026-02-18 19:56:31', 'DEBIT', 'acc-d07ae3f5-d4e8-45aa-b2ac-49b93f92a048');
INSERT INTO account_operation (id, amount, description, operation_date, type, bank_account_id) VALUES (6870, 1954.52, 'Marjane Supermarket', '2025-11-22 19:56:31', 'DEBIT', 'acc-d07ae3f5-d4e8-45aa-b2ac-49b93f92a048');
INSERT INTO account_operation (id, amount, description, operation_date, type, bank_account_id) VALUES (6871, 1821.57, 'LC Waikiki', '2026-06-17 19:56:31', 'DEBIT', 'acc-d07ae3f5-d4e8-45aa-b2ac-49b93f92a048');
INSERT INTO account_operation (id, amount, description, operation_date, type, bank_account_id) VALUES (6872, 7267.52, 'Freelance Payment', '2026-02-24 19:56:31', 'CREDIT', 'acc-d07ae3f5-d4e8-45aa-b2ac-49b93f92a048');
INSERT INTO account_operation (id, amount, description, operation_date, type, bank_account_id) VALUES (6873, 13591.6, 'Freelance Payment', '2026-01-05 19:56:31', 'CREDIT', 'acc-d07ae3f5-d4e8-45aa-b2ac-49b93f92a048');
INSERT INTO account_operation (id, amount, description, operation_date, type, bank_account_id) VALUES (6874, 480.31, 'ONCF Train', '2026-04-23 19:56:31', 'DEBIT', 'acc-d07ae3f5-d4e8-45aa-b2ac-49b93f92a048');
INSERT INTO account_operation (id, amount, description, operation_date, type, bank_account_id) VALUES (6875, 1529.38, 'ONEE Electricity', '2026-04-16 19:56:31', 'DEBIT', 'acc-d07ae3f5-d4e8-45aa-b2ac-49b93f92a048');
INSERT INTO account_operation (id, amount, description, operation_date, type, bank_account_id) VALUES (6876, 9821.14, 'Salary Deposit', '2026-05-30 19:56:31', 'CREDIT', 'acc-d07ae3f5-d4e8-45aa-b2ac-49b93f92a048');
INSERT INTO account_operation (id, amount, description, operation_date, type, bank_account_id) VALUES (6877, 9633.88, 'Transfer Received', '2025-12-31 19:56:31', 'CREDIT', 'acc-d07ae3f5-d4e8-45aa-b2ac-49b93f92a048');
INSERT INTO account_operation (id, amount, description, operation_date, type, bank_account_id) VALUES (6878, 1195.76, 'Marjane Supermarket', '2026-06-08 19:56:31', 'DEBIT', 'acc-d07ae3f5-d4e8-45aa-b2ac-49b93f92a048');
INSERT INTO account_operation (id, amount, description, operation_date, type, bank_account_id) VALUES (6879, 866.14, 'Netflix Subscription', '2025-11-06 19:56:31', 'DEBIT', 'acc-d07ae3f5-d4e8-45aa-b2ac-49b93f92a048');
INSERT INTO account_operation (id, amount, description, operation_date, type, bank_account_id) VALUES (6880, 7757.07, 'Dividend Payout', '2025-11-16 19:56:31', 'CREDIT', 'acc-d07ae3f5-d4e8-45aa-b2ac-49b93f92a048');
INSERT INTO account_operation (id, amount, description, operation_date, type, bank_account_id) VALUES (6881, 9425.29, 'Freelance Payment', '2026-02-18 19:56:31', 'CREDIT', 'acc-d07ae3f5-d4e8-45aa-b2ac-49b93f92a048');
INSERT INTO account_operation (id, amount, description, operation_date, type, bank_account_id) VALUES (6882, 1196.24, 'ONEE Electricity', '2026-02-14 19:56:31', 'DEBIT', 'acc-d07ae3f5-d4e8-45aa-b2ac-49b93f92a048');
INSERT INTO account_operation (id, amount, description, operation_date, type, bank_account_id) VALUES (6883, 403.64, 'Netflix Subscription', '2026-01-19 19:56:31', 'DEBIT', 'acc-d07ae3f5-d4e8-45aa-b2ac-49b93f92a048');
INSERT INTO account_operation (id, amount, description, operation_date, type, bank_account_id) VALUES (6884, 9832.33, 'Cash Deposit', '2026-06-09 19:56:31', 'CREDIT', 'acc-d07ae3f5-d4e8-45aa-b2ac-49b93f92a048');
INSERT INTO account_operation (id, amount, description, operation_date, type, bank_account_id) VALUES (6885, 1877.54, 'Netflix Subscription', '2026-05-03 19:56:31', 'DEBIT', 'acc-d07ae3f5-d4e8-45aa-b2ac-49b93f92a048');

INSERT INTO customer (id, name, email) VALUES (119, 'Khadija Tazi', 'khadija.tazi@gmail.com');
INSERT INTO bank_account (id, type, balance, created_at, customer_id, over_draft, interest_rate) VALUES ('acc-bf411447-d178-4c53-985a-7e6470d3c242', 'CURR', 40557.31, '2026-02-01 19:56:31', 119, 9854.9, NULL);
INSERT INTO account_operation (id, amount, description, operation_date, type, bank_account_id) VALUES (6886, 27118.27, 'Initial Account Funding', '2026-02-01 19:56:31', 'CREDIT', 'acc-bf411447-d178-4c53-985a-7e6470d3c242');
INSERT INTO account_operation (id, amount, description, operation_date, type, bank_account_id) VALUES (6887, 1374.91, 'Decathlon', '2026-03-25 19:56:31', 'DEBIT', 'acc-bf411447-d178-4c53-985a-7e6470d3c242');
INSERT INTO account_operation (id, amount, description, operation_date, type, bank_account_id) VALUES (6888, 306.26, 'Zara', '2026-05-04 19:56:31', 'DEBIT', 'acc-bf411447-d178-4c53-985a-7e6470d3c242');
INSERT INTO account_operation (id, amount, description, operation_date, type, bank_account_id) VALUES (6889, 722.37, 'Netflix Subscription', '2026-06-07 19:56:31', 'DEBIT', 'acc-bf411447-d178-4c53-985a-7e6470d3c242');
INSERT INTO account_operation (id, amount, description, operation_date, type, bank_account_id) VALUES (6890, 1971.46, 'ONCF Train', '2026-05-03 19:56:31', 'DEBIT', 'acc-bf411447-d178-4c53-985a-7e6470d3c242');
INSERT INTO account_operation (id, amount, description, operation_date, type, bank_account_id) VALUES (6891, 250.67, 'Orange', '2026-05-04 19:56:31', 'DEBIT', 'acc-bf411447-d178-4c53-985a-7e6470d3c242');
INSERT INTO account_operation (id, amount, description, operation_date, type, bank_account_id) VALUES (6892, 2002.6, 'Freelance Payment', '2026-04-13 19:56:31', 'CREDIT', 'acc-bf411447-d178-4c53-985a-7e6470d3c242');
INSERT INTO account_operation (id, amount, description, operation_date, type, bank_account_id) VALUES (6893, 1432.57, 'Decathlon', '2026-02-19 19:56:31', 'DEBIT', 'acc-bf411447-d178-4c53-985a-7e6470d3c242');
INSERT INTO account_operation (id, amount, description, operation_date, type, bank_account_id) VALUES (6894, 1007.95, 'LC Waikiki', '2026-02-03 19:56:31', 'DEBIT', 'acc-bf411447-d178-4c53-985a-7e6470d3c242');
INSERT INTO account_operation (id, amount, description, operation_date, type, bank_account_id) VALUES (6895, 1214.4, 'Redal', '2026-03-13 19:56:31', 'DEBIT', 'acc-bf411447-d178-4c53-985a-7e6470d3c242');
INSERT INTO account_operation (id, amount, description, operation_date, type, bank_account_id) VALUES (6896, 10441.77, 'Salary Deposit', '2026-02-28 19:56:31', 'CREDIT', 'acc-bf411447-d178-4c53-985a-7e6470d3c242');
INSERT INTO account_operation (id, amount, description, operation_date, type, bank_account_id) VALUES (6897, 1229.76, 'BIM Store', '2026-06-03 19:56:31', 'DEBIT', 'acc-bf411447-d178-4c53-985a-7e6470d3c242');
INSERT INTO account_operation (id, amount, description, operation_date, type, bank_account_id) VALUES (6898, 1671.55, 'ONCF Train', '2026-03-22 19:56:31', 'DEBIT', 'acc-bf411447-d178-4c53-985a-7e6470d3c242');
INSERT INTO account_operation (id, amount, description, operation_date, type, bank_account_id) VALUES (6899, 10579.37, 'Freelance Payment', '2026-04-22 19:56:31', 'CREDIT', 'acc-bf411447-d178-4c53-985a-7e6470d3c242');
INSERT INTO account_operation (id, amount, description, operation_date, type, bank_account_id) VALUES (6900, 1330.65, 'Decathlon', '2026-06-18 19:56:31', 'DEBIT', 'acc-bf411447-d178-4c53-985a-7e6470d3c242');
INSERT INTO account_operation (id, amount, description, operation_date, type, bank_account_id) VALUES (6901, 1574.14, 'Maroc Telecom', '2026-02-24 19:56:31', 'DEBIT', 'acc-bf411447-d178-4c53-985a-7e6470d3c242');
INSERT INTO account_operation (id, amount, description, operation_date, type, bank_account_id) VALUES (6902, 4026.93, 'Salary Deposit', '2026-04-08 19:56:31', 'CREDIT', 'acc-bf411447-d178-4c53-985a-7e6470d3c242');
INSERT INTO account_operation (id, amount, description, operation_date, type, bank_account_id) VALUES (6903, 1563.94, 'Orange', '2026-06-20 19:56:31', 'DEBIT', 'acc-bf411447-d178-4c53-985a-7e6470d3c242');
INSERT INTO account_operation (id, amount, description, operation_date, type, bank_account_id) VALUES (6904, 1719.57, 'Spotify', '2026-03-05 19:56:31', 'DEBIT', 'acc-bf411447-d178-4c53-985a-7e6470d3c242');
INSERT INTO account_operation (id, amount, description, operation_date, type, bank_account_id) VALUES (6905, 1680.18, 'Zara', '2026-03-17 19:56:31', 'DEBIT', 'acc-bf411447-d178-4c53-985a-7e6470d3c242');
INSERT INTO account_operation (id, amount, description, operation_date, type, bank_account_id) VALUES (6906, 1177.32, 'Pharmacy', '2026-02-24 19:56:31', 'DEBIT', 'acc-bf411447-d178-4c53-985a-7e6470d3c242');
INSERT INTO account_operation (id, amount, description, operation_date, type, bank_account_id) VALUES (6907, 1133.93, 'Carrefour', '2026-02-22 19:56:31', 'DEBIT', 'acc-bf411447-d178-4c53-985a-7e6470d3c242');
INSERT INTO account_operation (id, amount, description, operation_date, type, bank_account_id) VALUES (6908, 3102.73, 'Cash Deposit', '2026-04-11 19:56:31', 'CREDIT', 'acc-bf411447-d178-4c53-985a-7e6470d3c242');
INSERT INTO account_operation (id, amount, description, operation_date, type, bank_account_id) VALUES (6909, 29.77, 'Restaurant', '2026-06-01 19:56:31', 'DEBIT', 'acc-bf411447-d178-4c53-985a-7e6470d3c242');
INSERT INTO account_operation (id, amount, description, operation_date, type, bank_account_id) VALUES (6910, 1454.17, 'LC Waikiki', '2026-03-22 19:56:31', 'DEBIT', 'acc-bf411447-d178-4c53-985a-7e6470d3c242');
INSERT INTO account_operation (id, amount, description, operation_date, type, bank_account_id) VALUES (6911, 545.34, 'Redal', '2026-04-20 19:56:31', 'DEBIT', 'acc-bf411447-d178-4c53-985a-7e6470d3c242');
INSERT INTO account_operation (id, amount, description, operation_date, type, bank_account_id) VALUES (6912, 919.61, 'Restaurant', '2026-03-03 19:56:31', 'DEBIT', 'acc-bf411447-d178-4c53-985a-7e6470d3c242');
INSERT INTO account_operation (id, amount, description, operation_date, type, bank_account_id) VALUES (6913, 118.21, 'Maroc Telecom', '2026-05-12 19:56:31', 'DEBIT', 'acc-bf411447-d178-4c53-985a-7e6470d3c242');
INSERT INTO account_operation (id, amount, description, operation_date, type, bank_account_id) VALUES (6914, 7714.37, 'Dividend Payout', '2026-03-03 19:56:31', 'CREDIT', 'acc-bf411447-d178-4c53-985a-7e6470d3c242');
INSERT INTO bank_account (id, type, balance, created_at, customer_id, over_draft, interest_rate) VALUES ('acc-528c1690-93b0-410f-95a9-85712ac440e5', 'CURR', 22528.12, '2025-08-30 19:56:31', 119, 2513.66, NULL);
INSERT INTO account_operation (id, amount, description, operation_date, type, bank_account_id) VALUES (6915, 12311.36, 'Initial Account Funding', '2025-08-30 19:56:31', 'CREDIT', 'acc-528c1690-93b0-410f-95a9-85712ac440e5');
INSERT INTO account_operation (id, amount, description, operation_date, type, bank_account_id) VALUES (6916, 172.48, 'Carrefour', '2025-11-16 19:56:31', 'DEBIT', 'acc-528c1690-93b0-410f-95a9-85712ac440e5');
INSERT INTO account_operation (id, amount, description, operation_date, type, bank_account_id) VALUES (6917, 6644.23, 'Cash Deposit', '2026-04-03 19:56:31', 'CREDIT', 'acc-528c1690-93b0-410f-95a9-85712ac440e5');
INSERT INTO account_operation (id, amount, description, operation_date, type, bank_account_id) VALUES (6918, 1102.51, 'Inwi', '2026-05-20 19:56:31', 'DEBIT', 'acc-528c1690-93b0-410f-95a9-85712ac440e5');
INSERT INTO account_operation (id, amount, description, operation_date, type, bank_account_id) VALUES (6919, 898.23, 'Amendis', '2025-12-01 19:56:31', 'DEBIT', 'acc-528c1690-93b0-410f-95a9-85712ac440e5');
INSERT INTO account_operation (id, amount, description, operation_date, type, bank_account_id) VALUES (6920, 11410.22, 'Cash Deposit', '2026-04-24 19:56:31', 'CREDIT', 'acc-528c1690-93b0-410f-95a9-85712ac440e5');
INSERT INTO account_operation (id, amount, description, operation_date, type, bank_account_id) VALUES (6921, 1804.84, 'Spotify', '2025-10-18 19:56:31', 'DEBIT', 'acc-528c1690-93b0-410f-95a9-85712ac440e5');
INSERT INTO account_operation (id, amount, description, operation_date, type, bank_account_id) VALUES (6922, 1225.64, 'Pharmacy', '2026-06-06 19:56:31', 'DEBIT', 'acc-528c1690-93b0-410f-95a9-85712ac440e5');
INSERT INTO account_operation (id, amount, description, operation_date, type, bank_account_id) VALUES (6923, 844.58, 'Marjane Supermarket', '2026-02-07 19:56:31', 'DEBIT', 'acc-528c1690-93b0-410f-95a9-85712ac440e5');
INSERT INTO account_operation (id, amount, description, operation_date, type, bank_account_id) VALUES (6924, 133.85, 'Inwi', '2026-03-27 19:56:31', 'DEBIT', 'acc-528c1690-93b0-410f-95a9-85712ac440e5');
INSERT INTO account_operation (id, amount, description, operation_date, type, bank_account_id) VALUES (6925, 385.73, 'Pharmacy', '2026-03-04 19:56:31', 'DEBIT', 'acc-528c1690-93b0-410f-95a9-85712ac440e5');
INSERT INTO account_operation (id, amount, description, operation_date, type, bank_account_id) VALUES (6926, 1522.77, 'LC Waikiki', '2026-04-17 19:56:31', 'DEBIT', 'acc-528c1690-93b0-410f-95a9-85712ac440e5');
INSERT INTO account_operation (id, amount, description, operation_date, type, bank_account_id) VALUES (6927, 2648.58, 'Freelance Payment', '2026-04-25 19:56:31', 'CREDIT', 'acc-528c1690-93b0-410f-95a9-85712ac440e5');
INSERT INTO account_operation (id, amount, description, operation_date, type, bank_account_id) VALUES (6928, 1552.28, 'Inwi', '2025-11-18 19:56:31', 'DEBIT', 'acc-528c1690-93b0-410f-95a9-85712ac440e5');
INSERT INTO account_operation (id, amount, description, operation_date, type, bank_account_id) VALUES (6929, 735.78, 'CTM Bus', '2025-10-07 19:56:31', 'DEBIT', 'acc-528c1690-93b0-410f-95a9-85712ac440e5');
INSERT INTO account_operation (id, amount, description, operation_date, type, bank_account_id) VALUES (6930, 107.58, 'Spotify', '2026-01-19 19:56:31', 'DEBIT', 'acc-528c1690-93b0-410f-95a9-85712ac440e5');

INSERT INTO customer (id, name, email) VALUES (120, 'Youssef El Fassi', 'youssef.el fassi@gmail.com');
INSERT INTO bank_account (id, type, balance, created_at, customer_id, over_draft, interest_rate) VALUES ('acc-b9183b9a-fbac-4eb1-865d-106c1c342f81', 'SAVE', 69450.89, '2026-03-20 19:56:31', 120, NULL, 4.74);
INSERT INTO account_operation (id, amount, description, operation_date, type, bank_account_id) VALUES (6931, 23491.85, 'Initial Account Funding', '2026-03-20 19:56:31', 'CREDIT', 'acc-b9183b9a-fbac-4eb1-865d-106c1c342f81');
INSERT INTO account_operation (id, amount, description, operation_date, type, bank_account_id) VALUES (6932, 10848.31, 'Freelance Payment', '2026-06-08 19:56:31', 'CREDIT', 'acc-b9183b9a-fbac-4eb1-865d-106c1c342f81');
INSERT INTO account_operation (id, amount, description, operation_date, type, bank_account_id) VALUES (6933, 1593.69, 'Zara', '2026-05-25 19:56:31', 'DEBIT', 'acc-b9183b9a-fbac-4eb1-865d-106c1c342f81');
INSERT INTO account_operation (id, amount, description, operation_date, type, bank_account_id) VALUES (6934, 1950.19, 'Restaurant', '2026-06-29 19:56:31', 'DEBIT', 'acc-b9183b9a-fbac-4eb1-865d-106c1c342f81');
INSERT INTO account_operation (id, amount, description, operation_date, type, bank_account_id) VALUES (6935, 876.92, 'Local Cafe', '2026-05-27 19:56:31', 'DEBIT', 'acc-b9183b9a-fbac-4eb1-865d-106c1c342f81');
INSERT INTO account_operation (id, amount, description, operation_date, type, bank_account_id) VALUES (6936, 396.88, 'CTM Bus', '2026-04-09 19:56:31', 'DEBIT', 'acc-b9183b9a-fbac-4eb1-865d-106c1c342f81');
INSERT INTO account_operation (id, amount, description, operation_date, type, bank_account_id) VALUES (6937, 264.04, 'ONEE Electricity', '2026-05-09 19:56:31', 'DEBIT', 'acc-b9183b9a-fbac-4eb1-865d-106c1c342f81');
INSERT INTO account_operation (id, amount, description, operation_date, type, bank_account_id) VALUES (6938, 1234.53, 'LC Waikiki', '2026-04-15 19:56:31', 'DEBIT', 'acc-b9183b9a-fbac-4eb1-865d-106c1c342f81');
INSERT INTO account_operation (id, amount, description, operation_date, type, bank_account_id) VALUES (6939, 9765.94, 'Cash Deposit', '2026-03-24 19:56:31', 'CREDIT', 'acc-b9183b9a-fbac-4eb1-865d-106c1c342f81');
INSERT INTO account_operation (id, amount, description, operation_date, type, bank_account_id) VALUES (6940, 1658.94, 'Restaurant', '2026-03-27 19:56:31', 'DEBIT', 'acc-b9183b9a-fbac-4eb1-865d-106c1c342f81');
INSERT INTO account_operation (id, amount, description, operation_date, type, bank_account_id) VALUES (6941, 1546.34, 'Spotify', '2026-05-28 19:56:31', 'DEBIT', 'acc-b9183b9a-fbac-4eb1-865d-106c1c342f81');
INSERT INTO account_operation (id, amount, description, operation_date, type, bank_account_id) VALUES (6942, 444.62, 'LC Waikiki', '2026-06-13 19:56:31', 'DEBIT', 'acc-b9183b9a-fbac-4eb1-865d-106c1c342f81');
INSERT INTO account_operation (id, amount, description, operation_date, type, bank_account_id) VALUES (6943, 1851.1, 'Marjane Supermarket', '2026-05-26 19:56:31', 'DEBIT', 'acc-b9183b9a-fbac-4eb1-865d-106c1c342f81');
INSERT INTO account_operation (id, amount, description, operation_date, type, bank_account_id) VALUES (6944, 811.32, 'Decathlon', '2026-05-13 19:56:31', 'DEBIT', 'acc-b9183b9a-fbac-4eb1-865d-106c1c342f81');
INSERT INTO account_operation (id, amount, description, operation_date, type, bank_account_id) VALUES (6945, 383.16, 'Local Cafe', '2026-05-13 19:56:31', 'DEBIT', 'acc-b9183b9a-fbac-4eb1-865d-106c1c342f81');
INSERT INTO account_operation (id, amount, description, operation_date, type, bank_account_id) VALUES (6946, 423.18, 'Decathlon', '2026-06-07 19:56:31', 'DEBIT', 'acc-b9183b9a-fbac-4eb1-865d-106c1c342f81');
INSERT INTO account_operation (id, amount, description, operation_date, type, bank_account_id) VALUES (6947, 1324.84, 'Local Cafe', '2026-06-23 19:56:31', 'DEBIT', 'acc-b9183b9a-fbac-4eb1-865d-106c1c342f81');
INSERT INTO account_operation (id, amount, description, operation_date, type, bank_account_id) VALUES (6948, 8456.4, 'Dividend Payout', '2026-04-03 19:56:31', 'CREDIT', 'acc-b9183b9a-fbac-4eb1-865d-106c1c342f81');
INSERT INTO account_operation (id, amount, description, operation_date, type, bank_account_id) VALUES (6949, 1706.49, 'Spotify', '2026-04-07 19:56:31', 'DEBIT', 'acc-b9183b9a-fbac-4eb1-865d-106c1c342f81');
INSERT INTO account_operation (id, amount, description, operation_date, type, bank_account_id) VALUES (6950, 9416.09, 'Transfer Received', '2026-04-29 19:56:31', 'CREDIT', 'acc-b9183b9a-fbac-4eb1-865d-106c1c342f81');
INSERT INTO account_operation (id, amount, description, operation_date, type, bank_account_id) VALUES (6951, 12397.45, 'Dividend Payout', '2026-06-21 19:56:31', 'CREDIT', 'acc-b9183b9a-fbac-4eb1-865d-106c1c342f81');
INSERT INTO account_operation (id, amount, description, operation_date, type, bank_account_id) VALUES (6952, 1002.51, 'Redal', '2026-06-02 19:56:31', 'DEBIT', 'acc-b9183b9a-fbac-4eb1-865d-106c1c342f81');
INSERT INTO account_operation (id, amount, description, operation_date, type, bank_account_id) VALUES (6953, 740.18, 'Pharmacy', '2026-06-05 19:56:31', 'DEBIT', 'acc-b9183b9a-fbac-4eb1-865d-106c1c342f81');
INSERT INTO account_operation (id, amount, description, operation_date, type, bank_account_id) VALUES (6954, 10642.88, 'Transfer Received', '2026-06-04 19:56:31', 'CREDIT', 'acc-b9183b9a-fbac-4eb1-865d-106c1c342f81');
INSERT INTO account_operation (id, amount, description, operation_date, type, bank_account_id) VALUES (6955, 333.23, 'Decathlon', '2026-05-19 19:56:31', 'DEBIT', 'acc-b9183b9a-fbac-4eb1-865d-106c1c342f81');
INSERT INTO account_operation (id, amount, description, operation_date, type, bank_account_id) VALUES (6956, 421.73, 'Marjane Supermarket', '2026-05-03 19:56:31', 'DEBIT', 'acc-b9183b9a-fbac-4eb1-865d-106c1c342f81');
INSERT INTO account_operation (id, amount, description, operation_date, type, bank_account_id) VALUES (6957, 920.03, 'Amendis', '2026-06-18 19:56:31', 'DEBIT', 'acc-b9183b9a-fbac-4eb1-865d-106c1c342f81');
INSERT INTO account_operation (id, amount, description, operation_date, type, bank_account_id) VALUES (6958, 703.87, 'Restaurant', '2026-04-12 19:56:31', 'DEBIT', 'acc-b9183b9a-fbac-4eb1-865d-106c1c342f81');
INSERT INTO account_operation (id, amount, description, operation_date, type, bank_account_id) VALUES (6959, 1333.03, 'Spotify', '2026-04-03 19:56:31', 'DEBIT', 'acc-b9183b9a-fbac-4eb1-865d-106c1c342f81');
INSERT INTO account_operation (id, amount, description, operation_date, type, bank_account_id) VALUES (6960, 1242.53, 'CTM Bus', '2026-04-04 19:56:31', 'DEBIT', 'acc-b9183b9a-fbac-4eb1-865d-106c1c342f81');
INSERT INTO account_operation (id, amount, description, operation_date, type, bank_account_id) VALUES (6961, 30.91, 'Spotify', '2026-06-11 19:56:31', 'DEBIT', 'acc-b9183b9a-fbac-4eb1-865d-106c1c342f81');
INSERT INTO account_operation (id, amount, description, operation_date, type, bank_account_id) VALUES (6962, 625.38, 'Carrefour', '2026-04-30 19:56:31', 'DEBIT', 'acc-b9183b9a-fbac-4eb1-865d-106c1c342f81');
INSERT INTO account_operation (id, amount, description, operation_date, type, bank_account_id) VALUES (6963, 1069.3, 'BIM Store', '2026-06-19 19:56:31', 'DEBIT', 'acc-b9183b9a-fbac-4eb1-865d-106c1c342f81');
INSERT INTO account_operation (id, amount, description, operation_date, type, bank_account_id) VALUES (6964, 1663.23, 'LC Waikiki', '2026-06-25 19:56:31', 'DEBIT', 'acc-b9183b9a-fbac-4eb1-865d-106c1c342f81');
INSERT INTO account_operation (id, amount, description, operation_date, type, bank_account_id) VALUES (6965, 409.23, 'Marjane Supermarket', '2026-06-18 19:56:31', 'DEBIT', 'acc-b9183b9a-fbac-4eb1-865d-106c1c342f81');
INSERT INTO account_operation (id, amount, description, operation_date, type, bank_account_id) VALUES (6966, 1420.42, 'LC Waikiki', '2026-06-07 19:56:31', 'DEBIT', 'acc-b9183b9a-fbac-4eb1-865d-106c1c342f81');
INSERT INTO account_operation (id, amount, description, operation_date, type, bank_account_id) VALUES (6967, 6650.72, 'Freelance Payment', '2026-04-06 19:56:31', 'CREDIT', 'acc-b9183b9a-fbac-4eb1-865d-106c1c342f81');
INSERT INTO account_operation (id, amount, description, operation_date, type, bank_account_id) VALUES (6968, 5762.08, 'Cash Deposit', '2026-03-21 19:56:31', 'CREDIT', 'acc-b9183b9a-fbac-4eb1-865d-106c1c342f81');
INSERT INTO account_operation (id, amount, description, operation_date, type, bank_account_id) VALUES (6969, 1268.82, 'Amendis', '2026-04-12 19:56:31', 'DEBIT', 'acc-b9183b9a-fbac-4eb1-865d-106c1c342f81');
INSERT INTO account_operation (id, amount, description, operation_date, type, bank_account_id) VALUES (6970, 517.33, 'Carrefour', '2026-05-08 19:56:31', 'DEBIT', 'acc-b9183b9a-fbac-4eb1-865d-106c1c342f81');
INSERT INTO account_operation (id, amount, description, operation_date, type, bank_account_id) VALUES (6971, 1009.57, 'Orange', '2026-06-23 19:56:31', 'DEBIT', 'acc-b9183b9a-fbac-4eb1-865d-106c1c342f81');
INSERT INTO account_operation (id, amount, description, operation_date, type, bank_account_id) VALUES (6972, 5071.41, 'Transfer Received', '2026-06-04 19:56:31', 'CREDIT', 'acc-b9183b9a-fbac-4eb1-865d-106c1c342f81');
INSERT INTO account_operation (id, amount, description, operation_date, type, bank_account_id) VALUES (6973, 11.42, 'Zara', '2026-05-03 19:56:31', 'DEBIT', 'acc-b9183b9a-fbac-4eb1-865d-106c1c342f81');
INSERT INTO account_operation (id, amount, description, operation_date, type, bank_account_id) VALUES (6974, 981.47, 'Amendis', '2026-06-26 19:56:31', 'DEBIT', 'acc-b9183b9a-fbac-4eb1-865d-106c1c342f81');
INSERT INTO account_operation (id, amount, description, operation_date, type, bank_account_id) VALUES (6975, 119.19, 'Spotify', '2026-04-22 19:56:31', 'DEBIT', 'acc-b9183b9a-fbac-4eb1-865d-106c1c342f81');
INSERT INTO account_operation (id, amount, description, operation_date, type, bank_account_id) VALUES (6976, 762.62, 'Pharmacy', '2026-04-18 19:56:31', 'DEBIT', 'acc-b9183b9a-fbac-4eb1-865d-106c1c342f81');
INSERT INTO bank_account (id, type, balance, created_at, customer_id, over_draft, interest_rate) VALUES ('acc-788362db-120e-4532-a20a-2a6f48730361', 'SAVE', 35315.65, '2025-10-29 19:56:31', 120, NULL, 3.02);
INSERT INTO account_operation (id, amount, description, operation_date, type, bank_account_id) VALUES (6977, 28343.3, 'Initial Account Funding', '2025-10-29 19:56:31', 'CREDIT', 'acc-788362db-120e-4532-a20a-2a6f48730361');
INSERT INTO account_operation (id, amount, description, operation_date, type, bank_account_id) VALUES (6978, 1547.2, 'Orange', '2026-04-15 19:56:31', 'DEBIT', 'acc-788362db-120e-4532-a20a-2a6f48730361');
INSERT INTO account_operation (id, amount, description, operation_date, type, bank_account_id) VALUES (6979, 1262.02, 'Carrefour', '2025-11-02 19:56:31', 'DEBIT', 'acc-788362db-120e-4532-a20a-2a6f48730361');
INSERT INTO account_operation (id, amount, description, operation_date, type, bank_account_id) VALUES (6980, 14398.18, 'Salary Deposit', '2026-05-28 19:56:31', 'CREDIT', 'acc-788362db-120e-4532-a20a-2a6f48730361');
INSERT INTO account_operation (id, amount, description, operation_date, type, bank_account_id) VALUES (6981, 277.33, 'ONEE Electricity', '2025-11-08 19:56:31', 'DEBIT', 'acc-788362db-120e-4532-a20a-2a6f48730361');
INSERT INTO account_operation (id, amount, description, operation_date, type, bank_account_id) VALUES (6982, 424.7, 'Restaurant', '2026-04-14 19:56:31', 'DEBIT', 'acc-788362db-120e-4532-a20a-2a6f48730361');
INSERT INTO account_operation (id, amount, description, operation_date, type, bank_account_id) VALUES (6983, 3193.96, 'Cash Deposit', '2025-12-22 19:56:31', 'CREDIT', 'acc-788362db-120e-4532-a20a-2a6f48730361');
INSERT INTO account_operation (id, amount, description, operation_date, type, bank_account_id) VALUES (6984, 1281.81, 'Inwi', '2026-05-28 19:56:31', 'DEBIT', 'acc-788362db-120e-4532-a20a-2a6f48730361');
INSERT INTO account_operation (id, amount, description, operation_date, type, bank_account_id) VALUES (6985, 992.44, 'LC Waikiki', '2026-06-25 19:56:31', 'DEBIT', 'acc-788362db-120e-4532-a20a-2a6f48730361');
INSERT INTO account_operation (id, amount, description, operation_date, type, bank_account_id) VALUES (6986, 73.52, 'Netflix Subscription', '2026-03-23 19:56:31', 'DEBIT', 'acc-788362db-120e-4532-a20a-2a6f48730361');
INSERT INTO account_operation (id, amount, description, operation_date, type, bank_account_id) VALUES (6987, 669.73, 'Restaurant', '2026-04-07 19:56:31', 'DEBIT', 'acc-788362db-120e-4532-a20a-2a6f48730361');
INSERT INTO account_operation (id, amount, description, operation_date, type, bank_account_id) VALUES (6988, 1939.47, 'Carrefour', '2026-01-05 19:56:31', 'DEBIT', 'acc-788362db-120e-4532-a20a-2a6f48730361');
INSERT INTO account_operation (id, amount, description, operation_date, type, bank_account_id) VALUES (6989, 156.25, 'Netflix Subscription', '2025-10-29 19:56:31', 'DEBIT', 'acc-788362db-120e-4532-a20a-2a6f48730361');
INSERT INTO account_operation (id, amount, description, operation_date, type, bank_account_id) VALUES (6990, 697.55, 'CTM Bus', '2026-03-14 19:56:31', 'DEBIT', 'acc-788362db-120e-4532-a20a-2a6f48730361');
INSERT INTO account_operation (id, amount, description, operation_date, type, bank_account_id) VALUES (6991, 3576.05, 'Salary Deposit', '2025-11-14 19:56:31', 'CREDIT', 'acc-788362db-120e-4532-a20a-2a6f48730361');
INSERT INTO account_operation (id, amount, description, operation_date, type, bank_account_id) VALUES (6992, 609.86, 'ONCF Train', '2026-01-13 19:56:31', 'DEBIT', 'acc-788362db-120e-4532-a20a-2a6f48730361');
INSERT INTO account_operation (id, amount, description, operation_date, type, bank_account_id) VALUES (6993, 1313.51, 'Decathlon', '2026-04-23 19:56:31', 'DEBIT', 'acc-788362db-120e-4532-a20a-2a6f48730361');
INSERT INTO account_operation (id, amount, description, operation_date, type, bank_account_id) VALUES (6994, 386.14, 'Redal', '2026-05-24 19:56:31', 'DEBIT', 'acc-788362db-120e-4532-a20a-2a6f48730361');
INSERT INTO account_operation (id, amount, description, operation_date, type, bank_account_id) VALUES (6995, 828.4, 'Orange', '2025-12-22 19:56:31', 'DEBIT', 'acc-788362db-120e-4532-a20a-2a6f48730361');
INSERT INTO account_operation (id, amount, description, operation_date, type, bank_account_id) VALUES (6996, 359.92, 'ONCF Train', '2026-06-15 19:56:31', 'DEBIT', 'acc-788362db-120e-4532-a20a-2a6f48730361');
INSERT INTO account_operation (id, amount, description, operation_date, type, bank_account_id) VALUES (6997, 1375.99, 'Netflix Subscription', '2026-01-05 19:56:31', 'DEBIT', 'acc-788362db-120e-4532-a20a-2a6f48730361');

INSERT INTO customer (id, name, email) VALUES (121, 'Meryem El Amrani', 'meryem.el amrani@gmail.com');
INSERT INTO bank_account (id, type, balance, created_at, customer_id, over_draft, interest_rate) VALUES ('acc-da1c1f89-77cc-4d27-9e52-9c76708d0d6c', 'SAVE', 100319.93, '2025-12-30 19:56:31', 121, NULL, 4.72);
INSERT INTO account_operation (id, amount, description, operation_date, type, bank_account_id) VALUES (6998, 31016.61, 'Initial Account Funding', '2025-12-30 19:56:31', 'CREDIT', 'acc-da1c1f89-77cc-4d27-9e52-9c76708d0d6c');
INSERT INTO account_operation (id, amount, description, operation_date, type, bank_account_id) VALUES (6999, 949.01, 'Orange', '2026-04-10 19:56:31', 'DEBIT', 'acc-da1c1f89-77cc-4d27-9e52-9c76708d0d6c');
INSERT INTO account_operation (id, amount, description, operation_date, type, bank_account_id) VALUES (7000, 14462.71, 'Dividend Payout', '2026-03-04 19:56:31', 'CREDIT', 'acc-da1c1f89-77cc-4d27-9e52-9c76708d0d6c');
INSERT INTO account_operation (id, amount, description, operation_date, type, bank_account_id) VALUES (7001, 974.37, 'Orange', '2026-01-25 19:56:31', 'DEBIT', 'acc-da1c1f89-77cc-4d27-9e52-9c76708d0d6c');
INSERT INTO account_operation (id, amount, description, operation_date, type, bank_account_id) VALUES (7002, 14686.84, 'Cash Deposit', '2026-02-28 19:56:31', 'CREDIT', 'acc-da1c1f89-77cc-4d27-9e52-9c76708d0d6c');
INSERT INTO account_operation (id, amount, description, operation_date, type, bank_account_id) VALUES (7003, 1082.47, 'Local Cafe', '2026-02-12 19:56:31', 'DEBIT', 'acc-da1c1f89-77cc-4d27-9e52-9c76708d0d6c');
INSERT INTO account_operation (id, amount, description, operation_date, type, bank_account_id) VALUES (7004, 11789.56, 'Dividend Payout', '2026-04-16 19:56:31', 'CREDIT', 'acc-da1c1f89-77cc-4d27-9e52-9c76708d0d6c');
INSERT INTO account_operation (id, amount, description, operation_date, type, bank_account_id) VALUES (7005, 10132.75, 'Transfer Received', '2026-03-24 19:56:31', 'CREDIT', 'acc-da1c1f89-77cc-4d27-9e52-9c76708d0d6c');
INSERT INTO account_operation (id, amount, description, operation_date, type, bank_account_id) VALUES (7006, 1343.41, 'Carrefour', '2026-05-30 19:56:31', 'DEBIT', 'acc-da1c1f89-77cc-4d27-9e52-9c76708d0d6c');
INSERT INTO account_operation (id, amount, description, operation_date, type, bank_account_id) VALUES (7007, 621.39, 'ONEE Electricity', '2026-04-22 19:56:31', 'DEBIT', 'acc-da1c1f89-77cc-4d27-9e52-9c76708d0d6c');
INSERT INTO account_operation (id, amount, description, operation_date, type, bank_account_id) VALUES (7008, 5436.08, 'Transfer Received', '2026-04-07 19:56:31', 'CREDIT', 'acc-da1c1f89-77cc-4d27-9e52-9c76708d0d6c');
INSERT INTO account_operation (id, amount, description, operation_date, type, bank_account_id) VALUES (7009, 1299.83, 'Redal', '2026-04-18 19:56:31', 'DEBIT', 'acc-da1c1f89-77cc-4d27-9e52-9c76708d0d6c');
INSERT INTO account_operation (id, amount, description, operation_date, type, bank_account_id) VALUES (7010, 5983.61, 'Salary Deposit', '2026-06-20 19:56:31', 'CREDIT', 'acc-da1c1f89-77cc-4d27-9e52-9c76708d0d6c');
INSERT INTO account_operation (id, amount, description, operation_date, type, bank_account_id) VALUES (7011, 3177.6, 'Freelance Payment', '2026-03-31 19:56:31', 'CREDIT', 'acc-da1c1f89-77cc-4d27-9e52-9c76708d0d6c');
INSERT INTO account_operation (id, amount, description, operation_date, type, bank_account_id) VALUES (7012, 1067.56, 'Carrefour', '2026-06-21 19:56:31', 'DEBIT', 'acc-da1c1f89-77cc-4d27-9e52-9c76708d0d6c');
INSERT INTO account_operation (id, amount, description, operation_date, type, bank_account_id) VALUES (7013, 186.68, 'ONCF Train', '2025-12-31 19:56:31', 'DEBIT', 'acc-da1c1f89-77cc-4d27-9e52-9c76708d0d6c');
INSERT INTO account_operation (id, amount, description, operation_date, type, bank_account_id) VALUES (7014, 813.4, 'Decathlon', '2026-05-26 19:56:31', 'DEBIT', 'acc-da1c1f89-77cc-4d27-9e52-9c76708d0d6c');
INSERT INTO account_operation (id, amount, description, operation_date, type, bank_account_id) VALUES (7015, 725.4, 'Zara', '2026-06-13 19:56:31', 'DEBIT', 'acc-da1c1f89-77cc-4d27-9e52-9c76708d0d6c');
INSERT INTO account_operation (id, amount, description, operation_date, type, bank_account_id) VALUES (7016, 1914.64, 'LC Waikiki', '2026-05-28 19:56:31', 'DEBIT', 'acc-da1c1f89-77cc-4d27-9e52-9c76708d0d6c');
INSERT INTO account_operation (id, amount, description, operation_date, type, bank_account_id) VALUES (7017, 1482.82, 'ONEE Electricity', '2026-04-10 19:56:31', 'DEBIT', 'acc-da1c1f89-77cc-4d27-9e52-9c76708d0d6c');
INSERT INTO account_operation (id, amount, description, operation_date, type, bank_account_id) VALUES (7018, 32.47, 'LC Waikiki', '2026-05-09 19:56:31', 'DEBIT', 'acc-da1c1f89-77cc-4d27-9e52-9c76708d0d6c');
INSERT INTO account_operation (id, amount, description, operation_date, type, bank_account_id) VALUES (7019, 7438.22, 'Cash Deposit', '2026-06-13 19:56:31', 'CREDIT', 'acc-da1c1f89-77cc-4d27-9e52-9c76708d0d6c');
INSERT INTO account_operation (id, amount, description, operation_date, type, bank_account_id) VALUES (7020, 8689.4, 'Freelance Payment', '2026-05-15 19:56:31', 'CREDIT', 'acc-da1c1f89-77cc-4d27-9e52-9c76708d0d6c');

INSERT INTO customer (id, name, email) VALUES (122, 'Imane Benali', 'imane.benali@gmail.com');
INSERT INTO bank_account (id, type, balance, created_at, customer_id, over_draft, interest_rate) VALUES ('acc-27cbc152-f52d-4f73-8c61-5d1847f38ca3', 'SAVE', 126287.93, '2025-08-30 19:56:31', 122, NULL, 1.93);
INSERT INTO account_operation (id, amount, description, operation_date, type, bank_account_id) VALUES (7021, 21328.13, 'Initial Account Funding', '2025-08-30 19:56:31', 'CREDIT', 'acc-27cbc152-f52d-4f73-8c61-5d1847f38ca3');
INSERT INTO account_operation (id, amount, description, operation_date, type, bank_account_id) VALUES (7022, 51.77, 'Orange', '2026-06-10 19:56:31', 'DEBIT', 'acc-27cbc152-f52d-4f73-8c61-5d1847f38ca3');
INSERT INTO account_operation (id, amount, description, operation_date, type, bank_account_id) VALUES (7023, 785.82, 'Local Cafe', '2026-02-23 19:56:31', 'DEBIT', 'acc-27cbc152-f52d-4f73-8c61-5d1847f38ca3');
INSERT INTO account_operation (id, amount, description, operation_date, type, bank_account_id) VALUES (7024, 621.47, 'Marjane Supermarket', '2026-03-09 19:56:31', 'DEBIT', 'acc-27cbc152-f52d-4f73-8c61-5d1847f38ca3');
INSERT INTO account_operation (id, amount, description, operation_date, type, bank_account_id) VALUES (7025, 6994.77, 'Cash Deposit', '2026-06-22 19:56:31', 'CREDIT', 'acc-27cbc152-f52d-4f73-8c61-5d1847f38ca3');
INSERT INTO account_operation (id, amount, description, operation_date, type, bank_account_id) VALUES (7026, 1876.78, 'Maroc Telecom', '2026-02-27 19:56:31', 'DEBIT', 'acc-27cbc152-f52d-4f73-8c61-5d1847f38ca3');
INSERT INTO account_operation (id, amount, description, operation_date, type, bank_account_id) VALUES (7027, 14466.66, 'Dividend Payout', '2026-04-10 19:56:31', 'CREDIT', 'acc-27cbc152-f52d-4f73-8c61-5d1847f38ca3');
INSERT INTO account_operation (id, amount, description, operation_date, type, bank_account_id) VALUES (7028, 8187.6, 'Freelance Payment', '2026-03-11 19:56:31', 'CREDIT', 'acc-27cbc152-f52d-4f73-8c61-5d1847f38ca3');
INSERT INTO account_operation (id, amount, description, operation_date, type, bank_account_id) VALUES (7029, 1571.36, 'Local Cafe', '2025-10-14 19:56:31', 'DEBIT', 'acc-27cbc152-f52d-4f73-8c61-5d1847f38ca3');
INSERT INTO account_operation (id, amount, description, operation_date, type, bank_account_id) VALUES (7030, 3081.55, 'Cash Deposit', '2026-06-15 19:56:31', 'CREDIT', 'acc-27cbc152-f52d-4f73-8c61-5d1847f38ca3');
INSERT INTO account_operation (id, amount, description, operation_date, type, bank_account_id) VALUES (7031, 10482.59, 'Freelance Payment', '2026-01-25 19:56:31', 'CREDIT', 'acc-27cbc152-f52d-4f73-8c61-5d1847f38ca3');
INSERT INTO account_operation (id, amount, description, operation_date, type, bank_account_id) VALUES (7032, 1368.71, 'Orange', '2025-10-01 19:56:31', 'DEBIT', 'acc-27cbc152-f52d-4f73-8c61-5d1847f38ca3');
INSERT INTO account_operation (id, amount, description, operation_date, type, bank_account_id) VALUES (7033, 5553.85, 'Salary Deposit', '2025-09-06 19:56:31', 'CREDIT', 'acc-27cbc152-f52d-4f73-8c61-5d1847f38ca3');
INSERT INTO account_operation (id, amount, description, operation_date, type, bank_account_id) VALUES (7034, 1267.96, 'Orange', '2026-06-27 19:56:31', 'DEBIT', 'acc-27cbc152-f52d-4f73-8c61-5d1847f38ca3');
INSERT INTO account_operation (id, amount, description, operation_date, type, bank_account_id) VALUES (7035, 11458.08, 'Transfer Received', '2026-02-10 19:56:31', 'CREDIT', 'acc-27cbc152-f52d-4f73-8c61-5d1847f38ca3');
INSERT INTO account_operation (id, amount, description, operation_date, type, bank_account_id) VALUES (7036, 222.95, 'Local Cafe', '2025-09-10 19:56:31', 'DEBIT', 'acc-27cbc152-f52d-4f73-8c61-5d1847f38ca3');
INSERT INTO account_operation (id, amount, description, operation_date, type, bank_account_id) VALUES (7037, 1365.56, 'Carrefour', '2026-06-29 19:56:31', 'DEBIT', 'acc-27cbc152-f52d-4f73-8c61-5d1847f38ca3');
INSERT INTO account_operation (id, amount, description, operation_date, type, bank_account_id) VALUES (7038, 5254.18, 'Dividend Payout', '2025-09-08 19:56:31', 'CREDIT', 'acc-27cbc152-f52d-4f73-8c61-5d1847f38ca3');
INSERT INTO account_operation (id, amount, description, operation_date, type, bank_account_id) VALUES (7039, 4736.12, 'Salary Deposit', '2025-09-30 19:56:31', 'CREDIT', 'acc-27cbc152-f52d-4f73-8c61-5d1847f38ca3');
INSERT INTO account_operation (id, amount, description, operation_date, type, bank_account_id) VALUES (7040, 11498.36, 'Dividend Payout', '2026-06-17 19:56:31', 'CREDIT', 'acc-27cbc152-f52d-4f73-8c61-5d1847f38ca3');
INSERT INTO account_operation (id, amount, description, operation_date, type, bank_account_id) VALUES (7041, 1345.95, 'Orange', '2025-10-05 19:56:31', 'DEBIT', 'acc-27cbc152-f52d-4f73-8c61-5d1847f38ca3');
INSERT INTO account_operation (id, amount, description, operation_date, type, bank_account_id) VALUES (7042, 10481.17, 'Dividend Payout', '2026-06-24 19:56:31', 'CREDIT', 'acc-27cbc152-f52d-4f73-8c61-5d1847f38ca3');
INSERT INTO account_operation (id, amount, description, operation_date, type, bank_account_id) VALUES (7043, 5024.3, 'Transfer Received', '2025-10-19 19:56:31', 'CREDIT', 'acc-27cbc152-f52d-4f73-8c61-5d1847f38ca3');
INSERT INTO account_operation (id, amount, description, operation_date, type, bank_account_id) VALUES (7044, 632.79, 'ONCF Train', '2025-09-30 19:56:31', 'DEBIT', 'acc-27cbc152-f52d-4f73-8c61-5d1847f38ca3');
INSERT INTO account_operation (id, amount, description, operation_date, type, bank_account_id) VALUES (7045, 1454.37, 'Inwi', '2026-06-27 19:56:31', 'DEBIT', 'acc-27cbc152-f52d-4f73-8c61-5d1847f38ca3');
INSERT INTO account_operation (id, amount, description, operation_date, type, bank_account_id) VALUES (7046, 14035.12, 'Dividend Payout', '2026-05-08 19:56:31', 'CREDIT', 'acc-27cbc152-f52d-4f73-8c61-5d1847f38ca3');
INSERT INTO account_operation (id, amount, description, operation_date, type, bank_account_id) VALUES (7047, 1016.24, 'LC Waikiki', '2025-09-05 19:56:31', 'DEBIT', 'acc-27cbc152-f52d-4f73-8c61-5d1847f38ca3');
INSERT INTO account_operation (id, amount, description, operation_date, type, bank_account_id) VALUES (7048, 935.34, 'Carrefour', '2026-06-14 19:56:31', 'DEBIT', 'acc-27cbc152-f52d-4f73-8c61-5d1847f38ca3');
INSERT INTO account_operation (id, amount, description, operation_date, type, bank_account_id) VALUES (7049, 9378.59, 'Dividend Payout', '2025-09-19 19:56:31', 'CREDIT', 'acc-27cbc152-f52d-4f73-8c61-5d1847f38ca3');
INSERT INTO account_operation (id, amount, description, operation_date, type, bank_account_id) VALUES (7050, 1156.07, 'Decathlon', '2026-06-29 19:56:31', 'DEBIT', 'acc-27cbc152-f52d-4f73-8c61-5d1847f38ca3');
INSERT INTO bank_account (id, type, balance, created_at, customer_id, over_draft, interest_rate) VALUES ('acc-a0f68cae-9893-4d04-bff3-85ef36ab4513', 'CURR', 68398.6, '2025-12-28 19:56:31', 122, 5763.15, NULL);
INSERT INTO account_operation (id, amount, description, operation_date, type, bank_account_id) VALUES (7051, 43584.54, 'Initial Account Funding', '2025-12-28 19:56:31', 'CREDIT', 'acc-a0f68cae-9893-4d04-bff3-85ef36ab4513');
INSERT INTO account_operation (id, amount, description, operation_date, type, bank_account_id) VALUES (7052, 1216.99, 'ONCF Train', '2026-03-25 19:56:31', 'DEBIT', 'acc-a0f68cae-9893-4d04-bff3-85ef36ab4513');
INSERT INTO account_operation (id, amount, description, operation_date, type, bank_account_id) VALUES (7053, 804.32, 'Redal', '2026-05-09 19:56:31', 'DEBIT', 'acc-a0f68cae-9893-4d04-bff3-85ef36ab4513');
INSERT INTO account_operation (id, amount, description, operation_date, type, bank_account_id) VALUES (7054, 1522.54, 'ONEE Electricity', '2026-03-25 19:56:31', 'DEBIT', 'acc-a0f68cae-9893-4d04-bff3-85ef36ab4513');
INSERT INTO account_operation (id, amount, description, operation_date, type, bank_account_id) VALUES (7055, 586.73, 'Redal', '2026-03-08 19:56:31', 'DEBIT', 'acc-a0f68cae-9893-4d04-bff3-85ef36ab4513');
INSERT INTO account_operation (id, amount, description, operation_date, type, bank_account_id) VALUES (7056, 1311.23, 'Restaurant', '2026-01-01 19:56:31', 'DEBIT', 'acc-a0f68cae-9893-4d04-bff3-85ef36ab4513');
INSERT INTO account_operation (id, amount, description, operation_date, type, bank_account_id) VALUES (7057, 8905.63, 'Cash Deposit', '2026-05-02 19:56:31', 'CREDIT', 'acc-a0f68cae-9893-4d04-bff3-85ef36ab4513');
INSERT INTO account_operation (id, amount, description, operation_date, type, bank_account_id) VALUES (7058, 1550.13, 'BIM Store', '2026-05-18 19:56:31', 'DEBIT', 'acc-a0f68cae-9893-4d04-bff3-85ef36ab4513');
INSERT INTO account_operation (id, amount, description, operation_date, type, bank_account_id) VALUES (7059, 6231.08, 'Transfer Received', '2026-05-19 19:56:31', 'CREDIT', 'acc-a0f68cae-9893-4d04-bff3-85ef36ab4513');
INSERT INTO account_operation (id, amount, description, operation_date, type, bank_account_id) VALUES (7060, 13634.79, 'Transfer Received', '2026-05-14 19:56:31', 'CREDIT', 'acc-a0f68cae-9893-4d04-bff3-85ef36ab4513');
INSERT INTO account_operation (id, amount, description, operation_date, type, bank_account_id) VALUES (7061, 814.07, 'Zara', '2026-03-14 19:56:31', 'DEBIT', 'acc-a0f68cae-9893-4d04-bff3-85ef36ab4513');
INSERT INTO account_operation (id, amount, description, operation_date, type, bank_account_id) VALUES (7062, 7068.14, 'Salary Deposit', '2026-05-25 19:56:31', 'CREDIT', 'acc-a0f68cae-9893-4d04-bff3-85ef36ab4513');
INSERT INTO account_operation (id, amount, description, operation_date, type, bank_account_id) VALUES (7063, 1593.01, 'Pharmacy', '2026-04-02 19:56:31', 'DEBIT', 'acc-a0f68cae-9893-4d04-bff3-85ef36ab4513');
INSERT INTO account_operation (id, amount, description, operation_date, type, bank_account_id) VALUES (7064, 1626.56, 'CTM Bus', '2026-02-10 19:56:31', 'DEBIT', 'acc-a0f68cae-9893-4d04-bff3-85ef36ab4513');
INSERT INTO bank_account (id, type, balance, created_at, customer_id, over_draft, interest_rate) VALUES ('acc-e4c8af39-e097-4ab1-85e9-472174599e16', 'CURR', 137793.17, '2026-02-18 19:56:31', 122, 8456.06, NULL);
INSERT INTO account_operation (id, amount, description, operation_date, type, bank_account_id) VALUES (7065, 37319.02, 'Initial Account Funding', '2026-02-18 19:56:31', 'CREDIT', 'acc-e4c8af39-e097-4ab1-85e9-472174599e16');
INSERT INTO account_operation (id, amount, description, operation_date, type, bank_account_id) VALUES (7066, 1080.33, 'Netflix Subscription', '2026-03-14 19:56:31', 'DEBIT', 'acc-e4c8af39-e097-4ab1-85e9-472174599e16');
INSERT INTO account_operation (id, amount, description, operation_date, type, bank_account_id) VALUES (7067, 527.54, 'Netflix Subscription', '2026-05-26 19:56:31', 'DEBIT', 'acc-e4c8af39-e097-4ab1-85e9-472174599e16');
INSERT INTO account_operation (id, amount, description, operation_date, type, bank_account_id) VALUES (7068, 40.71, 'Spotify', '2026-03-19 19:56:31', 'DEBIT', 'acc-e4c8af39-e097-4ab1-85e9-472174599e16');
INSERT INTO account_operation (id, amount, description, operation_date, type, bank_account_id) VALUES (7069, 1378.41, 'ONEE Electricity', '2026-04-16 19:56:31', 'DEBIT', 'acc-e4c8af39-e097-4ab1-85e9-472174599e16');
INSERT INTO account_operation (id, amount, description, operation_date, type, bank_account_id) VALUES (7070, 13147.05, 'Salary Deposit', '2026-06-14 19:56:31', 'CREDIT', 'acc-e4c8af39-e097-4ab1-85e9-472174599e16');
INSERT INTO account_operation (id, amount, description, operation_date, type, bank_account_id) VALUES (7071, 14495.25, 'Transfer Received', '2026-06-04 19:56:31', 'CREDIT', 'acc-e4c8af39-e097-4ab1-85e9-472174599e16');
INSERT INTO account_operation (id, amount, description, operation_date, type, bank_account_id) VALUES (7072, 1478.45, 'Decathlon', '2026-02-25 19:56:31', 'DEBIT', 'acc-e4c8af39-e097-4ab1-85e9-472174599e16');
INSERT INTO account_operation (id, amount, description, operation_date, type, bank_account_id) VALUES (7073, 1817.82, 'Carrefour', '2026-03-19 19:56:31', 'DEBIT', 'acc-e4c8af39-e097-4ab1-85e9-472174599e16');
INSERT INTO account_operation (id, amount, description, operation_date, type, bank_account_id) VALUES (7074, 8768.84, 'Freelance Payment', '2026-05-11 19:56:31', 'CREDIT', 'acc-e4c8af39-e097-4ab1-85e9-472174599e16');
INSERT INTO account_operation (id, amount, description, operation_date, type, bank_account_id) VALUES (7075, 1165.41, 'ONCF Train', '2026-03-30 19:56:31', 'DEBIT', 'acc-e4c8af39-e097-4ab1-85e9-472174599e16');
INSERT INTO account_operation (id, amount, description, operation_date, type, bank_account_id) VALUES (7076, 1750.3, 'Maroc Telecom', '2026-02-25 19:56:31', 'DEBIT', 'acc-e4c8af39-e097-4ab1-85e9-472174599e16');
INSERT INTO account_operation (id, amount, description, operation_date, type, bank_account_id) VALUES (7077, 12277.21, 'Freelance Payment', '2026-03-05 19:56:31', 'CREDIT', 'acc-e4c8af39-e097-4ab1-85e9-472174599e16');
INSERT INTO account_operation (id, amount, description, operation_date, type, bank_account_id) VALUES (7078, 1237.45, 'Carrefour', '2026-04-03 19:56:31', 'DEBIT', 'acc-e4c8af39-e097-4ab1-85e9-472174599e16');
INSERT INTO account_operation (id, amount, description, operation_date, type, bank_account_id) VALUES (7079, 394.38, 'LC Waikiki', '2026-05-23 19:56:31', 'DEBIT', 'acc-e4c8af39-e097-4ab1-85e9-472174599e16');
INSERT INTO account_operation (id, amount, description, operation_date, type, bank_account_id) VALUES (7080, 14294.04, 'Salary Deposit', '2026-05-29 19:56:31', 'CREDIT', 'acc-e4c8af39-e097-4ab1-85e9-472174599e16');
INSERT INTO account_operation (id, amount, description, operation_date, type, bank_account_id) VALUES (7081, 235.5, 'BIM Store', '2026-04-28 19:56:31', 'DEBIT', 'acc-e4c8af39-e097-4ab1-85e9-472174599e16');
INSERT INTO account_operation (id, amount, description, operation_date, type, bank_account_id) VALUES (7082, 6004.53, 'Transfer Received', '2026-02-19 19:56:31', 'CREDIT', 'acc-e4c8af39-e097-4ab1-85e9-472174599e16');
INSERT INTO account_operation (id, amount, description, operation_date, type, bank_account_id) VALUES (7083, 617.77, 'Decathlon', '2026-05-14 19:56:31', 'DEBIT', 'acc-e4c8af39-e097-4ab1-85e9-472174599e16');
INSERT INTO account_operation (id, amount, description, operation_date, type, bank_account_id) VALUES (7084, 565.77, 'Amendis', '2026-06-21 19:56:31', 'DEBIT', 'acc-e4c8af39-e097-4ab1-85e9-472174599e16');
INSERT INTO account_operation (id, amount, description, operation_date, type, bank_account_id) VALUES (7085, 875.36, 'BIM Store', '2026-04-09 19:56:31', 'DEBIT', 'acc-e4c8af39-e097-4ab1-85e9-472174599e16');
INSERT INTO account_operation (id, amount, description, operation_date, type, bank_account_id) VALUES (7086, 523.67, 'Spotify', '2026-03-16 19:56:31', 'DEBIT', 'acc-e4c8af39-e097-4ab1-85e9-472174599e16');
INSERT INTO account_operation (id, amount, description, operation_date, type, bank_account_id) VALUES (7087, 1542.98, 'Inwi', '2026-05-21 19:56:31', 'DEBIT', 'acc-e4c8af39-e097-4ab1-85e9-472174599e16');
INSERT INTO account_operation (id, amount, description, operation_date, type, bank_account_id) VALUES (7088, 310.71, 'Pharmacy', '2026-02-21 19:56:31', 'DEBIT', 'acc-e4c8af39-e097-4ab1-85e9-472174599e16');
INSERT INTO account_operation (id, amount, description, operation_date, type, bank_account_id) VALUES (7089, 885.66, 'Orange', '2026-06-22 19:56:31', 'DEBIT', 'acc-e4c8af39-e097-4ab1-85e9-472174599e16');
INSERT INTO account_operation (id, amount, description, operation_date, type, bank_account_id) VALUES (7090, 6994.95, 'Salary Deposit', '2026-05-05 19:56:31', 'CREDIT', 'acc-e4c8af39-e097-4ab1-85e9-472174599e16');
INSERT INTO account_operation (id, amount, description, operation_date, type, bank_account_id) VALUES (7091, 164.39, 'Local Cafe', '2026-06-11 19:56:31', 'DEBIT', 'acc-e4c8af39-e097-4ab1-85e9-472174599e16');
INSERT INTO account_operation (id, amount, description, operation_date, type, bank_account_id) VALUES (7092, 917.07, 'Redal', '2026-03-29 19:56:31', 'DEBIT', 'acc-e4c8af39-e097-4ab1-85e9-472174599e16');
INSERT INTO account_operation (id, amount, description, operation_date, type, bank_account_id) VALUES (7093, 1647.53, 'Maroc Telecom', '2026-06-13 19:56:31', 'DEBIT', 'acc-e4c8af39-e097-4ab1-85e9-472174599e16');
INSERT INTO account_operation (id, amount, description, operation_date, type, bank_account_id) VALUES (7094, 14377.61, 'Cash Deposit', '2026-02-28 19:56:31', 'CREDIT', 'acc-e4c8af39-e097-4ab1-85e9-472174599e16');
INSERT INTO account_operation (id, amount, description, operation_date, type, bank_account_id) VALUES (7095, 1996.29, 'Spotify', '2026-05-23 19:56:31', 'DEBIT', 'acc-e4c8af39-e097-4ab1-85e9-472174599e16');
INSERT INTO account_operation (id, amount, description, operation_date, type, bank_account_id) VALUES (7096, 327.84, 'Redal', '2026-03-04 19:56:31', 'DEBIT', 'acc-e4c8af39-e097-4ab1-85e9-472174599e16');
INSERT INTO account_operation (id, amount, description, operation_date, type, bank_account_id) VALUES (7097, 54.63, 'CTM Bus', '2026-05-28 19:56:31', 'DEBIT', 'acc-e4c8af39-e097-4ab1-85e9-472174599e16');
INSERT INTO account_operation (id, amount, description, operation_date, type, bank_account_id) VALUES (7098, 513.68, 'Inwi', '2026-05-12 19:56:31', 'DEBIT', 'acc-e4c8af39-e097-4ab1-85e9-472174599e16');
INSERT INTO account_operation (id, amount, description, operation_date, type, bank_account_id) VALUES (7099, 522.46, 'Pharmacy', '2026-03-31 19:56:31', 'DEBIT', 'acc-e4c8af39-e097-4ab1-85e9-472174599e16');
INSERT INTO account_operation (id, amount, description, operation_date, type, bank_account_id) VALUES (7100, 10014.93, 'Transfer Received', '2026-05-23 19:56:31', 'CREDIT', 'acc-e4c8af39-e097-4ab1-85e9-472174599e16');
INSERT INTO account_operation (id, amount, description, operation_date, type, bank_account_id) VALUES (7101, 739.69, 'Pharmacy', '2026-05-03 19:56:31', 'DEBIT', 'acc-e4c8af39-e097-4ab1-85e9-472174599e16');
INSERT INTO account_operation (id, amount, description, operation_date, type, bank_account_id) VALUES (7102, 13297.37, 'Transfer Received', '2026-03-05 19:56:31', 'CREDIT', 'acc-e4c8af39-e097-4ab1-85e9-472174599e16');
INSERT INTO account_operation (id, amount, description, operation_date, type, bank_account_id) VALUES (7103, 1372.4, 'CTM Bus', '2026-04-10 19:56:31', 'DEBIT', 'acc-e4c8af39-e097-4ab1-85e9-472174599e16');
INSERT INTO account_operation (id, amount, description, operation_date, type, bank_account_id) VALUES (7104, 1158.17, 'ONEE Electricity', '2026-05-29 19:56:31', 'DEBIT', 'acc-e4c8af39-e097-4ab1-85e9-472174599e16');
INSERT INTO account_operation (id, amount, description, operation_date, type, bank_account_id) VALUES (7105, 1164.96, 'Amendis', '2026-03-03 19:56:31', 'DEBIT', 'acc-e4c8af39-e097-4ab1-85e9-472174599e16');
INSERT INTO account_operation (id, amount, description, operation_date, type, bank_account_id) VALUES (7106, 1515.43, 'Pharmacy', '2026-04-23 19:56:31', 'DEBIT', 'acc-e4c8af39-e097-4ab1-85e9-472174599e16');
INSERT INTO account_operation (id, amount, description, operation_date, type, bank_account_id) VALUES (7107, 2088.5, 'Freelance Payment', '2026-02-23 19:56:31', 'CREDIT', 'acc-e4c8af39-e097-4ab1-85e9-472174599e16');
INSERT INTO account_operation (id, amount, description, operation_date, type, bank_account_id) VALUES (7108, 13236.63, 'Freelance Payment', '2026-02-18 19:56:31', 'CREDIT', 'acc-e4c8af39-e097-4ab1-85e9-472174599e16');

INSERT INTO customer (id, name, email) VALUES (123, 'Salma El Amrani', 'salma.el amrani@gmail.com');
INSERT INTO bank_account (id, type, balance, created_at, customer_id, over_draft, interest_rate) VALUES ('acc-ee8d1741-3058-4fc6-bf5d-e9d89920c74b', 'CURR', 79673.13, '2025-07-09 19:56:31', 123, 2972.0, NULL);
INSERT INTO account_operation (id, amount, description, operation_date, type, bank_account_id) VALUES (7109, 22315.9, 'Initial Account Funding', '2025-07-09 19:56:31', 'CREDIT', 'acc-ee8d1741-3058-4fc6-bf5d-e9d89920c74b');
INSERT INTO account_operation (id, amount, description, operation_date, type, bank_account_id) VALUES (7110, 4137.48, 'Transfer Received', '2026-01-02 19:56:31', 'CREDIT', 'acc-ee8d1741-3058-4fc6-bf5d-e9d89920c74b');
INSERT INTO account_operation (id, amount, description, operation_date, type, bank_account_id) VALUES (7111, 13083.65, 'Salary Deposit', '2026-01-21 19:56:31', 'CREDIT', 'acc-ee8d1741-3058-4fc6-bf5d-e9d89920c74b');
INSERT INTO account_operation (id, amount, description, operation_date, type, bank_account_id) VALUES (7112, 362.96, 'ONCF Train', '2026-03-11 19:56:31', 'DEBIT', 'acc-ee8d1741-3058-4fc6-bf5d-e9d89920c74b');
INSERT INTO account_operation (id, amount, description, operation_date, type, bank_account_id) VALUES (7113, 1239.47, 'ONCF Train', '2025-12-08 19:56:31', 'DEBIT', 'acc-ee8d1741-3058-4fc6-bf5d-e9d89920c74b');
INSERT INTO account_operation (id, amount, description, operation_date, type, bank_account_id) VALUES (7114, 109.97, 'Restaurant', '2026-04-07 19:56:31', 'DEBIT', 'acc-ee8d1741-3058-4fc6-bf5d-e9d89920c74b');
INSERT INTO account_operation (id, amount, description, operation_date, type, bank_account_id) VALUES (7115, 1593.25, 'ONCF Train', '2025-11-02 19:56:31', 'DEBIT', 'acc-ee8d1741-3058-4fc6-bf5d-e9d89920c74b');
INSERT INTO account_operation (id, amount, description, operation_date, type, bank_account_id) VALUES (7116, 410.1, 'Orange', '2026-03-31 19:56:31', 'DEBIT', 'acc-ee8d1741-3058-4fc6-bf5d-e9d89920c74b');
INSERT INTO account_operation (id, amount, description, operation_date, type, bank_account_id) VALUES (7117, 480.25, 'BIM Store', '2025-10-05 19:56:31', 'DEBIT', 'acc-ee8d1741-3058-4fc6-bf5d-e9d89920c74b');
INSERT INTO account_operation (id, amount, description, operation_date, type, bank_account_id) VALUES (7118, 789.66, 'Netflix Subscription', '2026-02-26 19:56:31', 'DEBIT', 'acc-ee8d1741-3058-4fc6-bf5d-e9d89920c74b');
INSERT INTO account_operation (id, amount, description, operation_date, type, bank_account_id) VALUES (7119, 11641.26, 'Freelance Payment', '2025-10-12 19:56:31', 'CREDIT', 'acc-ee8d1741-3058-4fc6-bf5d-e9d89920c74b');
INSERT INTO account_operation (id, amount, description, operation_date, type, bank_account_id) VALUES (7120, 886.19, 'LC Waikiki', '2025-07-25 19:56:31', 'DEBIT', 'acc-ee8d1741-3058-4fc6-bf5d-e9d89920c74b');
INSERT INTO account_operation (id, amount, description, operation_date, type, bank_account_id) VALUES (7121, 3676.45, 'Freelance Payment', '2026-01-04 19:56:31', 'CREDIT', 'acc-ee8d1741-3058-4fc6-bf5d-e9d89920c74b');
INSERT INTO account_operation (id, amount, description, operation_date, type, bank_account_id) VALUES (7122, 520.28, 'Orange', '2026-05-06 19:56:31', 'DEBIT', 'acc-ee8d1741-3058-4fc6-bf5d-e9d89920c74b');
INSERT INTO account_operation (id, amount, description, operation_date, type, bank_account_id) VALUES (7123, 1231.57, 'Restaurant', '2026-03-20 19:56:31', 'DEBIT', 'acc-ee8d1741-3058-4fc6-bf5d-e9d89920c74b');
INSERT INTO account_operation (id, amount, description, operation_date, type, bank_account_id) VALUES (7124, 10897.79, 'Freelance Payment', '2026-01-18 19:56:31', 'CREDIT', 'acc-ee8d1741-3058-4fc6-bf5d-e9d89920c74b');
INSERT INTO account_operation (id, amount, description, operation_date, type, bank_account_id) VALUES (7125, 1630.75, 'Marjane Supermarket', '2026-06-04 19:56:31', 'DEBIT', 'acc-ee8d1741-3058-4fc6-bf5d-e9d89920c74b');
INSERT INTO account_operation (id, amount, description, operation_date, type, bank_account_id) VALUES (7126, 1632.75, 'Redal', '2025-07-24 19:56:31', 'DEBIT', 'acc-ee8d1741-3058-4fc6-bf5d-e9d89920c74b');
INSERT INTO account_operation (id, amount, description, operation_date, type, bank_account_id) VALUES (7127, 3161.0, 'Salary Deposit', '2025-12-03 19:56:31', 'CREDIT', 'acc-ee8d1741-3058-4fc6-bf5d-e9d89920c74b');
INSERT INTO account_operation (id, amount, description, operation_date, type, bank_account_id) VALUES (7128, 1053.15, 'Marjane Supermarket', '2026-04-18 19:56:31', 'DEBIT', 'acc-ee8d1741-3058-4fc6-bf5d-e9d89920c74b');
INSERT INTO account_operation (id, amount, description, operation_date, type, bank_account_id) VALUES (7129, 3714.87, 'Salary Deposit', '2025-11-28 19:56:31', 'CREDIT', 'acc-ee8d1741-3058-4fc6-bf5d-e9d89920c74b');
INSERT INTO account_operation (id, amount, description, operation_date, type, bank_account_id) VALUES (7130, 1036.26, 'Maroc Telecom', '2025-10-05 19:56:31', 'DEBIT', 'acc-ee8d1741-3058-4fc6-bf5d-e9d89920c74b');
INSERT INTO account_operation (id, amount, description, operation_date, type, bank_account_id) VALUES (7131, 1132.66, 'Local Cafe', '2025-12-16 19:56:31', 'DEBIT', 'acc-ee8d1741-3058-4fc6-bf5d-e9d89920c74b');
INSERT INTO account_operation (id, amount, description, operation_date, type, bank_account_id) VALUES (7132, 529.91, 'LC Waikiki', '2026-04-23 19:56:31', 'DEBIT', 'acc-ee8d1741-3058-4fc6-bf5d-e9d89920c74b');
INSERT INTO account_operation (id, amount, description, operation_date, type, bank_account_id) VALUES (7133, 9014.01, 'Salary Deposit', '2025-07-09 19:56:31', 'CREDIT', 'acc-ee8d1741-3058-4fc6-bf5d-e9d89920c74b');
INSERT INTO account_operation (id, amount, description, operation_date, type, bank_account_id) VALUES (7134, 7321.74, 'Dividend Payout', '2026-03-16 19:56:31', 'CREDIT', 'acc-ee8d1741-3058-4fc6-bf5d-e9d89920c74b');
INSERT INTO account_operation (id, amount, description, operation_date, type, bank_account_id) VALUES (7135, 5348.16, 'Salary Deposit', '2025-12-30 19:56:31', 'CREDIT', 'acc-ee8d1741-3058-4fc6-bf5d-e9d89920c74b');

INSERT INTO customer (id, name, email) VALUES (124, 'Meryem Bennis', 'meryem.bennis@gmail.com');
INSERT INTO bank_account (id, type, balance, created_at, customer_id, over_draft, interest_rate) VALUES ('acc-278ead09-2263-4a8d-b5ee-f3b3111db191', 'SAVE', 58195.92, '2026-03-30 19:56:31', 124, NULL, 4.63);
INSERT INTO account_operation (id, amount, description, operation_date, type, bank_account_id) VALUES (7136, 21901.24, 'Initial Account Funding', '2026-03-30 19:56:31', 'CREDIT', 'acc-278ead09-2263-4a8d-b5ee-f3b3111db191');
INSERT INTO account_operation (id, amount, description, operation_date, type, bank_account_id) VALUES (7137, 519.3, 'Local Cafe', '2026-05-01 19:56:31', 'DEBIT', 'acc-278ead09-2263-4a8d-b5ee-f3b3111db191');
INSERT INTO account_operation (id, amount, description, operation_date, type, bank_account_id) VALUES (7138, 1815.65, 'Local Cafe', '2026-06-24 19:56:31', 'DEBIT', 'acc-278ead09-2263-4a8d-b5ee-f3b3111db191');
INSERT INTO account_operation (id, amount, description, operation_date, type, bank_account_id) VALUES (7139, 5316.11, 'Transfer Received', '2026-04-08 19:56:31', 'CREDIT', 'acc-278ead09-2263-4a8d-b5ee-f3b3111db191');
INSERT INTO account_operation (id, amount, description, operation_date, type, bank_account_id) VALUES (7140, 1821.4, 'Local Cafe', '2026-03-30 19:56:31', 'DEBIT', 'acc-278ead09-2263-4a8d-b5ee-f3b3111db191');
INSERT INTO account_operation (id, amount, description, operation_date, type, bank_account_id) VALUES (7141, 853.64, 'Inwi', '2026-04-22 19:56:31', 'DEBIT', 'acc-278ead09-2263-4a8d-b5ee-f3b3111db191');
INSERT INTO account_operation (id, amount, description, operation_date, type, bank_account_id) VALUES (7142, 870.32, 'Amendis', '2026-04-03 19:56:31', 'DEBIT', 'acc-278ead09-2263-4a8d-b5ee-f3b3111db191');
INSERT INTO account_operation (id, amount, description, operation_date, type, bank_account_id) VALUES (7143, 5937.92, 'Dividend Payout', '2026-04-27 19:56:31', 'CREDIT', 'acc-278ead09-2263-4a8d-b5ee-f3b3111db191');
INSERT INTO account_operation (id, amount, description, operation_date, type, bank_account_id) VALUES (7144, 701.19, 'CTM Bus', '2026-06-18 19:56:31', 'DEBIT', 'acc-278ead09-2263-4a8d-b5ee-f3b3111db191');
INSERT INTO account_operation (id, amount, description, operation_date, type, bank_account_id) VALUES (7145, 45.41, 'Pharmacy', '2026-04-25 19:56:31', 'DEBIT', 'acc-278ead09-2263-4a8d-b5ee-f3b3111db191');
INSERT INTO account_operation (id, amount, description, operation_date, type, bank_account_id) VALUES (7146, 1579.83, 'Zara', '2026-06-21 19:56:31', 'DEBIT', 'acc-278ead09-2263-4a8d-b5ee-f3b3111db191');
INSERT INTO account_operation (id, amount, description, operation_date, type, bank_account_id) VALUES (7147, 1440.55, 'ONEE Electricity', '2026-06-02 19:56:31', 'DEBIT', 'acc-278ead09-2263-4a8d-b5ee-f3b3111db191');
INSERT INTO account_operation (id, amount, description, operation_date, type, bank_account_id) VALUES (7148, 1686.4, 'LC Waikiki', '2026-06-09 19:56:31', 'DEBIT', 'acc-278ead09-2263-4a8d-b5ee-f3b3111db191');
INSERT INTO account_operation (id, amount, description, operation_date, type, bank_account_id) VALUES (7149, 684.05, 'Maroc Telecom', '2026-04-04 19:56:31', 'DEBIT', 'acc-278ead09-2263-4a8d-b5ee-f3b3111db191');
INSERT INTO account_operation (id, amount, description, operation_date, type, bank_account_id) VALUES (7150, 14587.55, 'Transfer Received', '2026-06-04 19:56:31', 'CREDIT', 'acc-278ead09-2263-4a8d-b5ee-f3b3111db191');
INSERT INTO account_operation (id, amount, description, operation_date, type, bank_account_id) VALUES (7151, 1771.84, 'BIM Store', '2026-04-15 19:56:31', 'DEBIT', 'acc-278ead09-2263-4a8d-b5ee-f3b3111db191');
INSERT INTO account_operation (id, amount, description, operation_date, type, bank_account_id) VALUES (7152, 798.33, 'Carrefour', '2026-06-12 19:56:31', 'DEBIT', 'acc-278ead09-2263-4a8d-b5ee-f3b3111db191');
INSERT INTO account_operation (id, amount, description, operation_date, type, bank_account_id) VALUES (7153, 452.49, 'ONEE Electricity', '2026-06-24 19:56:31', 'DEBIT', 'acc-278ead09-2263-4a8d-b5ee-f3b3111db191');
INSERT INTO account_operation (id, amount, description, operation_date, type, bank_account_id) VALUES (7154, 11429.93, 'Cash Deposit', '2026-03-30 19:56:31', 'CREDIT', 'acc-278ead09-2263-4a8d-b5ee-f3b3111db191');
INSERT INTO account_operation (id, amount, description, operation_date, type, bank_account_id) VALUES (7155, 330.13, 'Restaurant', '2026-04-20 19:56:31', 'DEBIT', 'acc-278ead09-2263-4a8d-b5ee-f3b3111db191');
INSERT INTO account_operation (id, amount, description, operation_date, type, bank_account_id) VALUES (7156, 539.25, 'Redal', '2026-06-17 19:56:31', 'DEBIT', 'acc-278ead09-2263-4a8d-b5ee-f3b3111db191');
INSERT INTO account_operation (id, amount, description, operation_date, type, bank_account_id) VALUES (7157, 911.61, 'ONCF Train', '2026-06-21 19:56:31', 'DEBIT', 'acc-278ead09-2263-4a8d-b5ee-f3b3111db191');
INSERT INTO account_operation (id, amount, description, operation_date, type, bank_account_id) VALUES (7158, 1971.12, 'Restaurant', '2026-04-12 19:56:31', 'DEBIT', 'acc-278ead09-2263-4a8d-b5ee-f3b3111db191');
INSERT INTO account_operation (id, amount, description, operation_date, type, bank_account_id) VALUES (7159, 6377.17, 'Dividend Payout', '2026-04-15 19:56:31', 'CREDIT', 'acc-278ead09-2263-4a8d-b5ee-f3b3111db191');
INSERT INTO account_operation (id, amount, description, operation_date, type, bank_account_id) VALUES (7160, 11614.39, 'Cash Deposit', '2026-04-15 19:56:31', 'CREDIT', 'acc-278ead09-2263-4a8d-b5ee-f3b3111db191');
INSERT INTO account_operation (id, amount, description, operation_date, type, bank_account_id) VALUES (7161, 175.88, 'Orange', '2026-04-25 19:56:31', 'DEBIT', 'acc-278ead09-2263-4a8d-b5ee-f3b3111db191');
INSERT INTO bank_account (id, type, balance, created_at, customer_id, over_draft, interest_rate) VALUES ('acc-e8eafd0d-0578-4d68-8b89-03b28ed561ef', 'SAVE', 83838.39, '2026-01-08 19:56:31', 124, NULL, 2.52);
INSERT INTO account_operation (id, amount, description, operation_date, type, bank_account_id) VALUES (7162, 6653.92, 'Initial Account Funding', '2026-01-08 19:56:31', 'CREDIT', 'acc-e8eafd0d-0578-4d68-8b89-03b28ed561ef');
INSERT INTO account_operation (id, amount, description, operation_date, type, bank_account_id) VALUES (7163, 1544.51, 'Decathlon', '2026-04-10 19:56:31', 'DEBIT', 'acc-e8eafd0d-0578-4d68-8b89-03b28ed561ef');
INSERT INTO account_operation (id, amount, description, operation_date, type, bank_account_id) VALUES (7164, 14885.25, 'Dividend Payout', '2026-05-30 19:56:31', 'CREDIT', 'acc-e8eafd0d-0578-4d68-8b89-03b28ed561ef');
INSERT INTO account_operation (id, amount, description, operation_date, type, bank_account_id) VALUES (7165, 6502.27, 'Cash Deposit', '2026-03-03 19:56:31', 'CREDIT', 'acc-e8eafd0d-0578-4d68-8b89-03b28ed561ef');
INSERT INTO account_operation (id, amount, description, operation_date, type, bank_account_id) VALUES (7166, 1484.38, 'Restaurant', '2026-02-15 19:56:31', 'DEBIT', 'acc-e8eafd0d-0578-4d68-8b89-03b28ed561ef');
INSERT INTO account_operation (id, amount, description, operation_date, type, bank_account_id) VALUES (7167, 1825.74, 'CTM Bus', '2026-04-09 19:56:31', 'DEBIT', 'acc-e8eafd0d-0578-4d68-8b89-03b28ed561ef');
INSERT INTO account_operation (id, amount, description, operation_date, type, bank_account_id) VALUES (7168, 5435.87, 'Transfer Received', '2026-04-17 19:56:31', 'CREDIT', 'acc-e8eafd0d-0578-4d68-8b89-03b28ed561ef');
INSERT INTO account_operation (id, amount, description, operation_date, type, bank_account_id) VALUES (7169, 775.55, 'CTM Bus', '2026-05-28 19:56:31', 'DEBIT', 'acc-e8eafd0d-0578-4d68-8b89-03b28ed561ef');
INSERT INTO account_operation (id, amount, description, operation_date, type, bank_account_id) VALUES (7170, 1972.57, 'Pharmacy', '2026-05-29 19:56:31', 'DEBIT', 'acc-e8eafd0d-0578-4d68-8b89-03b28ed561ef');
INSERT INTO account_operation (id, amount, description, operation_date, type, bank_account_id) VALUES (7171, 1824.47, 'Cash Deposit', '2026-06-11 19:56:31', 'CREDIT', 'acc-e8eafd0d-0578-4d68-8b89-03b28ed561ef');
INSERT INTO account_operation (id, amount, description, operation_date, type, bank_account_id) VALUES (7172, 9493.61, 'Cash Deposit', '2026-02-02 19:56:31', 'CREDIT', 'acc-e8eafd0d-0578-4d68-8b89-03b28ed561ef');
INSERT INTO account_operation (id, amount, description, operation_date, type, bank_account_id) VALUES (7173, 1276.85, 'LC Waikiki', '2026-04-22 19:56:31', 'DEBIT', 'acc-e8eafd0d-0578-4d68-8b89-03b28ed561ef');
INSERT INTO account_operation (id, amount, description, operation_date, type, bank_account_id) VALUES (7174, 1979.33, 'Restaurant', '2026-04-01 19:56:31', 'DEBIT', 'acc-e8eafd0d-0578-4d68-8b89-03b28ed561ef');
INSERT INTO account_operation (id, amount, description, operation_date, type, bank_account_id) VALUES (7175, 1498.78, 'Salary Deposit', '2026-03-26 19:56:31', 'CREDIT', 'acc-e8eafd0d-0578-4d68-8b89-03b28ed561ef');
INSERT INTO account_operation (id, amount, description, operation_date, type, bank_account_id) VALUES (7176, 409.14, 'Decathlon', '2026-04-12 19:56:31', 'DEBIT', 'acc-e8eafd0d-0578-4d68-8b89-03b28ed561ef');
INSERT INTO account_operation (id, amount, description, operation_date, type, bank_account_id) VALUES (7177, 600.77, 'Decathlon', '2026-02-24 19:56:31', 'DEBIT', 'acc-e8eafd0d-0578-4d68-8b89-03b28ed561ef');
INSERT INTO account_operation (id, amount, description, operation_date, type, bank_account_id) VALUES (7178, 1837.41, 'Freelance Payment', '2026-05-20 19:56:31', 'CREDIT', 'acc-e8eafd0d-0578-4d68-8b89-03b28ed561ef');
INSERT INTO account_operation (id, amount, description, operation_date, type, bank_account_id) VALUES (7179, 514.4, 'Restaurant', '2026-02-26 19:56:31', 'DEBIT', 'acc-e8eafd0d-0578-4d68-8b89-03b28ed561ef');
INSERT INTO account_operation (id, amount, description, operation_date, type, bank_account_id) VALUES (7180, 592.8, 'Netflix Subscription', '2026-05-12 19:56:31', 'DEBIT', 'acc-e8eafd0d-0578-4d68-8b89-03b28ed561ef');
INSERT INTO account_operation (id, amount, description, operation_date, type, bank_account_id) VALUES (7181, 1223.89, 'Restaurant', '2026-03-08 19:56:31', 'DEBIT', 'acc-e8eafd0d-0578-4d68-8b89-03b28ed561ef');
INSERT INTO account_operation (id, amount, description, operation_date, type, bank_account_id) VALUES (7182, 161.73, 'Zara', '2026-06-22 19:56:31', 'DEBIT', 'acc-e8eafd0d-0578-4d68-8b89-03b28ed561ef');
INSERT INTO account_operation (id, amount, description, operation_date, type, bank_account_id) VALUES (7183, 5609.55, 'Cash Deposit', '2026-03-31 19:56:31', 'CREDIT', 'acc-e8eafd0d-0578-4d68-8b89-03b28ed561ef');
INSERT INTO account_operation (id, amount, description, operation_date, type, bank_account_id) VALUES (7184, 208.9, 'Carrefour', '2026-05-24 19:56:31', 'DEBIT', 'acc-e8eafd0d-0578-4d68-8b89-03b28ed561ef');
INSERT INTO account_operation (id, amount, description, operation_date, type, bank_account_id) VALUES (7185, 331.36, 'Maroc Telecom', '2026-02-01 19:56:31', 'DEBIT', 'acc-e8eafd0d-0578-4d68-8b89-03b28ed561ef');
INSERT INTO account_operation (id, amount, description, operation_date, type, bank_account_id) VALUES (7186, 10662.5, 'Cash Deposit', '2026-02-19 19:56:31', 'CREDIT', 'acc-e8eafd0d-0578-4d68-8b89-03b28ed561ef');
INSERT INTO account_operation (id, amount, description, operation_date, type, bank_account_id) VALUES (7187, 8243.99, 'Transfer Received', '2026-03-28 19:56:31', 'CREDIT', 'acc-e8eafd0d-0578-4d68-8b89-03b28ed561ef');
INSERT INTO account_operation (id, amount, description, operation_date, type, bank_account_id) VALUES (7188, 1964.18, 'ONCF Train', '2026-04-08 19:56:31', 'DEBIT', 'acc-e8eafd0d-0578-4d68-8b89-03b28ed561ef');
INSERT INTO account_operation (id, amount, description, operation_date, type, bank_account_id) VALUES (7189, 7659.56, 'Cash Deposit', '2026-01-28 19:56:31', 'CREDIT', 'acc-e8eafd0d-0578-4d68-8b89-03b28ed561ef');
INSERT INTO account_operation (id, amount, description, operation_date, type, bank_account_id) VALUES (7190, 174.98, 'Orange', '2026-06-22 19:56:31', 'DEBIT', 'acc-e8eafd0d-0578-4d68-8b89-03b28ed561ef');
INSERT INTO account_operation (id, amount, description, operation_date, type, bank_account_id) VALUES (7191, 11212.12, 'Transfer Received', '2026-03-15 19:56:31', 'CREDIT', 'acc-e8eafd0d-0578-4d68-8b89-03b28ed561ef');
INSERT INTO account_operation (id, amount, description, operation_date, type, bank_account_id) VALUES (7192, 1217.94, 'CTM Bus', '2026-05-14 19:56:31', 'DEBIT', 'acc-e8eafd0d-0578-4d68-8b89-03b28ed561ef');
INSERT INTO account_operation (id, amount, description, operation_date, type, bank_account_id) VALUES (7193, 4276.27, 'Freelance Payment', '2026-01-21 19:56:31', 'CREDIT', 'acc-e8eafd0d-0578-4d68-8b89-03b28ed561ef');
INSERT INTO account_operation (id, amount, description, operation_date, type, bank_account_id) VALUES (7194, 7754.89, 'Transfer Received', '2026-02-18 19:56:31', 'CREDIT', 'acc-e8eafd0d-0578-4d68-8b89-03b28ed561ef');
INSERT INTO account_operation (id, amount, description, operation_date, type, bank_account_id) VALUES (7195, 1453.05, 'Restaurant', '2026-06-15 19:56:31', 'DEBIT', 'acc-e8eafd0d-0578-4d68-8b89-03b28ed561ef');
INSERT INTO bank_account (id, type, balance, created_at, customer_id, over_draft, interest_rate) VALUES ('acc-a0106ea0-c4ea-450c-bd7b-e603499034d6', 'SAVE', 94662.22, '2026-01-09 19:56:31', 124, NULL, 2.18);
INSERT INTO account_operation (id, amount, description, operation_date, type, bank_account_id) VALUES (7196, 31991.92, 'Initial Account Funding', '2026-01-09 19:56:31', 'CREDIT', 'acc-a0106ea0-c4ea-450c-bd7b-e603499034d6');
INSERT INTO account_operation (id, amount, description, operation_date, type, bank_account_id) VALUES (7197, 1113.3, 'Decathlon', '2026-03-20 19:56:31', 'DEBIT', 'acc-a0106ea0-c4ea-450c-bd7b-e603499034d6');
INSERT INTO account_operation (id, amount, description, operation_date, type, bank_account_id) VALUES (7198, 1445.97, 'Orange', '2026-06-05 19:56:31', 'DEBIT', 'acc-a0106ea0-c4ea-450c-bd7b-e603499034d6');
INSERT INTO account_operation (id, amount, description, operation_date, type, bank_account_id) VALUES (7199, 12029.45, 'Freelance Payment', '2026-04-04 19:56:31', 'CREDIT', 'acc-a0106ea0-c4ea-450c-bd7b-e603499034d6');
INSERT INTO account_operation (id, amount, description, operation_date, type, bank_account_id) VALUES (7200, 1035.93, 'Local Cafe', '2026-05-30 19:56:31', 'DEBIT', 'acc-a0106ea0-c4ea-450c-bd7b-e603499034d6');
INSERT INTO account_operation (id, amount, description, operation_date, type, bank_account_id) VALUES (7201, 1393.66, 'Pharmacy', '2026-05-24 19:56:31', 'DEBIT', 'acc-a0106ea0-c4ea-450c-bd7b-e603499034d6');
INSERT INTO account_operation (id, amount, description, operation_date, type, bank_account_id) VALUES (7202, 923.58, 'BIM Store', '2026-06-13 19:56:31', 'DEBIT', 'acc-a0106ea0-c4ea-450c-bd7b-e603499034d6');
INSERT INTO account_operation (id, amount, description, operation_date, type, bank_account_id) VALUES (7203, 13157.73, 'Transfer Received', '2026-02-20 19:56:31', 'CREDIT', 'acc-a0106ea0-c4ea-450c-bd7b-e603499034d6');
INSERT INTO account_operation (id, amount, description, operation_date, type, bank_account_id) VALUES (7204, 13238.13, 'Salary Deposit', '2026-06-04 19:56:31', 'CREDIT', 'acc-a0106ea0-c4ea-450c-bd7b-e603499034d6');
INSERT INTO account_operation (id, amount, description, operation_date, type, bank_account_id) VALUES (7205, 679.46, 'BIM Store', '2026-02-20 19:56:31', 'DEBIT', 'acc-a0106ea0-c4ea-450c-bd7b-e603499034d6');
INSERT INTO account_operation (id, amount, description, operation_date, type, bank_account_id) VALUES (7206, 281.96, 'Maroc Telecom', '2026-05-22 19:56:31', 'DEBIT', 'acc-a0106ea0-c4ea-450c-bd7b-e603499034d6');
INSERT INTO account_operation (id, amount, description, operation_date, type, bank_account_id) VALUES (7207, 13475.23, 'Dividend Payout', '2026-05-04 19:56:31', 'CREDIT', 'acc-a0106ea0-c4ea-450c-bd7b-e603499034d6');
INSERT INTO account_operation (id, amount, description, operation_date, type, bank_account_id) VALUES (7208, 5095.81, 'Transfer Received', '2026-03-27 19:56:31', 'CREDIT', 'acc-a0106ea0-c4ea-450c-bd7b-e603499034d6');
INSERT INTO account_operation (id, amount, description, operation_date, type, bank_account_id) VALUES (7209, 326.33, 'Restaurant', '2026-04-20 19:56:31', 'DEBIT', 'acc-a0106ea0-c4ea-450c-bd7b-e603499034d6');
INSERT INTO account_operation (id, amount, description, operation_date, type, bank_account_id) VALUES (7210, 898.76, 'ONCF Train', '2026-03-27 19:56:31', 'DEBIT', 'acc-a0106ea0-c4ea-450c-bd7b-e603499034d6');
INSERT INTO account_operation (id, amount, description, operation_date, type, bank_account_id) VALUES (7211, 4059.25, 'Cash Deposit', '2026-05-20 19:56:31', 'CREDIT', 'acc-a0106ea0-c4ea-450c-bd7b-e603499034d6');
INSERT INTO account_operation (id, amount, description, operation_date, type, bank_account_id) VALUES (7212, 14728.94, 'Cash Deposit', '2026-01-19 19:56:31', 'CREDIT', 'acc-a0106ea0-c4ea-450c-bd7b-e603499034d6');
INSERT INTO account_operation (id, amount, description, operation_date, type, bank_account_id) VALUES (7213, 577.99, 'Zara', '2026-03-26 19:56:31', 'DEBIT', 'acc-a0106ea0-c4ea-450c-bd7b-e603499034d6');
INSERT INTO account_operation (id, amount, description, operation_date, type, bank_account_id) VALUES (7214, 1686.83, 'Marjane Supermarket', '2026-04-23 19:56:31', 'DEBIT', 'acc-a0106ea0-c4ea-450c-bd7b-e603499034d6');
INSERT INTO account_operation (id, amount, description, operation_date, type, bank_account_id) VALUES (7215, 1369.85, 'LC Waikiki', '2026-06-28 19:56:31', 'DEBIT', 'acc-a0106ea0-c4ea-450c-bd7b-e603499034d6');
INSERT INTO account_operation (id, amount, description, operation_date, type, bank_account_id) VALUES (7216, 1380.62, 'Maroc Telecom', '2026-03-28 19:56:31', 'DEBIT', 'acc-a0106ea0-c4ea-450c-bd7b-e603499034d6');

INSERT INTO customer (id, name, email) VALUES (125, 'Amina El Amrani', 'amina.el amrani@gmail.com');
INSERT INTO bank_account (id, type, balance, created_at, customer_id, over_draft, interest_rate) VALUES ('acc-e7348a2e-429c-4203-91fe-f62c8aa6d529', 'CURR', 63973.91, '2026-01-08 19:56:31', 125, 6732.14, NULL);
INSERT INTO account_operation (id, amount, description, operation_date, type, bank_account_id) VALUES (7217, 5845.04, 'Initial Account Funding', '2026-01-08 19:56:31', 'CREDIT', 'acc-e7348a2e-429c-4203-91fe-f62c8aa6d529');
INSERT INTO account_operation (id, amount, description, operation_date, type, bank_account_id) VALUES (7218, 1088.35, 'LC Waikiki', '2026-03-08 19:56:31', 'DEBIT', 'acc-e7348a2e-429c-4203-91fe-f62c8aa6d529');
INSERT INTO account_operation (id, amount, description, operation_date, type, bank_account_id) VALUES (7219, 9245.79, 'Cash Deposit', '2026-02-14 19:56:31', 'CREDIT', 'acc-e7348a2e-429c-4203-91fe-f62c8aa6d529');
INSERT INTO account_operation (id, amount, description, operation_date, type, bank_account_id) VALUES (7220, 892.42, 'Maroc Telecom', '2026-02-28 19:56:31', 'DEBIT', 'acc-e7348a2e-429c-4203-91fe-f62c8aa6d529');
INSERT INTO account_operation (id, amount, description, operation_date, type, bank_account_id) VALUES (7221, 1479.16, 'ONCF Train', '2026-01-23 19:56:31', 'DEBIT', 'acc-e7348a2e-429c-4203-91fe-f62c8aa6d529');
INSERT INTO account_operation (id, amount, description, operation_date, type, bank_account_id) VALUES (7222, 3634.46, 'Salary Deposit', '2026-04-05 19:56:31', 'CREDIT', 'acc-e7348a2e-429c-4203-91fe-f62c8aa6d529');
INSERT INTO account_operation (id, amount, description, operation_date, type, bank_account_id) VALUES (7223, 12367.08, 'Dividend Payout', '2026-02-03 19:56:31', 'CREDIT', 'acc-e7348a2e-429c-4203-91fe-f62c8aa6d529');
INSERT INTO account_operation (id, amount, description, operation_date, type, bank_account_id) VALUES (7224, 264.0, 'BIM Store', '2026-02-27 19:56:31', 'DEBIT', 'acc-e7348a2e-429c-4203-91fe-f62c8aa6d529');
INSERT INTO account_operation (id, amount, description, operation_date, type, bank_account_id) VALUES (7225, 8550.19, 'Freelance Payment', '2026-01-24 19:56:31', 'CREDIT', 'acc-e7348a2e-429c-4203-91fe-f62c8aa6d529');
INSERT INTO account_operation (id, amount, description, operation_date, type, bank_account_id) VALUES (7226, 1655.24, 'Amendis', '2026-04-23 19:56:31', 'DEBIT', 'acc-e7348a2e-429c-4203-91fe-f62c8aa6d529');
INSERT INTO account_operation (id, amount, description, operation_date, type, bank_account_id) VALUES (7227, 560.87, 'CTM Bus', '2026-03-09 19:56:31', 'DEBIT', 'acc-e7348a2e-429c-4203-91fe-f62c8aa6d529');
INSERT INTO account_operation (id, amount, description, operation_date, type, bank_account_id) VALUES (7228, 1887.13, 'Zara', '2026-03-21 19:56:31', 'DEBIT', 'acc-e7348a2e-429c-4203-91fe-f62c8aa6d529');
INSERT INTO account_operation (id, amount, description, operation_date, type, bank_account_id) VALUES (7229, 1476.44, 'Spotify', '2026-04-12 19:56:31', 'DEBIT', 'acc-e7348a2e-429c-4203-91fe-f62c8aa6d529');
INSERT INTO account_operation (id, amount, description, operation_date, type, bank_account_id) VALUES (7230, 4475.93, 'Transfer Received', '2026-03-30 19:56:31', 'CREDIT', 'acc-e7348a2e-429c-4203-91fe-f62c8aa6d529');
INSERT INTO account_operation (id, amount, description, operation_date, type, bank_account_id) VALUES (7231, 577.86, 'Local Cafe', '2026-03-09 19:56:31', 'DEBIT', 'acc-e7348a2e-429c-4203-91fe-f62c8aa6d529');
INSERT INTO account_operation (id, amount, description, operation_date, type, bank_account_id) VALUES (7232, 355.88, 'CTM Bus', '2026-06-10 19:56:31', 'DEBIT', 'acc-e7348a2e-429c-4203-91fe-f62c8aa6d529');
INSERT INTO account_operation (id, amount, description, operation_date, type, bank_account_id) VALUES (7233, 1900.67, 'Restaurant', '2026-03-05 19:56:31', 'DEBIT', 'acc-e7348a2e-429c-4203-91fe-f62c8aa6d529');
INSERT INTO account_operation (id, amount, description, operation_date, type, bank_account_id) VALUES (7234, 1828.06, 'ONCF Train', '2026-06-25 19:56:31', 'DEBIT', 'acc-e7348a2e-429c-4203-91fe-f62c8aa6d529');
INSERT INTO account_operation (id, amount, description, operation_date, type, bank_account_id) VALUES (7235, 13883.07, 'Freelance Payment', '2026-04-07 19:56:31', 'CREDIT', 'acc-e7348a2e-429c-4203-91fe-f62c8aa6d529');
INSERT INTO account_operation (id, amount, description, operation_date, type, bank_account_id) VALUES (7236, 1877.1, 'Carrefour', '2026-05-05 19:56:31', 'DEBIT', 'acc-e7348a2e-429c-4203-91fe-f62c8aa6d529');
INSERT INTO account_operation (id, amount, description, operation_date, type, bank_account_id) VALUES (7237, 1415.31, 'ONCF Train', '2026-06-02 19:56:31', 'DEBIT', 'acc-e7348a2e-429c-4203-91fe-f62c8aa6d529');
INSERT INTO account_operation (id, amount, description, operation_date, type, bank_account_id) VALUES (7238, 10981.25, 'Freelance Payment', '2026-03-17 19:56:31', 'CREDIT', 'acc-e7348a2e-429c-4203-91fe-f62c8aa6d529');
INSERT INTO account_operation (id, amount, description, operation_date, type, bank_account_id) VALUES (7239, 713.52, 'Redal', '2026-05-07 19:56:31', 'DEBIT', 'acc-e7348a2e-429c-4203-91fe-f62c8aa6d529');
INSERT INTO account_operation (id, amount, description, operation_date, type, bank_account_id) VALUES (7240, 982.21, 'Local Cafe', '2026-01-26 19:56:31', 'DEBIT', 'acc-e7348a2e-429c-4203-91fe-f62c8aa6d529');
INSERT INTO account_operation (id, amount, description, operation_date, type, bank_account_id) VALUES (7241, 1062.82, 'ONCF Train', '2026-01-12 19:56:31', 'DEBIT', 'acc-e7348a2e-429c-4203-91fe-f62c8aa6d529');
INSERT INTO account_operation (id, amount, description, operation_date, type, bank_account_id) VALUES (7242, 722.85, 'Amendis', '2026-02-14 19:56:31', 'DEBIT', 'acc-e7348a2e-429c-4203-91fe-f62c8aa6d529');
INSERT INTO account_operation (id, amount, description, operation_date, type, bank_account_id) VALUES (7243, 951.7, 'Netflix Subscription', '2026-04-13 19:56:31', 'DEBIT', 'acc-e7348a2e-429c-4203-91fe-f62c8aa6d529');
INSERT INTO account_operation (id, amount, description, operation_date, type, bank_account_id) VALUES (7244, 1710.01, 'BIM Store', '2026-03-18 19:56:31', 'DEBIT', 'acc-e7348a2e-429c-4203-91fe-f62c8aa6d529');
INSERT INTO account_operation (id, amount, description, operation_date, type, bank_account_id) VALUES (7245, 158.72, 'Inwi', '2026-01-11 19:56:31', 'DEBIT', 'acc-e7348a2e-429c-4203-91fe-f62c8aa6d529');
INSERT INTO account_operation (id, amount, description, operation_date, type, bank_account_id) VALUES (7246, 1920.86, 'Redal', '2026-06-17 19:56:31', 'DEBIT', 'acc-e7348a2e-429c-4203-91fe-f62c8aa6d529');
INSERT INTO account_operation (id, amount, description, operation_date, type, bank_account_id) VALUES (7247, 38.02, 'CTM Bus', '2026-03-30 19:56:31', 'DEBIT', 'acc-e7348a2e-429c-4203-91fe-f62c8aa6d529');
INSERT INTO account_operation (id, amount, description, operation_date, type, bank_account_id) VALUES (7248, 1537.95, 'Netflix Subscription', '2026-03-06 19:56:31', 'DEBIT', 'acc-e7348a2e-429c-4203-91fe-f62c8aa6d529');
INSERT INTO account_operation (id, amount, description, operation_date, type, bank_account_id) VALUES (7249, 1282.72, 'ONCF Train', '2026-02-03 19:56:31', 'DEBIT', 'acc-e7348a2e-429c-4203-91fe-f62c8aa6d529');
INSERT INTO account_operation (id, amount, description, operation_date, type, bank_account_id) VALUES (7250, 1045.36, 'Zara', '2026-04-03 19:56:31', 'DEBIT', 'acc-e7348a2e-429c-4203-91fe-f62c8aa6d529');
INSERT INTO account_operation (id, amount, description, operation_date, type, bank_account_id) VALUES (7251, 1434.84, 'Maroc Telecom', '2026-03-13 19:56:31', 'DEBIT', 'acc-e7348a2e-429c-4203-91fe-f62c8aa6d529');
INSERT INTO account_operation (id, amount, description, operation_date, type, bank_account_id) VALUES (7252, 11778.92, 'Transfer Received', '2026-01-25 19:56:31', 'CREDIT', 'acc-e7348a2e-429c-4203-91fe-f62c8aa6d529');
INSERT INTO account_operation (id, amount, description, operation_date, type, bank_account_id) VALUES (7253, 8086.01, 'Cash Deposit', '2026-06-23 19:56:31', 'CREDIT', 'acc-e7348a2e-429c-4203-91fe-f62c8aa6d529');
INSERT INTO account_operation (id, amount, description, operation_date, type, bank_account_id) VALUES (7254, 9189.88, 'Dividend Payout', '2026-01-17 19:56:31', 'CREDIT', 'acc-e7348a2e-429c-4203-91fe-f62c8aa6d529');
INSERT INTO account_operation (id, amount, description, operation_date, type, bank_account_id) VALUES (7255, 831.19, 'Zara', '2026-06-20 19:56:31', 'DEBIT', 'acc-e7348a2e-429c-4203-91fe-f62c8aa6d529');
INSERT INTO account_operation (id, amount, description, operation_date, type, bank_account_id) VALUES (7256, 468.96, 'CTM Bus', '2026-04-14 19:56:31', 'DEBIT', 'acc-e7348a2e-429c-4203-91fe-f62c8aa6d529');
INSERT INTO account_operation (id, amount, description, operation_date, type, bank_account_id) VALUES (7257, 1943.49, 'Maroc Telecom', '2026-04-13 19:56:31', 'DEBIT', 'acc-e7348a2e-429c-4203-91fe-f62c8aa6d529');

INSERT INTO customer (id, name, email) VALUES (126, 'Imane El Idrissi', 'imane.el idrissi@gmail.com');
INSERT INTO bank_account (id, type, balance, created_at, customer_id, over_draft, interest_rate) VALUES ('acc-b72503f8-29dd-4577-bf40-756b8373972a', 'CURR', 74390.23, '2025-09-19 19:56:31', 126, 3152.57, NULL);
INSERT INTO account_operation (id, amount, description, operation_date, type, bank_account_id) VALUES (7258, 26120.71, 'Initial Account Funding', '2025-09-19 19:56:31', 'CREDIT', 'acc-b72503f8-29dd-4577-bf40-756b8373972a');
INSERT INTO account_operation (id, amount, description, operation_date, type, bank_account_id) VALUES (7259, 670.88, 'Pharmacy', '2025-12-11 19:56:31', 'DEBIT', 'acc-b72503f8-29dd-4577-bf40-756b8373972a');
INSERT INTO account_operation (id, amount, description, operation_date, type, bank_account_id) VALUES (7260, 318.17, 'Carrefour', '2026-01-01 19:56:31', 'DEBIT', 'acc-b72503f8-29dd-4577-bf40-756b8373972a');
INSERT INTO account_operation (id, amount, description, operation_date, type, bank_account_id) VALUES (7261, 1916.55, 'ONEE Electricity', '2026-02-17 19:56:31', 'DEBIT', 'acc-b72503f8-29dd-4577-bf40-756b8373972a');
INSERT INTO account_operation (id, amount, description, operation_date, type, bank_account_id) VALUES (7262, 1775.08, 'Marjane Supermarket', '2026-05-26 19:56:31', 'DEBIT', 'acc-b72503f8-29dd-4577-bf40-756b8373972a');
INSERT INTO account_operation (id, amount, description, operation_date, type, bank_account_id) VALUES (7263, 2921.47, 'Freelance Payment', '2026-06-21 19:56:31', 'CREDIT', 'acc-b72503f8-29dd-4577-bf40-756b8373972a');
INSERT INTO account_operation (id, amount, description, operation_date, type, bank_account_id) VALUES (7264, 1077.15, 'CTM Bus', '2026-01-09 19:56:31', 'DEBIT', 'acc-b72503f8-29dd-4577-bf40-756b8373972a');
INSERT INTO account_operation (id, amount, description, operation_date, type, bank_account_id) VALUES (7265, 562.02, 'Decathlon', '2025-09-23 19:56:31', 'DEBIT', 'acc-b72503f8-29dd-4577-bf40-756b8373972a');
INSERT INTO account_operation (id, amount, description, operation_date, type, bank_account_id) VALUES (7266, 1538.02, 'ONCF Train', '2025-11-10 19:56:31', 'DEBIT', 'acc-b72503f8-29dd-4577-bf40-756b8373972a');
INSERT INTO account_operation (id, amount, description, operation_date, type, bank_account_id) VALUES (7267, 9986.96, 'Freelance Payment', '2026-04-16 19:56:31', 'CREDIT', 'acc-b72503f8-29dd-4577-bf40-756b8373972a');
INSERT INTO account_operation (id, amount, description, operation_date, type, bank_account_id) VALUES (7268, 8899.46, 'Dividend Payout', '2026-03-07 19:56:31', 'CREDIT', 'acc-b72503f8-29dd-4577-bf40-756b8373972a');
INSERT INTO account_operation (id, amount, description, operation_date, type, bank_account_id) VALUES (7269, 578.85, 'Carrefour', '2026-06-24 19:56:31', 'DEBIT', 'acc-b72503f8-29dd-4577-bf40-756b8373972a');
INSERT INTO account_operation (id, amount, description, operation_date, type, bank_account_id) VALUES (7270, 11630.64, 'Salary Deposit', '2025-11-07 19:56:31', 'CREDIT', 'acc-b72503f8-29dd-4577-bf40-756b8373972a');
INSERT INTO account_operation (id, amount, description, operation_date, type, bank_account_id) VALUES (7271, 92.95, 'Marjane Supermarket', '2026-05-10 19:56:31', 'DEBIT', 'acc-b72503f8-29dd-4577-bf40-756b8373972a');
INSERT INTO account_operation (id, amount, description, operation_date, type, bank_account_id) VALUES (7272, 14731.6, 'Transfer Received', '2025-12-31 19:56:31', 'CREDIT', 'acc-b72503f8-29dd-4577-bf40-756b8373972a');
INSERT INTO account_operation (id, amount, description, operation_date, type, bank_account_id) VALUES (7273, 65.15, 'CTM Bus', '2026-01-21 19:56:31', 'DEBIT', 'acc-b72503f8-29dd-4577-bf40-756b8373972a');
INSERT INTO account_operation (id, amount, description, operation_date, type, bank_account_id) VALUES (7274, 965.42, 'Zara', '2026-05-08 19:56:31', 'DEBIT', 'acc-b72503f8-29dd-4577-bf40-756b8373972a');
INSERT INTO account_operation (id, amount, description, operation_date, type, bank_account_id) VALUES (7275, 5292.45, 'Salary Deposit', '2026-02-09 19:56:31', 'CREDIT', 'acc-b72503f8-29dd-4577-bf40-756b8373972a');
INSERT INTO account_operation (id, amount, description, operation_date, type, bank_account_id) VALUES (7276, 1476.63, 'Local Cafe', '2026-01-21 19:56:31', 'DEBIT', 'acc-b72503f8-29dd-4577-bf40-756b8373972a');
INSERT INTO account_operation (id, amount, description, operation_date, type, bank_account_id) VALUES (7277, 11.9, 'Spotify', '2026-03-11 19:56:31', 'DEBIT', 'acc-b72503f8-29dd-4577-bf40-756b8373972a');
INSERT INTO account_operation (id, amount, description, operation_date, type, bank_account_id) VALUES (7278, 975.34, 'Orange', '2026-06-28 19:56:31', 'DEBIT', 'acc-b72503f8-29dd-4577-bf40-756b8373972a');
INSERT INTO account_operation (id, amount, description, operation_date, type, bank_account_id) VALUES (7279, 6831.05, 'Freelance Payment', '2026-02-02 19:56:31', 'CREDIT', 'acc-b72503f8-29dd-4577-bf40-756b8373972a');
INSERT INTO bank_account (id, type, balance, created_at, customer_id, over_draft, interest_rate) VALUES ('acc-72470f06-c211-4a74-8f04-bdc2f7df4bfe', 'CURR', 62666.72, '2026-05-02 19:56:31', 126, 9026.42, NULL);
INSERT INTO account_operation (id, amount, description, operation_date, type, bank_account_id) VALUES (7280, 33618.97, 'Initial Account Funding', '2026-05-02 19:56:31', 'CREDIT', 'acc-72470f06-c211-4a74-8f04-bdc2f7df4bfe');
INSERT INTO account_operation (id, amount, description, operation_date, type, bank_account_id) VALUES (7281, 1485.74, 'CTM Bus', '2026-05-05 19:56:31', 'DEBIT', 'acc-72470f06-c211-4a74-8f04-bdc2f7df4bfe');
INSERT INTO account_operation (id, amount, description, operation_date, type, bank_account_id) VALUES (7282, 6854.43, 'Freelance Payment', '2026-05-31 19:56:31', 'CREDIT', 'acc-72470f06-c211-4a74-8f04-bdc2f7df4bfe');
INSERT INTO account_operation (id, amount, description, operation_date, type, bank_account_id) VALUES (7283, 1940.96, 'Pharmacy', '2026-06-03 19:56:31', 'DEBIT', 'acc-72470f06-c211-4a74-8f04-bdc2f7df4bfe');
INSERT INTO account_operation (id, amount, description, operation_date, type, bank_account_id) VALUES (7284, 1900.72, 'ONCF Train', '2026-05-13 19:56:31', 'DEBIT', 'acc-72470f06-c211-4a74-8f04-bdc2f7df4bfe');
INSERT INTO account_operation (id, amount, description, operation_date, type, bank_account_id) VALUES (7285, 3347.52, 'Dividend Payout', '2026-05-05 19:56:31', 'CREDIT', 'acc-72470f06-c211-4a74-8f04-bdc2f7df4bfe');
INSERT INTO account_operation (id, amount, description, operation_date, type, bank_account_id) VALUES (7286, 2190.96, 'Transfer Received', '2026-06-15 19:56:31', 'CREDIT', 'acc-72470f06-c211-4a74-8f04-bdc2f7df4bfe');
INSERT INTO account_operation (id, amount, description, operation_date, type, bank_account_id) VALUES (7287, 14643.13, 'Transfer Received', '2026-06-11 19:56:31', 'CREDIT', 'acc-72470f06-c211-4a74-8f04-bdc2f7df4bfe');
INSERT INTO account_operation (id, amount, description, operation_date, type, bank_account_id) VALUES (7288, 4703.39, 'Transfer Received', '2026-06-29 19:56:31', 'CREDIT', 'acc-72470f06-c211-4a74-8f04-bdc2f7df4bfe');
INSERT INTO account_operation (id, amount, description, operation_date, type, bank_account_id) VALUES (7289, 2726.08, 'Dividend Payout', '2026-06-24 19:56:31', 'CREDIT', 'acc-72470f06-c211-4a74-8f04-bdc2f7df4bfe');
INSERT INTO account_operation (id, amount, description, operation_date, type, bank_account_id) VALUES (7290, 90.34, 'ONCF Train', '2026-06-26 19:56:31', 'DEBIT', 'acc-72470f06-c211-4a74-8f04-bdc2f7df4bfe');
INSERT INTO bank_account (id, type, balance, created_at, customer_id, over_draft, interest_rate) VALUES ('acc-cf8e894c-57fa-4fcd-9dee-204ebbdea61b', 'SAVE', 145196.31, '2025-12-23 19:56:31', 126, NULL, 2.48);
INSERT INTO account_operation (id, amount, description, operation_date, type, bank_account_id) VALUES (7291, 26974.41, 'Initial Account Funding', '2025-12-23 19:56:31', 'CREDIT', 'acc-cf8e894c-57fa-4fcd-9dee-204ebbdea61b');
INSERT INTO account_operation (id, amount, description, operation_date, type, bank_account_id) VALUES (7292, 13688.24, 'Salary Deposit', '2026-05-23 19:56:31', 'CREDIT', 'acc-cf8e894c-57fa-4fcd-9dee-204ebbdea61b');
INSERT INTO account_operation (id, amount, description, operation_date, type, bank_account_id) VALUES (7293, 2180.07, 'Cash Deposit', '2026-04-07 19:56:31', 'CREDIT', 'acc-cf8e894c-57fa-4fcd-9dee-204ebbdea61b');
INSERT INTO account_operation (id, amount, description, operation_date, type, bank_account_id) VALUES (7294, 1253.29, 'Local Cafe', '2026-01-08 19:56:31', 'DEBIT', 'acc-cf8e894c-57fa-4fcd-9dee-204ebbdea61b');
INSERT INTO account_operation (id, amount, description, operation_date, type, bank_account_id) VALUES (7295, 1390.3, 'ONEE Electricity', '2026-05-29 19:56:31', 'DEBIT', 'acc-cf8e894c-57fa-4fcd-9dee-204ebbdea61b');
INSERT INTO account_operation (id, amount, description, operation_date, type, bank_account_id) VALUES (7296, 8084.42, 'Freelance Payment', '2026-04-01 19:56:31', 'CREDIT', 'acc-cf8e894c-57fa-4fcd-9dee-204ebbdea61b');
INSERT INTO account_operation (id, amount, description, operation_date, type, bank_account_id) VALUES (7297, 8743.25, 'Freelance Payment', '2026-04-02 19:56:31', 'CREDIT', 'acc-cf8e894c-57fa-4fcd-9dee-204ebbdea61b');
INSERT INTO account_operation (id, amount, description, operation_date, type, bank_account_id) VALUES (7298, 13245.19, 'Transfer Received', '2026-05-24 19:56:31', 'CREDIT', 'acc-cf8e894c-57fa-4fcd-9dee-204ebbdea61b');
INSERT INTO account_operation (id, amount, description, operation_date, type, bank_account_id) VALUES (7299, 11116.67, 'Freelance Payment', '2026-05-10 19:56:31', 'CREDIT', 'acc-cf8e894c-57fa-4fcd-9dee-204ebbdea61b');
INSERT INTO account_operation (id, amount, description, operation_date, type, bank_account_id) VALUES (7300, 1870.64, 'ONCF Train', '2026-03-04 19:56:31', 'DEBIT', 'acc-cf8e894c-57fa-4fcd-9dee-204ebbdea61b');
INSERT INTO account_operation (id, amount, description, operation_date, type, bank_account_id) VALUES (7301, 1477.23, 'Local Cafe', '2026-01-27 19:56:31', 'DEBIT', 'acc-cf8e894c-57fa-4fcd-9dee-204ebbdea61b');
INSERT INTO account_operation (id, amount, description, operation_date, type, bank_account_id) VALUES (7302, 2501.09, 'Freelance Payment', '2026-01-07 19:56:31', 'CREDIT', 'acc-cf8e894c-57fa-4fcd-9dee-204ebbdea61b');
INSERT INTO account_operation (id, amount, description, operation_date, type, bank_account_id) VALUES (7303, 11712.51, 'Cash Deposit', '2026-02-04 19:56:31', 'CREDIT', 'acc-cf8e894c-57fa-4fcd-9dee-204ebbdea61b');
INSERT INTO account_operation (id, amount, description, operation_date, type, bank_account_id) VALUES (7304, 12909.37, 'Freelance Payment', '2026-01-27 19:56:31', 'CREDIT', 'acc-cf8e894c-57fa-4fcd-9dee-204ebbdea61b');
INSERT INTO account_operation (id, amount, description, operation_date, type, bank_account_id) VALUES (7305, 2179.03, 'Freelance Payment', '2026-03-26 19:56:31', 'CREDIT', 'acc-cf8e894c-57fa-4fcd-9dee-204ebbdea61b');
INSERT INTO account_operation (id, amount, description, operation_date, type, bank_account_id) VALUES (7306, 446.48, 'CTM Bus', '2026-03-30 19:56:31', 'DEBIT', 'acc-cf8e894c-57fa-4fcd-9dee-204ebbdea61b');
INSERT INTO account_operation (id, amount, description, operation_date, type, bank_account_id) VALUES (7307, 1022.3, 'Salary Deposit', '2026-03-03 19:56:31', 'CREDIT', 'acc-cf8e894c-57fa-4fcd-9dee-204ebbdea61b');
INSERT INTO account_operation (id, amount, description, operation_date, type, bank_account_id) VALUES (7308, 479.81, 'Decathlon', '2026-06-27 19:56:31', 'DEBIT', 'acc-cf8e894c-57fa-4fcd-9dee-204ebbdea61b');
INSERT INTO account_operation (id, amount, description, operation_date, type, bank_account_id) VALUES (7309, 228.31, 'Amendis', '2026-04-03 19:56:31', 'DEBIT', 'acc-cf8e894c-57fa-4fcd-9dee-204ebbdea61b');
INSERT INTO account_operation (id, amount, description, operation_date, type, bank_account_id) VALUES (7310, 405.46, 'Marjane Supermarket', '2026-05-17 19:56:31', 'DEBIT', 'acc-cf8e894c-57fa-4fcd-9dee-204ebbdea61b');
INSERT INTO account_operation (id, amount, description, operation_date, type, bank_account_id) VALUES (7311, 697.83, 'ONCF Train', '2026-06-13 19:56:31', 'DEBIT', 'acc-cf8e894c-57fa-4fcd-9dee-204ebbdea61b');
INSERT INTO account_operation (id, amount, description, operation_date, type, bank_account_id) VALUES (7312, 414.11, 'BIM Store', '2026-03-12 19:56:31', 'DEBIT', 'acc-cf8e894c-57fa-4fcd-9dee-204ebbdea61b');
INSERT INTO account_operation (id, amount, description, operation_date, type, bank_account_id) VALUES (7313, 688.06, 'Pharmacy', '2026-02-20 19:56:31', 'DEBIT', 'acc-cf8e894c-57fa-4fcd-9dee-204ebbdea61b');
INSERT INTO account_operation (id, amount, description, operation_date, type, bank_account_id) VALUES (7314, 1200.32, 'Local Cafe', '2026-06-23 19:56:31', 'DEBIT', 'acc-cf8e894c-57fa-4fcd-9dee-204ebbdea61b');
INSERT INTO account_operation (id, amount, description, operation_date, type, bank_account_id) VALUES (7315, 2043.38, 'Salary Deposit', '2026-05-08 19:56:31', 'CREDIT', 'acc-cf8e894c-57fa-4fcd-9dee-204ebbdea61b');
INSERT INTO account_operation (id, amount, description, operation_date, type, bank_account_id) VALUES (7316, 613.18, 'Netflix Subscription', '2026-02-01 19:56:31', 'DEBIT', 'acc-cf8e894c-57fa-4fcd-9dee-204ebbdea61b');
INSERT INTO account_operation (id, amount, description, operation_date, type, bank_account_id) VALUES (7317, 1602.11, 'ONCF Train', '2026-01-17 19:56:31', 'DEBIT', 'acc-cf8e894c-57fa-4fcd-9dee-204ebbdea61b');
INSERT INTO account_operation (id, amount, description, operation_date, type, bank_account_id) VALUES (7318, 1850.63, 'ONCF Train', '2026-03-29 19:56:31', 'DEBIT', 'acc-cf8e894c-57fa-4fcd-9dee-204ebbdea61b');
INSERT INTO account_operation (id, amount, description, operation_date, type, bank_account_id) VALUES (7319, 11337.0, 'Transfer Received', '2026-06-02 19:56:31', 'CREDIT', 'acc-cf8e894c-57fa-4fcd-9dee-204ebbdea61b');
INSERT INTO account_operation (id, amount, description, operation_date, type, bank_account_id) VALUES (7320, 1805.72, 'CTM Bus', '2025-12-23 19:56:31', 'DEBIT', 'acc-cf8e894c-57fa-4fcd-9dee-204ebbdea61b');
INSERT INTO account_operation (id, amount, description, operation_date, type, bank_account_id) VALUES (7321, 200.78, 'ONEE Electricity', '2026-02-08 19:56:31', 'DEBIT', 'acc-cf8e894c-57fa-4fcd-9dee-204ebbdea61b');
INSERT INTO account_operation (id, amount, description, operation_date, type, bank_account_id) VALUES (7322, 5887.9, 'Salary Deposit', '2026-01-21 19:56:31', 'CREDIT', 'acc-cf8e894c-57fa-4fcd-9dee-204ebbdea61b');
INSERT INTO account_operation (id, amount, description, operation_date, type, bank_account_id) VALUES (7323, 6475.89, 'Freelance Payment', '2026-04-05 19:56:31', 'CREDIT', 'acc-cf8e894c-57fa-4fcd-9dee-204ebbdea61b');
INSERT INTO account_operation (id, amount, description, operation_date, type, bank_account_id) VALUES (7324, 1834.23, 'Amendis', '2026-01-30 19:56:31', 'DEBIT', 'acc-cf8e894c-57fa-4fcd-9dee-204ebbdea61b');
INSERT INTO account_operation (id, amount, description, operation_date, type, bank_account_id) VALUES (7325, 420.97, 'Orange', '2026-04-25 19:56:31', 'DEBIT', 'acc-cf8e894c-57fa-4fcd-9dee-204ebbdea61b');
INSERT INTO account_operation (id, amount, description, operation_date, type, bank_account_id) VALUES (7326, 5090.51, 'Salary Deposit', '2026-01-18 19:56:31', 'CREDIT', 'acc-cf8e894c-57fa-4fcd-9dee-204ebbdea61b');
INSERT INTO account_operation (id, amount, description, operation_date, type, bank_account_id) VALUES (7327, 899.29, 'Marjane Supermarket', '2026-01-07 19:56:31', 'DEBIT', 'acc-cf8e894c-57fa-4fcd-9dee-204ebbdea61b');
INSERT INTO account_operation (id, amount, description, operation_date, type, bank_account_id) VALUES (7328, 1035.7, 'Spotify', '2026-04-20 19:56:31', 'DEBIT', 'acc-cf8e894c-57fa-4fcd-9dee-204ebbdea61b');
INSERT INTO account_operation (id, amount, description, operation_date, type, bank_account_id) VALUES (7329, 1176.86, 'ONEE Electricity', '2026-05-10 19:56:31', 'DEBIT', 'acc-cf8e894c-57fa-4fcd-9dee-204ebbdea61b');
INSERT INTO account_operation (id, amount, description, operation_date, type, bank_account_id) VALUES (7330, 4475.09, 'Cash Deposit', '2026-04-15 19:56:31', 'CREDIT', 'acc-cf8e894c-57fa-4fcd-9dee-204ebbdea61b');
INSERT INTO account_operation (id, amount, description, operation_date, type, bank_account_id) VALUES (7331, 1773.45, 'Spotify', '2026-03-21 19:56:31', 'DEBIT', 'acc-cf8e894c-57fa-4fcd-9dee-204ebbdea61b');
INSERT INTO account_operation (id, amount, description, operation_date, type, bank_account_id) VALUES (7332, 619.31, 'Carrefour', '2026-02-04 19:56:31', 'DEBIT', 'acc-cf8e894c-57fa-4fcd-9dee-204ebbdea61b');
INSERT INTO account_operation (id, amount, description, operation_date, type, bank_account_id) VALUES (7333, 1370.64, 'Maroc Telecom', '2026-06-26 19:56:31', 'DEBIT', 'acc-cf8e894c-57fa-4fcd-9dee-204ebbdea61b');
INSERT INTO account_operation (id, amount, description, operation_date, type, bank_account_id) VALUES (7334, 11148.62, 'Freelance Payment', '2026-02-15 19:56:31', 'CREDIT', 'acc-cf8e894c-57fa-4fcd-9dee-204ebbdea61b');
INSERT INTO account_operation (id, amount, description, operation_date, type, bank_account_id) VALUES (7335, 997.35, 'Redal', '2026-03-31 19:56:31', 'DEBIT', 'acc-cf8e894c-57fa-4fcd-9dee-204ebbdea61b');
INSERT INTO account_operation (id, amount, description, operation_date, type, bank_account_id) VALUES (7336, 11133.43, 'Cash Deposit', '2026-01-06 19:56:31', 'CREDIT', 'acc-cf8e894c-57fa-4fcd-9dee-204ebbdea61b');

INSERT INTO customer (id, name, email) VALUES (127, 'Nadia El Amrani', 'nadia.el amrani@gmail.com');
INSERT INTO bank_account (id, type, balance, created_at, customer_id, over_draft, interest_rate) VALUES ('acc-c56c6c18-5a27-4917-a89e-b627114a8862', 'SAVE', 64441.93, '2026-03-02 19:56:31', 127, NULL, 3.33);
INSERT INTO account_operation (id, amount, description, operation_date, type, bank_account_id) VALUES (7337, 24261.3, 'Initial Account Funding', '2026-03-02 19:56:31', 'CREDIT', 'acc-c56c6c18-5a27-4917-a89e-b627114a8862');
INSERT INTO account_operation (id, amount, description, operation_date, type, bank_account_id) VALUES (7338, 429.14, 'Marjane Supermarket', '2026-06-01 19:56:31', 'DEBIT', 'acc-c56c6c18-5a27-4917-a89e-b627114a8862');
INSERT INTO account_operation (id, amount, description, operation_date, type, bank_account_id) VALUES (7339, 1645.64, 'ONEE Electricity', '2026-05-02 19:56:31', 'DEBIT', 'acc-c56c6c18-5a27-4917-a89e-b627114a8862');
INSERT INTO account_operation (id, amount, description, operation_date, type, bank_account_id) VALUES (7340, 2872.4, 'Dividend Payout', '2026-04-29 19:56:31', 'CREDIT', 'acc-c56c6c18-5a27-4917-a89e-b627114a8862');
INSERT INTO account_operation (id, amount, description, operation_date, type, bank_account_id) VALUES (7341, 1439.86, 'Dividend Payout', '2026-03-05 19:56:31', 'CREDIT', 'acc-c56c6c18-5a27-4917-a89e-b627114a8862');
INSERT INTO account_operation (id, amount, description, operation_date, type, bank_account_id) VALUES (7342, 13234.1, 'Dividend Payout', '2026-06-02 19:56:31', 'CREDIT', 'acc-c56c6c18-5a27-4917-a89e-b627114a8862');
INSERT INTO account_operation (id, amount, description, operation_date, type, bank_account_id) VALUES (7343, 254.38, 'Carrefour', '2026-04-22 19:56:31', 'DEBIT', 'acc-c56c6c18-5a27-4917-a89e-b627114a8862');
INSERT INTO account_operation (id, amount, description, operation_date, type, bank_account_id) VALUES (7344, 7416.27, 'Salary Deposit', '2026-05-25 19:56:31', 'CREDIT', 'acc-c56c6c18-5a27-4917-a89e-b627114a8862');
INSERT INTO account_operation (id, amount, description, operation_date, type, bank_account_id) VALUES (7345, 8474.37, 'Salary Deposit', '2026-06-25 19:56:31', 'CREDIT', 'acc-c56c6c18-5a27-4917-a89e-b627114a8862');
INSERT INTO account_operation (id, amount, description, operation_date, type, bank_account_id) VALUES (7346, 63.43, 'Inwi', '2026-03-24 19:56:31', 'DEBIT', 'acc-c56c6c18-5a27-4917-a89e-b627114a8862');
INSERT INTO account_operation (id, amount, description, operation_date, type, bank_account_id) VALUES (7347, 424.78, 'ONCF Train', '2026-03-09 19:56:31', 'DEBIT', 'acc-c56c6c18-5a27-4917-a89e-b627114a8862');
INSERT INTO account_operation (id, amount, description, operation_date, type, bank_account_id) VALUES (7348, 1165.37, 'Decathlon', '2026-06-15 19:56:31', 'DEBIT', 'acc-c56c6c18-5a27-4917-a89e-b627114a8862');
INSERT INTO account_operation (id, amount, description, operation_date, type, bank_account_id) VALUES (7349, 394.54, 'CTM Bus', '2026-06-26 19:56:31', 'DEBIT', 'acc-c56c6c18-5a27-4917-a89e-b627114a8862');
INSERT INTO account_operation (id, amount, description, operation_date, type, bank_account_id) VALUES (7350, 11120.91, 'Transfer Received', '2026-05-14 19:56:31', 'CREDIT', 'acc-c56c6c18-5a27-4917-a89e-b627114a8862');
INSERT INTO bank_account (id, type, balance, created_at, customer_id, over_draft, interest_rate) VALUES ('acc-45b23f64-82cf-4b11-9929-d119ad974f3e', 'SAVE', 124381.66, '2026-02-25 19:56:31', 127, NULL, 2.53);
INSERT INTO account_operation (id, amount, description, operation_date, type, bank_account_id) VALUES (7351, 14568.5, 'Initial Account Funding', '2026-02-25 19:56:31', 'CREDIT', 'acc-45b23f64-82cf-4b11-9929-d119ad974f3e');
INSERT INTO account_operation (id, amount, description, operation_date, type, bank_account_id) VALUES (7352, 1172.7, 'CTM Bus', '2026-03-29 19:56:31', 'DEBIT', 'acc-45b23f64-82cf-4b11-9929-d119ad974f3e');
INSERT INTO account_operation (id, amount, description, operation_date, type, bank_account_id) VALUES (7353, 14611.02, 'Transfer Received', '2026-04-21 19:56:31', 'CREDIT', 'acc-45b23f64-82cf-4b11-9929-d119ad974f3e');
INSERT INTO account_operation (id, amount, description, operation_date, type, bank_account_id) VALUES (7354, 1163.19, 'Local Cafe', '2026-03-17 19:56:31', 'DEBIT', 'acc-45b23f64-82cf-4b11-9929-d119ad974f3e');
INSERT INTO account_operation (id, amount, description, operation_date, type, bank_account_id) VALUES (7355, 295.45, 'Spotify', '2026-05-04 19:56:31', 'DEBIT', 'acc-45b23f64-82cf-4b11-9929-d119ad974f3e');
INSERT INTO account_operation (id, amount, description, operation_date, type, bank_account_id) VALUES (7356, 869.75, 'Restaurant', '2026-04-09 19:56:31', 'DEBIT', 'acc-45b23f64-82cf-4b11-9929-d119ad974f3e');
INSERT INTO account_operation (id, amount, description, operation_date, type, bank_account_id) VALUES (7357, 1702.78, 'Freelance Payment', '2026-03-24 19:56:31', 'CREDIT', 'acc-45b23f64-82cf-4b11-9929-d119ad974f3e');
INSERT INTO account_operation (id, amount, description, operation_date, type, bank_account_id) VALUES (7358, 380.21, 'Netflix Subscription', '2026-03-28 19:56:31', 'DEBIT', 'acc-45b23f64-82cf-4b11-9929-d119ad974f3e');
INSERT INTO account_operation (id, amount, description, operation_date, type, bank_account_id) VALUES (7359, 5134.66, 'Freelance Payment', '2026-04-17 19:56:31', 'CREDIT', 'acc-45b23f64-82cf-4b11-9929-d119ad974f3e');
INSERT INTO account_operation (id, amount, description, operation_date, type, bank_account_id) VALUES (7360, 494.4, 'Orange', '2026-06-07 19:56:31', 'DEBIT', 'acc-45b23f64-82cf-4b11-9929-d119ad974f3e');
INSERT INTO account_operation (id, amount, description, operation_date, type, bank_account_id) VALUES (7361, 2877.4, 'Dividend Payout', '2026-03-30 19:56:31', 'CREDIT', 'acc-45b23f64-82cf-4b11-9929-d119ad974f3e');
INSERT INTO account_operation (id, amount, description, operation_date, type, bank_account_id) VALUES (7362, 1170.39, 'Netflix Subscription', '2026-03-23 19:56:31', 'DEBIT', 'acc-45b23f64-82cf-4b11-9929-d119ad974f3e');
INSERT INTO account_operation (id, amount, description, operation_date, type, bank_account_id) VALUES (7363, 1841.6, 'Redal', '2026-02-26 19:56:31', 'DEBIT', 'acc-45b23f64-82cf-4b11-9929-d119ad974f3e');
INSERT INTO account_operation (id, amount, description, operation_date, type, bank_account_id) VALUES (7364, 8776.8, 'Dividend Payout', '2026-04-07 19:56:31', 'CREDIT', 'acc-45b23f64-82cf-4b11-9929-d119ad974f3e');
INSERT INTO account_operation (id, amount, description, operation_date, type, bank_account_id) VALUES (7365, 5371.56, 'Cash Deposit', '2026-02-27 19:56:31', 'CREDIT', 'acc-45b23f64-82cf-4b11-9929-d119ad974f3e');
INSERT INTO account_operation (id, amount, description, operation_date, type, bank_account_id) VALUES (7366, 1558.49, 'Spotify', '2026-05-27 19:56:31', 'DEBIT', 'acc-45b23f64-82cf-4b11-9929-d119ad974f3e');
INSERT INTO account_operation (id, amount, description, operation_date, type, bank_account_id) VALUES (7367, 1898.64, 'ONEE Electricity', '2026-03-04 19:56:31', 'DEBIT', 'acc-45b23f64-82cf-4b11-9929-d119ad974f3e');
INSERT INTO account_operation (id, amount, description, operation_date, type, bank_account_id) VALUES (7368, 1131.46, 'Zara', '2026-06-27 19:56:31', 'DEBIT', 'acc-45b23f64-82cf-4b11-9929-d119ad974f3e');
INSERT INTO account_operation (id, amount, description, operation_date, type, bank_account_id) VALUES (7369, 9509.34, 'Cash Deposit', '2026-03-03 19:56:31', 'CREDIT', 'acc-45b23f64-82cf-4b11-9929-d119ad974f3e');
INSERT INTO account_operation (id, amount, description, operation_date, type, bank_account_id) VALUES (7370, 818.21, 'Netflix Subscription', '2026-03-28 19:56:31', 'DEBIT', 'acc-45b23f64-82cf-4b11-9929-d119ad974f3e');
INSERT INTO account_operation (id, amount, description, operation_date, type, bank_account_id) VALUES (7371, 9053.93, 'Cash Deposit', '2026-04-06 19:56:31', 'CREDIT', 'acc-45b23f64-82cf-4b11-9929-d119ad974f3e');
INSERT INTO account_operation (id, amount, description, operation_date, type, bank_account_id) VALUES (7372, 1043.74, 'Carrefour', '2026-03-12 19:56:31', 'DEBIT', 'acc-45b23f64-82cf-4b11-9929-d119ad974f3e');
INSERT INTO account_operation (id, amount, description, operation_date, type, bank_account_id) VALUES (7373, 224.73, 'Marjane Supermarket', '2026-05-26 19:56:31', 'DEBIT', 'acc-45b23f64-82cf-4b11-9929-d119ad974f3e');
INSERT INTO account_operation (id, amount, description, operation_date, type, bank_account_id) VALUES (7374, 6253.48, 'Salary Deposit', '2026-05-23 19:56:31', 'CREDIT', 'acc-45b23f64-82cf-4b11-9929-d119ad974f3e');
INSERT INTO account_operation (id, amount, description, operation_date, type, bank_account_id) VALUES (7375, 1837.4, 'ONEE Electricity', '2026-04-26 19:56:31', 'DEBIT', 'acc-45b23f64-82cf-4b11-9929-d119ad974f3e');
INSERT INTO account_operation (id, amount, description, operation_date, type, bank_account_id) VALUES (7376, 9744.93, 'Transfer Received', '2026-05-20 19:56:31', 'CREDIT', 'acc-45b23f64-82cf-4b11-9929-d119ad974f3e');
INSERT INTO account_operation (id, amount, description, operation_date, type, bank_account_id) VALUES (7377, 5184.28, 'Freelance Payment', '2026-04-03 19:56:31', 'CREDIT', 'acc-45b23f64-82cf-4b11-9929-d119ad974f3e');
INSERT INTO account_operation (id, amount, description, operation_date, type, bank_account_id) VALUES (7378, 1691.32, 'BIM Store', '2026-04-27 19:56:31', 'DEBIT', 'acc-45b23f64-82cf-4b11-9929-d119ad974f3e');
INSERT INTO account_operation (id, amount, description, operation_date, type, bank_account_id) VALUES (7379, 7062.73, 'Cash Deposit', '2026-04-24 19:56:31', 'CREDIT', 'acc-45b23f64-82cf-4b11-9929-d119ad974f3e');
INSERT INTO account_operation (id, amount, description, operation_date, type, bank_account_id) VALUES (7380, 500.65, 'ONEE Electricity', '2026-03-12 19:56:31', 'DEBIT', 'acc-45b23f64-82cf-4b11-9929-d119ad974f3e');
INSERT INTO account_operation (id, amount, description, operation_date, type, bank_account_id) VALUES (7381, 487.13, 'BIM Store', '2026-03-09 19:56:31', 'DEBIT', 'acc-45b23f64-82cf-4b11-9929-d119ad974f3e');
INSERT INTO account_operation (id, amount, description, operation_date, type, bank_account_id) VALUES (7382, 1378.6, 'CTM Bus', '2026-04-17 19:56:31', 'DEBIT', 'acc-45b23f64-82cf-4b11-9929-d119ad974f3e');
INSERT INTO account_operation (id, amount, description, operation_date, type, bank_account_id) VALUES (7383, 1240.42, 'Inwi', '2026-06-10 19:56:31', 'DEBIT', 'acc-45b23f64-82cf-4b11-9929-d119ad974f3e');
INSERT INTO account_operation (id, amount, description, operation_date, type, bank_account_id) VALUES (7384, 11431.28, 'Cash Deposit', '2026-04-17 19:56:31', 'CREDIT', 'acc-45b23f64-82cf-4b11-9929-d119ad974f3e');
INSERT INTO account_operation (id, amount, description, operation_date, type, bank_account_id) VALUES (7385, 14249.41, 'Transfer Received', '2026-05-29 19:56:31', 'CREDIT', 'acc-45b23f64-82cf-4b11-9929-d119ad974f3e');
INSERT INTO account_operation (id, amount, description, operation_date, type, bank_account_id) VALUES (7386, 14553.55, 'Dividend Payout', '2026-03-01 19:56:31', 'CREDIT', 'acc-45b23f64-82cf-4b11-9929-d119ad974f3e');
INSERT INTO account_operation (id, amount, description, operation_date, type, bank_account_id) VALUES (7387, 14892.43, 'Dividend Payout', '2026-04-12 19:56:31', 'CREDIT', 'acc-45b23f64-82cf-4b11-9929-d119ad974f3e');
INSERT INTO account_operation (id, amount, description, operation_date, type, bank_account_id) VALUES (7388, 1942.84, 'Orange', '2026-04-10 19:56:31', 'DEBIT', 'acc-45b23f64-82cf-4b11-9929-d119ad974f3e');
INSERT INTO account_operation (id, amount, description, operation_date, type, bank_account_id) VALUES (7389, 1484.59, 'BIM Store', '2026-03-23 19:56:31', 'DEBIT', 'acc-45b23f64-82cf-4b11-9929-d119ad974f3e');
INSERT INTO account_operation (id, amount, description, operation_date, type, bank_account_id) VALUES (7390, 1220.16, 'Inwi', '2026-03-20 19:56:31', 'DEBIT', 'acc-45b23f64-82cf-4b11-9929-d119ad974f3e');
INSERT INTO account_operation (id, amount, description, operation_date, type, bank_account_id) VALUES (7391, 1159.88, 'Orange', '2026-02-26 19:56:31', 'DEBIT', 'acc-45b23f64-82cf-4b11-9929-d119ad974f3e');
INSERT INTO account_operation (id, amount, description, operation_date, type, bank_account_id) VALUES (7392, 1797.23, 'Spotify', '2026-03-12 19:56:31', 'DEBIT', 'acc-45b23f64-82cf-4b11-9929-d119ad974f3e');
INSERT INTO account_operation (id, amount, description, operation_date, type, bank_account_id) VALUES (7393, 1793.24, 'Inwi', '2026-06-23 19:56:31', 'DEBIT', 'acc-45b23f64-82cf-4b11-9929-d119ad974f3e');

INSERT INTO customer (id, name, email) VALUES (128, 'Ayoub Berrada', 'ayoub.berrada@gmail.com');
INSERT INTO bank_account (id, type, balance, created_at, customer_id, over_draft, interest_rate) VALUES ('acc-c2d8aec5-ade5-400a-9f39-6dfde3185b7c', 'SAVE', 29642.87, '2026-01-02 19:56:31', 128, NULL, 1.68);
INSERT INTO account_operation (id, amount, description, operation_date, type, bank_account_id) VALUES (7394, 10210.79, 'Initial Account Funding', '2026-01-02 19:56:31', 'CREDIT', 'acc-c2d8aec5-ade5-400a-9f39-6dfde3185b7c');
INSERT INTO account_operation (id, amount, description, operation_date, type, bank_account_id) VALUES (7395, 885.74, 'Restaurant', '2026-01-19 19:56:31', 'DEBIT', 'acc-c2d8aec5-ade5-400a-9f39-6dfde3185b7c');
INSERT INTO account_operation (id, amount, description, operation_date, type, bank_account_id) VALUES (7396, 1727.74, 'ONCF Train', '2026-03-01 19:56:31', 'DEBIT', 'acc-c2d8aec5-ade5-400a-9f39-6dfde3185b7c');
INSERT INTO account_operation (id, amount, description, operation_date, type, bank_account_id) VALUES (7397, 202.85, 'Marjane Supermarket', '2026-02-05 19:56:31', 'DEBIT', 'acc-c2d8aec5-ade5-400a-9f39-6dfde3185b7c');
INSERT INTO account_operation (id, amount, description, operation_date, type, bank_account_id) VALUES (7398, 10379.99, 'Cash Deposit', '2026-06-21 19:56:31', 'CREDIT', 'acc-c2d8aec5-ade5-400a-9f39-6dfde3185b7c');
INSERT INTO account_operation (id, amount, description, operation_date, type, bank_account_id) VALUES (7399, 1549.23, 'Local Cafe', '2026-03-06 19:56:31', 'DEBIT', 'acc-c2d8aec5-ade5-400a-9f39-6dfde3185b7c');
INSERT INTO account_operation (id, amount, description, operation_date, type, bank_account_id) VALUES (7400, 13601.12, 'Transfer Received', '2026-03-13 19:56:31', 'CREDIT', 'acc-c2d8aec5-ade5-400a-9f39-6dfde3185b7c');
INSERT INTO account_operation (id, amount, description, operation_date, type, bank_account_id) VALUES (7401, 1046.97, 'LC Waikiki', '2026-06-23 19:56:31', 'DEBIT', 'acc-c2d8aec5-ade5-400a-9f39-6dfde3185b7c');
INSERT INTO account_operation (id, amount, description, operation_date, type, bank_account_id) VALUES (7402, 2568.25, 'Freelance Payment', '2026-03-28 19:56:31', 'CREDIT', 'acc-c2d8aec5-ade5-400a-9f39-6dfde3185b7c');
INSERT INTO account_operation (id, amount, description, operation_date, type, bank_account_id) VALUES (7403, 499.5, 'Orange', '2026-01-29 19:56:31', 'DEBIT', 'acc-c2d8aec5-ade5-400a-9f39-6dfde3185b7c');
INSERT INTO account_operation (id, amount, description, operation_date, type, bank_account_id) VALUES (7404, 1205.25, 'Maroc Telecom', '2026-01-16 19:56:31', 'DEBIT', 'acc-c2d8aec5-ade5-400a-9f39-6dfde3185b7c');
INSERT INTO bank_account (id, type, balance, created_at, customer_id, over_draft, interest_rate) VALUES ('acc-6c22be42-52ef-4593-b18d-67d894ad5592', 'CURR', 182492.86, '2025-12-08 19:56:31', 128, 1302.87, NULL);
INSERT INTO account_operation (id, amount, description, operation_date, type, bank_account_id) VALUES (7405, 48409.3, 'Initial Account Funding', '2025-12-08 19:56:31', 'CREDIT', 'acc-6c22be42-52ef-4593-b18d-67d894ad5592');
INSERT INTO account_operation (id, amount, description, operation_date, type, bank_account_id) VALUES (7406, 832.13, 'Redal', '2026-03-02 19:56:31', 'DEBIT', 'acc-6c22be42-52ef-4593-b18d-67d894ad5592');
INSERT INTO account_operation (id, amount, description, operation_date, type, bank_account_id) VALUES (7407, 10242.59, 'Salary Deposit', '2026-04-28 19:56:31', 'CREDIT', 'acc-6c22be42-52ef-4593-b18d-67d894ad5592');
INSERT INTO account_operation (id, amount, description, operation_date, type, bank_account_id) VALUES (7408, 847.04, 'Local Cafe', '2026-05-27 19:56:31', 'DEBIT', 'acc-6c22be42-52ef-4593-b18d-67d894ad5592');
INSERT INTO account_operation (id, amount, description, operation_date, type, bank_account_id) VALUES (7409, 9767.02, 'Dividend Payout', '2026-05-17 19:56:31', 'CREDIT', 'acc-6c22be42-52ef-4593-b18d-67d894ad5592');
INSERT INTO account_operation (id, amount, description, operation_date, type, bank_account_id) VALUES (7410, 4889.46, 'Cash Deposit', '2026-02-19 19:56:31', 'CREDIT', 'acc-6c22be42-52ef-4593-b18d-67d894ad5592');
INSERT INTO account_operation (id, amount, description, operation_date, type, bank_account_id) VALUES (7411, 1311.5, 'Restaurant', '2026-01-10 19:56:31', 'DEBIT', 'acc-6c22be42-52ef-4593-b18d-67d894ad5592');
INSERT INTO account_operation (id, amount, description, operation_date, type, bank_account_id) VALUES (7412, 5932.69, 'Dividend Payout', '2026-04-13 19:56:31', 'CREDIT', 'acc-6c22be42-52ef-4593-b18d-67d894ad5592');
INSERT INTO account_operation (id, amount, description, operation_date, type, bank_account_id) VALUES (7413, 4250.95, 'Cash Deposit', '2026-01-26 19:56:31', 'CREDIT', 'acc-6c22be42-52ef-4593-b18d-67d894ad5592');
INSERT INTO account_operation (id, amount, description, operation_date, type, bank_account_id) VALUES (7414, 239.56, 'Local Cafe', '2026-06-09 19:56:31', 'DEBIT', 'acc-6c22be42-52ef-4593-b18d-67d894ad5592');
INSERT INTO account_operation (id, amount, description, operation_date, type, bank_account_id) VALUES (7415, 1223.08, 'Redal', '2026-04-22 19:56:31', 'DEBIT', 'acc-6c22be42-52ef-4593-b18d-67d894ad5592');
INSERT INTO account_operation (id, amount, description, operation_date, type, bank_account_id) VALUES (7416, 2720.02, 'Salary Deposit', '2026-01-07 19:56:31', 'CREDIT', 'acc-6c22be42-52ef-4593-b18d-67d894ad5592');
INSERT INTO account_operation (id, amount, description, operation_date, type, bank_account_id) VALUES (7417, 1021.2, 'Pharmacy', '2026-06-21 19:56:31', 'DEBIT', 'acc-6c22be42-52ef-4593-b18d-67d894ad5592');
INSERT INTO account_operation (id, amount, description, operation_date, type, bank_account_id) VALUES (7418, 1537.61, 'Spotify', '2026-04-24 19:56:31', 'DEBIT', 'acc-6c22be42-52ef-4593-b18d-67d894ad5592');
INSERT INTO account_operation (id, amount, description, operation_date, type, bank_account_id) VALUES (7419, 627.35, 'Redal', '2026-02-12 19:56:31', 'DEBIT', 'acc-6c22be42-52ef-4593-b18d-67d894ad5592');
INSERT INTO account_operation (id, amount, description, operation_date, type, bank_account_id) VALUES (7420, 9975.39, 'Salary Deposit', '2026-03-25 19:56:31', 'CREDIT', 'acc-6c22be42-52ef-4593-b18d-67d894ad5592');
INSERT INTO account_operation (id, amount, description, operation_date, type, bank_account_id) VALUES (7421, 14022.9, 'Salary Deposit', '2026-05-25 19:56:31', 'CREDIT', 'acc-6c22be42-52ef-4593-b18d-67d894ad5592');
INSERT INTO account_operation (id, amount, description, operation_date, type, bank_account_id) VALUES (7422, 216.6, 'Spotify', '2026-05-31 19:56:31', 'DEBIT', 'acc-6c22be42-52ef-4593-b18d-67d894ad5592');
INSERT INTO account_operation (id, amount, description, operation_date, type, bank_account_id) VALUES (7423, 13331.99, 'Transfer Received', '2025-12-12 19:56:31', 'CREDIT', 'acc-6c22be42-52ef-4593-b18d-67d894ad5592');
INSERT INTO account_operation (id, amount, description, operation_date, type, bank_account_id) VALUES (7424, 313.94, 'BIM Store', '2026-06-04 19:56:31', 'DEBIT', 'acc-6c22be42-52ef-4593-b18d-67d894ad5592');
INSERT INTO account_operation (id, amount, description, operation_date, type, bank_account_id) VALUES (7425, 1588.42, 'Inwi', '2026-03-30 19:56:31', 'DEBIT', 'acc-6c22be42-52ef-4593-b18d-67d894ad5592');
INSERT INTO account_operation (id, amount, description, operation_date, type, bank_account_id) VALUES (7426, 1120.66, 'Local Cafe', '2026-05-08 19:56:31', 'DEBIT', 'acc-6c22be42-52ef-4593-b18d-67d894ad5592');
INSERT INTO account_operation (id, amount, description, operation_date, type, bank_account_id) VALUES (7427, 11484.38, 'Dividend Payout', '2026-06-07 19:56:31', 'CREDIT', 'acc-6c22be42-52ef-4593-b18d-67d894ad5592');
INSERT INTO account_operation (id, amount, description, operation_date, type, bank_account_id) VALUES (7428, 14891.36, 'Salary Deposit', '2025-12-23 19:56:31', 'CREDIT', 'acc-6c22be42-52ef-4593-b18d-67d894ad5592');
INSERT INTO account_operation (id, amount, description, operation_date, type, bank_account_id) VALUES (7429, 746.12, 'Spotify', '2026-05-04 19:56:31', 'DEBIT', 'acc-6c22be42-52ef-4593-b18d-67d894ad5592');
INSERT INTO account_operation (id, amount, description, operation_date, type, bank_account_id) VALUES (7430, 13857.85, 'Cash Deposit', '2026-03-29 19:56:31', 'CREDIT', 'acc-6c22be42-52ef-4593-b18d-67d894ad5592');
INSERT INTO account_operation (id, amount, description, operation_date, type, bank_account_id) VALUES (7431, 9402.39, 'Transfer Received', '2026-02-09 19:56:31', 'CREDIT', 'acc-6c22be42-52ef-4593-b18d-67d894ad5592');
INSERT INTO account_operation (id, amount, description, operation_date, type, bank_account_id) VALUES (7432, 102.61, 'Maroc Telecom', '2026-02-21 19:56:31', 'DEBIT', 'acc-6c22be42-52ef-4593-b18d-67d894ad5592');
INSERT INTO account_operation (id, amount, description, operation_date, type, bank_account_id) VALUES (7433, 9193.4, 'Dividend Payout', '2026-02-24 19:56:31', 'CREDIT', 'acc-6c22be42-52ef-4593-b18d-67d894ad5592');
INSERT INTO account_operation (id, amount, description, operation_date, type, bank_account_id) VALUES (7434, 675.01, 'Orange', '2025-12-26 19:56:31', 'DEBIT', 'acc-6c22be42-52ef-4593-b18d-67d894ad5592');
INSERT INTO account_operation (id, amount, description, operation_date, type, bank_account_id) VALUES (7435, 13910.4, 'Transfer Received', '2026-02-19 19:56:31', 'CREDIT', 'acc-6c22be42-52ef-4593-b18d-67d894ad5592');
INSERT INTO account_operation (id, amount, description, operation_date, type, bank_account_id) VALUES (7436, 1386.4, 'Local Cafe', '2026-01-19 19:56:31', 'DEBIT', 'acc-6c22be42-52ef-4593-b18d-67d894ad5592');
INSERT INTO bank_account (id, type, balance, created_at, customer_id, over_draft, interest_rate) VALUES ('acc-701c0895-f67a-49c0-971d-dbb9db869e93', 'SAVE', 134570.48, '2026-05-07 19:56:31', 128, NULL, 3.1);
INSERT INTO account_operation (id, amount, description, operation_date, type, bank_account_id) VALUES (7437, 49926.29, 'Initial Account Funding', '2026-05-07 19:56:31', 'CREDIT', 'acc-701c0895-f67a-49c0-971d-dbb9db869e93');
INSERT INTO account_operation (id, amount, description, operation_date, type, bank_account_id) VALUES (7438, 1948.65, 'Decathlon', '2026-05-28 19:56:31', 'DEBIT', 'acc-701c0895-f67a-49c0-971d-dbb9db869e93');
INSERT INTO account_operation (id, amount, description, operation_date, type, bank_account_id) VALUES (7439, 12278.7, 'Freelance Payment', '2026-05-13 19:56:31', 'CREDIT', 'acc-701c0895-f67a-49c0-971d-dbb9db869e93');
INSERT INTO account_operation (id, amount, description, operation_date, type, bank_account_id) VALUES (7440, 686.28, 'ONEE Electricity', '2026-06-25 19:56:31', 'DEBIT', 'acc-701c0895-f67a-49c0-971d-dbb9db869e93');
INSERT INTO account_operation (id, amount, description, operation_date, type, bank_account_id) VALUES (7441, 1696.7, 'Amendis', '2026-06-18 19:56:31', 'DEBIT', 'acc-701c0895-f67a-49c0-971d-dbb9db869e93');
INSERT INTO account_operation (id, amount, description, operation_date, type, bank_account_id) VALUES (7442, 1754.7, 'LC Waikiki', '2026-05-19 19:56:31', 'DEBIT', 'acc-701c0895-f67a-49c0-971d-dbb9db869e93');
INSERT INTO account_operation (id, amount, description, operation_date, type, bank_account_id) VALUES (7443, 13472.67, 'Transfer Received', '2026-06-03 19:56:31', 'CREDIT', 'acc-701c0895-f67a-49c0-971d-dbb9db869e93');
INSERT INTO account_operation (id, amount, description, operation_date, type, bank_account_id) VALUES (7444, 4305.18, 'Transfer Received', '2026-06-25 19:56:31', 'CREDIT', 'acc-701c0895-f67a-49c0-971d-dbb9db869e93');
INSERT INTO account_operation (id, amount, description, operation_date, type, bank_account_id) VALUES (7445, 13141.9, 'Freelance Payment', '2026-06-01 19:56:31', 'CREDIT', 'acc-701c0895-f67a-49c0-971d-dbb9db869e93');
INSERT INTO account_operation (id, amount, description, operation_date, type, bank_account_id) VALUES (7446, 14403.14, 'Salary Deposit', '2026-06-20 19:56:31', 'CREDIT', 'acc-701c0895-f67a-49c0-971d-dbb9db869e93');
INSERT INTO account_operation (id, amount, description, operation_date, type, bank_account_id) VALUES (7447, 3839.27, 'Salary Deposit', '2026-06-20 19:56:31', 'CREDIT', 'acc-701c0895-f67a-49c0-971d-dbb9db869e93');
INSERT INTO account_operation (id, amount, description, operation_date, type, bank_account_id) VALUES (7448, 1711.64, 'Local Cafe', '2026-06-07 19:56:31', 'DEBIT', 'acc-701c0895-f67a-49c0-971d-dbb9db869e93');
INSERT INTO account_operation (id, amount, description, operation_date, type, bank_account_id) VALUES (7449, 138.46, 'Redal', '2026-06-12 19:56:31', 'DEBIT', 'acc-701c0895-f67a-49c0-971d-dbb9db869e93');
INSERT INTO account_operation (id, amount, description, operation_date, type, bank_account_id) VALUES (7450, 1773.91, 'Local Cafe', '2026-05-27 19:56:31', 'DEBIT', 'acc-701c0895-f67a-49c0-971d-dbb9db869e93');
INSERT INTO account_operation (id, amount, description, operation_date, type, bank_account_id) VALUES (7451, 10189.55, 'Dividend Payout', '2026-05-29 19:56:31', 'CREDIT', 'acc-701c0895-f67a-49c0-971d-dbb9db869e93');
INSERT INTO account_operation (id, amount, description, operation_date, type, bank_account_id) VALUES (7452, 637.57, 'ONEE Electricity', '2026-06-26 19:56:31', 'DEBIT', 'acc-701c0895-f67a-49c0-971d-dbb9db869e93');
INSERT INTO account_operation (id, amount, description, operation_date, type, bank_account_id) VALUES (7453, 236.55, 'Restaurant', '2026-05-26 19:56:31', 'DEBIT', 'acc-701c0895-f67a-49c0-971d-dbb9db869e93');
INSERT INTO account_operation (id, amount, description, operation_date, type, bank_account_id) VALUES (7454, 263.75, 'Redal', '2026-06-12 19:56:31', 'DEBIT', 'acc-701c0895-f67a-49c0-971d-dbb9db869e93');
INSERT INTO account_operation (id, amount, description, operation_date, type, bank_account_id) VALUES (7455, 5928.02, 'Salary Deposit', '2026-06-11 19:56:31', 'CREDIT', 'acc-701c0895-f67a-49c0-971d-dbb9db869e93');
INSERT INTO account_operation (id, amount, description, operation_date, type, bank_account_id) VALUES (7456, 3645.4, 'Salary Deposit', '2026-06-06 19:56:31', 'CREDIT', 'acc-701c0895-f67a-49c0-971d-dbb9db869e93');
INSERT INTO account_operation (id, amount, description, operation_date, type, bank_account_id) VALUES (7457, 1172.14, 'Amendis', '2026-06-04 19:56:31', 'DEBIT', 'acc-701c0895-f67a-49c0-971d-dbb9db869e93');
INSERT INTO account_operation (id, amount, description, operation_date, type, bank_account_id) VALUES (7458, 14009.68, 'Cash Deposit', '2026-06-28 19:56:31', 'CREDIT', 'acc-701c0895-f67a-49c0-971d-dbb9db869e93');
INSERT INTO account_operation (id, amount, description, operation_date, type, bank_account_id) VALUES (7459, 1081.19, 'Pharmacy', '2026-06-06 19:56:31', 'DEBIT', 'acc-701c0895-f67a-49c0-971d-dbb9db869e93');
INSERT INTO account_operation (id, amount, description, operation_date, type, bank_account_id) VALUES (7460, 632.17, 'Redal', '2026-06-13 19:56:31', 'DEBIT', 'acc-701c0895-f67a-49c0-971d-dbb9db869e93');
INSERT INTO account_operation (id, amount, description, operation_date, type, bank_account_id) VALUES (7461, 320.65, 'Netflix Subscription', '2026-05-28 19:56:31', 'DEBIT', 'acc-701c0895-f67a-49c0-971d-dbb9db869e93');
INSERT INTO account_operation (id, amount, description, operation_date, type, bank_account_id) VALUES (7462, 350.63, 'Pharmacy', '2026-06-28 19:56:31', 'DEBIT', 'acc-701c0895-f67a-49c0-971d-dbb9db869e93');
INSERT INTO account_operation (id, amount, description, operation_date, type, bank_account_id) VALUES (7463, 531.32, 'Decathlon', '2026-06-22 19:56:31', 'DEBIT', 'acc-701c0895-f67a-49c0-971d-dbb9db869e93');
INSERT INTO account_operation (id, amount, description, operation_date, type, bank_account_id) VALUES (7464, 166.05, 'Local Cafe', '2026-06-07 19:56:31', 'DEBIT', 'acc-701c0895-f67a-49c0-971d-dbb9db869e93');
INSERT INTO account_operation (id, amount, description, operation_date, type, bank_account_id) VALUES (7465, 1959.05, 'Carrefour', '2026-06-21 19:56:31', 'DEBIT', 'acc-701c0895-f67a-49c0-971d-dbb9db869e93');
INSERT INTO account_operation (id, amount, description, operation_date, type, bank_account_id) VALUES (7466, 404.36, 'Redal', '2026-06-16 19:56:31', 'DEBIT', 'acc-701c0895-f67a-49c0-971d-dbb9db869e93');
INSERT INTO account_operation (id, amount, description, operation_date, type, bank_account_id) VALUES (7467, 14432.65, 'Dividend Payout', '2026-05-30 19:56:31', 'CREDIT', 'acc-701c0895-f67a-49c0-971d-dbb9db869e93');
INSERT INTO account_operation (id, amount, description, operation_date, type, bank_account_id) VALUES (7468, 1526.88, 'Marjane Supermarket', '2026-06-12 19:56:31', 'DEBIT', 'acc-701c0895-f67a-49c0-971d-dbb9db869e93');
INSERT INTO account_operation (id, amount, description, operation_date, type, bank_account_id) VALUES (7469, 455.24, 'Marjane Supermarket', '2026-05-09 19:56:31', 'DEBIT', 'acc-701c0895-f67a-49c0-971d-dbb9db869e93');
INSERT INTO account_operation (id, amount, description, operation_date, type, bank_account_id) VALUES (7470, 1074.53, 'Pharmacy', '2026-06-25 19:56:31', 'DEBIT', 'acc-701c0895-f67a-49c0-971d-dbb9db869e93');
INSERT INTO account_operation (id, amount, description, operation_date, type, bank_account_id) VALUES (7471, 509.23, 'Decathlon', '2026-06-18 19:56:31', 'DEBIT', 'acc-701c0895-f67a-49c0-971d-dbb9db869e93');
INSERT INTO account_operation (id, amount, description, operation_date, type, bank_account_id) VALUES (7472, 1107.58, 'Decathlon', '2026-06-21 19:56:31', 'DEBIT', 'acc-701c0895-f67a-49c0-971d-dbb9db869e93');
INSERT INTO account_operation (id, amount, description, operation_date, type, bank_account_id) VALUES (7473, 1660.32, 'Amendis', '2026-05-26 19:56:31', 'DEBIT', 'acc-701c0895-f67a-49c0-971d-dbb9db869e93');
INSERT INTO account_operation (id, amount, description, operation_date, type, bank_account_id) VALUES (7474, 1202.42, 'Marjane Supermarket', '2026-05-19 19:56:31', 'DEBIT', 'acc-701c0895-f67a-49c0-971d-dbb9db869e93');

INSERT INTO customer (id, name, email) VALUES (129, 'Mehdi Chraibi', 'mehdi.chraibi@gmail.com');
INSERT INTO bank_account (id, type, balance, created_at, customer_id, over_draft, interest_rate) VALUES ('acc-916ee7db-1265-4d21-8c6f-26de5fb4a5f9', 'CURR', 76467.31, '2025-07-18 19:56:31', 129, 1750.64, NULL);
INSERT INTO account_operation (id, amount, description, operation_date, type, bank_account_id) VALUES (7475, 39650.01, 'Initial Account Funding', '2025-07-18 19:56:31', 'CREDIT', 'acc-916ee7db-1265-4d21-8c6f-26de5fb4a5f9');
INSERT INTO account_operation (id, amount, description, operation_date, type, bank_account_id) VALUES (7476, 534.6, 'Orange', '2025-08-16 19:56:31', 'DEBIT', 'acc-916ee7db-1265-4d21-8c6f-26de5fb4a5f9');
INSERT INTO account_operation (id, amount, description, operation_date, type, bank_account_id) VALUES (7477, 1152.54, 'ONEE Electricity', '2025-07-26 19:56:31', 'DEBIT', 'acc-916ee7db-1265-4d21-8c6f-26de5fb4a5f9');
INSERT INTO account_operation (id, amount, description, operation_date, type, bank_account_id) VALUES (7478, 1931.78, 'Inwi', '2025-11-19 19:56:31', 'DEBIT', 'acc-916ee7db-1265-4d21-8c6f-26de5fb4a5f9');
INSERT INTO account_operation (id, amount, description, operation_date, type, bank_account_id) VALUES (7479, 1068.14, 'Redal', '2025-12-31 19:56:31', 'DEBIT', 'acc-916ee7db-1265-4d21-8c6f-26de5fb4a5f9');
INSERT INTO account_operation (id, amount, description, operation_date, type, bank_account_id) VALUES (7480, 1237.73, 'Spotify', '2026-02-16 19:56:31', 'DEBIT', 'acc-916ee7db-1265-4d21-8c6f-26de5fb4a5f9');
INSERT INTO account_operation (id, amount, description, operation_date, type, bank_account_id) VALUES (7481, 636.43, 'Amendis', '2025-09-21 19:56:31', 'DEBIT', 'acc-916ee7db-1265-4d21-8c6f-26de5fb4a5f9');
INSERT INTO account_operation (id, amount, description, operation_date, type, bank_account_id) VALUES (7482, 1141.0, 'Maroc Telecom', '2026-01-20 19:56:31', 'DEBIT', 'acc-916ee7db-1265-4d21-8c6f-26de5fb4a5f9');
INSERT INTO account_operation (id, amount, description, operation_date, type, bank_account_id) VALUES (7483, 645.07, 'Local Cafe', '2026-06-27 19:56:31', 'DEBIT', 'acc-916ee7db-1265-4d21-8c6f-26de5fb4a5f9');
INSERT INTO account_operation (id, amount, description, operation_date, type, bank_account_id) VALUES (7484, 2028.37, 'Transfer Received', '2025-09-25 19:56:31', 'CREDIT', 'acc-916ee7db-1265-4d21-8c6f-26de5fb4a5f9');
INSERT INTO account_operation (id, amount, description, operation_date, type, bank_account_id) VALUES (7485, 1843.65, 'LC Waikiki', '2025-11-11 19:56:31', 'DEBIT', 'acc-916ee7db-1265-4d21-8c6f-26de5fb4a5f9');
INSERT INTO account_operation (id, amount, description, operation_date, type, bank_account_id) VALUES (7486, 7555.81, 'Freelance Payment', '2025-09-25 19:56:31', 'CREDIT', 'acc-916ee7db-1265-4d21-8c6f-26de5fb4a5f9');
INSERT INTO account_operation (id, amount, description, operation_date, type, bank_account_id) VALUES (7487, 8737.17, 'Cash Deposit', '2026-02-11 19:56:31', 'CREDIT', 'acc-916ee7db-1265-4d21-8c6f-26de5fb4a5f9');
INSERT INTO account_operation (id, amount, description, operation_date, type, bank_account_id) VALUES (7488, 115.29, 'Netflix Subscription', '2025-12-12 19:56:31', 'DEBIT', 'acc-916ee7db-1265-4d21-8c6f-26de5fb4a5f9');
INSERT INTO account_operation (id, amount, description, operation_date, type, bank_account_id) VALUES (7489, 14098.92, 'Dividend Payout', '2025-08-31 19:56:31', 'CREDIT', 'acc-916ee7db-1265-4d21-8c6f-26de5fb4a5f9');
INSERT INTO account_operation (id, amount, description, operation_date, type, bank_account_id) VALUES (7490, 1801.41, 'Inwi', '2026-04-16 19:56:31', 'DEBIT', 'acc-916ee7db-1265-4d21-8c6f-26de5fb4a5f9');
INSERT INTO account_operation (id, amount, description, operation_date, type, bank_account_id) VALUES (7491, 719.35, 'Carrefour', '2026-05-19 19:56:31', 'DEBIT', 'acc-916ee7db-1265-4d21-8c6f-26de5fb4a5f9');
INSERT INTO account_operation (id, amount, description, operation_date, type, bank_account_id) VALUES (7492, 191.48, 'CTM Bus', '2026-06-08 19:56:31', 'DEBIT', 'acc-916ee7db-1265-4d21-8c6f-26de5fb4a5f9');
INSERT INTO account_operation (id, amount, description, operation_date, type, bank_account_id) VALUES (7493, 11434.86, 'Salary Deposit', '2026-04-04 19:56:31', 'CREDIT', 'acc-916ee7db-1265-4d21-8c6f-26de5fb4a5f9');
INSERT INTO account_operation (id, amount, description, operation_date, type, bank_account_id) VALUES (7494, 6922.06, 'Salary Deposit', '2025-11-21 19:56:31', 'CREDIT', 'acc-916ee7db-1265-4d21-8c6f-26de5fb4a5f9');
INSERT INTO account_operation (id, amount, description, operation_date, type, bank_account_id) VALUES (7495, 99.96, 'Carrefour', '2026-04-15 19:56:31', 'DEBIT', 'acc-916ee7db-1265-4d21-8c6f-26de5fb4a5f9');
INSERT INTO account_operation (id, amount, description, operation_date, type, bank_account_id) VALUES (7496, 841.46, 'Netflix Subscription', '2025-08-16 19:56:31', 'DEBIT', 'acc-916ee7db-1265-4d21-8c6f-26de5fb4a5f9');
INSERT INTO bank_account (id, type, balance, created_at, customer_id, over_draft, interest_rate) VALUES ('acc-edb8970c-d4b0-446b-b2cc-c6ec815367fc', 'CURR', 55620.88, '2025-11-02 19:56:31', 129, 8814.39, NULL);
INSERT INTO account_operation (id, amount, description, operation_date, type, bank_account_id) VALUES (7497, 39222.85, 'Initial Account Funding', '2025-11-02 19:56:31', 'CREDIT', 'acc-edb8970c-d4b0-446b-b2cc-c6ec815367fc');
INSERT INTO account_operation (id, amount, description, operation_date, type, bank_account_id) VALUES (7498, 489.81, 'Carrefour', '2026-02-13 19:56:31', 'DEBIT', 'acc-edb8970c-d4b0-446b-b2cc-c6ec815367fc');
INSERT INTO account_operation (id, amount, description, operation_date, type, bank_account_id) VALUES (7499, 957.3, 'Decathlon', '2026-03-10 19:56:31', 'DEBIT', 'acc-edb8970c-d4b0-446b-b2cc-c6ec815367fc');
INSERT INTO account_operation (id, amount, description, operation_date, type, bank_account_id) VALUES (7500, 7827.04, 'Freelance Payment', '2025-11-28 19:56:31', 'CREDIT', 'acc-edb8970c-d4b0-446b-b2cc-c6ec815367fc');
INSERT INTO account_operation (id, amount, description, operation_date, type, bank_account_id) VALUES (7501, 670.77, 'BIM Store', '2025-12-02 19:56:31', 'DEBIT', 'acc-edb8970c-d4b0-446b-b2cc-c6ec815367fc');
INSERT INTO account_operation (id, amount, description, operation_date, type, bank_account_id) VALUES (7502, 1467.04, 'Amendis', '2026-02-08 19:56:31', 'DEBIT', 'acc-edb8970c-d4b0-446b-b2cc-c6ec815367fc');
INSERT INTO account_operation (id, amount, description, operation_date, type, bank_account_id) VALUES (7503, 5828.43, 'Freelance Payment', '2026-05-04 19:56:31', 'CREDIT', 'acc-edb8970c-d4b0-446b-b2cc-c6ec815367fc');
INSERT INTO account_operation (id, amount, description, operation_date, type, bank_account_id) VALUES (7504, 200.61, 'Local Cafe', '2026-01-30 19:56:31', 'DEBIT', 'acc-edb8970c-d4b0-446b-b2cc-c6ec815367fc');
INSERT INTO account_operation (id, amount, description, operation_date, type, bank_account_id) VALUES (7505, 212.66, 'Netflix Subscription', '2026-05-09 19:56:31', 'DEBIT', 'acc-edb8970c-d4b0-446b-b2cc-c6ec815367fc');
INSERT INTO account_operation (id, amount, description, operation_date, type, bank_account_id) VALUES (7506, 1469.68, 'BIM Store', '2026-02-06 19:56:31', 'DEBIT', 'acc-edb8970c-d4b0-446b-b2cc-c6ec815367fc');
INSERT INTO account_operation (id, amount, description, operation_date, type, bank_account_id) VALUES (7507, 561.61, 'Pharmacy', '2025-12-16 19:56:31', 'DEBIT', 'acc-edb8970c-d4b0-446b-b2cc-c6ec815367fc');
INSERT INTO account_operation (id, amount, description, operation_date, type, bank_account_id) VALUES (7508, 721.38, 'Restaurant', '2025-12-07 19:56:31', 'DEBIT', 'acc-edb8970c-d4b0-446b-b2cc-c6ec815367fc');
INSERT INTO account_operation (id, amount, description, operation_date, type, bank_account_id) VALUES (7509, 192.04, 'Decathlon', '2025-12-30 19:56:31', 'DEBIT', 'acc-edb8970c-d4b0-446b-b2cc-c6ec815367fc');
INSERT INTO account_operation (id, amount, description, operation_date, type, bank_account_id) VALUES (7510, 1522.88, 'ONCF Train', '2025-11-11 19:56:31', 'DEBIT', 'acc-edb8970c-d4b0-446b-b2cc-c6ec815367fc');
INSERT INTO account_operation (id, amount, description, operation_date, type, bank_account_id) VALUES (7511, 1131.3, 'ONEE Electricity', '2026-03-13 19:56:31', 'DEBIT', 'acc-edb8970c-d4b0-446b-b2cc-c6ec815367fc');
INSERT INTO account_operation (id, amount, description, operation_date, type, bank_account_id) VALUES (7512, 1783.25, 'Orange', '2026-06-13 19:56:31', 'DEBIT', 'acc-edb8970c-d4b0-446b-b2cc-c6ec815367fc');
INSERT INTO account_operation (id, amount, description, operation_date, type, bank_account_id) VALUES (7513, 12551.66, 'Transfer Received', '2025-12-04 19:56:31', 'CREDIT', 'acc-edb8970c-d4b0-446b-b2cc-c6ec815367fc');
INSERT INTO account_operation (id, amount, description, operation_date, type, bank_account_id) VALUES (7514, 1956.15, 'Netflix Subscription', '2026-05-03 19:56:31', 'DEBIT', 'acc-edb8970c-d4b0-446b-b2cc-c6ec815367fc');
INSERT INTO account_operation (id, amount, description, operation_date, type, bank_account_id) VALUES (7515, 1974.86, 'Zara', '2026-03-21 19:56:31', 'DEBIT', 'acc-edb8970c-d4b0-446b-b2cc-c6ec815367fc');
INSERT INTO account_operation (id, amount, description, operation_date, type, bank_account_id) VALUES (7516, 489.63, 'Restaurant', '2026-03-01 19:56:31', 'DEBIT', 'acc-edb8970c-d4b0-446b-b2cc-c6ec815367fc');
INSERT INTO account_operation (id, amount, description, operation_date, type, bank_account_id) VALUES (7517, 924.75, 'Spotify', '2026-05-17 19:56:31', 'DEBIT', 'acc-edb8970c-d4b0-446b-b2cc-c6ec815367fc');
INSERT INTO account_operation (id, amount, description, operation_date, type, bank_account_id) VALUES (7518, 604.47, 'Spotify', '2026-01-07 19:56:31', 'DEBIT', 'acc-edb8970c-d4b0-446b-b2cc-c6ec815367fc');
INSERT INTO account_operation (id, amount, description, operation_date, type, bank_account_id) VALUES (7519, 288.16, 'Carrefour', '2025-12-10 19:56:31', 'DEBIT', 'acc-edb8970c-d4b0-446b-b2cc-c6ec815367fc');
INSERT INTO account_operation (id, amount, description, operation_date, type, bank_account_id) VALUES (7520, 610.28, 'Marjane Supermarket', '2026-06-10 19:56:31', 'DEBIT', 'acc-edb8970c-d4b0-446b-b2cc-c6ec815367fc');
INSERT INTO account_operation (id, amount, description, operation_date, type, bank_account_id) VALUES (7521, 1283.56, 'Restaurant', '2025-12-05 19:56:31', 'DEBIT', 'acc-edb8970c-d4b0-446b-b2cc-c6ec815367fc');
INSERT INTO account_operation (id, amount, description, operation_date, type, bank_account_id) VALUES (7522, 13947.24, 'Transfer Received', '2026-06-08 19:56:31', 'CREDIT', 'acc-edb8970c-d4b0-446b-b2cc-c6ec815367fc');
INSERT INTO account_operation (id, amount, description, operation_date, type, bank_account_id) VALUES (7523, 1116.54, 'Local Cafe', '2026-03-24 19:56:31', 'DEBIT', 'acc-edb8970c-d4b0-446b-b2cc-c6ec815367fc');
INSERT INTO account_operation (id, amount, description, operation_date, type, bank_account_id) VALUES (7524, 1311.78, 'Spotify', '2026-04-07 19:56:31', 'DEBIT', 'acc-edb8970c-d4b0-446b-b2cc-c6ec815367fc');
INSERT INTO account_operation (id, amount, description, operation_date, type, bank_account_id) VALUES (7525, 73.25, 'Marjane Supermarket', '2026-02-14 19:56:31', 'DEBIT', 'acc-edb8970c-d4b0-446b-b2cc-c6ec815367fc');
INSERT INTO account_operation (id, amount, description, operation_date, type, bank_account_id) VALUES (7526, 1742.58, 'Redal', '2026-01-17 19:56:31', 'DEBIT', 'acc-edb8970c-d4b0-446b-b2cc-c6ec815367fc');
INSERT INTO bank_account (id, type, balance, created_at, customer_id, over_draft, interest_rate) VALUES ('acc-dfd589ed-b8c1-4491-aa4d-a8abc7ef5120', 'SAVE', 69006.26, '2026-05-20 19:56:31', 129, NULL, 4.47);
INSERT INTO account_operation (id, amount, description, operation_date, type, bank_account_id) VALUES (7527, 48923.95, 'Initial Account Funding', '2026-05-20 19:56:31', 'CREDIT', 'acc-dfd589ed-b8c1-4491-aa4d-a8abc7ef5120');
INSERT INTO account_operation (id, amount, description, operation_date, type, bank_account_id) VALUES (7528, 1021.59, 'Inwi', '2026-06-21 19:56:31', 'DEBIT', 'acc-dfd589ed-b8c1-4491-aa4d-a8abc7ef5120');
INSERT INTO account_operation (id, amount, description, operation_date, type, bank_account_id) VALUES (7529, 703.99, 'Restaurant', '2026-06-26 19:56:31', 'DEBIT', 'acc-dfd589ed-b8c1-4491-aa4d-a8abc7ef5120');
INSERT INTO account_operation (id, amount, description, operation_date, type, bank_account_id) VALUES (7530, 822.54, 'Orange', '2026-05-31 19:56:31', 'DEBIT', 'acc-dfd589ed-b8c1-4491-aa4d-a8abc7ef5120');
INSERT INTO account_operation (id, amount, description, operation_date, type, bank_account_id) VALUES (7531, 65.3, 'Pharmacy', '2026-06-17 19:56:31', 'DEBIT', 'acc-dfd589ed-b8c1-4491-aa4d-a8abc7ef5120');
INSERT INTO account_operation (id, amount, description, operation_date, type, bank_account_id) VALUES (7532, 1490.4, 'BIM Store', '2026-05-22 19:56:31', 'DEBIT', 'acc-dfd589ed-b8c1-4491-aa4d-a8abc7ef5120');
INSERT INTO account_operation (id, amount, description, operation_date, type, bank_account_id) VALUES (7533, 6775.3, 'Freelance Payment', '2026-06-24 19:56:31', 'CREDIT', 'acc-dfd589ed-b8c1-4491-aa4d-a8abc7ef5120');
INSERT INTO account_operation (id, amount, description, operation_date, type, bank_account_id) VALUES (7534, 1628.51, 'Restaurant', '2026-06-09 19:56:31', 'DEBIT', 'acc-dfd589ed-b8c1-4491-aa4d-a8abc7ef5120');
INSERT INTO account_operation (id, amount, description, operation_date, type, bank_account_id) VALUES (7535, 659.51, 'Maroc Telecom', '2026-06-15 19:56:31', 'DEBIT', 'acc-dfd589ed-b8c1-4491-aa4d-a8abc7ef5120');
INSERT INTO account_operation (id, amount, description, operation_date, type, bank_account_id) VALUES (7536, 995.58, 'Carrefour', '2026-06-15 19:56:31', 'DEBIT', 'acc-dfd589ed-b8c1-4491-aa4d-a8abc7ef5120');
INSERT INTO account_operation (id, amount, description, operation_date, type, bank_account_id) VALUES (7537, 2866.94, 'Cash Deposit', '2026-06-01 19:56:31', 'CREDIT', 'acc-dfd589ed-b8c1-4491-aa4d-a8abc7ef5120');
INSERT INTO account_operation (id, amount, description, operation_date, type, bank_account_id) VALUES (7538, 1928.63, 'Inwi', '2026-05-31 19:56:31', 'DEBIT', 'acc-dfd589ed-b8c1-4491-aa4d-a8abc7ef5120');
INSERT INTO account_operation (id, amount, description, operation_date, type, bank_account_id) VALUES (7539, 1792.12, 'CTM Bus', '2026-06-15 19:56:31', 'DEBIT', 'acc-dfd589ed-b8c1-4491-aa4d-a8abc7ef5120');
INSERT INTO account_operation (id, amount, description, operation_date, type, bank_account_id) VALUES (7540, 59.92, 'Carrefour', '2026-06-04 19:56:31', 'DEBIT', 'acc-dfd589ed-b8c1-4491-aa4d-a8abc7ef5120');
INSERT INTO account_operation (id, amount, description, operation_date, type, bank_account_id) VALUES (7541, 1242.39, 'Carrefour', '2026-06-23 19:56:31', 'DEBIT', 'acc-dfd589ed-b8c1-4491-aa4d-a8abc7ef5120');
INSERT INTO account_operation (id, amount, description, operation_date, type, bank_account_id) VALUES (7542, 1090.2, 'Zara', '2026-06-18 19:56:31', 'DEBIT', 'acc-dfd589ed-b8c1-4491-aa4d-a8abc7ef5120');
INSERT INTO account_operation (id, amount, description, operation_date, type, bank_account_id) VALUES (7543, 1677.53, 'Marjane Supermarket', '2026-06-28 19:56:31', 'DEBIT', 'acc-dfd589ed-b8c1-4491-aa4d-a8abc7ef5120');
INSERT INTO account_operation (id, amount, description, operation_date, type, bank_account_id) VALUES (7544, 242.26, 'Carrefour', '2026-06-14 19:56:31', 'DEBIT', 'acc-dfd589ed-b8c1-4491-aa4d-a8abc7ef5120');
INSERT INTO account_operation (id, amount, description, operation_date, type, bank_account_id) VALUES (7545, 1794.07, 'CTM Bus', '2026-05-29 19:56:31', 'DEBIT', 'acc-dfd589ed-b8c1-4491-aa4d-a8abc7ef5120');
INSERT INTO account_operation (id, amount, description, operation_date, type, bank_account_id) VALUES (7546, 743.16, 'Marjane Supermarket', '2026-06-03 19:56:31', 'DEBIT', 'acc-dfd589ed-b8c1-4491-aa4d-a8abc7ef5120');
INSERT INTO account_operation (id, amount, description, operation_date, type, bank_account_id) VALUES (7547, 1055.11, 'Netflix Subscription', '2026-06-18 19:56:31', 'DEBIT', 'acc-dfd589ed-b8c1-4491-aa4d-a8abc7ef5120');
INSERT INTO account_operation (id, amount, description, operation_date, type, bank_account_id) VALUES (7548, 3304.5, 'Salary Deposit', '2026-05-25 19:56:31', 'CREDIT', 'acc-dfd589ed-b8c1-4491-aa4d-a8abc7ef5120');
INSERT INTO account_operation (id, amount, description, operation_date, type, bank_account_id) VALUES (7549, 1370.89, 'Pharmacy', '2026-06-23 19:56:31', 'DEBIT', 'acc-dfd589ed-b8c1-4491-aa4d-a8abc7ef5120');
INSERT INTO account_operation (id, amount, description, operation_date, type, bank_account_id) VALUES (7550, 916.21, 'Netflix Subscription', '2026-06-07 19:56:31', 'DEBIT', 'acc-dfd589ed-b8c1-4491-aa4d-a8abc7ef5120');
INSERT INTO account_operation (id, amount, description, operation_date, type, bank_account_id) VALUES (7551, 8938.73, 'Freelance Payment', '2026-05-28 19:56:31', 'CREDIT', 'acc-dfd589ed-b8c1-4491-aa4d-a8abc7ef5120');
INSERT INTO account_operation (id, amount, description, operation_date, type, bank_account_id) VALUES (7552, 11018.33, 'Cash Deposit', '2026-05-28 19:56:31', 'CREDIT', 'acc-dfd589ed-b8c1-4491-aa4d-a8abc7ef5120');
INSERT INTO account_operation (id, amount, description, operation_date, type, bank_account_id) VALUES (7553, 1253.57, 'LC Waikiki', '2026-06-17 19:56:31', 'DEBIT', 'acc-dfd589ed-b8c1-4491-aa4d-a8abc7ef5120');
INSERT INTO account_operation (id, amount, description, operation_date, type, bank_account_id) VALUES (7554, 1431.61, 'ONCF Train', '2026-06-10 19:56:31', 'DEBIT', 'acc-dfd589ed-b8c1-4491-aa4d-a8abc7ef5120');
INSERT INTO account_operation (id, amount, description, operation_date, type, bank_account_id) VALUES (7555, 1332.23, 'Pharmacy', '2026-06-04 19:56:31', 'DEBIT', 'acc-dfd589ed-b8c1-4491-aa4d-a8abc7ef5120');
INSERT INTO account_operation (id, amount, description, operation_date, type, bank_account_id) VALUES (7556, 48.36, 'ONCF Train', '2026-06-28 19:56:31', 'DEBIT', 'acc-dfd589ed-b8c1-4491-aa4d-a8abc7ef5120');
INSERT INTO account_operation (id, amount, description, operation_date, type, bank_account_id) VALUES (7557, 5853.36, 'Dividend Payout', '2026-05-26 19:56:31', 'CREDIT', 'acc-dfd589ed-b8c1-4491-aa4d-a8abc7ef5120');
INSERT INTO account_operation (id, amount, description, operation_date, type, bank_account_id) VALUES (7558, 5319.59, 'Transfer Received', '2026-05-31 19:56:31', 'CREDIT', 'acc-dfd589ed-b8c1-4491-aa4d-a8abc7ef5120');
INSERT INTO account_operation (id, amount, description, operation_date, type, bank_account_id) VALUES (7559, 1981.6, 'ONCF Train', '2026-06-03 19:56:31', 'DEBIT', 'acc-dfd589ed-b8c1-4491-aa4d-a8abc7ef5120');
INSERT INTO account_operation (id, amount, description, operation_date, type, bank_account_id) VALUES (7560, 4895.17, 'Transfer Received', '2026-06-12 19:56:31', 'CREDIT', 'acc-dfd589ed-b8c1-4491-aa4d-a8abc7ef5120');
INSERT INTO account_operation (id, amount, description, operation_date, type, bank_account_id) VALUES (7561, 1542.33, 'Orange', '2026-06-26 19:56:31', 'DEBIT', 'acc-dfd589ed-b8c1-4491-aa4d-a8abc7ef5120');

INSERT INTO customer (id, name, email) VALUES (130, 'Mehdi Tazi', 'mehdi.tazi@gmail.com');
INSERT INTO bank_account (id, type, balance, created_at, customer_id, over_draft, interest_rate) VALUES ('acc-c3124fee-6aa0-4721-8487-d6cff006094b', 'CURR', 80937.65, '2025-12-09 19:56:31', 130, 2145.77, NULL);
INSERT INTO account_operation (id, amount, description, operation_date, type, bank_account_id) VALUES (7562, 12559.9, 'Initial Account Funding', '2025-12-09 19:56:31', 'CREDIT', 'acc-c3124fee-6aa0-4721-8487-d6cff006094b');
INSERT INTO account_operation (id, amount, description, operation_date, type, bank_account_id) VALUES (7563, 684.15, 'Netflix Subscription', '2026-03-16 19:56:31', 'DEBIT', 'acc-c3124fee-6aa0-4721-8487-d6cff006094b');
INSERT INTO account_operation (id, amount, description, operation_date, type, bank_account_id) VALUES (7564, 5753.97, 'Freelance Payment', '2026-01-31 19:56:31', 'CREDIT', 'acc-c3124fee-6aa0-4721-8487-d6cff006094b');
INSERT INTO account_operation (id, amount, description, operation_date, type, bank_account_id) VALUES (7565, 1843.87, 'Spotify', '2026-03-01 19:56:31', 'DEBIT', 'acc-c3124fee-6aa0-4721-8487-d6cff006094b');
INSERT INTO account_operation (id, amount, description, operation_date, type, bank_account_id) VALUES (7566, 1038.29, 'Marjane Supermarket', '2025-12-22 19:56:31', 'DEBIT', 'acc-c3124fee-6aa0-4721-8487-d6cff006094b');
INSERT INTO account_operation (id, amount, description, operation_date, type, bank_account_id) VALUES (7567, 977.59, 'BIM Store', '2026-03-03 19:56:31', 'DEBIT', 'acc-c3124fee-6aa0-4721-8487-d6cff006094b');
INSERT INTO account_operation (id, amount, description, operation_date, type, bank_account_id) VALUES (7568, 16.81, 'LC Waikiki', '2026-01-21 19:56:31', 'DEBIT', 'acc-c3124fee-6aa0-4721-8487-d6cff006094b');
INSERT INTO account_operation (id, amount, description, operation_date, type, bank_account_id) VALUES (7569, 317.05, 'BIM Store', '2026-02-17 19:56:31', 'DEBIT', 'acc-c3124fee-6aa0-4721-8487-d6cff006094b');
INSERT INTO account_operation (id, amount, description, operation_date, type, bank_account_id) VALUES (7570, 13351.86, 'Freelance Payment', '2026-05-28 19:56:31', 'CREDIT', 'acc-c3124fee-6aa0-4721-8487-d6cff006094b');
INSERT INTO account_operation (id, amount, description, operation_date, type, bank_account_id) VALUES (7571, 64.44, 'ONEE Electricity', '2026-02-03 19:56:31', 'DEBIT', 'acc-c3124fee-6aa0-4721-8487-d6cff006094b');
INSERT INTO account_operation (id, amount, description, operation_date, type, bank_account_id) VALUES (7572, 3069.39, 'Freelance Payment', '2026-04-14 19:56:31', 'CREDIT', 'acc-c3124fee-6aa0-4721-8487-d6cff006094b');
INSERT INTO account_operation (id, amount, description, operation_date, type, bank_account_id) VALUES (7573, 276.68, 'Marjane Supermarket', '2026-01-30 19:56:31', 'DEBIT', 'acc-c3124fee-6aa0-4721-8487-d6cff006094b');
INSERT INTO account_operation (id, amount, description, operation_date, type, bank_account_id) VALUES (7574, 478.27, 'Amendis', '2026-03-09 19:56:31', 'DEBIT', 'acc-c3124fee-6aa0-4721-8487-d6cff006094b');
INSERT INTO account_operation (id, amount, description, operation_date, type, bank_account_id) VALUES (7575, 8351.76, 'Salary Deposit', '2025-12-17 19:56:31', 'CREDIT', 'acc-c3124fee-6aa0-4721-8487-d6cff006094b');
INSERT INTO account_operation (id, amount, description, operation_date, type, bank_account_id) VALUES (7576, 712.94, 'ONCF Train', '2026-01-23 19:56:31', 'DEBIT', 'acc-c3124fee-6aa0-4721-8487-d6cff006094b');
INSERT INTO account_operation (id, amount, description, operation_date, type, bank_account_id) VALUES (7577, 11124.3, 'Dividend Payout', '2025-12-10 19:56:31', 'CREDIT', 'acc-c3124fee-6aa0-4721-8487-d6cff006094b');
INSERT INTO account_operation (id, amount, description, operation_date, type, bank_account_id) VALUES (7578, 569.97, 'Pharmacy', '2026-02-02 19:56:31', 'DEBIT', 'acc-c3124fee-6aa0-4721-8487-d6cff006094b');
INSERT INTO account_operation (id, amount, description, operation_date, type, bank_account_id) VALUES (7579, 5312.9, 'Cash Deposit', '2026-02-21 19:56:31', 'CREDIT', 'acc-c3124fee-6aa0-4721-8487-d6cff006094b');
INSERT INTO account_operation (id, amount, description, operation_date, type, bank_account_id) VALUES (7580, 8332.9, 'Cash Deposit', '2026-02-17 19:56:31', 'CREDIT', 'acc-c3124fee-6aa0-4721-8487-d6cff006094b');
INSERT INTO account_operation (id, amount, description, operation_date, type, bank_account_id) VALUES (7581, 1565.77, 'ONCF Train', '2026-01-21 19:56:31', 'DEBIT', 'acc-c3124fee-6aa0-4721-8487-d6cff006094b');
INSERT INTO account_operation (id, amount, description, operation_date, type, bank_account_id) VALUES (7582, 1219.11, 'Local Cafe', '2026-06-19 19:56:31', 'DEBIT', 'acc-c3124fee-6aa0-4721-8487-d6cff006094b');
INSERT INTO account_operation (id, amount, description, operation_date, type, bank_account_id) VALUES (7583, 12957.26, 'Salary Deposit', '2026-01-06 19:56:31', 'CREDIT', 'acc-c3124fee-6aa0-4721-8487-d6cff006094b');
INSERT INTO account_operation (id, amount, description, operation_date, type, bank_account_id) VALUES (7584, 1164.49, 'LC Waikiki', '2026-01-04 19:56:31', 'DEBIT', 'acc-c3124fee-6aa0-4721-8487-d6cff006094b');
INSERT INTO account_operation (id, amount, description, operation_date, type, bank_account_id) VALUES (7585, 1996.16, 'Marjane Supermarket', '2026-01-23 19:56:31', 'DEBIT', 'acc-c3124fee-6aa0-4721-8487-d6cff006094b');
INSERT INTO account_operation (id, amount, description, operation_date, type, bank_account_id) VALUES (7586, 5959.57, 'Cash Deposit', '2026-03-26 19:56:31', 'CREDIT', 'acc-c3124fee-6aa0-4721-8487-d6cff006094b');
INSERT INTO account_operation (id, amount, description, operation_date, type, bank_account_id) VALUES (7587, 1254.94, 'Redal', '2026-01-19 19:56:31', 'DEBIT', 'acc-c3124fee-6aa0-4721-8487-d6cff006094b');
INSERT INTO account_operation (id, amount, description, operation_date, type, bank_account_id) VALUES (7588, 9585.31, 'Salary Deposit', '2026-06-11 19:56:31', 'CREDIT', 'acc-c3124fee-6aa0-4721-8487-d6cff006094b');
INSERT INTO account_operation (id, amount, description, operation_date, type, bank_account_id) VALUES (7589, 1240.94, 'LC Waikiki', '2026-02-11 19:56:31', 'DEBIT', 'acc-c3124fee-6aa0-4721-8487-d6cff006094b');
INSERT INTO bank_account (id, type, balance, created_at, customer_id, over_draft, interest_rate) VALUES ('acc-5e8f47ad-d8d7-4df0-b096-ee424608a5c2', 'SAVE', 70370.39, '2025-11-21 19:56:31', 130, NULL, 2.74);
INSERT INTO account_operation (id, amount, description, operation_date, type, bank_account_id) VALUES (7590, 26163.79, 'Initial Account Funding', '2025-11-21 19:56:31', 'CREDIT', 'acc-5e8f47ad-d8d7-4df0-b096-ee424608a5c2');
INSERT INTO account_operation (id, amount, description, operation_date, type, bank_account_id) VALUES (7591, 1634.12, 'Spotify', '2026-04-19 19:56:31', 'DEBIT', 'acc-5e8f47ad-d8d7-4df0-b096-ee424608a5c2');
INSERT INTO account_operation (id, amount, description, operation_date, type, bank_account_id) VALUES (7592, 900.59, 'Maroc Telecom', '2026-01-27 19:56:31', 'DEBIT', 'acc-5e8f47ad-d8d7-4df0-b096-ee424608a5c2');
INSERT INTO account_operation (id, amount, description, operation_date, type, bank_account_id) VALUES (7593, 8142.82, 'Salary Deposit', '2025-12-08 19:56:31', 'CREDIT', 'acc-5e8f47ad-d8d7-4df0-b096-ee424608a5c2');
INSERT INTO account_operation (id, amount, description, operation_date, type, bank_account_id) VALUES (7594, 981.3, 'Spotify', '2026-04-07 19:56:31', 'DEBIT', 'acc-5e8f47ad-d8d7-4df0-b096-ee424608a5c2');
INSERT INTO account_operation (id, amount, description, operation_date, type, bank_account_id) VALUES (7595, 4189.41, 'Cash Deposit', '2025-12-05 19:56:31', 'CREDIT', 'acc-5e8f47ad-d8d7-4df0-b096-ee424608a5c2');
INSERT INTO account_operation (id, amount, description, operation_date, type, bank_account_id) VALUES (7596, 642.61, 'Marjane Supermarket', '2026-06-17 19:56:31', 'DEBIT', 'acc-5e8f47ad-d8d7-4df0-b096-ee424608a5c2');
INSERT INTO account_operation (id, amount, description, operation_date, type, bank_account_id) VALUES (7597, 1107.63, 'ONCF Train', '2026-05-19 19:56:31', 'DEBIT', 'acc-5e8f47ad-d8d7-4df0-b096-ee424608a5c2');
INSERT INTO account_operation (id, amount, description, operation_date, type, bank_account_id) VALUES (7598, 12964.03, 'Dividend Payout', '2026-05-10 19:56:31', 'CREDIT', 'acc-5e8f47ad-d8d7-4df0-b096-ee424608a5c2');
INSERT INTO account_operation (id, amount, description, operation_date, type, bank_account_id) VALUES (7599, 491.48, 'Decathlon', '2026-06-17 19:56:31', 'DEBIT', 'acc-5e8f47ad-d8d7-4df0-b096-ee424608a5c2');
INSERT INTO account_operation (id, amount, description, operation_date, type, bank_account_id) VALUES (7600, 1151.11, 'ONCF Train', '2026-05-16 19:56:31', 'DEBIT', 'acc-5e8f47ad-d8d7-4df0-b096-ee424608a5c2');
INSERT INTO account_operation (id, amount, description, operation_date, type, bank_account_id) VALUES (7601, 643.39, 'Zara', '2026-05-10 19:56:31', 'DEBIT', 'acc-5e8f47ad-d8d7-4df0-b096-ee424608a5c2');
INSERT INTO account_operation (id, amount, description, operation_date, type, bank_account_id) VALUES (7602, 1749.03, 'Local Cafe', '2026-04-03 19:56:31', 'DEBIT', 'acc-5e8f47ad-d8d7-4df0-b096-ee424608a5c2');
INSERT INTO account_operation (id, amount, description, operation_date, type, bank_account_id) VALUES (7603, 14567.04, 'Freelance Payment', '2026-01-04 19:56:31', 'CREDIT', 'acc-5e8f47ad-d8d7-4df0-b096-ee424608a5c2');
INSERT INTO account_operation (id, amount, description, operation_date, type, bank_account_id) VALUES (7604, 13588.35, 'Salary Deposit', '2026-02-28 19:56:31', 'CREDIT', 'acc-5e8f47ad-d8d7-4df0-b096-ee424608a5c2');
INSERT INTO account_operation (id, amount, description, operation_date, type, bank_account_id) VALUES (7605, 1539.99, 'Marjane Supermarket', '2025-11-21 19:56:31', 'DEBIT', 'acc-5e8f47ad-d8d7-4df0-b096-ee424608a5c2');
INSERT INTO account_operation (id, amount, description, operation_date, type, bank_account_id) VALUES (7606, 4172.9, 'Salary Deposit', '2026-01-26 19:56:31', 'CREDIT', 'acc-5e8f47ad-d8d7-4df0-b096-ee424608a5c2');
INSERT INTO account_operation (id, amount, description, operation_date, type, bank_account_id) VALUES (7607, 1665.78, 'Maroc Telecom', '2026-03-08 19:56:31', 'DEBIT', 'acc-5e8f47ad-d8d7-4df0-b096-ee424608a5c2');
INSERT INTO account_operation (id, amount, description, operation_date, type, bank_account_id) VALUES (7608, 910.92, 'LC Waikiki', '2026-01-27 19:56:31', 'DEBIT', 'acc-5e8f47ad-d8d7-4df0-b096-ee424608a5c2');
INSERT INTO bank_account (id, type, balance, created_at, customer_id, over_draft, interest_rate) VALUES ('acc-34fb5a87-57a6-4894-b8c7-2d7e064fe858', 'SAVE', 67452.86, '2026-04-09 19:56:31', 130, NULL, 4.79);
INSERT INTO account_operation (id, amount, description, operation_date, type, bank_account_id) VALUES (7609, 32933.3, 'Initial Account Funding', '2026-04-09 19:56:31', 'CREDIT', 'acc-34fb5a87-57a6-4894-b8c7-2d7e064fe858');
INSERT INTO account_operation (id, amount, description, operation_date, type, bank_account_id) VALUES (7610, 69.83, 'Carrefour', '2026-05-17 19:56:31', 'DEBIT', 'acc-34fb5a87-57a6-4894-b8c7-2d7e064fe858');
INSERT INTO account_operation (id, amount, description, operation_date, type, bank_account_id) VALUES (7611, 10620.24, 'Cash Deposit', '2026-04-20 19:56:31', 'CREDIT', 'acc-34fb5a87-57a6-4894-b8c7-2d7e064fe858');
INSERT INTO account_operation (id, amount, description, operation_date, type, bank_account_id) VALUES (7612, 3834.25, 'Cash Deposit', '2026-04-29 19:56:31', 'CREDIT', 'acc-34fb5a87-57a6-4894-b8c7-2d7e064fe858');
INSERT INTO account_operation (id, amount, description, operation_date, type, bank_account_id) VALUES (7613, 1601.58, 'CTM Bus', '2026-04-20 19:56:31', 'DEBIT', 'acc-34fb5a87-57a6-4894-b8c7-2d7e064fe858');
INSERT INTO account_operation (id, amount, description, operation_date, type, bank_account_id) VALUES (7614, 1448.2, 'Marjane Supermarket', '2026-04-29 19:56:31', 'DEBIT', 'acc-34fb5a87-57a6-4894-b8c7-2d7e064fe858');
INSERT INTO account_operation (id, amount, description, operation_date, type, bank_account_id) VALUES (7615, 1044.37, 'CTM Bus', '2026-06-04 19:56:31', 'DEBIT', 'acc-34fb5a87-57a6-4894-b8c7-2d7e064fe858');
INSERT INTO account_operation (id, amount, description, operation_date, type, bank_account_id) VALUES (7616, 3604.09, 'Transfer Received', '2026-04-11 19:56:31', 'CREDIT', 'acc-34fb5a87-57a6-4894-b8c7-2d7e064fe858');
INSERT INTO account_operation (id, amount, description, operation_date, type, bank_account_id) VALUES (7617, 1086.88, 'BIM Store', '2026-04-20 19:56:31', 'DEBIT', 'acc-34fb5a87-57a6-4894-b8c7-2d7e064fe858');
INSERT INTO account_operation (id, amount, description, operation_date, type, bank_account_id) VALUES (7618, 304.01, 'Redal', '2026-05-02 19:56:31', 'DEBIT', 'acc-34fb5a87-57a6-4894-b8c7-2d7e064fe858');
INSERT INTO account_operation (id, amount, description, operation_date, type, bank_account_id) VALUES (7619, 1408.88, 'Orange', '2026-05-19 19:56:31', 'DEBIT', 'acc-34fb5a87-57a6-4894-b8c7-2d7e064fe858');
INSERT INTO account_operation (id, amount, description, operation_date, type, bank_account_id) VALUES (7620, 368.2, 'Redal', '2026-06-16 19:56:31', 'DEBIT', 'acc-34fb5a87-57a6-4894-b8c7-2d7e064fe858');
INSERT INTO account_operation (id, amount, description, operation_date, type, bank_account_id) VALUES (7621, 43.23, 'Restaurant', '2026-06-23 19:56:31', 'DEBIT', 'acc-34fb5a87-57a6-4894-b8c7-2d7e064fe858');
INSERT INTO account_operation (id, amount, description, operation_date, type, bank_account_id) VALUES (7622, 436.96, 'Amendis', '2026-06-01 19:56:31', 'DEBIT', 'acc-34fb5a87-57a6-4894-b8c7-2d7e064fe858');
INSERT INTO account_operation (id, amount, description, operation_date, type, bank_account_id) VALUES (7623, 960.65, 'Netflix Subscription', '2026-05-08 19:56:31', 'DEBIT', 'acc-34fb5a87-57a6-4894-b8c7-2d7e064fe858');
INSERT INTO account_operation (id, amount, description, operation_date, type, bank_account_id) VALUES (7624, 14823.47, 'Cash Deposit', '2026-05-29 19:56:31', 'CREDIT', 'acc-34fb5a87-57a6-4894-b8c7-2d7e064fe858');
INSERT INTO account_operation (id, amount, description, operation_date, type, bank_account_id) VALUES (7625, 533.22, 'Amendis', '2026-04-19 19:56:31', 'DEBIT', 'acc-34fb5a87-57a6-4894-b8c7-2d7e064fe858');
INSERT INTO account_operation (id, amount, description, operation_date, type, bank_account_id) VALUES (7626, 11816.9, 'Transfer Received', '2026-05-31 19:56:31', 'CREDIT', 'acc-34fb5a87-57a6-4894-b8c7-2d7e064fe858');
INSERT INTO account_operation (id, amount, description, operation_date, type, bank_account_id) VALUES (7627, 873.38, 'Amendis', '2026-04-12 19:56:31', 'DEBIT', 'acc-34fb5a87-57a6-4894-b8c7-2d7e064fe858');

INSERT INTO customer (id, name, email) VALUES (131, 'Mehdi Benali', 'mehdi.benali@gmail.com');
INSERT INTO bank_account (id, type, balance, created_at, customer_id, over_draft, interest_rate) VALUES ('acc-b027234e-f44b-443b-893a-0c5a8dab6c80', 'SAVE', 50676.28, '2025-12-04 19:56:31', 131, NULL, 2.62);
INSERT INTO account_operation (id, amount, description, operation_date, type, bank_account_id) VALUES (7628, 13543.75, 'Initial Account Funding', '2025-12-04 19:56:31', 'CREDIT', 'acc-b027234e-f44b-443b-893a-0c5a8dab6c80');
INSERT INTO account_operation (id, amount, description, operation_date, type, bank_account_id) VALUES (7629, 1242.3, 'BIM Store', '2026-03-09 19:56:31', 'DEBIT', 'acc-b027234e-f44b-443b-893a-0c5a8dab6c80');
INSERT INTO account_operation (id, amount, description, operation_date, type, bank_account_id) VALUES (7630, 14213.53, 'Salary Deposit', '2026-06-24 19:56:31', 'CREDIT', 'acc-b027234e-f44b-443b-893a-0c5a8dab6c80');
INSERT INTO account_operation (id, amount, description, operation_date, type, bank_account_id) VALUES (7631, 1164.77, 'Netflix Subscription', '2026-06-23 19:56:31', 'DEBIT', 'acc-b027234e-f44b-443b-893a-0c5a8dab6c80');
INSERT INTO account_operation (id, amount, description, operation_date, type, bank_account_id) VALUES (7632, 1479.9, 'Amendis', '2026-02-17 19:56:31', 'DEBIT', 'acc-b027234e-f44b-443b-893a-0c5a8dab6c80');
INSERT INTO account_operation (id, amount, description, operation_date, type, bank_account_id) VALUES (7633, 62.69, 'Decathlon', '2026-01-25 19:56:31', 'DEBIT', 'acc-b027234e-f44b-443b-893a-0c5a8dab6c80');
INSERT INTO account_operation (id, amount, description, operation_date, type, bank_account_id) VALUES (7634, 725.23, 'BIM Store', '2026-03-02 19:56:31', 'DEBIT', 'acc-b027234e-f44b-443b-893a-0c5a8dab6c80');
INSERT INTO account_operation (id, amount, description, operation_date, type, bank_account_id) VALUES (7635, 619.39, 'Marjane Supermarket', '2026-02-08 19:56:31', 'DEBIT', 'acc-b027234e-f44b-443b-893a-0c5a8dab6c80');
INSERT INTO account_operation (id, amount, description, operation_date, type, bank_account_id) VALUES (7636, 348.96, 'Zara', '2026-02-13 19:56:31', 'DEBIT', 'acc-b027234e-f44b-443b-893a-0c5a8dab6c80');
INSERT INTO account_operation (id, amount, description, operation_date, type, bank_account_id) VALUES (7637, 397.31, 'Local Cafe', '2026-05-16 19:56:31', 'DEBIT', 'acc-b027234e-f44b-443b-893a-0c5a8dab6c80');
INSERT INTO account_operation (id, amount, description, operation_date, type, bank_account_id) VALUES (7638, 365.83, 'Orange', '2026-04-19 19:56:31', 'DEBIT', 'acc-b027234e-f44b-443b-893a-0c5a8dab6c80');
INSERT INTO account_operation (id, amount, description, operation_date, type, bank_account_id) VALUES (7639, 7069.12, 'Transfer Received', '2025-12-15 19:56:31', 'CREDIT', 'acc-b027234e-f44b-443b-893a-0c5a8dab6c80');
INSERT INTO account_operation (id, amount, description, operation_date, type, bank_account_id) VALUES (7640, 4282.59, 'Dividend Payout', '2026-01-26 19:56:31', 'CREDIT', 'acc-b027234e-f44b-443b-893a-0c5a8dab6c80');
INSERT INTO account_operation (id, amount, description, operation_date, type, bank_account_id) VALUES (7641, 9749.18, 'Salary Deposit', '2026-01-21 19:56:31', 'CREDIT', 'acc-b027234e-f44b-443b-893a-0c5a8dab6c80');
INSERT INTO account_operation (id, amount, description, operation_date, type, bank_account_id) VALUES (7642, 350.98, 'Redal', '2026-06-17 19:56:31', 'DEBIT', 'acc-b027234e-f44b-443b-893a-0c5a8dab6c80');
INSERT INTO account_operation (id, amount, description, operation_date, type, bank_account_id) VALUES (7643, 14964.18, 'Salary Deposit', '2026-02-12 19:56:31', 'CREDIT', 'acc-b027234e-f44b-443b-893a-0c5a8dab6c80');
INSERT INTO account_operation (id, amount, description, operation_date, type, bank_account_id) VALUES (7644, 1929.79, 'Redal', '2026-01-01 19:56:31', 'DEBIT', 'acc-b027234e-f44b-443b-893a-0c5a8dab6c80');
INSERT INTO account_operation (id, amount, description, operation_date, type, bank_account_id) VALUES (7645, 30.62, 'BIM Store', '2026-04-08 19:56:31', 'DEBIT', 'acc-b027234e-f44b-443b-893a-0c5a8dab6c80');
INSERT INTO account_operation (id, amount, description, operation_date, type, bank_account_id) VALUES (7646, 1723.52, 'Orange', '2026-02-12 19:56:31', 'DEBIT', 'acc-b027234e-f44b-443b-893a-0c5a8dab6c80');
INSERT INTO account_operation (id, amount, description, operation_date, type, bank_account_id) VALUES (7647, 4950.67, 'Cash Deposit', '2026-01-18 19:56:31', 'CREDIT', 'acc-b027234e-f44b-443b-893a-0c5a8dab6c80');
INSERT INTO account_operation (id, amount, description, operation_date, type, bank_account_id) VALUES (7648, 1892.52, 'ONCF Train', '2026-02-14 19:56:31', 'DEBIT', 'acc-b027234e-f44b-443b-893a-0c5a8dab6c80');
INSERT INTO account_operation (id, amount, description, operation_date, type, bank_account_id) VALUES (7649, 353.86, 'LC Waikiki', '2026-05-15 19:56:31', 'DEBIT', 'acc-b027234e-f44b-443b-893a-0c5a8dab6c80');
INSERT INTO account_operation (id, amount, description, operation_date, type, bank_account_id) VALUES (7650, 5985.37, 'Cash Deposit', '2026-03-15 19:56:31', 'CREDIT', 'acc-b027234e-f44b-443b-893a-0c5a8dab6c80');
INSERT INTO account_operation (id, amount, description, operation_date, type, bank_account_id) VALUES (7651, 1956.04, 'Cash Deposit', '2026-05-31 19:56:31', 'CREDIT', 'acc-b027234e-f44b-443b-893a-0c5a8dab6c80');
INSERT INTO account_operation (id, amount, description, operation_date, type, bank_account_id) VALUES (7652, 126.63, 'Maroc Telecom', '2026-03-26 19:56:31', 'DEBIT', 'acc-b027234e-f44b-443b-893a-0c5a8dab6c80');
INSERT INTO account_operation (id, amount, description, operation_date, type, bank_account_id) VALUES (7653, 1649.1, 'Local Cafe', '2026-03-14 19:56:31', 'DEBIT', 'acc-b027234e-f44b-443b-893a-0c5a8dab6c80');
INSERT INTO account_operation (id, amount, description, operation_date, type, bank_account_id) VALUES (7654, 1987.77, 'ONEE Electricity', '2026-03-13 19:56:31', 'DEBIT', 'acc-b027234e-f44b-443b-893a-0c5a8dab6c80');
INSERT INTO account_operation (id, amount, description, operation_date, type, bank_account_id) VALUES (7655, 1419.28, 'Decathlon', '2026-01-02 19:56:31', 'DEBIT', 'acc-b027234e-f44b-443b-893a-0c5a8dab6c80');
INSERT INTO account_operation (id, amount, description, operation_date, type, bank_account_id) VALUES (7656, 1463.42, 'CTM Bus', '2026-04-25 19:56:31', 'DEBIT', 'acc-b027234e-f44b-443b-893a-0c5a8dab6c80');
INSERT INTO account_operation (id, amount, description, operation_date, type, bank_account_id) VALUES (7657, 1017.36, 'Spotify', '2026-02-25 19:56:31', 'DEBIT', 'acc-b027234e-f44b-443b-893a-0c5a8dab6c80');
INSERT INTO account_operation (id, amount, description, operation_date, type, bank_account_id) VALUES (7658, 1556.7, 'Maroc Telecom', '2026-06-03 19:56:31', 'DEBIT', 'acc-b027234e-f44b-443b-893a-0c5a8dab6c80');
INSERT INTO account_operation (id, amount, description, operation_date, type, bank_account_id) VALUES (7659, 1281.6, 'Zara', '2026-05-17 19:56:31', 'DEBIT', 'acc-b027234e-f44b-443b-893a-0c5a8dab6c80');
INSERT INTO account_operation (id, amount, description, operation_date, type, bank_account_id) VALUES (7660, 1435.14, 'ONEE Electricity', '2026-03-20 19:56:31', 'DEBIT', 'acc-b027234e-f44b-443b-893a-0c5a8dab6c80');
INSERT INTO account_operation (id, amount, description, operation_date, type, bank_account_id) VALUES (7661, 447.57, 'Zara', '2025-12-30 19:56:31', 'DEBIT', 'acc-b027234e-f44b-443b-893a-0c5a8dab6c80');
INSERT INTO account_operation (id, amount, description, operation_date, type, bank_account_id) VALUES (7662, 486.13, 'Local Cafe', '2026-02-20 19:56:31', 'DEBIT', 'acc-b027234e-f44b-443b-893a-0c5a8dab6c80');
INSERT INTO account_operation (id, amount, description, operation_date, type, bank_account_id) VALUES (7663, 298.49, 'CTM Bus', '2026-01-26 19:56:31', 'DEBIT', 'acc-b027234e-f44b-443b-893a-0c5a8dab6c80');
INSERT INTO account_operation (id, amount, description, operation_date, type, bank_account_id) VALUES (7664, 181.29, 'Maroc Telecom', '2026-06-04 19:56:31', 'DEBIT', 'acc-b027234e-f44b-443b-893a-0c5a8dab6c80');

INSERT INTO customer (id, name, email) VALUES (132, 'Tariq El Fassi', 'tariq.el fassi@gmail.com');
INSERT INTO bank_account (id, type, balance, created_at, customer_id, over_draft, interest_rate) VALUES ('acc-cf945c63-0e4d-4ef2-8394-5422e82ac307', 'CURR', 143727.95, '2025-07-07 19:56:31', 132, 1291.2, NULL);
INSERT INTO account_operation (id, amount, description, operation_date, type, bank_account_id) VALUES (7665, 22296.27, 'Initial Account Funding', '2025-07-07 19:56:31', 'CREDIT', 'acc-cf945c63-0e4d-4ef2-8394-5422e82ac307');
INSERT INTO account_operation (id, amount, description, operation_date, type, bank_account_id) VALUES (7666, 607.9, 'Pharmacy', '2025-12-12 19:56:31', 'DEBIT', 'acc-cf945c63-0e4d-4ef2-8394-5422e82ac307');
INSERT INTO account_operation (id, amount, description, operation_date, type, bank_account_id) VALUES (7667, 418.64, 'Netflix Subscription', '2025-07-11 19:56:31', 'DEBIT', 'acc-cf945c63-0e4d-4ef2-8394-5422e82ac307');
INSERT INTO account_operation (id, amount, description, operation_date, type, bank_account_id) VALUES (7668, 1177.97, 'Marjane Supermarket', '2025-08-04 19:56:31', 'DEBIT', 'acc-cf945c63-0e4d-4ef2-8394-5422e82ac307');
INSERT INTO account_operation (id, amount, description, operation_date, type, bank_account_id) VALUES (7669, 10107.17, 'Freelance Payment', '2025-12-16 19:56:31', 'CREDIT', 'acc-cf945c63-0e4d-4ef2-8394-5422e82ac307');
INSERT INTO account_operation (id, amount, description, operation_date, type, bank_account_id) VALUES (7670, 1888.37, 'Netflix Subscription', '2026-01-24 19:56:31', 'DEBIT', 'acc-cf945c63-0e4d-4ef2-8394-5422e82ac307');
INSERT INTO account_operation (id, amount, description, operation_date, type, bank_account_id) VALUES (7671, 178.55, 'Zara', '2026-03-30 19:56:31', 'DEBIT', 'acc-cf945c63-0e4d-4ef2-8394-5422e82ac307');
INSERT INTO account_operation (id, amount, description, operation_date, type, bank_account_id) VALUES (7672, 1923.21, 'Carrefour', '2025-11-28 19:56:31', 'DEBIT', 'acc-cf945c63-0e4d-4ef2-8394-5422e82ac307');
INSERT INTO account_operation (id, amount, description, operation_date, type, bank_account_id) VALUES (7673, 7225.53, 'Cash Deposit', '2025-08-06 19:56:31', 'CREDIT', 'acc-cf945c63-0e4d-4ef2-8394-5422e82ac307');
INSERT INTO account_operation (id, amount, description, operation_date, type, bank_account_id) VALUES (7674, 1752.69, 'Spotify', '2025-11-09 19:56:31', 'DEBIT', 'acc-cf945c63-0e4d-4ef2-8394-5422e82ac307');
INSERT INTO account_operation (id, amount, description, operation_date, type, bank_account_id) VALUES (7675, 232.26, 'Redal', '2026-05-11 19:56:31', 'DEBIT', 'acc-cf945c63-0e4d-4ef2-8394-5422e82ac307');
INSERT INTO account_operation (id, amount, description, operation_date, type, bank_account_id) VALUES (7676, 1463.5, 'Spotify', '2026-04-15 19:56:31', 'DEBIT', 'acc-cf945c63-0e4d-4ef2-8394-5422e82ac307');
INSERT INTO account_operation (id, amount, description, operation_date, type, bank_account_id) VALUES (7677, 1736.11, 'Spotify', '2025-12-05 19:56:31', 'DEBIT', 'acc-cf945c63-0e4d-4ef2-8394-5422e82ac307');
INSERT INTO account_operation (id, amount, description, operation_date, type, bank_account_id) VALUES (7678, 46.97, 'ONCF Train', '2025-07-24 19:56:31', 'DEBIT', 'acc-cf945c63-0e4d-4ef2-8394-5422e82ac307');
INSERT INTO account_operation (id, amount, description, operation_date, type, bank_account_id) VALUES (7679, 10.0, 'Spotify', '2025-08-11 19:56:31', 'DEBIT', 'acc-cf945c63-0e4d-4ef2-8394-5422e82ac307');
INSERT INTO account_operation (id, amount, description, operation_date, type, bank_account_id) VALUES (7680, 1716.69, 'Netflix Subscription', '2026-01-23 19:56:31', 'DEBIT', 'acc-cf945c63-0e4d-4ef2-8394-5422e82ac307');
INSERT INTO account_operation (id, amount, description, operation_date, type, bank_account_id) VALUES (7681, 9420.77, 'Cash Deposit', '2026-02-23 19:56:31', 'CREDIT', 'acc-cf945c63-0e4d-4ef2-8394-5422e82ac307');
INSERT INTO account_operation (id, amount, description, operation_date, type, bank_account_id) VALUES (7682, 12923.14, 'Freelance Payment', '2025-11-17 19:56:31', 'CREDIT', 'acc-cf945c63-0e4d-4ef2-8394-5422e82ac307');
INSERT INTO account_operation (id, amount, description, operation_date, type, bank_account_id) VALUES (7683, 1693.91, 'Carrefour', '2026-05-26 19:56:31', 'DEBIT', 'acc-cf945c63-0e4d-4ef2-8394-5422e82ac307');
INSERT INTO account_operation (id, amount, description, operation_date, type, bank_account_id) VALUES (7684, 12729.45, 'Dividend Payout', '2026-06-14 19:56:31', 'CREDIT', 'acc-cf945c63-0e4d-4ef2-8394-5422e82ac307');
INSERT INTO account_operation (id, amount, description, operation_date, type, bank_account_id) VALUES (7685, 944.8, 'CTM Bus', '2026-02-13 19:56:31', 'DEBIT', 'acc-cf945c63-0e4d-4ef2-8394-5422e82ac307');
INSERT INTO account_operation (id, amount, description, operation_date, type, bank_account_id) VALUES (7686, 13632.36, 'Freelance Payment', '2026-04-07 19:56:31', 'CREDIT', 'acc-cf945c63-0e4d-4ef2-8394-5422e82ac307');
INSERT INTO account_operation (id, amount, description, operation_date, type, bank_account_id) VALUES (7687, 10110.65, 'Transfer Received', '2025-11-10 19:56:31', 'CREDIT', 'acc-cf945c63-0e4d-4ef2-8394-5422e82ac307');
INSERT INTO account_operation (id, amount, description, operation_date, type, bank_account_id) VALUES (7688, 2810.23, 'Cash Deposit', '2026-05-26 19:56:31', 'CREDIT', 'acc-cf945c63-0e4d-4ef2-8394-5422e82ac307');
INSERT INTO account_operation (id, amount, description, operation_date, type, bank_account_id) VALUES (7689, 313.16, 'Decathlon', '2025-08-21 19:56:31', 'DEBIT', 'acc-cf945c63-0e4d-4ef2-8394-5422e82ac307');
INSERT INTO account_operation (id, amount, description, operation_date, type, bank_account_id) VALUES (7690, 1274.39, 'Amendis', '2026-02-14 19:56:31', 'DEBIT', 'acc-cf945c63-0e4d-4ef2-8394-5422e82ac307');
INSERT INTO account_operation (id, amount, description, operation_date, type, bank_account_id) VALUES (7691, 683.12, 'Carrefour', '2026-06-28 19:56:31', 'DEBIT', 'acc-cf945c63-0e4d-4ef2-8394-5422e82ac307');
INSERT INTO account_operation (id, amount, description, operation_date, type, bank_account_id) VALUES (7692, 1592.17, 'Cash Deposit', '2026-01-24 19:56:31', 'CREDIT', 'acc-cf945c63-0e4d-4ef2-8394-5422e82ac307');
INSERT INTO account_operation (id, amount, description, operation_date, type, bank_account_id) VALUES (7693, 434.14, 'Spotify', '2026-05-30 19:56:31', 'DEBIT', 'acc-cf945c63-0e4d-4ef2-8394-5422e82ac307');
INSERT INTO account_operation (id, amount, description, operation_date, type, bank_account_id) VALUES (7694, 11866.42, 'Freelance Payment', '2026-06-11 19:56:31', 'CREDIT', 'acc-cf945c63-0e4d-4ef2-8394-5422e82ac307');
INSERT INTO account_operation (id, amount, description, operation_date, type, bank_account_id) VALUES (7695, 1724.63, 'Redal', '2025-11-06 19:56:31', 'DEBIT', 'acc-cf945c63-0e4d-4ef2-8394-5422e82ac307');
INSERT INTO account_operation (id, amount, description, operation_date, type, bank_account_id) VALUES (7696, 851.49, 'Netflix Subscription', '2026-05-01 19:56:31', 'DEBIT', 'acc-cf945c63-0e4d-4ef2-8394-5422e82ac307');
INSERT INTO account_operation (id, amount, description, operation_date, type, bank_account_id) VALUES (7697, 733.75, 'LC Waikiki', '2025-10-01 19:56:31', 'DEBIT', 'acc-cf945c63-0e4d-4ef2-8394-5422e82ac307');
INSERT INTO account_operation (id, amount, description, operation_date, type, bank_account_id) VALUES (7698, 14008.68, 'Salary Deposit', '2026-01-22 19:56:31', 'CREDIT', 'acc-cf945c63-0e4d-4ef2-8394-5422e82ac307');
INSERT INTO account_operation (id, amount, description, operation_date, type, bank_account_id) VALUES (7699, 13793.45, 'Dividend Payout', '2025-09-12 19:56:31', 'CREDIT', 'acc-cf945c63-0e4d-4ef2-8394-5422e82ac307');
INSERT INTO account_operation (id, amount, description, operation_date, type, bank_account_id) VALUES (7700, 1984.4, 'ONEE Electricity', '2025-12-13 19:56:31', 'DEBIT', 'acc-cf945c63-0e4d-4ef2-8394-5422e82ac307');
INSERT INTO account_operation (id, amount, description, operation_date, type, bank_account_id) VALUES (7701, 12092.07, 'Cash Deposit', '2025-10-31 19:56:31', 'CREDIT', 'acc-cf945c63-0e4d-4ef2-8394-5422e82ac307');
INSERT INTO account_operation (id, amount, description, operation_date, type, bank_account_id) VALUES (7702, 12526.25, 'Dividend Payout', '2026-04-17 19:56:31', 'CREDIT', 'acc-cf945c63-0e4d-4ef2-8394-5422e82ac307');
INSERT INTO account_operation (id, amount, description, operation_date, type, bank_account_id) VALUES (7703, 371.89, 'BIM Store', '2025-08-26 19:56:31', 'DEBIT', 'acc-cf945c63-0e4d-4ef2-8394-5422e82ac307');
INSERT INTO account_operation (id, amount, description, operation_date, type, bank_account_id) VALUES (7704, 1268.49, 'Carrefour', '2026-01-26 19:56:31', 'DEBIT', 'acc-cf945c63-0e4d-4ef2-8394-5422e82ac307');
INSERT INTO account_operation (id, amount, description, operation_date, type, bank_account_id) VALUES (7705, 3768.15, 'Freelance Payment', '2026-02-15 19:56:31', 'CREDIT', 'acc-cf945c63-0e4d-4ef2-8394-5422e82ac307');
INSERT INTO account_operation (id, amount, description, operation_date, type, bank_account_id) VALUES (7706, 1743.78, 'ONEE Electricity', '2026-02-01 19:56:31', 'DEBIT', 'acc-cf945c63-0e4d-4ef2-8394-5422e82ac307');

INSERT INTO customer (id, name, email) VALUES (133, 'Meryem Tazi', 'meryem.tazi@gmail.com');
INSERT INTO bank_account (id, type, balance, created_at, customer_id, over_draft, interest_rate) VALUES ('acc-e540127d-6c1b-4f36-8512-e81c766565e5', 'CURR', 61071.89, '2026-01-17 19:56:31', 133, 6453.64, NULL);
INSERT INTO account_operation (id, amount, description, operation_date, type, bank_account_id) VALUES (7707, 45340.31, 'Initial Account Funding', '2026-01-17 19:56:31', 'CREDIT', 'acc-e540127d-6c1b-4f36-8512-e81c766565e5');
INSERT INTO account_operation (id, amount, description, operation_date, type, bank_account_id) VALUES (7708, 14536.55, 'Dividend Payout', '2026-06-18 19:56:31', 'CREDIT', 'acc-e540127d-6c1b-4f36-8512-e81c766565e5');
INSERT INTO account_operation (id, amount, description, operation_date, type, bank_account_id) VALUES (7709, 196.57, 'Decathlon', '2026-05-13 19:56:31', 'DEBIT', 'acc-e540127d-6c1b-4f36-8512-e81c766565e5');
INSERT INTO account_operation (id, amount, description, operation_date, type, bank_account_id) VALUES (7710, 1974.49, 'Redal', '2026-03-20 19:56:31', 'DEBIT', 'acc-e540127d-6c1b-4f36-8512-e81c766565e5');
INSERT INTO account_operation (id, amount, description, operation_date, type, bank_account_id) VALUES (7711, 810.54, 'Redal', '2026-04-19 19:56:31', 'DEBIT', 'acc-e540127d-6c1b-4f36-8512-e81c766565e5');
INSERT INTO account_operation (id, amount, description, operation_date, type, bank_account_id) VALUES (7712, 1707.99, 'BIM Store', '2026-03-21 19:56:31', 'DEBIT', 'acc-e540127d-6c1b-4f36-8512-e81c766565e5');
INSERT INTO account_operation (id, amount, description, operation_date, type, bank_account_id) VALUES (7713, 1752.69, 'Netflix Subscription', '2026-03-19 19:56:31', 'DEBIT', 'acc-e540127d-6c1b-4f36-8512-e81c766565e5');
INSERT INTO account_operation (id, amount, description, operation_date, type, bank_account_id) VALUES (7714, 721.11, 'Amendis', '2026-02-02 19:56:31', 'DEBIT', 'acc-e540127d-6c1b-4f36-8512-e81c766565e5');
INSERT INTO account_operation (id, amount, description, operation_date, type, bank_account_id) VALUES (7715, 1093.02, 'ONEE Electricity', '2026-03-28 19:56:31', 'DEBIT', 'acc-e540127d-6c1b-4f36-8512-e81c766565e5');
INSERT INTO account_operation (id, amount, description, operation_date, type, bank_account_id) VALUES (7716, 636.62, 'LC Waikiki', '2026-03-30 19:56:31', 'DEBIT', 'acc-e540127d-6c1b-4f36-8512-e81c766565e5');
INSERT INTO account_operation (id, amount, description, operation_date, type, bank_account_id) VALUES (7717, 259.91, 'Pharmacy', '2026-05-02 19:56:31', 'DEBIT', 'acc-e540127d-6c1b-4f36-8512-e81c766565e5');
INSERT INTO account_operation (id, amount, description, operation_date, type, bank_account_id) VALUES (7718, 3708.76, 'Freelance Payment', '2026-02-22 19:56:31', 'CREDIT', 'acc-e540127d-6c1b-4f36-8512-e81c766565e5');
INSERT INTO account_operation (id, amount, description, operation_date, type, bank_account_id) VALUES (7719, 1607.51, 'ONCF Train', '2026-06-06 19:56:31', 'DEBIT', 'acc-e540127d-6c1b-4f36-8512-e81c766565e5');
INSERT INTO account_operation (id, amount, description, operation_date, type, bank_account_id) VALUES (7720, 1550.91, 'BIM Store', '2026-05-22 19:56:31', 'DEBIT', 'acc-e540127d-6c1b-4f36-8512-e81c766565e5');
INSERT INTO account_operation (id, amount, description, operation_date, type, bank_account_id) VALUES (7721, 418.19, 'Spotify', '2026-04-02 19:56:31', 'DEBIT', 'acc-e540127d-6c1b-4f36-8512-e81c766565e5');
INSERT INTO account_operation (id, amount, description, operation_date, type, bank_account_id) VALUES (7722, 12072.36, 'Dividend Payout', '2026-06-14 19:56:31', 'CREDIT', 'acc-e540127d-6c1b-4f36-8512-e81c766565e5');
INSERT INTO account_operation (id, amount, description, operation_date, type, bank_account_id) VALUES (7723, 1856.54, 'Decathlon', '2026-04-18 19:56:31', 'DEBIT', 'acc-e540127d-6c1b-4f36-8512-e81c766565e5');
INSERT INTO bank_account (id, type, balance, created_at, customer_id, over_draft, interest_rate) VALUES ('acc-7a56daca-6876-4287-90b3-675c9e4c7bce', 'CURR', 70865.19, '2025-11-26 19:56:31', 133, 4989.2, NULL);
INSERT INTO account_operation (id, amount, description, operation_date, type, bank_account_id) VALUES (7724, 29983.75, 'Initial Account Funding', '2025-11-26 19:56:31', 'CREDIT', 'acc-7a56daca-6876-4287-90b3-675c9e4c7bce');
INSERT INTO account_operation (id, amount, description, operation_date, type, bank_account_id) VALUES (7725, 3387.28, 'Transfer Received', '2025-12-20 19:56:31', 'CREDIT', 'acc-7a56daca-6876-4287-90b3-675c9e4c7bce');
INSERT INTO account_operation (id, amount, description, operation_date, type, bank_account_id) VALUES (7726, 642.23, 'CTM Bus', '2026-03-16 19:56:31', 'DEBIT', 'acc-7a56daca-6876-4287-90b3-675c9e4c7bce');
INSERT INTO account_operation (id, amount, description, operation_date, type, bank_account_id) VALUES (7727, 944.42, 'LC Waikiki', '2026-03-11 19:56:31', 'DEBIT', 'acc-7a56daca-6876-4287-90b3-675c9e4c7bce');
INSERT INTO account_operation (id, amount, description, operation_date, type, bank_account_id) VALUES (7728, 221.27, 'Pharmacy', '2026-03-17 19:56:31', 'DEBIT', 'acc-7a56daca-6876-4287-90b3-675c9e4c7bce');
INSERT INTO account_operation (id, amount, description, operation_date, type, bank_account_id) VALUES (7729, 10731.26, 'Freelance Payment', '2026-03-10 19:56:31', 'CREDIT', 'acc-7a56daca-6876-4287-90b3-675c9e4c7bce');
INSERT INTO account_operation (id, amount, description, operation_date, type, bank_account_id) VALUES (7730, 5382.88, 'Dividend Payout', '2026-04-13 19:56:31', 'CREDIT', 'acc-7a56daca-6876-4287-90b3-675c9e4c7bce');
INSERT INTO account_operation (id, amount, description, operation_date, type, bank_account_id) VALUES (7731, 1500.87, 'BIM Store', '2025-12-26 19:56:31', 'DEBIT', 'acc-7a56daca-6876-4287-90b3-675c9e4c7bce');
INSERT INTO account_operation (id, amount, description, operation_date, type, bank_account_id) VALUES (7732, 6104.64, 'Cash Deposit', '2025-12-08 19:56:31', 'CREDIT', 'acc-7a56daca-6876-4287-90b3-675c9e4c7bce');
INSERT INTO account_operation (id, amount, description, operation_date, type, bank_account_id) VALUES (7733, 1438.65, 'ONEE Electricity', '2025-12-04 19:56:31', 'DEBIT', 'acc-7a56daca-6876-4287-90b3-675c9e4c7bce');
INSERT INTO account_operation (id, amount, description, operation_date, type, bank_account_id) VALUES (7734, 1661.5, 'BIM Store', '2026-04-13 19:56:31', 'DEBIT', 'acc-7a56daca-6876-4287-90b3-675c9e4c7bce');
INSERT INTO account_operation (id, amount, description, operation_date, type, bank_account_id) VALUES (7735, 3252.71, 'Cash Deposit', '2025-12-03 19:56:31', 'CREDIT', 'acc-7a56daca-6876-4287-90b3-675c9e4c7bce');
INSERT INTO account_operation (id, amount, description, operation_date, type, bank_account_id) VALUES (7736, 927.39, 'Restaurant', '2026-03-30 19:56:31', 'DEBIT', 'acc-7a56daca-6876-4287-90b3-675c9e4c7bce');
INSERT INTO account_operation (id, amount, description, operation_date, type, bank_account_id) VALUES (7737, 1986.35, 'Orange', '2025-12-04 19:56:31', 'DEBIT', 'acc-7a56daca-6876-4287-90b3-675c9e4c7bce');
INSERT INTO account_operation (id, amount, description, operation_date, type, bank_account_id) VALUES (7738, 830.97, 'Zara', '2026-01-07 19:56:31', 'DEBIT', 'acc-7a56daca-6876-4287-90b3-675c9e4c7bce');
INSERT INTO account_operation (id, amount, description, operation_date, type, bank_account_id) VALUES (7739, 206.4, 'Decathlon', '2026-06-12 19:56:31', 'DEBIT', 'acc-7a56daca-6876-4287-90b3-675c9e4c7bce');
INSERT INTO account_operation (id, amount, description, operation_date, type, bank_account_id) VALUES (7740, 12401.23, 'Salary Deposit', '2026-03-21 19:56:31', 'CREDIT', 'acc-7a56daca-6876-4287-90b3-675c9e4c7bce');
INSERT INTO account_operation (id, amount, description, operation_date, type, bank_account_id) VALUES (7741, 1884.33, 'Cash Deposit', '2026-02-15 19:56:31', 'CREDIT', 'acc-7a56daca-6876-4287-90b3-675c9e4c7bce');
INSERT INTO account_operation (id, amount, description, operation_date, type, bank_account_id) VALUES (7742, 209.0, 'Carrefour', '2026-02-11 19:56:31', 'DEBIT', 'acc-7a56daca-6876-4287-90b3-675c9e4c7bce');
INSERT INTO account_operation (id, amount, description, operation_date, type, bank_account_id) VALUES (7743, 659.05, 'Amendis', '2025-12-04 19:56:31', 'DEBIT', 'acc-7a56daca-6876-4287-90b3-675c9e4c7bce');
INSERT INTO account_operation (id, amount, description, operation_date, type, bank_account_id) VALUES (7744, 215.57, 'Orange', '2026-03-02 19:56:31', 'DEBIT', 'acc-7a56daca-6876-4287-90b3-675c9e4c7bce');
INSERT INTO account_operation (id, amount, description, operation_date, type, bank_account_id) VALUES (7745, 3623.35, 'Transfer Received', '2026-06-19 19:56:31', 'CREDIT', 'acc-7a56daca-6876-4287-90b3-675c9e4c7bce');
INSERT INTO account_operation (id, amount, description, operation_date, type, bank_account_id) VALUES (7746, 1512.46, 'Amendis', '2026-06-14 19:56:31', 'DEBIT', 'acc-7a56daca-6876-4287-90b3-675c9e4c7bce');
INSERT INTO account_operation (id, amount, description, operation_date, type, bank_account_id) VALUES (7747, 1642.47, 'LC Waikiki', '2026-01-27 19:56:31', 'DEBIT', 'acc-7a56daca-6876-4287-90b3-675c9e4c7bce');
INSERT INTO account_operation (id, amount, description, operation_date, type, bank_account_id) VALUES (7748, 1854.45, 'Decathlon', '2026-03-09 19:56:31', 'DEBIT', 'acc-7a56daca-6876-4287-90b3-675c9e4c7bce');
INSERT INTO account_operation (id, amount, description, operation_date, type, bank_account_id) VALUES (7749, 7249.68, 'Freelance Payment', '2026-05-29 19:56:31', 'CREDIT', 'acc-7a56daca-6876-4287-90b3-675c9e4c7bce');
INSERT INTO account_operation (id, amount, description, operation_date, type, bank_account_id) VALUES (7750, 51.41, 'Spotify', '2026-06-18 19:56:31', 'DEBIT', 'acc-7a56daca-6876-4287-90b3-675c9e4c7bce');
INSERT INTO account_operation (id, amount, description, operation_date, type, bank_account_id) VALUES (7751, 7089.28, 'Transfer Received', '2026-01-09 19:56:31', 'CREDIT', 'acc-7a56daca-6876-4287-90b3-675c9e4c7bce');
INSERT INTO account_operation (id, amount, description, operation_date, type, bank_account_id) VALUES (7752, 312.15, 'ONCF Train', '2026-02-12 19:56:31', 'DEBIT', 'acc-7a56daca-6876-4287-90b3-675c9e4c7bce');
INSERT INTO account_operation (id, amount, description, operation_date, type, bank_account_id) VALUES (7753, 7763.06, 'Freelance Payment', '2026-03-29 19:56:31', 'CREDIT', 'acc-7a56daca-6876-4287-90b3-675c9e4c7bce');
INSERT INTO account_operation (id, amount, description, operation_date, type, bank_account_id) VALUES (7754, 1523.17, 'Inwi', '2026-01-01 19:56:31', 'DEBIT', 'acc-7a56daca-6876-4287-90b3-675c9e4c7bce');
INSERT INTO account_operation (id, amount, description, operation_date, type, bank_account_id) VALUES (7755, 1269.38, 'ONEE Electricity', '2026-01-16 19:56:31', 'DEBIT', 'acc-7a56daca-6876-4287-90b3-675c9e4c7bce');
INSERT INTO account_operation (id, amount, description, operation_date, type, bank_account_id) VALUES (7756, 519.18, 'Orange', '2026-02-11 19:56:31', 'DEBIT', 'acc-7a56daca-6876-4287-90b3-675c9e4c7bce');
INSERT INTO account_operation (id, amount, description, operation_date, type, bank_account_id) VALUES (7757, 911.54, 'Zara', '2026-05-12 19:56:31', 'DEBIT', 'acc-7a56daca-6876-4287-90b3-675c9e4c7bce');
INSERT INTO account_operation (id, amount, description, operation_date, type, bank_account_id) VALUES (7758, 1661.4, 'Carrefour', '2026-03-30 19:56:31', 'DEBIT', 'acc-7a56daca-6876-4287-90b3-675c9e4c7bce');
INSERT INTO account_operation (id, amount, description, operation_date, type, bank_account_id) VALUES (7759, 1966.42, 'BIM Store', '2026-05-02 19:56:31', 'DEBIT', 'acc-7a56daca-6876-4287-90b3-675c9e4c7bce');
INSERT INTO account_operation (id, amount, description, operation_date, type, bank_account_id) VALUES (7760, 1669.41, 'Amendis', '2026-01-08 19:56:31', 'DEBIT', 'acc-7a56daca-6876-4287-90b3-675c9e4c7bce');
INSERT INTO account_operation (id, amount, description, operation_date, type, bank_account_id) VALUES (7761, 1651.15, 'Restaurant', '2026-04-29 19:56:31', 'DEBIT', 'acc-7a56daca-6876-4287-90b3-675c9e4c7bce');

INSERT INTO customer (id, name, email) VALUES (134, 'Khadija Benali', 'khadija.benali@gmail.com');
INSERT INTO bank_account (id, type, balance, created_at, customer_id, over_draft, interest_rate) VALUES ('acc-00e050d3-3062-4338-8fe7-c79b16d18af7', 'SAVE', 102301.57, '2025-12-31 19:56:31', 134, NULL, 2.19);
INSERT INTO account_operation (id, amount, description, operation_date, type, bank_account_id) VALUES (7762, 35929.99, 'Initial Account Funding', '2025-12-31 19:56:31', 'CREDIT', 'acc-00e050d3-3062-4338-8fe7-c79b16d18af7');
INSERT INTO account_operation (id, amount, description, operation_date, type, bank_account_id) VALUES (7763, 1552.08, 'Transfer Received', '2026-05-18 19:56:31', 'CREDIT', 'acc-00e050d3-3062-4338-8fe7-c79b16d18af7');
INSERT INTO account_operation (id, amount, description, operation_date, type, bank_account_id) VALUES (7764, 533.73, 'BIM Store', '2026-04-12 19:56:31', 'DEBIT', 'acc-00e050d3-3062-4338-8fe7-c79b16d18af7');
INSERT INTO account_operation (id, amount, description, operation_date, type, bank_account_id) VALUES (7765, 653.81, 'Redal', '2026-04-28 19:56:31', 'DEBIT', 'acc-00e050d3-3062-4338-8fe7-c79b16d18af7');
INSERT INTO account_operation (id, amount, description, operation_date, type, bank_account_id) VALUES (7766, 425.61, 'BIM Store', '2026-05-09 19:56:31', 'DEBIT', 'acc-00e050d3-3062-4338-8fe7-c79b16d18af7');
INSERT INTO account_operation (id, amount, description, operation_date, type, bank_account_id) VALUES (7767, 469.3, 'LC Waikiki', '2026-06-12 19:56:31', 'DEBIT', 'acc-00e050d3-3062-4338-8fe7-c79b16d18af7');
INSERT INTO account_operation (id, amount, description, operation_date, type, bank_account_id) VALUES (7768, 14071.84, 'Dividend Payout', '2026-05-16 19:56:31', 'CREDIT', 'acc-00e050d3-3062-4338-8fe7-c79b16d18af7');
INSERT INTO account_operation (id, amount, description, operation_date, type, bank_account_id) VALUES (7769, 271.61, 'Inwi', '2026-06-23 19:56:31', 'DEBIT', 'acc-00e050d3-3062-4338-8fe7-c79b16d18af7');
INSERT INTO account_operation (id, amount, description, operation_date, type, bank_account_id) VALUES (7770, 995.46, 'CTM Bus', '2026-01-28 19:56:31', 'DEBIT', 'acc-00e050d3-3062-4338-8fe7-c79b16d18af7');
INSERT INTO account_operation (id, amount, description, operation_date, type, bank_account_id) VALUES (7771, 1002.96, 'Amendis', '2026-02-22 19:56:31', 'DEBIT', 'acc-00e050d3-3062-4338-8fe7-c79b16d18af7');
INSERT INTO account_operation (id, amount, description, operation_date, type, bank_account_id) VALUES (7772, 2286.46, 'Dividend Payout', '2026-05-24 19:56:31', 'CREDIT', 'acc-00e050d3-3062-4338-8fe7-c79b16d18af7');
INSERT INTO account_operation (id, amount, description, operation_date, type, bank_account_id) VALUES (7773, 907.73, 'ONCF Train', '2026-02-20 19:56:31', 'DEBIT', 'acc-00e050d3-3062-4338-8fe7-c79b16d18af7');
INSERT INTO account_operation (id, amount, description, operation_date, type, bank_account_id) VALUES (7774, 1962.72, 'Orange', '2026-06-16 19:56:31', 'DEBIT', 'acc-00e050d3-3062-4338-8fe7-c79b16d18af7');
INSERT INTO account_operation (id, amount, description, operation_date, type, bank_account_id) VALUES (7775, 6743.63, 'Transfer Received', '2026-05-31 19:56:31', 'CREDIT', 'acc-00e050d3-3062-4338-8fe7-c79b16d18af7');
INSERT INTO account_operation (id, amount, description, operation_date, type, bank_account_id) VALUES (7776, 1666.81, 'Pharmacy', '2026-01-15 19:56:31', 'DEBIT', 'acc-00e050d3-3062-4338-8fe7-c79b16d18af7');
INSERT INTO account_operation (id, amount, description, operation_date, type, bank_account_id) VALUES (7777, 11865.84, 'Salary Deposit', '2026-04-01 19:56:31', 'CREDIT', 'acc-00e050d3-3062-4338-8fe7-c79b16d18af7');
INSERT INTO account_operation (id, amount, description, operation_date, type, bank_account_id) VALUES (7778, 1124.76, 'LC Waikiki', '2026-01-09 19:56:31', 'DEBIT', 'acc-00e050d3-3062-4338-8fe7-c79b16d18af7');
INSERT INTO account_operation (id, amount, description, operation_date, type, bank_account_id) VALUES (7779, 831.62, 'Redal', '2026-03-23 19:56:31', 'DEBIT', 'acc-00e050d3-3062-4338-8fe7-c79b16d18af7');
INSERT INTO account_operation (id, amount, description, operation_date, type, bank_account_id) VALUES (7780, 1928.88, 'Freelance Payment', '2026-04-12 19:56:31', 'CREDIT', 'acc-00e050d3-3062-4338-8fe7-c79b16d18af7');
INSERT INTO account_operation (id, amount, description, operation_date, type, bank_account_id) VALUES (7781, 1091.52, 'Inwi', '2026-01-29 19:56:31', 'DEBIT', 'acc-00e050d3-3062-4338-8fe7-c79b16d18af7');
INSERT INTO account_operation (id, amount, description, operation_date, type, bank_account_id) VALUES (7782, 965.67, 'Zara', '2026-01-09 19:56:31', 'DEBIT', 'acc-00e050d3-3062-4338-8fe7-c79b16d18af7');
INSERT INTO account_operation (id, amount, description, operation_date, type, bank_account_id) VALUES (7783, 1150.84, 'BIM Store', '2026-01-04 19:56:31', 'DEBIT', 'acc-00e050d3-3062-4338-8fe7-c79b16d18af7');
INSERT INTO account_operation (id, amount, description, operation_date, type, bank_account_id) VALUES (7784, 4457.06, 'Salary Deposit', '2026-05-16 19:56:31', 'CREDIT', 'acc-00e050d3-3062-4338-8fe7-c79b16d18af7');
INSERT INTO account_operation (id, amount, description, operation_date, type, bank_account_id) VALUES (7785, 10379.84, 'Transfer Received', '2026-04-26 19:56:31', 'CREDIT', 'acc-00e050d3-3062-4338-8fe7-c79b16d18af7');
INSERT INTO account_operation (id, amount, description, operation_date, type, bank_account_id) VALUES (7786, 61.35, 'ONCF Train', '2026-01-07 19:56:31', 'DEBIT', 'acc-00e050d3-3062-4338-8fe7-c79b16d18af7');
INSERT INTO account_operation (id, amount, description, operation_date, type, bank_account_id) VALUES (7787, 1255.59, 'Local Cafe', '2026-02-27 19:56:31', 'DEBIT', 'acc-00e050d3-3062-4338-8fe7-c79b16d18af7');
INSERT INTO account_operation (id, amount, description, operation_date, type, bank_account_id) VALUES (7788, 403.29, 'Local Cafe', '2026-06-05 19:56:31', 'DEBIT', 'acc-00e050d3-3062-4338-8fe7-c79b16d18af7');
INSERT INTO account_operation (id, amount, description, operation_date, type, bank_account_id) VALUES (7789, 992.67, 'CTM Bus', '2026-01-17 19:56:31', 'DEBIT', 'acc-00e050d3-3062-4338-8fe7-c79b16d18af7');
INSERT INTO account_operation (id, amount, description, operation_date, type, bank_account_id) VALUES (7790, 745.73, 'Restaurant', '2026-04-21 19:56:31', 'DEBIT', 'acc-00e050d3-3062-4338-8fe7-c79b16d18af7');
INSERT INTO account_operation (id, amount, description, operation_date, type, bank_account_id) VALUES (7791, 11795.65, 'Salary Deposit', '2026-03-24 19:56:31', 'CREDIT', 'acc-00e050d3-3062-4338-8fe7-c79b16d18af7');
INSERT INTO account_operation (id, amount, description, operation_date, type, bank_account_id) VALUES (7792, 111.24, 'LC Waikiki', '2026-02-12 19:56:31', 'DEBIT', 'acc-00e050d3-3062-4338-8fe7-c79b16d18af7');
INSERT INTO account_operation (id, amount, description, operation_date, type, bank_account_id) VALUES (7793, 10149.09, 'Dividend Payout', '2026-03-04 19:56:31', 'CREDIT', 'acc-00e050d3-3062-4338-8fe7-c79b16d18af7');
INSERT INTO account_operation (id, amount, description, operation_date, type, bank_account_id) VALUES (7794, 963.84, 'Marjane Supermarket', '2026-06-01 19:56:31', 'DEBIT', 'acc-00e050d3-3062-4338-8fe7-c79b16d18af7');
INSERT INTO account_operation (id, amount, description, operation_date, type, bank_account_id) VALUES (7795, 177.77, 'Carrefour', '2026-01-22 19:56:31', 'DEBIT', 'acc-00e050d3-3062-4338-8fe7-c79b16d18af7');
INSERT INTO account_operation (id, amount, description, operation_date, type, bank_account_id) VALUES (7796, 1816.98, 'CTM Bus', '2026-01-19 19:56:31', 'DEBIT', 'acc-00e050d3-3062-4338-8fe7-c79b16d18af7');
INSERT INTO account_operation (id, amount, description, operation_date, type, bank_account_id) VALUES (7797, 4057.2, 'Dividend Payout', '2026-05-02 19:56:31', 'CREDIT', 'acc-00e050d3-3062-4338-8fe7-c79b16d18af7');
INSERT INTO account_operation (id, amount, description, operation_date, type, bank_account_id) VALUES (7798, 1411.91, 'Marjane Supermarket', '2026-02-03 19:56:31', 'DEBIT', 'acc-00e050d3-3062-4338-8fe7-c79b16d18af7');
INSERT INTO account_operation (id, amount, description, operation_date, type, bank_account_id) VALUES (7799, 13.08, 'Local Cafe', '2026-03-04 19:56:31', 'DEBIT', 'acc-00e050d3-3062-4338-8fe7-c79b16d18af7');
INSERT INTO account_operation (id, amount, description, operation_date, type, bank_account_id) VALUES (7800, 1290.48, 'Orange', '2026-04-13 19:56:31', 'DEBIT', 'acc-00e050d3-3062-4338-8fe7-c79b16d18af7');
INSERT INTO account_operation (id, amount, description, operation_date, type, bank_account_id) VALUES (7801, 1592.13, 'Inwi', '2026-03-09 19:56:31', 'DEBIT', 'acc-00e050d3-3062-4338-8fe7-c79b16d18af7');
INSERT INTO account_operation (id, amount, description, operation_date, type, bank_account_id) VALUES (7802, 81.42, 'Pharmacy', '2026-05-10 19:56:31', 'DEBIT', 'acc-00e050d3-3062-4338-8fe7-c79b16d18af7');
INSERT INTO account_operation (id, amount, description, operation_date, type, bank_account_id) VALUES (7803, 12361.02, 'Freelance Payment', '2026-05-17 19:56:31', 'CREDIT', 'acc-00e050d3-3062-4338-8fe7-c79b16d18af7');
INSERT INTO account_operation (id, amount, description, operation_date, type, bank_account_id) VALUES (7804, 2978.82, 'Freelance Payment', '2026-06-09 19:56:31', 'CREDIT', 'acc-00e050d3-3062-4338-8fe7-c79b16d18af7');
INSERT INTO account_operation (id, amount, description, operation_date, type, bank_account_id) VALUES (7805, 1513.3, 'Carrefour', '2026-04-19 19:56:31', 'DEBIT', 'acc-00e050d3-3062-4338-8fe7-c79b16d18af7');
INSERT INTO account_operation (id, amount, description, operation_date, type, bank_account_id) VALUES (7806, 1770.9, 'Marjane Supermarket', '2026-03-26 19:56:31', 'DEBIT', 'acc-00e050d3-3062-4338-8fe7-c79b16d18af7');
INSERT INTO bank_account (id, type, balance, created_at, customer_id, over_draft, interest_rate) VALUES ('acc-e622915e-c433-4f91-b3ae-b4223fcacd0a', 'CURR', 135054.73, '2025-09-10 19:56:31', 134, 4821.41, NULL);
INSERT INTO account_operation (id, amount, description, operation_date, type, bank_account_id) VALUES (7807, 45231.23, 'Initial Account Funding', '2025-09-10 19:56:31', 'CREDIT', 'acc-e622915e-c433-4f91-b3ae-b4223fcacd0a');
INSERT INTO account_operation (id, amount, description, operation_date, type, bank_account_id) VALUES (7808, 85.0, 'Redal', '2026-02-24 19:56:31', 'DEBIT', 'acc-e622915e-c433-4f91-b3ae-b4223fcacd0a');
INSERT INTO account_operation (id, amount, description, operation_date, type, bank_account_id) VALUES (7809, 659.43, 'LC Waikiki', '2025-11-11 19:56:31', 'DEBIT', 'acc-e622915e-c433-4f91-b3ae-b4223fcacd0a');
INSERT INTO account_operation (id, amount, description, operation_date, type, bank_account_id) VALUES (7810, 417.72, 'CTM Bus', '2025-11-15 19:56:31', 'DEBIT', 'acc-e622915e-c433-4f91-b3ae-b4223fcacd0a');
INSERT INTO account_operation (id, amount, description, operation_date, type, bank_account_id) VALUES (7811, 717.91, 'ONEE Electricity', '2025-11-30 19:56:31', 'DEBIT', 'acc-e622915e-c433-4f91-b3ae-b4223fcacd0a');
INSERT INTO account_operation (id, amount, description, operation_date, type, bank_account_id) VALUES (7812, 1258.93, 'Redal', '2025-09-11 19:56:31', 'DEBIT', 'acc-e622915e-c433-4f91-b3ae-b4223fcacd0a');
INSERT INTO account_operation (id, amount, description, operation_date, type, bank_account_id) VALUES (7813, 1761.07, 'Amendis', '2026-02-01 19:56:31', 'DEBIT', 'acc-e622915e-c433-4f91-b3ae-b4223fcacd0a');
INSERT INTO account_operation (id, amount, description, operation_date, type, bank_account_id) VALUES (7814, 7774.58, 'Salary Deposit', '2026-04-06 19:56:31', 'CREDIT', 'acc-e622915e-c433-4f91-b3ae-b4223fcacd0a');
INSERT INTO account_operation (id, amount, description, operation_date, type, bank_account_id) VALUES (7815, 939.05, 'ONEE Electricity', '2026-01-26 19:56:31', 'DEBIT', 'acc-e622915e-c433-4f91-b3ae-b4223fcacd0a');
INSERT INTO account_operation (id, amount, description, operation_date, type, bank_account_id) VALUES (7816, 1211.69, 'Carrefour', '2026-01-27 19:56:31', 'DEBIT', 'acc-e622915e-c433-4f91-b3ae-b4223fcacd0a');
INSERT INTO account_operation (id, amount, description, operation_date, type, bank_account_id) VALUES (7817, 1973.95, 'Orange', '2026-01-15 19:56:31', 'DEBIT', 'acc-e622915e-c433-4f91-b3ae-b4223fcacd0a');
INSERT INTO account_operation (id, amount, description, operation_date, type, bank_account_id) VALUES (7818, 3312.21, 'Freelance Payment', '2025-10-20 19:56:31', 'CREDIT', 'acc-e622915e-c433-4f91-b3ae-b4223fcacd0a');
INSERT INTO account_operation (id, amount, description, operation_date, type, bank_account_id) VALUES (7819, 10365.99, 'Transfer Received', '2026-03-25 19:56:31', 'CREDIT', 'acc-e622915e-c433-4f91-b3ae-b4223fcacd0a');
INSERT INTO account_operation (id, amount, description, operation_date, type, bank_account_id) VALUES (7820, 1421.08, 'Decathlon', '2025-10-30 19:56:31', 'DEBIT', 'acc-e622915e-c433-4f91-b3ae-b4223fcacd0a');
INSERT INTO account_operation (id, amount, description, operation_date, type, bank_account_id) VALUES (7821, 6831.29, 'Freelance Payment', '2026-01-13 19:56:31', 'CREDIT', 'acc-e622915e-c433-4f91-b3ae-b4223fcacd0a');
INSERT INTO account_operation (id, amount, description, operation_date, type, bank_account_id) VALUES (7822, 3566.41, 'Cash Deposit', '2026-02-17 19:56:31', 'CREDIT', 'acc-e622915e-c433-4f91-b3ae-b4223fcacd0a');
INSERT INTO account_operation (id, amount, description, operation_date, type, bank_account_id) VALUES (7823, 916.62, 'Marjane Supermarket', '2025-12-18 19:56:31', 'DEBIT', 'acc-e622915e-c433-4f91-b3ae-b4223fcacd0a');
INSERT INTO account_operation (id, amount, description, operation_date, type, bank_account_id) VALUES (7824, 1633.82, 'Decathlon', '2026-02-05 19:56:31', 'DEBIT', 'acc-e622915e-c433-4f91-b3ae-b4223fcacd0a');
INSERT INTO account_operation (id, amount, description, operation_date, type, bank_account_id) VALUES (7825, 7161.76, 'Transfer Received', '2026-06-17 19:56:31', 'CREDIT', 'acc-e622915e-c433-4f91-b3ae-b4223fcacd0a');
INSERT INTO account_operation (id, amount, description, operation_date, type, bank_account_id) VALUES (7826, 7835.06, 'Freelance Payment', '2026-06-10 19:56:31', 'CREDIT', 'acc-e622915e-c433-4f91-b3ae-b4223fcacd0a');
INSERT INTO account_operation (id, amount, description, operation_date, type, bank_account_id) VALUES (7827, 9005.5, 'Salary Deposit', '2026-01-12 19:56:31', 'CREDIT', 'acc-e622915e-c433-4f91-b3ae-b4223fcacd0a');
INSERT INTO account_operation (id, amount, description, operation_date, type, bank_account_id) VALUES (7828, 2057.21, 'Freelance Payment', '2025-10-15 19:56:31', 'CREDIT', 'acc-e622915e-c433-4f91-b3ae-b4223fcacd0a');
INSERT INTO account_operation (id, amount, description, operation_date, type, bank_account_id) VALUES (7829, 951.16, 'Maroc Telecom', '2026-01-11 19:56:31', 'DEBIT', 'acc-e622915e-c433-4f91-b3ae-b4223fcacd0a');
INSERT INTO account_operation (id, amount, description, operation_date, type, bank_account_id) VALUES (7830, 1456.86, 'Pharmacy', '2026-03-12 19:56:31', 'DEBIT', 'acc-e622915e-c433-4f91-b3ae-b4223fcacd0a');
INSERT INTO account_operation (id, amount, description, operation_date, type, bank_account_id) VALUES (7831, 692.43, 'CTM Bus', '2025-11-20 19:56:31', 'DEBIT', 'acc-e622915e-c433-4f91-b3ae-b4223fcacd0a');
INSERT INTO account_operation (id, amount, description, operation_date, type, bank_account_id) VALUES (7832, 581.34, 'Orange', '2026-04-03 19:56:31', 'DEBIT', 'acc-e622915e-c433-4f91-b3ae-b4223fcacd0a');
INSERT INTO account_operation (id, amount, description, operation_date, type, bank_account_id) VALUES (7833, 244.59, 'Marjane Supermarket', '2026-06-20 19:56:31', 'DEBIT', 'acc-e622915e-c433-4f91-b3ae-b4223fcacd0a');
INSERT INTO account_operation (id, amount, description, operation_date, type, bank_account_id) VALUES (7834, 7100.1, 'Dividend Payout', '2026-01-03 19:56:31', 'CREDIT', 'acc-e622915e-c433-4f91-b3ae-b4223fcacd0a');
INSERT INTO account_operation (id, amount, description, operation_date, type, bank_account_id) VALUES (7835, 380.71, 'Orange', '2026-02-02 19:56:31', 'DEBIT', 'acc-e622915e-c433-4f91-b3ae-b4223fcacd0a');
INSERT INTO account_operation (id, amount, description, operation_date, type, bank_account_id) VALUES (7836, 542.37, 'Local Cafe', '2026-04-15 19:56:31', 'DEBIT', 'acc-e622915e-c433-4f91-b3ae-b4223fcacd0a');
INSERT INTO account_operation (id, amount, description, operation_date, type, bank_account_id) VALUES (7837, 711.93, 'Maroc Telecom', '2026-04-27 19:56:31', 'DEBIT', 'acc-e622915e-c433-4f91-b3ae-b4223fcacd0a');
INSERT INTO account_operation (id, amount, description, operation_date, type, bank_account_id) VALUES (7838, 1044.88, 'Zara', '2026-02-28 19:56:31', 'DEBIT', 'acc-e622915e-c433-4f91-b3ae-b4223fcacd0a');
INSERT INTO account_operation (id, amount, description, operation_date, type, bank_account_id) VALUES (7839, 623.43, 'Maroc Telecom', '2026-04-14 19:56:31', 'DEBIT', 'acc-e622915e-c433-4f91-b3ae-b4223fcacd0a');
INSERT INTO account_operation (id, amount, description, operation_date, type, bank_account_id) VALUES (7840, 88.54, 'Marjane Supermarket', '2025-12-10 19:56:31', 'DEBIT', 'acc-e622915e-c433-4f91-b3ae-b4223fcacd0a');
INSERT INTO account_operation (id, amount, description, operation_date, type, bank_account_id) VALUES (7841, 1444.53, 'Maroc Telecom', '2025-11-12 19:56:31', 'DEBIT', 'acc-e622915e-c433-4f91-b3ae-b4223fcacd0a');
INSERT INTO account_operation (id, amount, description, operation_date, type, bank_account_id) VALUES (7842, 1156.84, 'BIM Store', '2025-10-12 19:56:31', 'DEBIT', 'acc-e622915e-c433-4f91-b3ae-b4223fcacd0a');
INSERT INTO account_operation (id, amount, description, operation_date, type, bank_account_id) VALUES (7843, 5669.07, 'Transfer Received', '2026-06-25 19:56:31', 'CREDIT', 'acc-e622915e-c433-4f91-b3ae-b4223fcacd0a');
INSERT INTO account_operation (id, amount, description, operation_date, type, bank_account_id) VALUES (7844, 268.39, 'Maroc Telecom', '2025-11-27 19:56:31', 'DEBIT', 'acc-e622915e-c433-4f91-b3ae-b4223fcacd0a');
INSERT INTO account_operation (id, amount, description, operation_date, type, bank_account_id) VALUES (7845, 7222.33, 'Dividend Payout', '2026-06-24 19:56:31', 'CREDIT', 'acc-e622915e-c433-4f91-b3ae-b4223fcacd0a');
INSERT INTO account_operation (id, amount, description, operation_date, type, bank_account_id) VALUES (7846, 249.77, 'Zara', '2025-11-27 19:56:31', 'DEBIT', 'acc-e622915e-c433-4f91-b3ae-b4223fcacd0a');
INSERT INTO account_operation (id, amount, description, operation_date, type, bank_account_id) VALUES (7847, 4453.62, 'Dividend Payout', '2025-09-29 19:56:31', 'CREDIT', 'acc-e622915e-c433-4f91-b3ae-b4223fcacd0a');
INSERT INTO account_operation (id, amount, description, operation_date, type, bank_account_id) VALUES (7848, 4663.93, 'Dividend Payout', '2026-04-27 19:56:31', 'CREDIT', 'acc-e622915e-c433-4f91-b3ae-b4223fcacd0a');
INSERT INTO account_operation (id, amount, description, operation_date, type, bank_account_id) VALUES (7849, 14729.63, 'Transfer Received', '2026-06-23 19:56:31', 'CREDIT', 'acc-e622915e-c433-4f91-b3ae-b4223fcacd0a');
INSERT INTO account_operation (id, amount, description, operation_date, type, bank_account_id) VALUES (7850, 11508.85, 'Dividend Payout', '2026-03-24 19:56:31', 'CREDIT', 'acc-e622915e-c433-4f91-b3ae-b4223fcacd0a');
INSERT INTO bank_account (id, type, balance, created_at, customer_id, over_draft, interest_rate) VALUES ('acc-f7581c97-2a31-400c-9ed5-2b2255213605', 'SAVE', 54715.79, '2025-08-15 19:56:31', 134, NULL, 3.6);
INSERT INTO account_operation (id, amount, description, operation_date, type, bank_account_id) VALUES (7851, 14320.43, 'Initial Account Funding', '2025-08-15 19:56:31', 'CREDIT', 'acc-f7581c97-2a31-400c-9ed5-2b2255213605');
INSERT INTO account_operation (id, amount, description, operation_date, type, bank_account_id) VALUES (7852, 1028.69, 'Zara', '2025-09-23 19:56:31', 'DEBIT', 'acc-f7581c97-2a31-400c-9ed5-2b2255213605');
INSERT INTO account_operation (id, amount, description, operation_date, type, bank_account_id) VALUES (7853, 1359.18, 'ONEE Electricity', '2025-10-20 19:56:31', 'DEBIT', 'acc-f7581c97-2a31-400c-9ed5-2b2255213605');
INSERT INTO account_operation (id, amount, description, operation_date, type, bank_account_id) VALUES (7854, 8897.56, 'Salary Deposit', '2025-11-18 19:56:31', 'CREDIT', 'acc-f7581c97-2a31-400c-9ed5-2b2255213605');
INSERT INTO account_operation (id, amount, description, operation_date, type, bank_account_id) VALUES (7855, 123.78, 'ONCF Train', '2025-10-05 19:56:31', 'DEBIT', 'acc-f7581c97-2a31-400c-9ed5-2b2255213605');
INSERT INTO account_operation (id, amount, description, operation_date, type, bank_account_id) VALUES (7856, 751.2, 'Netflix Subscription', '2025-09-28 19:56:31', 'DEBIT', 'acc-f7581c97-2a31-400c-9ed5-2b2255213605');
INSERT INTO account_operation (id, amount, description, operation_date, type, bank_account_id) VALUES (7857, 875.66, 'Decathlon', '2026-02-01 19:56:31', 'DEBIT', 'acc-f7581c97-2a31-400c-9ed5-2b2255213605');
INSERT INTO account_operation (id, amount, description, operation_date, type, bank_account_id) VALUES (7858, 14596.41, 'Cash Deposit', '2025-08-16 19:56:31', 'CREDIT', 'acc-f7581c97-2a31-400c-9ed5-2b2255213605');
INSERT INTO account_operation (id, amount, description, operation_date, type, bank_account_id) VALUES (7859, 153.58, 'Netflix Subscription', '2026-06-22 19:56:31', 'DEBIT', 'acc-f7581c97-2a31-400c-9ed5-2b2255213605');
INSERT INTO account_operation (id, amount, description, operation_date, type, bank_account_id) VALUES (7860, 714.01, 'Local Cafe', '2026-05-29 19:56:31', 'DEBIT', 'acc-f7581c97-2a31-400c-9ed5-2b2255213605');
INSERT INTO account_operation (id, amount, description, operation_date, type, bank_account_id) VALUES (7861, 301.8, 'Netflix Subscription', '2025-09-22 19:56:31', 'DEBIT', 'acc-f7581c97-2a31-400c-9ed5-2b2255213605');
INSERT INTO account_operation (id, amount, description, operation_date, type, bank_account_id) VALUES (7862, 1719.71, 'CTM Bus', '2026-03-11 19:56:31', 'DEBIT', 'acc-f7581c97-2a31-400c-9ed5-2b2255213605');
INSERT INTO account_operation (id, amount, description, operation_date, type, bank_account_id) VALUES (7863, 3077.73, 'Freelance Payment', '2026-03-06 19:56:31', 'CREDIT', 'acc-f7581c97-2a31-400c-9ed5-2b2255213605');
INSERT INTO account_operation (id, amount, description, operation_date, type, bank_account_id) VALUES (7864, 8939.89, 'Salary Deposit', '2026-04-12 19:56:31', 'CREDIT', 'acc-f7581c97-2a31-400c-9ed5-2b2255213605');
INSERT INTO account_operation (id, amount, description, operation_date, type, bank_account_id) VALUES (7865, 733.62, 'Orange', '2026-05-24 19:56:31', 'DEBIT', 'acc-f7581c97-2a31-400c-9ed5-2b2255213605');
INSERT INTO account_operation (id, amount, description, operation_date, type, bank_account_id) VALUES (7866, 1137.07, 'LC Waikiki', '2025-09-25 19:56:31', 'DEBIT', 'acc-f7581c97-2a31-400c-9ed5-2b2255213605');
INSERT INTO account_operation (id, amount, description, operation_date, type, bank_account_id) VALUES (7867, 625.51, 'Orange', '2026-05-12 19:56:31', 'DEBIT', 'acc-f7581c97-2a31-400c-9ed5-2b2255213605');
INSERT INTO account_operation (id, amount, description, operation_date, type, bank_account_id) VALUES (7868, 528.84, 'Zara', '2026-01-30 19:56:31', 'DEBIT', 'acc-f7581c97-2a31-400c-9ed5-2b2255213605');
INSERT INTO account_operation (id, amount, description, operation_date, type, bank_account_id) VALUES (7869, 1245.41, 'ONEE Electricity', '2026-03-19 19:56:31', 'DEBIT', 'acc-f7581c97-2a31-400c-9ed5-2b2255213605');
INSERT INTO account_operation (id, amount, description, operation_date, type, bank_account_id) VALUES (7870, 5659.04, 'Freelance Payment', '2026-03-31 19:56:31', 'CREDIT', 'acc-f7581c97-2a31-400c-9ed5-2b2255213605');
INSERT INTO account_operation (id, amount, description, operation_date, type, bank_account_id) VALUES (7871, 1512.07, 'Marjane Supermarket', '2025-09-06 19:56:31', 'DEBIT', 'acc-f7581c97-2a31-400c-9ed5-2b2255213605');
INSERT INTO account_operation (id, amount, description, operation_date, type, bank_account_id) VALUES (7872, 578.04, 'BIM Store', '2025-11-02 19:56:31', 'DEBIT', 'acc-f7581c97-2a31-400c-9ed5-2b2255213605');
INSERT INTO account_operation (id, amount, description, operation_date, type, bank_account_id) VALUES (7873, 1434.76, 'Decathlon', '2026-01-22 19:56:31', 'DEBIT', 'acc-f7581c97-2a31-400c-9ed5-2b2255213605');
INSERT INTO account_operation (id, amount, description, operation_date, type, bank_account_id) VALUES (7874, 647.82, 'Zara', '2026-06-23 19:56:31', 'DEBIT', 'acc-f7581c97-2a31-400c-9ed5-2b2255213605');
INSERT INTO account_operation (id, amount, description, operation_date, type, bank_account_id) VALUES (7875, 989.74, 'Zara', '2026-03-11 19:56:31', 'DEBIT', 'acc-f7581c97-2a31-400c-9ed5-2b2255213605');
INSERT INTO account_operation (id, amount, description, operation_date, type, bank_account_id) VALUES (7876, 858.25, 'CTM Bus', '2026-04-28 19:56:31', 'DEBIT', 'acc-f7581c97-2a31-400c-9ed5-2b2255213605');
INSERT INTO account_operation (id, amount, description, operation_date, type, bank_account_id) VALUES (7877, 14706.9, 'Dividend Payout', '2026-06-22 19:56:31', 'CREDIT', 'acc-f7581c97-2a31-400c-9ed5-2b2255213605');
INSERT INTO account_operation (id, amount, description, operation_date, type, bank_account_id) VALUES (7878, 607.69, 'Restaurant', '2026-01-25 19:56:31', 'DEBIT', 'acc-f7581c97-2a31-400c-9ed5-2b2255213605');
INSERT INTO account_operation (id, amount, description, operation_date, type, bank_account_id) VALUES (7879, 245.0, 'Pharmacy', '2026-02-11 19:56:31', 'DEBIT', 'acc-f7581c97-2a31-400c-9ed5-2b2255213605');
INSERT INTO account_operation (id, amount, description, operation_date, type, bank_account_id) VALUES (7880, 2689.26, 'Salary Deposit', '2025-12-25 19:56:31', 'CREDIT', 'acc-f7581c97-2a31-400c-9ed5-2b2255213605');

INSERT INTO customer (id, name, email) VALUES (135, 'Amina Bennani', 'amina.bennani@gmail.com');
INSERT INTO bank_account (id, type, balance, created_at, customer_id, over_draft, interest_rate) VALUES ('acc-c0eeebe2-9edf-4cfb-8083-10d6226d8d5b', 'CURR', 17796.34, '2026-04-28 19:56:31', 135, 9947.62, NULL);
INSERT INTO account_operation (id, amount, description, operation_date, type, bank_account_id) VALUES (7881, 5419.34, 'Initial Account Funding', '2026-04-28 19:56:31', 'CREDIT', 'acc-c0eeebe2-9edf-4cfb-8083-10d6226d8d5b');
INSERT INTO account_operation (id, amount, description, operation_date, type, bank_account_id) VALUES (7882, 1876.77, 'Carrefour', '2026-06-11 19:56:31', 'DEBIT', 'acc-c0eeebe2-9edf-4cfb-8083-10d6226d8d5b');
INSERT INTO account_operation (id, amount, description, operation_date, type, bank_account_id) VALUES (7883, 1332.56, 'Inwi', '2026-05-07 19:56:31', 'DEBIT', 'acc-c0eeebe2-9edf-4cfb-8083-10d6226d8d5b');
INSERT INTO account_operation (id, amount, description, operation_date, type, bank_account_id) VALUES (7884, 1734.48, 'Inwi', '2026-06-10 19:56:31', 'DEBIT', 'acc-c0eeebe2-9edf-4cfb-8083-10d6226d8d5b');
INSERT INTO account_operation (id, amount, description, operation_date, type, bank_account_id) VALUES (7885, 1905.79, 'Spotify', '2026-06-06 19:56:31', 'DEBIT', 'acc-c0eeebe2-9edf-4cfb-8083-10d6226d8d5b');
INSERT INTO account_operation (id, amount, description, operation_date, type, bank_account_id) VALUES (7886, 1546.29, 'Spotify', '2026-06-16 19:56:31', 'DEBIT', 'acc-c0eeebe2-9edf-4cfb-8083-10d6226d8d5b');
INSERT INTO account_operation (id, amount, description, operation_date, type, bank_account_id) VALUES (7887, 6630.35, 'Dividend Payout', '2026-05-09 19:56:31', 'CREDIT', 'acc-c0eeebe2-9edf-4cfb-8083-10d6226d8d5b');
INSERT INTO account_operation (id, amount, description, operation_date, type, bank_account_id) VALUES (7888, 14284.71, 'Salary Deposit', '2026-05-21 19:56:31', 'CREDIT', 'acc-c0eeebe2-9edf-4cfb-8083-10d6226d8d5b');
INSERT INTO account_operation (id, amount, description, operation_date, type, bank_account_id) VALUES (7889, 462.51, 'Decathlon', '2026-06-01 19:56:31', 'DEBIT', 'acc-c0eeebe2-9edf-4cfb-8083-10d6226d8d5b');
INSERT INTO account_operation (id, amount, description, operation_date, type, bank_account_id) VALUES (7890, 2253.77, 'Dividend Payout', '2026-06-18 19:56:31', 'CREDIT', 'acc-c0eeebe2-9edf-4cfb-8083-10d6226d8d5b');
INSERT INTO account_operation (id, amount, description, operation_date, type, bank_account_id) VALUES (7891, 993.51, 'Maroc Telecom', '2026-06-10 19:56:31', 'DEBIT', 'acc-c0eeebe2-9edf-4cfb-8083-10d6226d8d5b');
INSERT INTO account_operation (id, amount, description, operation_date, type, bank_account_id) VALUES (7892, 939.92, 'LC Waikiki', '2026-05-25 19:56:31', 'DEBIT', 'acc-c0eeebe2-9edf-4cfb-8083-10d6226d8d5b');
INSERT INTO bank_account (id, type, balance, created_at, customer_id, over_draft, interest_rate) VALUES ('acc-7bd1b85b-f9b5-426b-a3d1-755896bb6cfa', 'SAVE', 74647.66, '2025-12-09 19:56:31', 135, NULL, 4.6);
INSERT INTO account_operation (id, amount, description, operation_date, type, bank_account_id) VALUES (7893, 23510.53, 'Initial Account Funding', '2025-12-09 19:56:31', 'CREDIT', 'acc-7bd1b85b-f9b5-426b-a3d1-755896bb6cfa');
INSERT INTO account_operation (id, amount, description, operation_date, type, bank_account_id) VALUES (7894, 1401.54, 'Orange', '2026-04-01 19:56:31', 'DEBIT', 'acc-7bd1b85b-f9b5-426b-a3d1-755896bb6cfa');
INSERT INTO account_operation (id, amount, description, operation_date, type, bank_account_id) VALUES (7895, 542.14, 'ONEE Electricity', '2025-12-20 19:56:31', 'DEBIT', 'acc-7bd1b85b-f9b5-426b-a3d1-755896bb6cfa');
INSERT INTO account_operation (id, amount, description, operation_date, type, bank_account_id) VALUES (7896, 1708.96, 'ONEE Electricity', '2026-03-03 19:56:31', 'DEBIT', 'acc-7bd1b85b-f9b5-426b-a3d1-755896bb6cfa');
INSERT INTO account_operation (id, amount, description, operation_date, type, bank_account_id) VALUES (7897, 6240.83, 'Cash Deposit', '2026-05-28 19:56:31', 'CREDIT', 'acc-7bd1b85b-f9b5-426b-a3d1-755896bb6cfa');
INSERT INTO account_operation (id, amount, description, operation_date, type, bank_account_id) VALUES (7898, 5864.9, 'Cash Deposit', '2026-04-11 19:56:31', 'CREDIT', 'acc-7bd1b85b-f9b5-426b-a3d1-755896bb6cfa');
INSERT INTO account_operation (id, amount, description, operation_date, type, bank_account_id) VALUES (7899, 9611.76, 'Freelance Payment', '2026-04-22 19:56:31', 'CREDIT', 'acc-7bd1b85b-f9b5-426b-a3d1-755896bb6cfa');
INSERT INTO account_operation (id, amount, description, operation_date, type, bank_account_id) VALUES (7900, 250.3, 'Local Cafe', '2026-02-08 19:56:31', 'DEBIT', 'acc-7bd1b85b-f9b5-426b-a3d1-755896bb6cfa');
INSERT INTO account_operation (id, amount, description, operation_date, type, bank_account_id) VALUES (7901, 1774.48, 'Spotify', '2026-02-19 19:56:31', 'DEBIT', 'acc-7bd1b85b-f9b5-426b-a3d1-755896bb6cfa');
INSERT INTO account_operation (id, amount, description, operation_date, type, bank_account_id) VALUES (7902, 1466.63, 'Decathlon', '2026-03-25 19:56:31', 'DEBIT', 'acc-7bd1b85b-f9b5-426b-a3d1-755896bb6cfa');
INSERT INTO account_operation (id, amount, description, operation_date, type, bank_account_id) VALUES (7903, 655.8, 'Pharmacy', '2026-03-06 19:56:31', 'DEBIT', 'acc-7bd1b85b-f9b5-426b-a3d1-755896bb6cfa');
INSERT INTO account_operation (id, amount, description, operation_date, type, bank_account_id) VALUES (7904, 64.56, 'Decathlon', '2026-02-19 19:56:31', 'DEBIT', 'acc-7bd1b85b-f9b5-426b-a3d1-755896bb6cfa');
INSERT INTO account_operation (id, amount, description, operation_date, type, bank_account_id) VALUES (7905, 299.54, 'Zara', '2026-01-13 19:56:31', 'DEBIT', 'acc-7bd1b85b-f9b5-426b-a3d1-755896bb6cfa');
INSERT INTO account_operation (id, amount, description, operation_date, type, bank_account_id) VALUES (7906, 62.59, 'Carrefour', '2026-02-12 19:56:31', 'DEBIT', 'acc-7bd1b85b-f9b5-426b-a3d1-755896bb6cfa');
INSERT INTO account_operation (id, amount, description, operation_date, type, bank_account_id) VALUES (7907, 160.29, 'Decathlon', '2026-02-08 19:56:31', 'DEBIT', 'acc-7bd1b85b-f9b5-426b-a3d1-755896bb6cfa');
INSERT INTO account_operation (id, amount, description, operation_date, type, bank_account_id) VALUES (7908, 3413.27, 'Salary Deposit', '2026-01-17 19:56:31', 'CREDIT', 'acc-7bd1b85b-f9b5-426b-a3d1-755896bb6cfa');
INSERT INTO account_operation (id, amount, description, operation_date, type, bank_account_id) VALUES (7909, 1556.02, 'ONEE Electricity', '2026-01-20 19:56:31', 'DEBIT', 'acc-7bd1b85b-f9b5-426b-a3d1-755896bb6cfa');
INSERT INTO account_operation (id, amount, description, operation_date, type, bank_account_id) VALUES (7910, 359.42, 'Decathlon', '2026-03-26 19:56:31', 'DEBIT', 'acc-7bd1b85b-f9b5-426b-a3d1-755896bb6cfa');
INSERT INTO account_operation (id, amount, description, operation_date, type, bank_account_id) VALUES (7911, 13678.92, 'Freelance Payment', '2026-04-13 19:56:31', 'CREDIT', 'acc-7bd1b85b-f9b5-426b-a3d1-755896bb6cfa');
INSERT INTO account_operation (id, amount, description, operation_date, type, bank_account_id) VALUES (7912, 227.02, 'Maroc Telecom', '2026-02-15 19:56:31', 'DEBIT', 'acc-7bd1b85b-f9b5-426b-a3d1-755896bb6cfa');
INSERT INTO account_operation (id, amount, description, operation_date, type, bank_account_id) VALUES (7913, 645.32, 'Redal', '2026-03-04 19:56:31', 'DEBIT', 'acc-7bd1b85b-f9b5-426b-a3d1-755896bb6cfa');
INSERT INTO account_operation (id, amount, description, operation_date, type, bank_account_id) VALUES (7914, 1181.03, 'Marjane Supermarket', '2026-05-24 19:56:31', 'DEBIT', 'acc-7bd1b85b-f9b5-426b-a3d1-755896bb6cfa');
INSERT INTO account_operation (id, amount, description, operation_date, type, bank_account_id) VALUES (7915, 1937.81, 'CTM Bus', '2026-04-14 19:56:31', 'DEBIT', 'acc-7bd1b85b-f9b5-426b-a3d1-755896bb6cfa');
INSERT INTO account_operation (id, amount, description, operation_date, type, bank_account_id) VALUES (7916, 1218.45, 'Inwi', '2026-03-19 19:56:31', 'DEBIT', 'acc-7bd1b85b-f9b5-426b-a3d1-755896bb6cfa');
INSERT INTO account_operation (id, amount, description, operation_date, type, bank_account_id) VALUES (7917, 784.61, 'ONCF Train', '2026-03-02 19:56:31', 'DEBIT', 'acc-7bd1b85b-f9b5-426b-a3d1-755896bb6cfa');
INSERT INTO account_operation (id, amount, description, operation_date, type, bank_account_id) VALUES (7918, 1504.9, 'Netflix Subscription', '2025-12-30 19:56:31', 'DEBIT', 'acc-7bd1b85b-f9b5-426b-a3d1-755896bb6cfa');
INSERT INTO account_operation (id, amount, description, operation_date, type, bank_account_id) VALUES (7919, 3138.82, 'Cash Deposit', '2026-02-06 19:56:31', 'CREDIT', 'acc-7bd1b85b-f9b5-426b-a3d1-755896bb6cfa');
INSERT INTO account_operation (id, amount, description, operation_date, type, bank_account_id) VALUES (7920, 1294.77, 'Cash Deposit', '2026-04-19 19:56:31', 'CREDIT', 'acc-7bd1b85b-f9b5-426b-a3d1-755896bb6cfa');
INSERT INTO account_operation (id, amount, description, operation_date, type, bank_account_id) VALUES (7921, 827.62, 'ONEE Electricity', '2026-04-06 19:56:31', 'DEBIT', 'acc-7bd1b85b-f9b5-426b-a3d1-755896bb6cfa');
INSERT INTO account_operation (id, amount, description, operation_date, type, bank_account_id) VALUES (7922, 871.01, 'Redal', '2026-02-22 19:56:31', 'DEBIT', 'acc-7bd1b85b-f9b5-426b-a3d1-755896bb6cfa');
INSERT INTO account_operation (id, amount, description, operation_date, type, bank_account_id) VALUES (7923, 79.25, 'Local Cafe', '2026-05-18 19:56:31', 'DEBIT', 'acc-7bd1b85b-f9b5-426b-a3d1-755896bb6cfa');
INSERT INTO account_operation (id, amount, description, operation_date, type, bank_account_id) VALUES (7924, 7580.87, 'Cash Deposit', '2026-01-23 19:56:31', 'CREDIT', 'acc-7bd1b85b-f9b5-426b-a3d1-755896bb6cfa');
INSERT INTO account_operation (id, amount, description, operation_date, type, bank_account_id) VALUES (7925, 4937.65, 'Cash Deposit', '2026-01-21 19:56:31', 'CREDIT', 'acc-7bd1b85b-f9b5-426b-a3d1-755896bb6cfa');
INSERT INTO account_operation (id, amount, description, operation_date, type, bank_account_id) VALUES (7926, 9738.67, 'Transfer Received', '2026-05-04 19:56:31', 'CREDIT', 'acc-7bd1b85b-f9b5-426b-a3d1-755896bb6cfa');
INSERT INTO account_operation (id, amount, description, operation_date, type, bank_account_id) VALUES (7927, 1762.17, 'Netflix Subscription', '2025-12-22 19:56:31', 'DEBIT', 'acc-7bd1b85b-f9b5-426b-a3d1-755896bb6cfa');
INSERT INTO account_operation (id, amount, description, operation_date, type, bank_account_id) VALUES (7928, 11043.28, 'Cash Deposit', '2026-06-25 19:56:31', 'CREDIT', 'acc-7bd1b85b-f9b5-426b-a3d1-755896bb6cfa');
INSERT INTO account_operation (id, amount, description, operation_date, type, bank_account_id) VALUES (7929, 667.9, 'Pharmacy', '2026-01-11 19:56:31', 'DEBIT', 'acc-7bd1b85b-f9b5-426b-a3d1-755896bb6cfa');
INSERT INTO account_operation (id, amount, description, operation_date, type, bank_account_id) VALUES (7930, 1516.27, 'ONEE Electricity', '2025-12-14 19:56:31', 'DEBIT', 'acc-7bd1b85b-f9b5-426b-a3d1-755896bb6cfa');
INSERT INTO account_operation (id, amount, description, operation_date, type, bank_account_id) VALUES (7931, 1880.98, 'BIM Store', '2026-04-25 19:56:31', 'DEBIT', 'acc-7bd1b85b-f9b5-426b-a3d1-755896bb6cfa');
INSERT INTO bank_account (id, type, balance, created_at, customer_id, over_draft, interest_rate) VALUES ('acc-d0a6a01c-9433-4fb2-a636-27d6c95ab3a8', 'SAVE', 101688.99, '2026-03-13 19:56:31', 135, NULL, 3.25);
INSERT INTO account_operation (id, amount, description, operation_date, type, bank_account_id) VALUES (7932, 48892.15, 'Initial Account Funding', '2026-03-13 19:56:31', 'CREDIT', 'acc-d0a6a01c-9433-4fb2-a636-27d6c95ab3a8');
INSERT INTO account_operation (id, amount, description, operation_date, type, bank_account_id) VALUES (7933, 85.29, 'Maroc Telecom', '2026-04-14 19:56:31', 'DEBIT', 'acc-d0a6a01c-9433-4fb2-a636-27d6c95ab3a8');
INSERT INTO account_operation (id, amount, description, operation_date, type, bank_account_id) VALUES (7934, 1252.45, 'CTM Bus', '2026-03-21 19:56:31', 'DEBIT', 'acc-d0a6a01c-9433-4fb2-a636-27d6c95ab3a8');
INSERT INTO account_operation (id, amount, description, operation_date, type, bank_account_id) VALUES (7935, 8632.56, 'Salary Deposit', '2026-05-02 19:56:31', 'CREDIT', 'acc-d0a6a01c-9433-4fb2-a636-27d6c95ab3a8');
INSERT INTO account_operation (id, amount, description, operation_date, type, bank_account_id) VALUES (7936, 1347.03, 'Pharmacy', '2026-05-17 19:56:31', 'DEBIT', 'acc-d0a6a01c-9433-4fb2-a636-27d6c95ab3a8');
INSERT INTO account_operation (id, amount, description, operation_date, type, bank_account_id) VALUES (7937, 1409.76, 'Cash Deposit', '2026-03-13 19:56:31', 'CREDIT', 'acc-d0a6a01c-9433-4fb2-a636-27d6c95ab3a8');
INSERT INTO account_operation (id, amount, description, operation_date, type, bank_account_id) VALUES (7938, 330.19, 'Inwi', '2026-06-24 19:56:31', 'DEBIT', 'acc-d0a6a01c-9433-4fb2-a636-27d6c95ab3a8');
INSERT INTO account_operation (id, amount, description, operation_date, type, bank_account_id) VALUES (7939, 654.76, 'Spotify', '2026-05-02 19:56:31', 'DEBIT', 'acc-d0a6a01c-9433-4fb2-a636-27d6c95ab3a8');
INSERT INTO account_operation (id, amount, description, operation_date, type, bank_account_id) VALUES (7940, 13178.02, 'Dividend Payout', '2026-03-17 19:56:31', 'CREDIT', 'acc-d0a6a01c-9433-4fb2-a636-27d6c95ab3a8');
INSERT INTO account_operation (id, amount, description, operation_date, type, bank_account_id) VALUES (7941, 7102.85, 'Freelance Payment', '2026-06-25 19:56:31', 'CREDIT', 'acc-d0a6a01c-9433-4fb2-a636-27d6c95ab3a8');
INSERT INTO account_operation (id, amount, description, operation_date, type, bank_account_id) VALUES (7942, 1407.13, 'Carrefour', '2026-04-15 19:56:31', 'DEBIT', 'acc-d0a6a01c-9433-4fb2-a636-27d6c95ab3a8');
INSERT INTO account_operation (id, amount, description, operation_date, type, bank_account_id) VALUES (7943, 1243.87, 'Restaurant', '2026-06-27 19:56:31', 'DEBIT', 'acc-d0a6a01c-9433-4fb2-a636-27d6c95ab3a8');
INSERT INTO account_operation (id, amount, description, operation_date, type, bank_account_id) VALUES (7944, 1821.24, 'BIM Store', '2026-06-29 19:56:31', 'DEBIT', 'acc-d0a6a01c-9433-4fb2-a636-27d6c95ab3a8');
INSERT INTO account_operation (id, amount, description, operation_date, type, bank_account_id) VALUES (7945, 1308.24, 'ONCF Train', '2026-03-31 19:56:31', 'DEBIT', 'acc-d0a6a01c-9433-4fb2-a636-27d6c95ab3a8');
INSERT INTO account_operation (id, amount, description, operation_date, type, bank_account_id) VALUES (7946, 1728.3, 'Netflix Subscription', '2026-06-10 19:56:31', 'DEBIT', 'acc-d0a6a01c-9433-4fb2-a636-27d6c95ab3a8');
INSERT INTO account_operation (id, amount, description, operation_date, type, bank_account_id) VALUES (7947, 189.55, 'Amendis', '2026-04-24 19:56:31', 'DEBIT', 'acc-d0a6a01c-9433-4fb2-a636-27d6c95ab3a8');
INSERT INTO account_operation (id, amount, description, operation_date, type, bank_account_id) VALUES (7948, 1692.17, 'BIM Store', '2026-05-25 19:56:31', 'DEBIT', 'acc-d0a6a01c-9433-4fb2-a636-27d6c95ab3a8');
INSERT INTO account_operation (id, amount, description, operation_date, type, bank_account_id) VALUES (7949, 347.71, 'BIM Store', '2026-05-05 19:56:31', 'DEBIT', 'acc-d0a6a01c-9433-4fb2-a636-27d6c95ab3a8');
INSERT INTO account_operation (id, amount, description, operation_date, type, bank_account_id) VALUES (7950, 1655.39, 'LC Waikiki', '2026-03-22 19:56:31', 'DEBIT', 'acc-d0a6a01c-9433-4fb2-a636-27d6c95ab3a8');
INSERT INTO account_operation (id, amount, description, operation_date, type, bank_account_id) VALUES (7951, 1577.6, 'ONCF Train', '2026-04-02 19:56:31', 'DEBIT', 'acc-d0a6a01c-9433-4fb2-a636-27d6c95ab3a8');
INSERT INTO account_operation (id, amount, description, operation_date, type, bank_account_id) VALUES (7952, 10148.17, 'Cash Deposit', '2026-04-07 19:56:31', 'CREDIT', 'acc-d0a6a01c-9433-4fb2-a636-27d6c95ab3a8');
INSERT INTO account_operation (id, amount, description, operation_date, type, bank_account_id) VALUES (7953, 929.45, 'Zara', '2026-06-22 19:56:31', 'DEBIT', 'acc-d0a6a01c-9433-4fb2-a636-27d6c95ab3a8');
INSERT INTO account_operation (id, amount, description, operation_date, type, bank_account_id) VALUES (7954, 731.41, 'ONCF Train', '2026-05-01 19:56:31', 'DEBIT', 'acc-d0a6a01c-9433-4fb2-a636-27d6c95ab3a8');
INSERT INTO account_operation (id, amount, description, operation_date, type, bank_account_id) VALUES (7955, 1225.68, 'Carrefour', '2026-04-26 19:56:31', 'DEBIT', 'acc-d0a6a01c-9433-4fb2-a636-27d6c95ab3a8');
INSERT INTO account_operation (id, amount, description, operation_date, type, bank_account_id) VALUES (7956, 629.57, 'Inwi', '2026-04-08 19:56:31', 'DEBIT', 'acc-d0a6a01c-9433-4fb2-a636-27d6c95ab3a8');
INSERT INTO account_operation (id, amount, description, operation_date, type, bank_account_id) VALUES (7957, 1625.5, 'BIM Store', '2026-06-25 19:56:31', 'DEBIT', 'acc-d0a6a01c-9433-4fb2-a636-27d6c95ab3a8');
INSERT INTO account_operation (id, amount, description, operation_date, type, bank_account_id) VALUES (7958, 13520.73, 'Freelance Payment', '2026-03-25 19:56:31', 'CREDIT', 'acc-d0a6a01c-9433-4fb2-a636-27d6c95ab3a8');
INSERT INTO account_operation (id, amount, description, operation_date, type, bank_account_id) VALUES (7959, 12062.1, 'Cash Deposit', '2026-06-22 19:56:31', 'CREDIT', 'acc-d0a6a01c-9433-4fb2-a636-27d6c95ab3a8');
INSERT INTO account_operation (id, amount, description, operation_date, type, bank_account_id) VALUES (7960, 9026.06, 'Transfer Received', '2026-05-11 19:56:31', 'CREDIT', 'acc-d0a6a01c-9433-4fb2-a636-27d6c95ab3a8');
INSERT INTO account_operation (id, amount, description, operation_date, type, bank_account_id) VALUES (7961, 500.88, 'Pharmacy', '2026-04-17 19:56:31', 'DEBIT', 'acc-d0a6a01c-9433-4fb2-a636-27d6c95ab3a8');

INSERT INTO customer (id, name, email) VALUES (136, 'Tariq Bennani', 'tariq.bennani@gmail.com');
INSERT INTO bank_account (id, type, balance, created_at, customer_id, over_draft, interest_rate) VALUES ('acc-19134f07-9678-488d-8524-c54dd4e28ad5', 'CURR', 35834.97, '2025-12-15 19:56:31', 136, 3540.64, NULL);
INSERT INTO account_operation (id, amount, description, operation_date, type, bank_account_id) VALUES (7962, 11193.99, 'Initial Account Funding', '2025-12-15 19:56:31', 'CREDIT', 'acc-19134f07-9678-488d-8524-c54dd4e28ad5');
INSERT INTO account_operation (id, amount, description, operation_date, type, bank_account_id) VALUES (7963, 851.35, 'Netflix Subscription', '2026-05-18 19:56:31', 'DEBIT', 'acc-19134f07-9678-488d-8524-c54dd4e28ad5');
INSERT INTO account_operation (id, amount, description, operation_date, type, bank_account_id) VALUES (7964, 1892.72, 'Redal', '2026-06-25 19:56:31', 'DEBIT', 'acc-19134f07-9678-488d-8524-c54dd4e28ad5');
INSERT INTO account_operation (id, amount, description, operation_date, type, bank_account_id) VALUES (7965, 1585.79, 'CTM Bus', '2025-12-28 19:56:31', 'DEBIT', 'acc-19134f07-9678-488d-8524-c54dd4e28ad5');
INSERT INTO account_operation (id, amount, description, operation_date, type, bank_account_id) VALUES (7966, 8712.43, 'Dividend Payout', '2026-05-22 19:56:31', 'CREDIT', 'acc-19134f07-9678-488d-8524-c54dd4e28ad5');
INSERT INTO account_operation (id, amount, description, operation_date, type, bank_account_id) VALUES (7967, 884.94, 'BIM Store', '2026-01-26 19:56:31', 'DEBIT', 'acc-19134f07-9678-488d-8524-c54dd4e28ad5');
INSERT INTO account_operation (id, amount, description, operation_date, type, bank_account_id) VALUES (7968, 1888.37, 'Netflix Subscription', '2026-01-08 19:56:31', 'DEBIT', 'acc-19134f07-9678-488d-8524-c54dd4e28ad5');
INSERT INTO account_operation (id, amount, description, operation_date, type, bank_account_id) VALUES (7969, 277.26, 'Carrefour', '2026-06-20 19:56:31', 'DEBIT', 'acc-19134f07-9678-488d-8524-c54dd4e28ad5');
INSERT INTO account_operation (id, amount, description, operation_date, type, bank_account_id) VALUES (7970, 496.3, 'BIM Store', '2026-01-26 19:56:31', 'DEBIT', 'acc-19134f07-9678-488d-8524-c54dd4e28ad5');
INSERT INTO account_operation (id, amount, description, operation_date, type, bank_account_id) VALUES (7971, 499.19, 'CTM Bus', '2026-06-03 19:56:31', 'DEBIT', 'acc-19134f07-9678-488d-8524-c54dd4e28ad5');
INSERT INTO account_operation (id, amount, description, operation_date, type, bank_account_id) VALUES (7972, 360.51, 'Local Cafe', '2026-02-16 19:56:31', 'DEBIT', 'acc-19134f07-9678-488d-8524-c54dd4e28ad5');
INSERT INTO account_operation (id, amount, description, operation_date, type, bank_account_id) VALUES (7973, 640.83, 'Inwi', '2026-03-09 19:56:31', 'DEBIT', 'acc-19134f07-9678-488d-8524-c54dd4e28ad5');
INSERT INTO account_operation (id, amount, description, operation_date, type, bank_account_id) VALUES (7974, 6140.5, 'Freelance Payment', '2026-05-01 19:56:31', 'CREDIT', 'acc-19134f07-9678-488d-8524-c54dd4e28ad5');
INSERT INTO account_operation (id, amount, description, operation_date, type, bank_account_id) VALUES (7975, 1646.87, 'Redal', '2025-12-26 19:56:31', 'DEBIT', 'acc-19134f07-9678-488d-8524-c54dd4e28ad5');
INSERT INTO account_operation (id, amount, description, operation_date, type, bank_account_id) VALUES (7976, 64.55, 'LC Waikiki', '2026-04-03 19:56:31', 'DEBIT', 'acc-19134f07-9678-488d-8524-c54dd4e28ad5');
INSERT INTO account_operation (id, amount, description, operation_date, type, bank_account_id) VALUES (7977, 2523.02, 'Salary Deposit', '2026-02-27 19:56:31', 'CREDIT', 'acc-19134f07-9678-488d-8524-c54dd4e28ad5');
INSERT INTO account_operation (id, amount, description, operation_date, type, bank_account_id) VALUES (7978, 6288.27, 'Cash Deposit', '2026-04-15 19:56:31', 'CREDIT', 'acc-19134f07-9678-488d-8524-c54dd4e28ad5');
INSERT INTO account_operation (id, amount, description, operation_date, type, bank_account_id) VALUES (7979, 1986.16, 'Carrefour', '2026-01-06 19:56:31', 'DEBIT', 'acc-19134f07-9678-488d-8524-c54dd4e28ad5');
INSERT INTO account_operation (id, amount, description, operation_date, type, bank_account_id) VALUES (7980, 1126.14, 'Spotify', '2026-05-06 19:56:31', 'DEBIT', 'acc-19134f07-9678-488d-8524-c54dd4e28ad5');
INSERT INTO account_operation (id, amount, description, operation_date, type, bank_account_id) VALUES (7981, 753.23, 'ONEE Electricity', '2026-06-10 19:56:31', 'DEBIT', 'acc-19134f07-9678-488d-8524-c54dd4e28ad5');
INSERT INTO account_operation (id, amount, description, operation_date, type, bank_account_id) VALUES (7982, 11494.56, 'Salary Deposit', '2026-04-10 19:56:31', 'CREDIT', 'acc-19134f07-9678-488d-8524-c54dd4e28ad5');
INSERT INTO account_operation (id, amount, description, operation_date, type, bank_account_id) VALUES (7983, 871.32, 'Local Cafe', '2026-03-25 19:56:31', 'DEBIT', 'acc-19134f07-9678-488d-8524-c54dd4e28ad5');
INSERT INTO account_operation (id, amount, description, operation_date, type, bank_account_id) VALUES (7984, 1113.59, 'Local Cafe', '2026-02-05 19:56:31', 'DEBIT', 'acc-19134f07-9678-488d-8524-c54dd4e28ad5');
INSERT INTO account_operation (id, amount, description, operation_date, type, bank_account_id) VALUES (7985, 442.28, 'Marjane Supermarket', '2026-04-06 19:56:31', 'DEBIT', 'acc-19134f07-9678-488d-8524-c54dd4e28ad5');
INSERT INTO account_operation (id, amount, description, operation_date, type, bank_account_id) VALUES (7986, 1410.79, 'Maroc Telecom', '2026-05-09 19:56:31', 'DEBIT', 'acc-19134f07-9678-488d-8524-c54dd4e28ad5');
INSERT INTO account_operation (id, amount, description, operation_date, type, bank_account_id) VALUES (7987, 753.7, 'CTM Bus', '2026-03-20 19:56:31', 'DEBIT', 'acc-19134f07-9678-488d-8524-c54dd4e28ad5');
INSERT INTO account_operation (id, amount, description, operation_date, type, bank_account_id) VALUES (7988, 1973.06, 'Restaurant', '2026-06-29 19:56:31', 'DEBIT', 'acc-19134f07-9678-488d-8524-c54dd4e28ad5');
INSERT INTO account_operation (id, amount, description, operation_date, type, bank_account_id) VALUES (7989, 7433.08, 'Freelance Payment', '2026-01-10 19:56:31', 'CREDIT', 'acc-19134f07-9678-488d-8524-c54dd4e28ad5');
INSERT INTO account_operation (id, amount, description, operation_date, type, bank_account_id) VALUES (7990, 1887.53, 'Decathlon', '2026-04-29 19:56:31', 'DEBIT', 'acc-19134f07-9678-488d-8524-c54dd4e28ad5');
INSERT INTO account_operation (id, amount, description, operation_date, type, bank_account_id) VALUES (7991, 1019.26, 'Orange', '2025-12-17 19:56:31', 'DEBIT', 'acc-19134f07-9678-488d-8524-c54dd4e28ad5');
INSERT INTO account_operation (id, amount, description, operation_date, type, bank_account_id) VALUES (7992, 1263.27, 'CTM Bus', '2026-01-31 19:56:31', 'DEBIT', 'acc-19134f07-9678-488d-8524-c54dd4e28ad5');
INSERT INTO account_operation (id, amount, description, operation_date, type, bank_account_id) VALUES (7993, 1294.72, 'Netflix Subscription', '2026-02-19 19:56:31', 'DEBIT', 'acc-19134f07-9678-488d-8524-c54dd4e28ad5');
INSERT INTO account_operation (id, amount, description, operation_date, type, bank_account_id) VALUES (7994, 1424.89, 'Orange', '2026-04-16 19:56:31', 'DEBIT', 'acc-19134f07-9678-488d-8524-c54dd4e28ad5');
INSERT INTO account_operation (id, amount, description, operation_date, type, bank_account_id) VALUES (7995, 9938.39, 'Dividend Payout', '2026-04-18 19:56:31', 'CREDIT', 'acc-19134f07-9678-488d-8524-c54dd4e28ad5');
INSERT INTO account_operation (id, amount, description, operation_date, type, bank_account_id) VALUES (7996, 583.12, 'Restaurant', '2026-03-02 19:56:31', 'DEBIT', 'acc-19134f07-9678-488d-8524-c54dd4e28ad5');
INSERT INTO account_operation (id, amount, description, operation_date, type, bank_account_id) VALUES (7997, 272.13, 'Restaurant', '2026-02-09 19:56:31', 'DEBIT', 'acc-19134f07-9678-488d-8524-c54dd4e28ad5');
INSERT INTO account_operation (id, amount, description, operation_date, type, bank_account_id) VALUES (7998, 1703.6, 'Local Cafe', '2026-05-27 19:56:31', 'DEBIT', 'acc-19134f07-9678-488d-8524-c54dd4e28ad5');
INSERT INTO account_operation (id, amount, description, operation_date, type, bank_account_id) VALUES (7999, 1016.54, 'Inwi', '2026-03-17 19:56:31', 'DEBIT', 'acc-19134f07-9678-488d-8524-c54dd4e28ad5');
INSERT INTO account_operation (id, amount, description, operation_date, type, bank_account_id) VALUES (8000, 999.24, 'ONCF Train', '2026-05-24 19:56:31', 'DEBIT', 'acc-19134f07-9678-488d-8524-c54dd4e28ad5');
INSERT INTO account_operation (id, amount, description, operation_date, type, bank_account_id) VALUES (8001, 5083.81, 'Cash Deposit', '2026-05-04 19:56:31', 'CREDIT', 'acc-19134f07-9678-488d-8524-c54dd4e28ad5');
INSERT INTO account_operation (id, amount, description, operation_date, type, bank_account_id) VALUES (8002, 838.03, 'Inwi', '2026-05-11 19:56:31', 'DEBIT', 'acc-19134f07-9678-488d-8524-c54dd4e28ad5');
INSERT INTO account_operation (id, amount, description, operation_date, type, bank_account_id) VALUES (8003, 653.24, 'ONEE Electricity', '2026-05-02 19:56:31', 'DEBIT', 'acc-19134f07-9678-488d-8524-c54dd4e28ad5');
INSERT INTO account_operation (id, amount, description, operation_date, type, bank_account_id) VALUES (8004, 1838.49, 'CTM Bus', '2026-03-04 19:56:31', 'DEBIT', 'acc-19134f07-9678-488d-8524-c54dd4e28ad5');
INSERT INTO account_operation (id, amount, description, operation_date, type, bank_account_id) VALUES (8005, 909.75, 'LC Waikiki', '2026-03-17 19:56:31', 'DEBIT', 'acc-19134f07-9678-488d-8524-c54dd4e28ad5');
INSERT INTO account_operation (id, amount, description, operation_date, type, bank_account_id) VALUES (8006, 1819.03, 'Amendis', '2026-05-20 19:56:31', 'DEBIT', 'acc-19134f07-9678-488d-8524-c54dd4e28ad5');
INSERT INTO account_operation (id, amount, description, operation_date, type, bank_account_id) VALUES (8007, 6068.71, 'Transfer Received', '2026-03-16 19:56:31', 'CREDIT', 'acc-19134f07-9678-488d-8524-c54dd4e28ad5');
INSERT INTO bank_account (id, type, balance, created_at, customer_id, over_draft, interest_rate) VALUES ('acc-0cd31a8a-b5f0-438d-a20e-91d4c6940db7', 'CURR', 56108.81, '2026-01-16 19:56:31', 136, 5849.06, NULL);
INSERT INTO account_operation (id, amount, description, operation_date, type, bank_account_id) VALUES (8008, 29267.41, 'Initial Account Funding', '2026-01-16 19:56:31', 'CREDIT', 'acc-0cd31a8a-b5f0-438d-a20e-91d4c6940db7');
INSERT INTO account_operation (id, amount, description, operation_date, type, bank_account_id) VALUES (8009, 1130.43, 'Orange', '2026-03-07 19:56:31', 'DEBIT', 'acc-0cd31a8a-b5f0-438d-a20e-91d4c6940db7');
INSERT INTO account_operation (id, amount, description, operation_date, type, bank_account_id) VALUES (8010, 10134.16, 'Salary Deposit', '2026-06-29 19:56:31', 'CREDIT', 'acc-0cd31a8a-b5f0-438d-a20e-91d4c6940db7');
INSERT INTO account_operation (id, amount, description, operation_date, type, bank_account_id) VALUES (8011, 1069.1, 'Orange', '2026-04-30 19:56:31', 'DEBIT', 'acc-0cd31a8a-b5f0-438d-a20e-91d4c6940db7');
INSERT INTO account_operation (id, amount, description, operation_date, type, bank_account_id) VALUES (8012, 338.67, 'Netflix Subscription', '2026-04-05 19:56:31', 'DEBIT', 'acc-0cd31a8a-b5f0-438d-a20e-91d4c6940db7');
INSERT INTO account_operation (id, amount, description, operation_date, type, bank_account_id) VALUES (8013, 775.88, 'ONEE Electricity', '2026-06-24 19:56:31', 'DEBIT', 'acc-0cd31a8a-b5f0-438d-a20e-91d4c6940db7');
INSERT INTO account_operation (id, amount, description, operation_date, type, bank_account_id) VALUES (8014, 12267.46, 'Dividend Payout', '2026-03-11 19:56:31', 'CREDIT', 'acc-0cd31a8a-b5f0-438d-a20e-91d4c6940db7');
INSERT INTO account_operation (id, amount, description, operation_date, type, bank_account_id) VALUES (8015, 821.99, 'Spotify', '2026-06-15 19:56:31', 'DEBIT', 'acc-0cd31a8a-b5f0-438d-a20e-91d4c6940db7');
INSERT INTO account_operation (id, amount, description, operation_date, type, bank_account_id) VALUES (8016, 1730.39, 'Netflix Subscription', '2026-06-19 19:56:31', 'DEBIT', 'acc-0cd31a8a-b5f0-438d-a20e-91d4c6940db7');
INSERT INTO account_operation (id, amount, description, operation_date, type, bank_account_id) VALUES (8017, 1920.21, 'LC Waikiki', '2026-02-21 19:56:31', 'DEBIT', 'acc-0cd31a8a-b5f0-438d-a20e-91d4c6940db7');
INSERT INTO account_operation (id, amount, description, operation_date, type, bank_account_id) VALUES (8018, 140.17, 'Amendis', '2026-01-20 19:56:31', 'DEBIT', 'acc-0cd31a8a-b5f0-438d-a20e-91d4c6940db7');
INSERT INTO account_operation (id, amount, description, operation_date, type, bank_account_id) VALUES (8019, 4285.5, 'Cash Deposit', '2026-05-17 19:56:31', 'CREDIT', 'acc-0cd31a8a-b5f0-438d-a20e-91d4c6940db7');
INSERT INTO account_operation (id, amount, description, operation_date, type, bank_account_id) VALUES (8020, 1952.24, 'Zara', '2026-01-30 19:56:31', 'DEBIT', 'acc-0cd31a8a-b5f0-438d-a20e-91d4c6940db7');
INSERT INTO account_operation (id, amount, description, operation_date, type, bank_account_id) VALUES (8021, 85.71, 'Redal', '2026-03-12 19:56:31', 'DEBIT', 'acc-0cd31a8a-b5f0-438d-a20e-91d4c6940db7');
INSERT INTO account_operation (id, amount, description, operation_date, type, bank_account_id) VALUES (8022, 1048.94, 'Redal', '2026-04-11 19:56:31', 'DEBIT', 'acc-0cd31a8a-b5f0-438d-a20e-91d4c6940db7');
INSERT INTO account_operation (id, amount, description, operation_date, type, bank_account_id) VALUES (8023, 2402.27, 'Dividend Payout', '2026-03-23 19:56:31', 'CREDIT', 'acc-0cd31a8a-b5f0-438d-a20e-91d4c6940db7');
INSERT INTO account_operation (id, amount, description, operation_date, type, bank_account_id) VALUES (8024, 8765.74, 'Freelance Payment', '2026-02-22 19:56:31', 'CREDIT', 'acc-0cd31a8a-b5f0-438d-a20e-91d4c6940db7');
INSERT INTO bank_account (id, type, balance, created_at, customer_id, over_draft, interest_rate) VALUES ('acc-80d0d6ea-9b55-4dc0-aa7f-fd1228487965', 'CURR', 84887.74, '2025-08-12 19:56:31', 136, 9989.25, NULL);
INSERT INTO account_operation (id, amount, description, operation_date, type, bank_account_id) VALUES (8025, 30477.83, 'Initial Account Funding', '2025-08-12 19:56:31', 'CREDIT', 'acc-80d0d6ea-9b55-4dc0-aa7f-fd1228487965');
INSERT INTO account_operation (id, amount, description, operation_date, type, bank_account_id) VALUES (8026, 10782.28, 'Transfer Received', '2026-01-06 19:56:31', 'CREDIT', 'acc-80d0d6ea-9b55-4dc0-aa7f-fd1228487965');
INSERT INTO account_operation (id, amount, description, operation_date, type, bank_account_id) VALUES (8027, 6104.87, 'Freelance Payment', '2025-10-12 19:56:31', 'CREDIT', 'acc-80d0d6ea-9b55-4dc0-aa7f-fd1228487965');
INSERT INTO account_operation (id, amount, description, operation_date, type, bank_account_id) VALUES (8028, 1977.31, 'Maroc Telecom', '2025-09-05 19:56:31', 'DEBIT', 'acc-80d0d6ea-9b55-4dc0-aa7f-fd1228487965');
INSERT INTO account_operation (id, amount, description, operation_date, type, bank_account_id) VALUES (8029, 1359.81, 'Zara', '2025-10-30 19:56:31', 'DEBIT', 'acc-80d0d6ea-9b55-4dc0-aa7f-fd1228487965');
INSERT INTO account_operation (id, amount, description, operation_date, type, bank_account_id) VALUES (8030, 1915.56, 'Pharmacy', '2025-08-22 19:56:31', 'DEBIT', 'acc-80d0d6ea-9b55-4dc0-aa7f-fd1228487965');
INSERT INTO account_operation (id, amount, description, operation_date, type, bank_account_id) VALUES (8031, 789.26, 'Spotify', '2026-03-15 19:56:31', 'DEBIT', 'acc-80d0d6ea-9b55-4dc0-aa7f-fd1228487965');
INSERT INTO account_operation (id, amount, description, operation_date, type, bank_account_id) VALUES (8032, 1492.35, 'LC Waikiki', '2026-05-25 19:56:31', 'DEBIT', 'acc-80d0d6ea-9b55-4dc0-aa7f-fd1228487965');
INSERT INTO account_operation (id, amount, description, operation_date, type, bank_account_id) VALUES (8033, 27.49, 'Orange', '2026-01-27 19:56:31', 'DEBIT', 'acc-80d0d6ea-9b55-4dc0-aa7f-fd1228487965');
INSERT INTO account_operation (id, amount, description, operation_date, type, bank_account_id) VALUES (8034, 6627.12, 'Freelance Payment', '2026-02-26 19:56:31', 'CREDIT', 'acc-80d0d6ea-9b55-4dc0-aa7f-fd1228487965');
INSERT INTO account_operation (id, amount, description, operation_date, type, bank_account_id) VALUES (8035, 1561.52, 'ONCF Train', '2026-02-10 19:56:31', 'DEBIT', 'acc-80d0d6ea-9b55-4dc0-aa7f-fd1228487965');
INSERT INTO account_operation (id, amount, description, operation_date, type, bank_account_id) VALUES (8036, 1883.68, 'Inwi', '2026-05-02 19:56:31', 'DEBIT', 'acc-80d0d6ea-9b55-4dc0-aa7f-fd1228487965');
INSERT INTO account_operation (id, amount, description, operation_date, type, bank_account_id) VALUES (8037, 733.21, 'Inwi', '2026-03-20 19:56:31', 'DEBIT', 'acc-80d0d6ea-9b55-4dc0-aa7f-fd1228487965');
INSERT INTO account_operation (id, amount, description, operation_date, type, bank_account_id) VALUES (8038, 231.39, 'Amendis', '2026-01-19 19:56:31', 'DEBIT', 'acc-80d0d6ea-9b55-4dc0-aa7f-fd1228487965');
INSERT INTO account_operation (id, amount, description, operation_date, type, bank_account_id) VALUES (8039, 748.05, 'Restaurant', '2026-03-06 19:56:31', 'DEBIT', 'acc-80d0d6ea-9b55-4dc0-aa7f-fd1228487965');
INSERT INTO account_operation (id, amount, description, operation_date, type, bank_account_id) VALUES (8040, 1371.32, 'Carrefour', '2026-04-12 19:56:31', 'DEBIT', 'acc-80d0d6ea-9b55-4dc0-aa7f-fd1228487965');
INSERT INTO account_operation (id, amount, description, operation_date, type, bank_account_id) VALUES (8041, 1456.71, 'LC Waikiki', '2026-04-18 19:56:31', 'DEBIT', 'acc-80d0d6ea-9b55-4dc0-aa7f-fd1228487965');
INSERT INTO account_operation (id, amount, description, operation_date, type, bank_account_id) VALUES (8042, 1671.9, 'Spotify', '2026-01-18 19:56:31', 'DEBIT', 'acc-80d0d6ea-9b55-4dc0-aa7f-fd1228487965');
INSERT INTO account_operation (id, amount, description, operation_date, type, bank_account_id) VALUES (8043, 7546.0, 'Freelance Payment', '2026-01-20 19:56:31', 'CREDIT', 'acc-80d0d6ea-9b55-4dc0-aa7f-fd1228487965');
INSERT INTO account_operation (id, amount, description, operation_date, type, bank_account_id) VALUES (8044, 792.6, 'ONCF Train', '2025-12-10 19:56:31', 'DEBIT', 'acc-80d0d6ea-9b55-4dc0-aa7f-fd1228487965');
INSERT INTO account_operation (id, amount, description, operation_date, type, bank_account_id) VALUES (8045, 1912.1, 'Marjane Supermarket', '2025-11-01 19:56:31', 'DEBIT', 'acc-80d0d6ea-9b55-4dc0-aa7f-fd1228487965');
INSERT INTO account_operation (id, amount, description, operation_date, type, bank_account_id) VALUES (8046, 1573.75, 'BIM Store', '2026-01-31 19:56:31', 'DEBIT', 'acc-80d0d6ea-9b55-4dc0-aa7f-fd1228487965');
INSERT INTO account_operation (id, amount, description, operation_date, type, bank_account_id) VALUES (8047, 10301.94, 'Dividend Payout', '2026-06-07 19:56:31', 'CREDIT', 'acc-80d0d6ea-9b55-4dc0-aa7f-fd1228487965');
INSERT INTO account_operation (id, amount, description, operation_date, type, bank_account_id) VALUES (8048, 949.83, 'Inwi', '2026-01-19 19:56:31', 'DEBIT', 'acc-80d0d6ea-9b55-4dc0-aa7f-fd1228487965');
INSERT INTO account_operation (id, amount, description, operation_date, type, bank_account_id) VALUES (8049, 1661.07, 'Carrefour', '2025-11-23 19:56:31', 'DEBIT', 'acc-80d0d6ea-9b55-4dc0-aa7f-fd1228487965');
INSERT INTO account_operation (id, amount, description, operation_date, type, bank_account_id) VALUES (8050, 12545.62, 'Salary Deposit', '2026-05-21 19:56:31', 'CREDIT', 'acc-80d0d6ea-9b55-4dc0-aa7f-fd1228487965');
INSERT INTO account_operation (id, amount, description, operation_date, type, bank_account_id) VALUES (8051, 20.58, 'Amendis', '2025-09-14 19:56:31', 'DEBIT', 'acc-80d0d6ea-9b55-4dc0-aa7f-fd1228487965');
INSERT INTO account_operation (id, amount, description, operation_date, type, bank_account_id) VALUES (8052, 1340.97, 'Dividend Payout', '2025-08-22 19:56:31', 'CREDIT', 'acc-80d0d6ea-9b55-4dc0-aa7f-fd1228487965');
INSERT INTO account_operation (id, amount, description, operation_date, type, bank_account_id) VALUES (8053, 8540.65, 'Cash Deposit', '2026-03-07 19:56:31', 'CREDIT', 'acc-80d0d6ea-9b55-4dc0-aa7f-fd1228487965');
INSERT INTO account_operation (id, amount, description, operation_date, type, bank_account_id) VALUES (8054, 1231.93, 'Carrefour', '2025-11-10 19:56:31', 'DEBIT', 'acc-80d0d6ea-9b55-4dc0-aa7f-fd1228487965');
INSERT INTO account_operation (id, amount, description, operation_date, type, bank_account_id) VALUES (8055, 861.17, 'Local Cafe', '2025-10-03 19:56:31', 'DEBIT', 'acc-80d0d6ea-9b55-4dc0-aa7f-fd1228487965');
INSERT INTO account_operation (id, amount, description, operation_date, type, bank_account_id) VALUES (8056, 13939.07, 'Cash Deposit', '2026-02-14 19:56:31', 'CREDIT', 'acc-80d0d6ea-9b55-4dc0-aa7f-fd1228487965');
INSERT INTO account_operation (id, amount, description, operation_date, type, bank_account_id) VALUES (8057, 2903.98, 'Freelance Payment', '2025-11-04 19:56:31', 'CREDIT', 'acc-80d0d6ea-9b55-4dc0-aa7f-fd1228487965');

INSERT INTO customer (id, name, email) VALUES (137, 'Sanae El Idrissi', 'sanae.el idrissi@gmail.com');
INSERT INTO bank_account (id, type, balance, created_at, customer_id, over_draft, interest_rate) VALUES ('acc-b9ee7759-813e-448d-81ff-2aeb280cd289', 'CURR', 60658.67, '2026-04-23 19:56:31', 137, 5596.49, NULL);
INSERT INTO account_operation (id, amount, description, operation_date, type, bank_account_id) VALUES (8058, 5587.31, 'Initial Account Funding', '2026-04-23 19:56:31', 'CREDIT', 'acc-b9ee7759-813e-448d-81ff-2aeb280cd289');
INSERT INTO account_operation (id, amount, description, operation_date, type, bank_account_id) VALUES (8059, 2287.89, 'Salary Deposit', '2026-06-13 19:56:31', 'CREDIT', 'acc-b9ee7759-813e-448d-81ff-2aeb280cd289');
INSERT INTO account_operation (id, amount, description, operation_date, type, bank_account_id) VALUES (8060, 12604.0, 'Freelance Payment', '2026-06-18 19:56:31', 'CREDIT', 'acc-b9ee7759-813e-448d-81ff-2aeb280cd289');
INSERT INTO account_operation (id, amount, description, operation_date, type, bank_account_id) VALUES (8061, 983.03, 'Restaurant', '2026-06-04 19:56:31', 'DEBIT', 'acc-b9ee7759-813e-448d-81ff-2aeb280cd289');
INSERT INTO account_operation (id, amount, description, operation_date, type, bank_account_id) VALUES (8062, 1533.89, 'Netflix Subscription', '2026-04-29 19:56:31', 'DEBIT', 'acc-b9ee7759-813e-448d-81ff-2aeb280cd289');
INSERT INTO account_operation (id, amount, description, operation_date, type, bank_account_id) VALUES (8063, 1682.2, 'Spotify', '2026-06-21 19:56:31', 'DEBIT', 'acc-b9ee7759-813e-448d-81ff-2aeb280cd289');
INSERT INTO account_operation (id, amount, description, operation_date, type, bank_account_id) VALUES (8064, 158.63, 'Inwi', '2026-06-29 19:56:31', 'DEBIT', 'acc-b9ee7759-813e-448d-81ff-2aeb280cd289');
INSERT INTO account_operation (id, amount, description, operation_date, type, bank_account_id) VALUES (8065, 1759.0, 'CTM Bus', '2026-06-03 19:56:31', 'DEBIT', 'acc-b9ee7759-813e-448d-81ff-2aeb280cd289');
INSERT INTO account_operation (id, amount, description, operation_date, type, bank_account_id) VALUES (8066, 2784.27, 'Freelance Payment', '2026-06-11 19:56:31', 'CREDIT', 'acc-b9ee7759-813e-448d-81ff-2aeb280cd289');
INSERT INTO account_operation (id, amount, description, operation_date, type, bank_account_id) VALUES (8067, 668.26, 'Netflix Subscription', '2026-05-16 19:56:31', 'DEBIT', 'acc-b9ee7759-813e-448d-81ff-2aeb280cd289');
INSERT INTO account_operation (id, amount, description, operation_date, type, bank_account_id) VALUES (8068, 11387.85, 'Salary Deposit', '2026-06-25 19:56:31', 'CREDIT', 'acc-b9ee7759-813e-448d-81ff-2aeb280cd289');
INSERT INTO account_operation (id, amount, description, operation_date, type, bank_account_id) VALUES (8069, 509.49, 'Local Cafe', '2026-05-05 19:56:31', 'DEBIT', 'acc-b9ee7759-813e-448d-81ff-2aeb280cd289');
INSERT INTO account_operation (id, amount, description, operation_date, type, bank_account_id) VALUES (8070, 1982.76, 'Decathlon', '2026-06-13 19:56:31', 'DEBIT', 'acc-b9ee7759-813e-448d-81ff-2aeb280cd289');
INSERT INTO account_operation (id, amount, description, operation_date, type, bank_account_id) VALUES (8071, 1452.71, 'Local Cafe', '2026-06-22 19:56:31', 'DEBIT', 'acc-b9ee7759-813e-448d-81ff-2aeb280cd289');
INSERT INTO account_operation (id, amount, description, operation_date, type, bank_account_id) VALUES (8072, 1818.48, 'BIM Store', '2026-05-01 19:56:31', 'DEBIT', 'acc-b9ee7759-813e-448d-81ff-2aeb280cd289');
INSERT INTO account_operation (id, amount, description, operation_date, type, bank_account_id) VALUES (8073, 329.93, 'Spotify', '2026-06-07 19:56:31', 'DEBIT', 'acc-b9ee7759-813e-448d-81ff-2aeb280cd289');
INSERT INTO account_operation (id, amount, description, operation_date, type, bank_account_id) VALUES (8074, 1295.7, 'Local Cafe', '2026-05-22 19:56:31', 'DEBIT', 'acc-b9ee7759-813e-448d-81ff-2aeb280cd289');
INSERT INTO account_operation (id, amount, description, operation_date, type, bank_account_id) VALUES (8075, 2158.1, 'Salary Deposit', '2026-05-09 19:56:31', 'CREDIT', 'acc-b9ee7759-813e-448d-81ff-2aeb280cd289');
INSERT INTO account_operation (id, amount, description, operation_date, type, bank_account_id) VALUES (8076, 8709.48, 'Cash Deposit', '2026-06-22 19:56:31', 'CREDIT', 'acc-b9ee7759-813e-448d-81ff-2aeb280cd289');
INSERT INTO account_operation (id, amount, description, operation_date, type, bank_account_id) VALUES (8077, 472.76, 'Marjane Supermarket', '2026-06-29 19:56:31', 'DEBIT', 'acc-b9ee7759-813e-448d-81ff-2aeb280cd289');
INSERT INTO account_operation (id, amount, description, operation_date, type, bank_account_id) VALUES (8078, 74.96, 'Pharmacy', '2026-06-20 19:56:31', 'DEBIT', 'acc-b9ee7759-813e-448d-81ff-2aeb280cd289');
INSERT INTO account_operation (id, amount, description, operation_date, type, bank_account_id) VALUES (8079, 111.07, 'Redal', '2026-06-16 19:56:31', 'DEBIT', 'acc-b9ee7759-813e-448d-81ff-2aeb280cd289');
INSERT INTO account_operation (id, amount, description, operation_date, type, bank_account_id) VALUES (8080, 6240.05, 'Transfer Received', '2026-05-06 19:56:31', 'CREDIT', 'acc-b9ee7759-813e-448d-81ff-2aeb280cd289');
INSERT INTO account_operation (id, amount, description, operation_date, type, bank_account_id) VALUES (8081, 6616.68, 'Transfer Received', '2026-05-06 19:56:31', 'CREDIT', 'acc-b9ee7759-813e-448d-81ff-2aeb280cd289');
INSERT INTO account_operation (id, amount, description, operation_date, type, bank_account_id) VALUES (8082, 451.02, 'Marjane Supermarket', '2026-06-13 19:56:31', 'DEBIT', 'acc-b9ee7759-813e-448d-81ff-2aeb280cd289');
INSERT INTO account_operation (id, amount, description, operation_date, type, bank_account_id) VALUES (8083, 1369.12, 'BIM Store', '2026-05-03 19:56:31', 'DEBIT', 'acc-b9ee7759-813e-448d-81ff-2aeb280cd289');
INSERT INTO account_operation (id, amount, description, operation_date, type, bank_account_id) VALUES (8084, 7565.61, 'Dividend Payout', '2026-05-01 19:56:31', 'CREDIT', 'acc-b9ee7759-813e-448d-81ff-2aeb280cd289');
INSERT INTO account_operation (id, amount, description, operation_date, type, bank_account_id) VALUES (8085, 2474.19, 'Cash Deposit', '2026-05-13 19:56:31', 'CREDIT', 'acc-b9ee7759-813e-448d-81ff-2aeb280cd289');
INSERT INTO account_operation (id, amount, description, operation_date, type, bank_account_id) VALUES (8086, 236.54, 'Pharmacy', '2026-06-02 19:56:31', 'DEBIT', 'acc-b9ee7759-813e-448d-81ff-2aeb280cd289');
INSERT INTO account_operation (id, amount, description, operation_date, type, bank_account_id) VALUES (8087, 229.1, 'Spotify', '2026-04-27 19:56:31', 'DEBIT', 'acc-b9ee7759-813e-448d-81ff-2aeb280cd289');
INSERT INTO account_operation (id, amount, description, operation_date, type, bank_account_id) VALUES (8088, 5743.64, 'Transfer Received', '2026-05-19 19:56:31', 'CREDIT', 'acc-b9ee7759-813e-448d-81ff-2aeb280cd289');
INSERT INTO account_operation (id, amount, description, operation_date, type, bank_account_id) VALUES (8089, 4790.09, 'Transfer Received', '2026-06-24 19:56:31', 'CREDIT', 'acc-b9ee7759-813e-448d-81ff-2aeb280cd289');
INSERT INTO account_operation (id, amount, description, operation_date, type, bank_account_id) VALUES (8090, 1171.84, 'Zara', '2026-04-30 19:56:31', 'DEBIT', 'acc-b9ee7759-813e-448d-81ff-2aeb280cd289');

INSERT INTO customer (id, name, email) VALUES (138, 'Omar Tahiri', 'omar.tahiri@gmail.com');
INSERT INTO bank_account (id, type, balance, created_at, customer_id, over_draft, interest_rate) VALUES ('acc-a64e5d0c-ddb3-4c1b-af7f-72240a8e6f36', 'CURR', 110664.65, '2025-08-19 19:56:31', 138, 7481.42, NULL);
INSERT INTO account_operation (id, amount, description, operation_date, type, bank_account_id) VALUES (8091, 37865.34, 'Initial Account Funding', '2025-08-19 19:56:31', 'CREDIT', 'acc-a64e5d0c-ddb3-4c1b-af7f-72240a8e6f36');
INSERT INTO account_operation (id, amount, description, operation_date, type, bank_account_id) VALUES (8092, 1141.65, 'Spotify', '2025-12-10 19:56:31', 'DEBIT', 'acc-a64e5d0c-ddb3-4c1b-af7f-72240a8e6f36');
INSERT INTO account_operation (id, amount, description, operation_date, type, bank_account_id) VALUES (8093, 4719.71, 'Freelance Payment', '2025-12-07 19:56:31', 'CREDIT', 'acc-a64e5d0c-ddb3-4c1b-af7f-72240a8e6f36');
INSERT INTO account_operation (id, amount, description, operation_date, type, bank_account_id) VALUES (8094, 2028.37, 'Dividend Payout', '2025-11-19 19:56:31', 'CREDIT', 'acc-a64e5d0c-ddb3-4c1b-af7f-72240a8e6f36');
INSERT INTO account_operation (id, amount, description, operation_date, type, bank_account_id) VALUES (8095, 510.59, 'LC Waikiki', '2026-01-03 19:56:31', 'DEBIT', 'acc-a64e5d0c-ddb3-4c1b-af7f-72240a8e6f36');
INSERT INTO account_operation (id, amount, description, operation_date, type, bank_account_id) VALUES (8096, 1454.09, 'Inwi', '2026-02-02 19:56:31', 'DEBIT', 'acc-a64e5d0c-ddb3-4c1b-af7f-72240a8e6f36');
INSERT INTO account_operation (id, amount, description, operation_date, type, bank_account_id) VALUES (8097, 1226.67, 'ONEE Electricity', '2026-04-04 19:56:31', 'DEBIT', 'acc-a64e5d0c-ddb3-4c1b-af7f-72240a8e6f36');
INSERT INTO account_operation (id, amount, description, operation_date, type, bank_account_id) VALUES (8098, 1618.73, 'Restaurant', '2025-09-20 19:56:31', 'DEBIT', 'acc-a64e5d0c-ddb3-4c1b-af7f-72240a8e6f36');
INSERT INTO account_operation (id, amount, description, operation_date, type, bank_account_id) VALUES (8099, 17.49, 'Decathlon', '2026-04-13 19:56:31', 'DEBIT', 'acc-a64e5d0c-ddb3-4c1b-af7f-72240a8e6f36');
INSERT INTO account_operation (id, amount, description, operation_date, type, bank_account_id) VALUES (8100, 848.41, 'Restaurant', '2026-06-18 19:56:31', 'DEBIT', 'acc-a64e5d0c-ddb3-4c1b-af7f-72240a8e6f36');
INSERT INTO account_operation (id, amount, description, operation_date, type, bank_account_id) VALUES (8101, 1520.54, 'Orange', '2026-05-24 19:56:31', 'DEBIT', 'acc-a64e5d0c-ddb3-4c1b-af7f-72240a8e6f36');
INSERT INTO account_operation (id, amount, description, operation_date, type, bank_account_id) VALUES (8102, 1161.1, 'Maroc Telecom', '2025-09-06 19:56:31', 'DEBIT', 'acc-a64e5d0c-ddb3-4c1b-af7f-72240a8e6f36');
INSERT INTO account_operation (id, amount, description, operation_date, type, bank_account_id) VALUES (8103, 4458.49, 'Transfer Received', '2026-02-15 19:56:31', 'CREDIT', 'acc-a64e5d0c-ddb3-4c1b-af7f-72240a8e6f36');
INSERT INTO account_operation (id, amount, description, operation_date, type, bank_account_id) VALUES (8104, 6333.47, 'Cash Deposit', '2025-12-18 19:56:31', 'CREDIT', 'acc-a64e5d0c-ddb3-4c1b-af7f-72240a8e6f36');
INSERT INTO account_operation (id, amount, description, operation_date, type, bank_account_id) VALUES (8105, 923.33, 'Orange', '2025-09-19 19:56:31', 'DEBIT', 'acc-a64e5d0c-ddb3-4c1b-af7f-72240a8e6f36');
INSERT INTO account_operation (id, amount, description, operation_date, type, bank_account_id) VALUES (8106, 1227.63, 'Local Cafe', '2025-11-29 19:56:31', 'DEBIT', 'acc-a64e5d0c-ddb3-4c1b-af7f-72240a8e6f36');
INSERT INTO account_operation (id, amount, description, operation_date, type, bank_account_id) VALUES (8107, 224.51, 'Redal', '2026-05-25 19:56:31', 'DEBIT', 'acc-a64e5d0c-ddb3-4c1b-af7f-72240a8e6f36');
INSERT INTO account_operation (id, amount, description, operation_date, type, bank_account_id) VALUES (8108, 1495.57, 'ONCF Train', '2026-05-11 19:56:31', 'DEBIT', 'acc-a64e5d0c-ddb3-4c1b-af7f-72240a8e6f36');
INSERT INTO account_operation (id, amount, description, operation_date, type, bank_account_id) VALUES (8109, 8427.79, 'Freelance Payment', '2025-09-11 19:56:31', 'CREDIT', 'acc-a64e5d0c-ddb3-4c1b-af7f-72240a8e6f36');
INSERT INTO account_operation (id, amount, description, operation_date, type, bank_account_id) VALUES (8110, 13717.44, 'Dividend Payout', '2025-12-20 19:56:31', 'CREDIT', 'acc-a64e5d0c-ddb3-4c1b-af7f-72240a8e6f36');
INSERT INTO account_operation (id, amount, description, operation_date, type, bank_account_id) VALUES (8111, 802.81, 'Restaurant', '2026-01-05 19:56:31', 'DEBIT', 'acc-a64e5d0c-ddb3-4c1b-af7f-72240a8e6f36');
INSERT INTO account_operation (id, amount, description, operation_date, type, bank_account_id) VALUES (8112, 1017.31, 'Netflix Subscription', '2025-10-16 19:56:31', 'DEBIT', 'acc-a64e5d0c-ddb3-4c1b-af7f-72240a8e6f36');
INSERT INTO account_operation (id, amount, description, operation_date, type, bank_account_id) VALUES (8113, 8533.46, 'Transfer Received', '2025-09-25 19:56:31', 'CREDIT', 'acc-a64e5d0c-ddb3-4c1b-af7f-72240a8e6f36');
INSERT INTO account_operation (id, amount, description, operation_date, type, bank_account_id) VALUES (8114, 2648.41, 'Salary Deposit', '2026-05-15 19:56:31', 'CREDIT', 'acc-a64e5d0c-ddb3-4c1b-af7f-72240a8e6f36');
INSERT INTO account_operation (id, amount, description, operation_date, type, bank_account_id) VALUES (8115, 708.45, 'Restaurant', '2026-03-01 19:56:31', 'DEBIT', 'acc-a64e5d0c-ddb3-4c1b-af7f-72240a8e6f36');
INSERT INTO account_operation (id, amount, description, operation_date, type, bank_account_id) VALUES (8116, 779.0, 'Netflix Subscription', '2025-09-19 19:56:31', 'DEBIT', 'acc-a64e5d0c-ddb3-4c1b-af7f-72240a8e6f36');
INSERT INTO account_operation (id, amount, description, operation_date, type, bank_account_id) VALUES (8117, 1185.15, 'Redal', '2026-01-12 19:56:31', 'DEBIT', 'acc-a64e5d0c-ddb3-4c1b-af7f-72240a8e6f36');
INSERT INTO account_operation (id, amount, description, operation_date, type, bank_account_id) VALUES (8118, 13239.62, 'Transfer Received', '2025-11-01 19:56:31', 'CREDIT', 'acc-a64e5d0c-ddb3-4c1b-af7f-72240a8e6f36');
INSERT INTO account_operation (id, amount, description, operation_date, type, bank_account_id) VALUES (8119, 1133.36, 'ONEE Electricity', '2026-01-28 19:56:31', 'DEBIT', 'acc-a64e5d0c-ddb3-4c1b-af7f-72240a8e6f36');
INSERT INTO account_operation (id, amount, description, operation_date, type, bank_account_id) VALUES (8120, 2309.43, 'Salary Deposit', '2026-01-27 19:56:31', 'CREDIT', 'acc-a64e5d0c-ddb3-4c1b-af7f-72240a8e6f36');
INSERT INTO account_operation (id, amount, description, operation_date, type, bank_account_id) VALUES (8121, 954.48, 'Orange', '2026-05-18 19:56:31', 'DEBIT', 'acc-a64e5d0c-ddb3-4c1b-af7f-72240a8e6f36');
INSERT INTO account_operation (id, amount, description, operation_date, type, bank_account_id) VALUES (8122, 182.93, 'ONCF Train', '2026-02-20 19:56:31', 'DEBIT', 'acc-a64e5d0c-ddb3-4c1b-af7f-72240a8e6f36');
INSERT INTO account_operation (id, amount, description, operation_date, type, bank_account_id) VALUES (8123, 4882.22, 'Freelance Payment', '2025-11-26 19:56:31', 'CREDIT', 'acc-a64e5d0c-ddb3-4c1b-af7f-72240a8e6f36');
INSERT INTO account_operation (id, amount, description, operation_date, type, bank_account_id) VALUES (8124, 8534.63, 'Cash Deposit', '2025-10-26 19:56:31', 'CREDIT', 'acc-a64e5d0c-ddb3-4c1b-af7f-72240a8e6f36');
INSERT INTO account_operation (id, amount, description, operation_date, type, bank_account_id) VALUES (8125, 1419.45, 'Orange', '2025-08-27 19:56:31', 'DEBIT', 'acc-a64e5d0c-ddb3-4c1b-af7f-72240a8e6f36');
INSERT INTO account_operation (id, amount, description, operation_date, type, bank_account_id) VALUES (8126, 2940.79, 'Cash Deposit', '2026-02-23 19:56:31', 'CREDIT', 'acc-a64e5d0c-ddb3-4c1b-af7f-72240a8e6f36');
INSERT INTO account_operation (id, amount, description, operation_date, type, bank_account_id) VALUES (8127, 11098.55, 'Dividend Payout', '2025-11-21 19:56:31', 'CREDIT', 'acc-a64e5d0c-ddb3-4c1b-af7f-72240a8e6f36');
INSERT INTO account_operation (id, amount, description, operation_date, type, bank_account_id) VALUES (8128, 1165.28, 'Decathlon', '2026-03-15 19:56:31', 'DEBIT', 'acc-a64e5d0c-ddb3-4c1b-af7f-72240a8e6f36');
INSERT INTO account_operation (id, amount, description, operation_date, type, bank_account_id) VALUES (8129, 688.44, 'ONCF Train', '2026-03-14 19:56:31', 'DEBIT', 'acc-a64e5d0c-ddb3-4c1b-af7f-72240a8e6f36');
INSERT INTO account_operation (id, amount, description, operation_date, type, bank_account_id) VALUES (8130, 10543.86, 'Salary Deposit', '2026-05-14 19:56:31', 'CREDIT', 'acc-a64e5d0c-ddb3-4c1b-af7f-72240a8e6f36');
INSERT INTO account_operation (id, amount, description, operation_date, type, bank_account_id) VALUES (8131, 902.07, 'Amendis', '2026-03-11 19:56:31', 'DEBIT', 'acc-a64e5d0c-ddb3-4c1b-af7f-72240a8e6f36');
INSERT INTO account_operation (id, amount, description, operation_date, type, bank_account_id) VALUES (8132, 870.64, 'CTM Bus', '2025-08-31 19:56:31', 'DEBIT', 'acc-a64e5d0c-ddb3-4c1b-af7f-72240a8e6f36');
INSERT INTO account_operation (id, amount, description, operation_date, type, bank_account_id) VALUES (8133, 1111.46, 'Restaurant', '2025-11-12 19:56:31', 'DEBIT', 'acc-a64e5d0c-ddb3-4c1b-af7f-72240a8e6f36');
INSERT INTO account_operation (id, amount, description, operation_date, type, bank_account_id) VALUES (8134, 1316.94, 'Inwi', '2025-10-21 19:56:31', 'DEBIT', 'acc-a64e5d0c-ddb3-4c1b-af7f-72240a8e6f36');
INSERT INTO account_operation (id, amount, description, operation_date, type, bank_account_id) VALUES (8135, 1250.94, 'CTM Bus', '2025-12-06 19:56:31', 'DEBIT', 'acc-a64e5d0c-ddb3-4c1b-af7f-72240a8e6f36');
INSERT INTO account_operation (id, amount, description, operation_date, type, bank_account_id) VALUES (8136, 27.56, 'Orange', '2026-05-21 19:56:31', 'DEBIT', 'acc-a64e5d0c-ddb3-4c1b-af7f-72240a8e6f36');
INSERT INTO account_operation (id, amount, description, operation_date, type, bank_account_id) VALUES (8137, 1808.28, 'CTM Bus', '2026-04-21 19:56:31', 'DEBIT', 'acc-a64e5d0c-ddb3-4c1b-af7f-72240a8e6f36');
INSERT INTO account_operation (id, amount, description, operation_date, type, bank_account_id) VALUES (8138, 922.07, 'LC Waikiki', '2026-02-08 19:56:31', 'DEBIT', 'acc-a64e5d0c-ddb3-4c1b-af7f-72240a8e6f36');

INSERT INTO customer (id, name, email) VALUES (139, 'Sanae Tazi', 'sanae.tazi@gmail.com');
INSERT INTO bank_account (id, type, balance, created_at, customer_id, over_draft, interest_rate) VALUES ('acc-d4265ce5-2288-49c5-9422-ed0710ca6b27', 'SAVE', 30358.91, '2025-12-04 19:56:31', 139, NULL, 4.28);
INSERT INTO account_operation (id, amount, description, operation_date, type, bank_account_id) VALUES (8139, 15339.6, 'Initial Account Funding', '2025-12-04 19:56:31', 'CREDIT', 'acc-d4265ce5-2288-49c5-9422-ed0710ca6b27');
INSERT INTO account_operation (id, amount, description, operation_date, type, bank_account_id) VALUES (8140, 1613.84, 'Transfer Received', '2026-06-25 19:56:31', 'CREDIT', 'acc-d4265ce5-2288-49c5-9422-ed0710ca6b27');
INSERT INTO account_operation (id, amount, description, operation_date, type, bank_account_id) VALUES (8141, 1884.85, 'ONEE Electricity', '2026-04-23 19:56:31', 'DEBIT', 'acc-d4265ce5-2288-49c5-9422-ed0710ca6b27');
INSERT INTO account_operation (id, amount, description, operation_date, type, bank_account_id) VALUES (8142, 11780.27, 'Dividend Payout', '2026-06-15 19:56:31', 'CREDIT', 'acc-d4265ce5-2288-49c5-9422-ed0710ca6b27');
INSERT INTO account_operation (id, amount, description, operation_date, type, bank_account_id) VALUES (8143, 967.17, 'Orange', '2025-12-16 19:56:31', 'DEBIT', 'acc-d4265ce5-2288-49c5-9422-ed0710ca6b27');
INSERT INTO account_operation (id, amount, description, operation_date, type, bank_account_id) VALUES (8144, 7006.39, 'Transfer Received', '2026-02-23 19:56:31', 'CREDIT', 'acc-d4265ce5-2288-49c5-9422-ed0710ca6b27');
INSERT INTO account_operation (id, amount, description, operation_date, type, bank_account_id) VALUES (8145, 1984.86, 'Orange', '2026-03-23 19:56:31', 'DEBIT', 'acc-d4265ce5-2288-49c5-9422-ed0710ca6b27');
INSERT INTO account_operation (id, amount, description, operation_date, type, bank_account_id) VALUES (8146, 257.4, 'Maroc Telecom', '2026-01-04 19:56:31', 'DEBIT', 'acc-d4265ce5-2288-49c5-9422-ed0710ca6b27');
INSERT INTO account_operation (id, amount, description, operation_date, type, bank_account_id) VALUES (8147, 293.99, 'Inwi', '2026-05-19 19:56:31', 'DEBIT', 'acc-d4265ce5-2288-49c5-9422-ed0710ca6b27');
INSERT INTO account_operation (id, amount, description, operation_date, type, bank_account_id) VALUES (8148, 617.67, 'Maroc Telecom', '2026-02-22 19:56:31', 'DEBIT', 'acc-d4265ce5-2288-49c5-9422-ed0710ca6b27');
INSERT INTO account_operation (id, amount, description, operation_date, type, bank_account_id) VALUES (8149, 250.67, 'Amendis', '2026-04-19 19:56:31', 'DEBIT', 'acc-d4265ce5-2288-49c5-9422-ed0710ca6b27');
INSERT INTO account_operation (id, amount, description, operation_date, type, bank_account_id) VALUES (8150, 426.49, 'Orange', '2026-05-30 19:56:31', 'DEBIT', 'acc-d4265ce5-2288-49c5-9422-ed0710ca6b27');
INSERT INTO account_operation (id, amount, description, operation_date, type, bank_account_id) VALUES (8151, 1754.68, 'Netflix Subscription', '2026-02-02 19:56:31', 'DEBIT', 'acc-d4265ce5-2288-49c5-9422-ed0710ca6b27');
INSERT INTO account_operation (id, amount, description, operation_date, type, bank_account_id) VALUES (8152, 2163.1, 'Salary Deposit', '2026-06-20 19:56:31', 'CREDIT', 'acc-d4265ce5-2288-49c5-9422-ed0710ca6b27');
INSERT INTO account_operation (id, amount, description, operation_date, type, bank_account_id) VALUES (8153, 3555.42, 'Dividend Payout', '2026-01-30 19:56:31', 'CREDIT', 'acc-d4265ce5-2288-49c5-9422-ed0710ca6b27');
INSERT INTO account_operation (id, amount, description, operation_date, type, bank_account_id) VALUES (8154, 652.23, 'Inwi', '2026-06-06 19:56:31', 'DEBIT', 'acc-d4265ce5-2288-49c5-9422-ed0710ca6b27');
INSERT INTO account_operation (id, amount, description, operation_date, type, bank_account_id) VALUES (8155, 1053.31, 'Transfer Received', '2026-04-20 19:56:31', 'CREDIT', 'acc-d4265ce5-2288-49c5-9422-ed0710ca6b27');
INSERT INTO account_operation (id, amount, description, operation_date, type, bank_account_id) VALUES (8156, 941.54, 'Orange', '2026-03-10 19:56:31', 'DEBIT', 'acc-d4265ce5-2288-49c5-9422-ed0710ca6b27');
INSERT INTO account_operation (id, amount, description, operation_date, type, bank_account_id) VALUES (8157, 7647.69, 'Transfer Received', '2026-06-12 19:56:31', 'CREDIT', 'acc-d4265ce5-2288-49c5-9422-ed0710ca6b27');
INSERT INTO account_operation (id, amount, description, operation_date, type, bank_account_id) VALUES (8158, 1822.07, 'ONEE Electricity', '2026-04-09 19:56:31', 'DEBIT', 'acc-d4265ce5-2288-49c5-9422-ed0710ca6b27');
INSERT INTO account_operation (id, amount, description, operation_date, type, bank_account_id) VALUES (8159, 1669.47, 'Marjane Supermarket', '2026-02-17 19:56:31', 'DEBIT', 'acc-d4265ce5-2288-49c5-9422-ed0710ca6b27');
INSERT INTO account_operation (id, amount, description, operation_date, type, bank_account_id) VALUES (8160, 638.55, 'Amendis', '2026-06-13 19:56:31', 'DEBIT', 'acc-d4265ce5-2288-49c5-9422-ed0710ca6b27');
INSERT INTO account_operation (id, amount, description, operation_date, type, bank_account_id) VALUES (8161, 1818.08, 'Redal', '2026-04-28 19:56:31', 'DEBIT', 'acc-d4265ce5-2288-49c5-9422-ed0710ca6b27');
INSERT INTO account_operation (id, amount, description, operation_date, type, bank_account_id) VALUES (8162, 1432.92, 'Netflix Subscription', '2026-03-31 19:56:31', 'DEBIT', 'acc-d4265ce5-2288-49c5-9422-ed0710ca6b27');
INSERT INTO account_operation (id, amount, description, operation_date, type, bank_account_id) VALUES (8163, 1280.77, 'Zara', '2026-05-27 19:56:31', 'DEBIT', 'acc-d4265ce5-2288-49c5-9422-ed0710ca6b27');
INSERT INTO account_operation (id, amount, description, operation_date, type, bank_account_id) VALUES (8164, 459.97, 'Amendis', '2026-05-09 19:56:31', 'DEBIT', 'acc-d4265ce5-2288-49c5-9422-ed0710ca6b27');
INSERT INTO account_operation (id, amount, description, operation_date, type, bank_account_id) VALUES (8165, 647.33, 'Netflix Subscription', '2026-05-03 19:56:31', 'DEBIT', 'acc-d4265ce5-2288-49c5-9422-ed0710ca6b27');
INSERT INTO bank_account (id, type, balance, created_at, customer_id, over_draft, interest_rate) VALUES ('acc-585ef8b5-06db-42d7-a08c-a68dc6c2e6c6', 'SAVE', 140222.42, '2026-02-24 19:56:31', 139, NULL, 4.85);
INSERT INTO account_operation (id, amount, description, operation_date, type, bank_account_id) VALUES (8166, 38947.33, 'Initial Account Funding', '2026-02-24 19:56:31', 'CREDIT', 'acc-585ef8b5-06db-42d7-a08c-a68dc6c2e6c6');
INSERT INTO account_operation (id, amount, description, operation_date, type, bank_account_id) VALUES (8167, 1094.49, 'BIM Store', '2026-02-28 19:56:31', 'DEBIT', 'acc-585ef8b5-06db-42d7-a08c-a68dc6c2e6c6');
INSERT INTO account_operation (id, amount, description, operation_date, type, bank_account_id) VALUES (8168, 380.31, 'Redal', '2026-05-14 19:56:31', 'DEBIT', 'acc-585ef8b5-06db-42d7-a08c-a68dc6c2e6c6');
INSERT INTO account_operation (id, amount, description, operation_date, type, bank_account_id) VALUES (8169, 4538.85, 'Freelance Payment', '2026-06-22 19:56:31', 'CREDIT', 'acc-585ef8b5-06db-42d7-a08c-a68dc6c2e6c6');
INSERT INTO account_operation (id, amount, description, operation_date, type, bank_account_id) VALUES (8170, 8091.99, 'Salary Deposit', '2026-04-25 19:56:31', 'CREDIT', 'acc-585ef8b5-06db-42d7-a08c-a68dc6c2e6c6');
INSERT INTO account_operation (id, amount, description, operation_date, type, bank_account_id) VALUES (8171, 12628.8, 'Cash Deposit', '2026-06-10 19:56:31', 'CREDIT', 'acc-585ef8b5-06db-42d7-a08c-a68dc6c2e6c6');
INSERT INTO account_operation (id, amount, description, operation_date, type, bank_account_id) VALUES (8172, 6595.42, 'Dividend Payout', '2026-03-16 19:56:31', 'CREDIT', 'acc-585ef8b5-06db-42d7-a08c-a68dc6c2e6c6');
INSERT INTO account_operation (id, amount, description, operation_date, type, bank_account_id) VALUES (8173, 4116.76, 'Cash Deposit', '2026-06-05 19:56:31', 'CREDIT', 'acc-585ef8b5-06db-42d7-a08c-a68dc6c2e6c6');
INSERT INTO account_operation (id, amount, description, operation_date, type, bank_account_id) VALUES (8174, 1765.29, 'Local Cafe', '2026-04-22 19:56:31', 'DEBIT', 'acc-585ef8b5-06db-42d7-a08c-a68dc6c2e6c6');
INSERT INTO account_operation (id, amount, description, operation_date, type, bank_account_id) VALUES (8175, 2459.45, 'Transfer Received', '2026-05-21 19:56:31', 'CREDIT', 'acc-585ef8b5-06db-42d7-a08c-a68dc6c2e6c6');
INSERT INTO account_operation (id, amount, description, operation_date, type, bank_account_id) VALUES (8176, 362.04, 'Spotify', '2026-05-30 19:56:31', 'DEBIT', 'acc-585ef8b5-06db-42d7-a08c-a68dc6c2e6c6');
INSERT INTO account_operation (id, amount, description, operation_date, type, bank_account_id) VALUES (8177, 1377.85, 'Carrefour', '2026-06-21 19:56:31', 'DEBIT', 'acc-585ef8b5-06db-42d7-a08c-a68dc6c2e6c6');
INSERT INTO account_operation (id, amount, description, operation_date, type, bank_account_id) VALUES (8178, 1015.21, 'Decathlon', '2026-06-26 19:56:31', 'DEBIT', 'acc-585ef8b5-06db-42d7-a08c-a68dc6c2e6c6');
INSERT INTO account_operation (id, amount, description, operation_date, type, bank_account_id) VALUES (8179, 539.66, 'Inwi', '2026-03-29 19:56:31', 'DEBIT', 'acc-585ef8b5-06db-42d7-a08c-a68dc6c2e6c6');
INSERT INTO account_operation (id, amount, description, operation_date, type, bank_account_id) VALUES (8180, 4283.62, 'Freelance Payment', '2026-04-13 19:56:31', 'CREDIT', 'acc-585ef8b5-06db-42d7-a08c-a68dc6c2e6c6');
INSERT INTO account_operation (id, amount, description, operation_date, type, bank_account_id) VALUES (8181, 892.41, 'Spotify', '2026-06-02 19:56:31', 'DEBIT', 'acc-585ef8b5-06db-42d7-a08c-a68dc6c2e6c6');
INSERT INTO account_operation (id, amount, description, operation_date, type, bank_account_id) VALUES (8182, 579.56, 'Local Cafe', '2026-02-25 19:56:31', 'DEBIT', 'acc-585ef8b5-06db-42d7-a08c-a68dc6c2e6c6');
INSERT INTO account_operation (id, amount, description, operation_date, type, bank_account_id) VALUES (8183, 355.92, 'Orange', '2026-04-15 19:56:31', 'DEBIT', 'acc-585ef8b5-06db-42d7-a08c-a68dc6c2e6c6');
INSERT INTO account_operation (id, amount, description, operation_date, type, bank_account_id) VALUES (8184, 7022.72, 'Salary Deposit', '2026-03-26 19:56:31', 'CREDIT', 'acc-585ef8b5-06db-42d7-a08c-a68dc6c2e6c6');
INSERT INTO account_operation (id, amount, description, operation_date, type, bank_account_id) VALUES (8185, 503.28, 'Pharmacy', '2026-03-31 19:56:31', 'DEBIT', 'acc-585ef8b5-06db-42d7-a08c-a68dc6c2e6c6');
INSERT INTO account_operation (id, amount, description, operation_date, type, bank_account_id) VALUES (8186, 1636.7, 'Restaurant', '2026-04-08 19:56:31', 'DEBIT', 'acc-585ef8b5-06db-42d7-a08c-a68dc6c2e6c6');
INSERT INTO account_operation (id, amount, description, operation_date, type, bank_account_id) VALUES (8187, 605.29, 'Local Cafe', '2026-06-09 19:56:31', 'DEBIT', 'acc-585ef8b5-06db-42d7-a08c-a68dc6c2e6c6');
INSERT INTO account_operation (id, amount, description, operation_date, type, bank_account_id) VALUES (8188, 1871.23, 'Netflix Subscription', '2026-05-31 19:56:31', 'DEBIT', 'acc-585ef8b5-06db-42d7-a08c-a68dc6c2e6c6');
INSERT INTO account_operation (id, amount, description, operation_date, type, bank_account_id) VALUES (8189, 109.27, 'Orange', '2026-04-27 19:56:31', 'DEBIT', 'acc-585ef8b5-06db-42d7-a08c-a68dc6c2e6c6');
INSERT INTO account_operation (id, amount, description, operation_date, type, bank_account_id) VALUES (8190, 6199.88, 'Salary Deposit', '2026-06-02 19:56:31', 'CREDIT', 'acc-585ef8b5-06db-42d7-a08c-a68dc6c2e6c6');
INSERT INTO account_operation (id, amount, description, operation_date, type, bank_account_id) VALUES (8191, 3893.0, 'Transfer Received', '2026-06-15 19:56:31', 'CREDIT', 'acc-585ef8b5-06db-42d7-a08c-a68dc6c2e6c6');
INSERT INTO account_operation (id, amount, description, operation_date, type, bank_account_id) VALUES (8192, 13497.48, 'Cash Deposit', '2026-05-11 19:56:31', 'CREDIT', 'acc-585ef8b5-06db-42d7-a08c-a68dc6c2e6c6');
INSERT INTO account_operation (id, amount, description, operation_date, type, bank_account_id) VALUES (8193, 1478.21, 'Orange', '2026-06-26 19:56:31', 'DEBIT', 'acc-585ef8b5-06db-42d7-a08c-a68dc6c2e6c6');
INSERT INTO account_operation (id, amount, description, operation_date, type, bank_account_id) VALUES (8194, 4536.0, 'Dividend Payout', '2026-04-30 19:56:31', 'CREDIT', 'acc-585ef8b5-06db-42d7-a08c-a68dc6c2e6c6');
INSERT INTO account_operation (id, amount, description, operation_date, type, bank_account_id) VALUES (8195, 1906.46, 'Cash Deposit', '2026-03-27 19:56:31', 'CREDIT', 'acc-585ef8b5-06db-42d7-a08c-a68dc6c2e6c6');
INSERT INTO account_operation (id, amount, description, operation_date, type, bank_account_id) VALUES (8196, 14159.04, 'Freelance Payment', '2026-05-09 19:56:31', 'CREDIT', 'acc-585ef8b5-06db-42d7-a08c-a68dc6c2e6c6');
INSERT INTO account_operation (id, amount, description, operation_date, type, bank_account_id) VALUES (8197, 1659.97, 'Carrefour', '2026-04-08 19:56:31', 'DEBIT', 'acc-585ef8b5-06db-42d7-a08c-a68dc6c2e6c6');
INSERT INTO account_operation (id, amount, description, operation_date, type, bank_account_id) VALUES (8198, 988.81, 'Carrefour', '2026-06-23 19:56:31', 'DEBIT', 'acc-585ef8b5-06db-42d7-a08c-a68dc6c2e6c6');
INSERT INTO account_operation (id, amount, description, operation_date, type, bank_account_id) VALUES (8199, 11811.8, 'Freelance Payment', '2026-03-09 19:56:31', 'CREDIT', 'acc-585ef8b5-06db-42d7-a08c-a68dc6c2e6c6');
INSERT INTO account_operation (id, amount, description, operation_date, type, bank_account_id) VALUES (8200, 13481.03, 'Transfer Received', '2026-05-19 19:56:31', 'CREDIT', 'acc-585ef8b5-06db-42d7-a08c-a68dc6c2e6c6');
INSERT INTO account_operation (id, amount, description, operation_date, type, bank_account_id) VALUES (8201, 731.71, 'Orange', '2026-06-02 19:56:31', 'DEBIT', 'acc-585ef8b5-06db-42d7-a08c-a68dc6c2e6c6');
INSERT INTO bank_account (id, type, balance, created_at, customer_id, over_draft, interest_rate) VALUES ('acc-382371c5-a135-42f6-96d8-8d4208f8f764', 'CURR', 135862.61, '2025-11-16 19:56:31', 139, 8039.03, NULL);
INSERT INTO account_operation (id, amount, description, operation_date, type, bank_account_id) VALUES (8202, 29139.84, 'Initial Account Funding', '2025-11-16 19:56:31', 'CREDIT', 'acc-382371c5-a135-42f6-96d8-8d4208f8f764');
INSERT INTO account_operation (id, amount, description, operation_date, type, bank_account_id) VALUES (8203, 9387.3, 'Salary Deposit', '2026-04-24 19:56:31', 'CREDIT', 'acc-382371c5-a135-42f6-96d8-8d4208f8f764');
INSERT INTO account_operation (id, amount, description, operation_date, type, bank_account_id) VALUES (8204, 1435.87, 'ONCF Train', '2026-04-16 19:56:31', 'DEBIT', 'acc-382371c5-a135-42f6-96d8-8d4208f8f764');
INSERT INTO account_operation (id, amount, description, operation_date, type, bank_account_id) VALUES (8205, 1317.31, 'BIM Store', '2026-03-27 19:56:31', 'DEBIT', 'acc-382371c5-a135-42f6-96d8-8d4208f8f764');
INSERT INTO account_operation (id, amount, description, operation_date, type, bank_account_id) VALUES (8206, 1669.84, 'Freelance Payment', '2026-01-17 19:56:31', 'CREDIT', 'acc-382371c5-a135-42f6-96d8-8d4208f8f764');
INSERT INTO account_operation (id, amount, description, operation_date, type, bank_account_id) VALUES (8207, 4887.14, 'Dividend Payout', '2026-01-29 19:56:31', 'CREDIT', 'acc-382371c5-a135-42f6-96d8-8d4208f8f764');
INSERT INTO account_operation (id, amount, description, operation_date, type, bank_account_id) VALUES (8208, 3444.75, 'Cash Deposit', '2026-04-17 19:56:31', 'CREDIT', 'acc-382371c5-a135-42f6-96d8-8d4208f8f764');
INSERT INTO account_operation (id, amount, description, operation_date, type, bank_account_id) VALUES (8209, 29.76, 'ONEE Electricity', '2026-02-08 19:56:31', 'DEBIT', 'acc-382371c5-a135-42f6-96d8-8d4208f8f764');
INSERT INTO account_operation (id, amount, description, operation_date, type, bank_account_id) VALUES (8210, 8864.45, 'Cash Deposit', '2025-12-27 19:56:31', 'CREDIT', 'acc-382371c5-a135-42f6-96d8-8d4208f8f764');
INSERT INTO account_operation (id, amount, description, operation_date, type, bank_account_id) VALUES (8211, 1444.65, 'ONCF Train', '2026-03-30 19:56:31', 'DEBIT', 'acc-382371c5-a135-42f6-96d8-8d4208f8f764');
INSERT INTO account_operation (id, amount, description, operation_date, type, bank_account_id) VALUES (8212, 145.68, 'Zara', '2026-03-24 19:56:31', 'DEBIT', 'acc-382371c5-a135-42f6-96d8-8d4208f8f764');
INSERT INTO account_operation (id, amount, description, operation_date, type, bank_account_id) VALUES (8213, 1849.53, 'Redal', '2026-02-14 19:56:31', 'DEBIT', 'acc-382371c5-a135-42f6-96d8-8d4208f8f764');
INSERT INTO account_operation (id, amount, description, operation_date, type, bank_account_id) VALUES (8214, 3160.74, 'Transfer Received', '2025-12-04 19:56:31', 'CREDIT', 'acc-382371c5-a135-42f6-96d8-8d4208f8f764');
INSERT INTO account_operation (id, amount, description, operation_date, type, bank_account_id) VALUES (8215, 3705.96, 'Transfer Received', '2026-01-11 19:56:31', 'CREDIT', 'acc-382371c5-a135-42f6-96d8-8d4208f8f764');
INSERT INTO account_operation (id, amount, description, operation_date, type, bank_account_id) VALUES (8216, 13010.72, 'Cash Deposit', '2026-04-18 19:56:31', 'CREDIT', 'acc-382371c5-a135-42f6-96d8-8d4208f8f764');
INSERT INTO account_operation (id, amount, description, operation_date, type, bank_account_id) VALUES (8217, 3355.98, 'Freelance Payment', '2026-05-06 19:56:31', 'CREDIT', 'acc-382371c5-a135-42f6-96d8-8d4208f8f764');
INSERT INTO account_operation (id, amount, description, operation_date, type, bank_account_id) VALUES (8218, 567.93, 'Carrefour', '2025-12-29 19:56:31', 'DEBIT', 'acc-382371c5-a135-42f6-96d8-8d4208f8f764');
INSERT INTO account_operation (id, amount, description, operation_date, type, bank_account_id) VALUES (8219, 798.15, 'LC Waikiki', '2026-03-22 19:56:31', 'DEBIT', 'acc-382371c5-a135-42f6-96d8-8d4208f8f764');
INSERT INTO account_operation (id, amount, description, operation_date, type, bank_account_id) VALUES (8220, 12924.99, 'Salary Deposit', '2025-11-24 19:56:31', 'CREDIT', 'acc-382371c5-a135-42f6-96d8-8d4208f8f764');
INSERT INTO account_operation (id, amount, description, operation_date, type, bank_account_id) VALUES (8221, 355.77, 'Decathlon', '2026-05-01 19:56:31', 'DEBIT', 'acc-382371c5-a135-42f6-96d8-8d4208f8f764');
INSERT INTO account_operation (id, amount, description, operation_date, type, bank_account_id) VALUES (8222, 3597.42, 'Transfer Received', '2025-11-28 19:56:31', 'CREDIT', 'acc-382371c5-a135-42f6-96d8-8d4208f8f764');
INSERT INTO account_operation (id, amount, description, operation_date, type, bank_account_id) VALUES (8223, 1498.13, 'LC Waikiki', '2026-03-12 19:56:31', 'DEBIT', 'acc-382371c5-a135-42f6-96d8-8d4208f8f764');
INSERT INTO account_operation (id, amount, description, operation_date, type, bank_account_id) VALUES (8224, 571.3, 'ONEE Electricity', '2025-12-30 19:56:31', 'DEBIT', 'acc-382371c5-a135-42f6-96d8-8d4208f8f764');
INSERT INTO account_operation (id, amount, description, operation_date, type, bank_account_id) VALUES (8225, 863.13, 'CTM Bus', '2025-12-17 19:56:31', 'DEBIT', 'acc-382371c5-a135-42f6-96d8-8d4208f8f764');
INSERT INTO account_operation (id, amount, description, operation_date, type, bank_account_id) VALUES (8226, 576.64, 'ONEE Electricity', '2026-05-25 19:56:31', 'DEBIT', 'acc-382371c5-a135-42f6-96d8-8d4208f8f764');
INSERT INTO account_operation (id, amount, description, operation_date, type, bank_account_id) VALUES (8227, 1276.92, 'Maroc Telecom', '2025-12-09 19:56:31', 'DEBIT', 'acc-382371c5-a135-42f6-96d8-8d4208f8f764');
INSERT INTO account_operation (id, amount, description, operation_date, type, bank_account_id) VALUES (8228, 1333.17, 'Carrefour', '2026-01-31 19:56:31', 'DEBIT', 'acc-382371c5-a135-42f6-96d8-8d4208f8f764');
INSERT INTO account_operation (id, amount, description, operation_date, type, bank_account_id) VALUES (8229, 12275.07, 'Salary Deposit', '2026-05-10 19:56:31', 'CREDIT', 'acc-382371c5-a135-42f6-96d8-8d4208f8f764');
INSERT INTO account_operation (id, amount, description, operation_date, type, bank_account_id) VALUES (8230, 1018.22, 'Spotify', '2026-04-27 19:56:31', 'DEBIT', 'acc-382371c5-a135-42f6-96d8-8d4208f8f764');
INSERT INTO account_operation (id, amount, description, operation_date, type, bank_account_id) VALUES (8231, 9656.25, 'Dividend Payout', '2026-03-24 19:56:31', 'CREDIT', 'acc-382371c5-a135-42f6-96d8-8d4208f8f764');
INSERT INTO account_operation (id, amount, description, operation_date, type, bank_account_id) VALUES (8232, 545.31, 'CTM Bus', '2026-04-13 19:56:31', 'DEBIT', 'acc-382371c5-a135-42f6-96d8-8d4208f8f764');
INSERT INTO account_operation (id, amount, description, operation_date, type, bank_account_id) VALUES (8233, 1421.51, 'Inwi', '2025-12-03 19:56:31', 'DEBIT', 'acc-382371c5-a135-42f6-96d8-8d4208f8f764');
INSERT INTO account_operation (id, amount, description, operation_date, type, bank_account_id) VALUES (8234, 2410.42, 'Dividend Payout', '2025-12-10 19:56:31', 'CREDIT', 'acc-382371c5-a135-42f6-96d8-8d4208f8f764');
INSERT INTO account_operation (id, amount, description, operation_date, type, bank_account_id) VALUES (8235, 7811.95, 'Salary Deposit', '2025-12-14 19:56:31', 'CREDIT', 'acc-382371c5-a135-42f6-96d8-8d4208f8f764');
INSERT INTO account_operation (id, amount, description, operation_date, type, bank_account_id) VALUES (8236, 300.75, 'Marjane Supermarket', '2026-02-24 19:56:31', 'DEBIT', 'acc-382371c5-a135-42f6-96d8-8d4208f8f764');
INSERT INTO account_operation (id, amount, description, operation_date, type, bank_account_id) VALUES (8237, 2015.65, 'Cash Deposit', '2025-11-28 19:56:31', 'CREDIT', 'acc-382371c5-a135-42f6-96d8-8d4208f8f764');
INSERT INTO account_operation (id, amount, description, operation_date, type, bank_account_id) VALUES (8238, 9629.16, 'Cash Deposit', '2026-04-04 19:56:31', 'CREDIT', 'acc-382371c5-a135-42f6-96d8-8d4208f8f764');
INSERT INTO account_operation (id, amount, description, operation_date, type, bank_account_id) VALUES (8239, 900.17, 'ONCF Train', '2026-03-27 19:56:31', 'DEBIT', 'acc-382371c5-a135-42f6-96d8-8d4208f8f764');
INSERT INTO account_operation (id, amount, description, operation_date, type, bank_account_id) VALUES (8240, 1740.82, 'Marjane Supermarket', '2026-03-05 19:56:31', 'DEBIT', 'acc-382371c5-a135-42f6-96d8-8d4208f8f764');
INSERT INTO account_operation (id, amount, description, operation_date, type, bank_account_id) VALUES (8241, 13672.98, 'Cash Deposit', '2026-04-02 19:56:31', 'CREDIT', 'acc-382371c5-a135-42f6-96d8-8d4208f8f764');
INSERT INTO account_operation (id, amount, description, operation_date, type, bank_account_id) VALUES (8242, 238.73, 'Redal', '2026-04-05 19:56:31', 'DEBIT', 'acc-382371c5-a135-42f6-96d8-8d4208f8f764');
INSERT INTO account_operation (id, amount, description, operation_date, type, bank_account_id) VALUES (8243, 5519.87, 'Cash Deposit', '2026-05-06 19:56:31', 'CREDIT', 'acc-382371c5-a135-42f6-96d8-8d4208f8f764');
INSERT INTO account_operation (id, amount, description, operation_date, type, bank_account_id) VALUES (8244, 1808.19, 'Decathlon', '2026-02-20 19:56:31', 'DEBIT', 'acc-382371c5-a135-42f6-96d8-8d4208f8f764');
INSERT INTO account_operation (id, amount, description, operation_date, type, bank_account_id) VALUES (8245, 389.27, 'Orange', '2026-03-25 19:56:31', 'DEBIT', 'acc-382371c5-a135-42f6-96d8-8d4208f8f764');
INSERT INTO account_operation (id, amount, description, operation_date, type, bank_account_id) VALUES (8246, 1850.96, 'BIM Store', '2026-01-22 19:56:31', 'DEBIT', 'acc-382371c5-a135-42f6-96d8-8d4208f8f764');

INSERT INTO customer (id, name, email) VALUES (140, 'Youssef Lahlou', 'youssef.lahlou@gmail.com');
INSERT INTO bank_account (id, type, balance, created_at, customer_id, over_draft, interest_rate) VALUES ('acc-731bd592-83b4-4cf2-9314-86da1a3e6eef', 'SAVE', 32306.04, '2025-10-20 19:56:31', 140, NULL, 3.85);
INSERT INTO account_operation (id, amount, description, operation_date, type, bank_account_id) VALUES (8247, 31344.3, 'Initial Account Funding', '2025-10-20 19:56:31', 'CREDIT', 'acc-731bd592-83b4-4cf2-9314-86da1a3e6eef');
INSERT INTO account_operation (id, amount, description, operation_date, type, bank_account_id) VALUES (8248, 1383.35, 'Redal', '2026-05-08 19:56:31', 'DEBIT', 'acc-731bd592-83b4-4cf2-9314-86da1a3e6eef');
INSERT INTO account_operation (id, amount, description, operation_date, type, bank_account_id) VALUES (8249, 2389.29, 'Cash Deposit', '2026-05-04 19:56:31', 'CREDIT', 'acc-731bd592-83b4-4cf2-9314-86da1a3e6eef');
INSERT INTO account_operation (id, amount, description, operation_date, type, bank_account_id) VALUES (8250, 122.77, 'Redal', '2026-06-20 19:56:31', 'DEBIT', 'acc-731bd592-83b4-4cf2-9314-86da1a3e6eef');
INSERT INTO account_operation (id, amount, description, operation_date, type, bank_account_id) VALUES (8251, 694.0, 'Maroc Telecom', '2025-12-07 19:56:31', 'DEBIT', 'acc-731bd592-83b4-4cf2-9314-86da1a3e6eef');
INSERT INTO account_operation (id, amount, description, operation_date, type, bank_account_id) VALUES (8252, 1490.35, 'Redal', '2026-02-22 19:56:31', 'DEBIT', 'acc-731bd592-83b4-4cf2-9314-86da1a3e6eef');
INSERT INTO account_operation (id, amount, description, operation_date, type, bank_account_id) VALUES (8253, 842.28, 'Spotify', '2026-06-23 19:56:31', 'DEBIT', 'acc-731bd592-83b4-4cf2-9314-86da1a3e6eef');
INSERT INTO account_operation (id, amount, description, operation_date, type, bank_account_id) VALUES (8254, 1644.57, 'Amendis', '2025-11-18 19:56:31', 'DEBIT', 'acc-731bd592-83b4-4cf2-9314-86da1a3e6eef');
INSERT INTO account_operation (id, amount, description, operation_date, type, bank_account_id) VALUES (8255, 51.73, 'Marjane Supermarket', '2026-03-12 19:56:31', 'DEBIT', 'acc-731bd592-83b4-4cf2-9314-86da1a3e6eef');
INSERT INTO account_operation (id, amount, description, operation_date, type, bank_account_id) VALUES (8256, 1469.6, 'Inwi', '2026-04-23 19:56:31', 'DEBIT', 'acc-731bd592-83b4-4cf2-9314-86da1a3e6eef');
INSERT INTO account_operation (id, amount, description, operation_date, type, bank_account_id) VALUES (8257, 183.52, 'ONEE Electricity', '2026-02-08 19:56:31', 'DEBIT', 'acc-731bd592-83b4-4cf2-9314-86da1a3e6eef');
INSERT INTO account_operation (id, amount, description, operation_date, type, bank_account_id) VALUES (8258, 572.64, 'ONCF Train', '2026-02-02 19:56:31', 'DEBIT', 'acc-731bd592-83b4-4cf2-9314-86da1a3e6eef');
INSERT INTO account_operation (id, amount, description, operation_date, type, bank_account_id) VALUES (8259, 1132.82, 'CTM Bus', '2026-05-17 19:56:31', 'DEBIT', 'acc-731bd592-83b4-4cf2-9314-86da1a3e6eef');
INSERT INTO account_operation (id, amount, description, operation_date, type, bank_account_id) VALUES (8260, 96.96, 'Pharmacy', '2025-11-21 19:56:31', 'DEBIT', 'acc-731bd592-83b4-4cf2-9314-86da1a3e6eef');
INSERT INTO account_operation (id, amount, description, operation_date, type, bank_account_id) VALUES (8261, 8257.04, 'Cash Deposit', '2025-12-10 19:56:31', 'CREDIT', 'acc-731bd592-83b4-4cf2-9314-86da1a3e6eef');
INSERT INTO bank_account (id, type, balance, created_at, customer_id, over_draft, interest_rate) VALUES ('acc-405d553e-10f6-48ee-ad89-cb651fd2a331', 'SAVE', 75825.89, '2026-02-04 19:56:31', 140, NULL, 3.87);
INSERT INTO account_operation (id, amount, description, operation_date, type, bank_account_id) VALUES (8262, 40647.42, 'Initial Account Funding', '2026-02-04 19:56:31', 'CREDIT', 'acc-405d553e-10f6-48ee-ad89-cb651fd2a331');
INSERT INTO account_operation (id, amount, description, operation_date, type, bank_account_id) VALUES (8263, 6777.36, 'Freelance Payment', '2026-02-08 19:56:31', 'CREDIT', 'acc-405d553e-10f6-48ee-ad89-cb651fd2a331');
INSERT INTO account_operation (id, amount, description, operation_date, type, bank_account_id) VALUES (8264, 10270.8, 'Dividend Payout', '2026-04-10 19:56:31', 'CREDIT', 'acc-405d553e-10f6-48ee-ad89-cb651fd2a331');
INSERT INTO account_operation (id, amount, description, operation_date, type, bank_account_id) VALUES (8265, 1986.55, 'Maroc Telecom', '2026-05-02 19:56:31', 'DEBIT', 'acc-405d553e-10f6-48ee-ad89-cb651fd2a331');
INSERT INTO account_operation (id, amount, description, operation_date, type, bank_account_id) VALUES (8266, 547.43, 'Marjane Supermarket', '2026-04-04 19:56:31', 'DEBIT', 'acc-405d553e-10f6-48ee-ad89-cb651fd2a331');
INSERT INTO account_operation (id, amount, description, operation_date, type, bank_account_id) VALUES (8267, 388.31, 'Maroc Telecom', '2026-06-29 19:56:31', 'DEBIT', 'acc-405d553e-10f6-48ee-ad89-cb651fd2a331');
INSERT INTO account_operation (id, amount, description, operation_date, type, bank_account_id) VALUES (8268, 1869.0, 'Pharmacy', '2026-05-11 19:56:31', 'DEBIT', 'acc-405d553e-10f6-48ee-ad89-cb651fd2a331');
INSERT INTO account_operation (id, amount, description, operation_date, type, bank_account_id) VALUES (8269, 755.74, 'Zara', '2026-03-19 19:56:31', 'DEBIT', 'acc-405d553e-10f6-48ee-ad89-cb651fd2a331');
INSERT INTO account_operation (id, amount, description, operation_date, type, bank_account_id) VALUES (8270, 1859.61, 'Freelance Payment', '2026-03-07 19:56:31', 'CREDIT', 'acc-405d553e-10f6-48ee-ad89-cb651fd2a331');
INSERT INTO account_operation (id, amount, description, operation_date, type, bank_account_id) VALUES (8271, 535.87, 'LC Waikiki', '2026-04-18 19:56:31', 'DEBIT', 'acc-405d553e-10f6-48ee-ad89-cb651fd2a331');
INSERT INTO account_operation (id, amount, description, operation_date, type, bank_account_id) VALUES (8272, 693.53, 'Spotify', '2026-02-06 19:56:31', 'DEBIT', 'acc-405d553e-10f6-48ee-ad89-cb651fd2a331');
INSERT INTO account_operation (id, amount, description, operation_date, type, bank_account_id) VALUES (8273, 7203.97, 'Transfer Received', '2026-04-10 19:56:31', 'CREDIT', 'acc-405d553e-10f6-48ee-ad89-cb651fd2a331');
INSERT INTO account_operation (id, amount, description, operation_date, type, bank_account_id) VALUES (8274, 899.16, 'ONCF Train', '2026-02-23 19:56:31', 'DEBIT', 'acc-405d553e-10f6-48ee-ad89-cb651fd2a331');
INSERT INTO account_operation (id, amount, description, operation_date, type, bank_account_id) VALUES (8275, 5715.9, 'Freelance Payment', '2026-05-30 19:56:31', 'CREDIT', 'acc-405d553e-10f6-48ee-ad89-cb651fd2a331');
INSERT INTO account_operation (id, amount, description, operation_date, type, bank_account_id) VALUES (8276, 1475.01, 'Freelance Payment', '2026-02-08 19:56:31', 'CREDIT', 'acc-405d553e-10f6-48ee-ad89-cb651fd2a331');
INSERT INTO account_operation (id, amount, description, operation_date, type, bank_account_id) VALUES (8277, 347.0, 'Amendis', '2026-02-04 19:56:31', 'DEBIT', 'acc-405d553e-10f6-48ee-ad89-cb651fd2a331');
INSERT INTO account_operation (id, amount, description, operation_date, type, bank_account_id) VALUES (8278, 10393.53, 'Dividend Payout', '2026-04-16 19:56:31', 'CREDIT', 'acc-405d553e-10f6-48ee-ad89-cb651fd2a331');
INSERT INTO account_operation (id, amount, description, operation_date, type, bank_account_id) VALUES (8279, 495.12, 'Marjane Supermarket', '2026-03-02 19:56:31', 'DEBIT', 'acc-405d553e-10f6-48ee-ad89-cb651fd2a331');

INSERT INTO customer (id, name, email) VALUES (141, 'Omar Bennis', 'omar.bennis@gmail.com');
INSERT INTO bank_account (id, type, balance, created_at, customer_id, over_draft, interest_rate) VALUES ('acc-d9698bbb-12b9-48d7-87c7-1cbb871ea3f6', 'SAVE', 97025.79, '2025-12-20 19:56:31', 141, NULL, 2.65);
INSERT INTO account_operation (id, amount, description, operation_date, type, bank_account_id) VALUES (8280, 42826.72, 'Initial Account Funding', '2025-12-20 19:56:31', 'CREDIT', 'acc-d9698bbb-12b9-48d7-87c7-1cbb871ea3f6');
INSERT INTO account_operation (id, amount, description, operation_date, type, bank_account_id) VALUES (8281, 90.53, 'Carrefour', '2026-06-20 19:56:31', 'DEBIT', 'acc-d9698bbb-12b9-48d7-87c7-1cbb871ea3f6');
INSERT INTO account_operation (id, amount, description, operation_date, type, bank_account_id) VALUES (8282, 740.51, 'Redal', '2026-06-27 19:56:31', 'DEBIT', 'acc-d9698bbb-12b9-48d7-87c7-1cbb871ea3f6');
INSERT INTO account_operation (id, amount, description, operation_date, type, bank_account_id) VALUES (8283, 1763.18, 'BIM Store', '2026-03-25 19:56:31', 'DEBIT', 'acc-d9698bbb-12b9-48d7-87c7-1cbb871ea3f6');
INSERT INTO account_operation (id, amount, description, operation_date, type, bank_account_id) VALUES (8284, 1400.74, 'Spotify', '2026-05-06 19:56:31', 'DEBIT', 'acc-d9698bbb-12b9-48d7-87c7-1cbb871ea3f6');
INSERT INTO account_operation (id, amount, description, operation_date, type, bank_account_id) VALUES (8285, 1440.84, 'LC Waikiki', '2026-02-26 19:56:31', 'DEBIT', 'acc-d9698bbb-12b9-48d7-87c7-1cbb871ea3f6');
INSERT INTO account_operation (id, amount, description, operation_date, type, bank_account_id) VALUES (8286, 467.52, 'Decathlon', '2026-02-15 19:56:31', 'DEBIT', 'acc-d9698bbb-12b9-48d7-87c7-1cbb871ea3f6');
INSERT INTO account_operation (id, amount, description, operation_date, type, bank_account_id) VALUES (8287, 1767.18, 'BIM Store', '2026-06-03 19:56:31', 'DEBIT', 'acc-d9698bbb-12b9-48d7-87c7-1cbb871ea3f6');
INSERT INTO account_operation (id, amount, description, operation_date, type, bank_account_id) VALUES (8288, 1100.18, 'BIM Store', '2026-03-24 19:56:31', 'DEBIT', 'acc-d9698bbb-12b9-48d7-87c7-1cbb871ea3f6');
INSERT INTO account_operation (id, amount, description, operation_date, type, bank_account_id) VALUES (8289, 14683.13, 'Dividend Payout', '2026-02-23 19:56:31', 'CREDIT', 'acc-d9698bbb-12b9-48d7-87c7-1cbb871ea3f6');
INSERT INTO account_operation (id, amount, description, operation_date, type, bank_account_id) VALUES (8290, 13859.85, 'Cash Deposit', '2026-05-05 19:56:31', 'CREDIT', 'acc-d9698bbb-12b9-48d7-87c7-1cbb871ea3f6');
INSERT INTO account_operation (id, amount, description, operation_date, type, bank_account_id) VALUES (8291, 78.18, 'Orange', '2026-05-05 19:56:31', 'DEBIT', 'acc-d9698bbb-12b9-48d7-87c7-1cbb871ea3f6');
INSERT INTO account_operation (id, amount, description, operation_date, type, bank_account_id) VALUES (8292, 3667.22, 'Freelance Payment', '2026-03-31 19:56:31', 'CREDIT', 'acc-d9698bbb-12b9-48d7-87c7-1cbb871ea3f6');
INSERT INTO account_operation (id, amount, description, operation_date, type, bank_account_id) VALUES (8293, 14384.6, 'Freelance Payment', '2026-04-04 19:56:31', 'CREDIT', 'acc-d9698bbb-12b9-48d7-87c7-1cbb871ea3f6');
INSERT INTO account_operation (id, amount, description, operation_date, type, bank_account_id) VALUES (8294, 635.11, 'Carrefour', '2025-12-26 19:56:31', 'DEBIT', 'acc-d9698bbb-12b9-48d7-87c7-1cbb871ea3f6');
INSERT INTO account_operation (id, amount, description, operation_date, type, bank_account_id) VALUES (8295, 3899.71, 'Cash Deposit', '2026-02-16 19:56:31', 'CREDIT', 'acc-d9698bbb-12b9-48d7-87c7-1cbb871ea3f6');
INSERT INTO account_operation (id, amount, description, operation_date, type, bank_account_id) VALUES (8296, 1053.24, 'Spotify', '2026-03-02 19:56:31', 'DEBIT', 'acc-d9698bbb-12b9-48d7-87c7-1cbb871ea3f6');
INSERT INTO account_operation (id, amount, description, operation_date, type, bank_account_id) VALUES (8297, 6302.31, 'Freelance Payment', '2026-06-26 19:56:31', 'CREDIT', 'acc-d9698bbb-12b9-48d7-87c7-1cbb871ea3f6');
INSERT INTO account_operation (id, amount, description, operation_date, type, bank_account_id) VALUES (8298, 850.69, 'CTM Bus', '2026-04-04 19:56:31', 'DEBIT', 'acc-d9698bbb-12b9-48d7-87c7-1cbb871ea3f6');
INSERT INTO account_operation (id, amount, description, operation_date, type, bank_account_id) VALUES (8299, 8790.15, 'Transfer Received', '2026-03-27 19:56:31', 'CREDIT', 'acc-d9698bbb-12b9-48d7-87c7-1cbb871ea3f6');
INSERT INTO bank_account (id, type, balance, created_at, customer_id, over_draft, interest_rate) VALUES ('acc-eb3c9928-2175-4e91-8a18-62ec745ab77b', 'CURR', 57966.82, '2025-08-29 19:56:31', 141, 6678.17, NULL);
INSERT INTO account_operation (id, amount, description, operation_date, type, bank_account_id) VALUES (8300, 36022.93, 'Initial Account Funding', '2025-08-29 19:56:31', 'CREDIT', 'acc-eb3c9928-2175-4e91-8a18-62ec745ab77b');
INSERT INTO account_operation (id, amount, description, operation_date, type, bank_account_id) VALUES (8301, 731.99, 'Marjane Supermarket', '2026-02-18 19:56:31', 'DEBIT', 'acc-eb3c9928-2175-4e91-8a18-62ec745ab77b');
INSERT INTO account_operation (id, amount, description, operation_date, type, bank_account_id) VALUES (8302, 1269.28, 'LC Waikiki', '2026-02-01 19:56:31', 'DEBIT', 'acc-eb3c9928-2175-4e91-8a18-62ec745ab77b');
INSERT INTO account_operation (id, amount, description, operation_date, type, bank_account_id) VALUES (8303, 1240.03, 'Marjane Supermarket', '2025-12-05 19:56:31', 'DEBIT', 'acc-eb3c9928-2175-4e91-8a18-62ec745ab77b');
INSERT INTO account_operation (id, amount, description, operation_date, type, bank_account_id) VALUES (8304, 11188.9, 'Transfer Received', '2026-03-03 19:56:31', 'CREDIT', 'acc-eb3c9928-2175-4e91-8a18-62ec745ab77b');
INSERT INTO account_operation (id, amount, description, operation_date, type, bank_account_id) VALUES (8305, 792.8, 'Inwi', '2026-01-06 19:56:31', 'DEBIT', 'acc-eb3c9928-2175-4e91-8a18-62ec745ab77b');
INSERT INTO account_operation (id, amount, description, operation_date, type, bank_account_id) VALUES (8306, 710.16, 'Decathlon', '2026-06-19 19:56:31', 'DEBIT', 'acc-eb3c9928-2175-4e91-8a18-62ec745ab77b');
INSERT INTO account_operation (id, amount, description, operation_date, type, bank_account_id) VALUES (8307, 1286.28, 'Decathlon', '2026-06-14 19:56:31', 'DEBIT', 'acc-eb3c9928-2175-4e91-8a18-62ec745ab77b');
INSERT INTO account_operation (id, amount, description, operation_date, type, bank_account_id) VALUES (8308, 29.37, 'ONEE Electricity', '2026-06-22 19:56:31', 'DEBIT', 'acc-eb3c9928-2175-4e91-8a18-62ec745ab77b');
INSERT INTO account_operation (id, amount, description, operation_date, type, bank_account_id) VALUES (8309, 11797.47, 'Freelance Payment', '2025-12-23 19:56:31', 'CREDIT', 'acc-eb3c9928-2175-4e91-8a18-62ec745ab77b');
INSERT INTO account_operation (id, amount, description, operation_date, type, bank_account_id) VALUES (8310, 1543.08, 'Inwi', '2025-11-16 19:56:31', 'DEBIT', 'acc-eb3c9928-2175-4e91-8a18-62ec745ab77b');
INSERT INTO account_operation (id, amount, description, operation_date, type, bank_account_id) VALUES (8311, 10367.48, 'Transfer Received', '2025-11-06 19:56:31', 'CREDIT', 'acc-eb3c9928-2175-4e91-8a18-62ec745ab77b');
INSERT INTO account_operation (id, amount, description, operation_date, type, bank_account_id) VALUES (8312, 703.42, 'Local Cafe', '2026-04-06 19:56:31', 'DEBIT', 'acc-eb3c9928-2175-4e91-8a18-62ec745ab77b');
INSERT INTO account_operation (id, amount, description, operation_date, type, bank_account_id) VALUES (8313, 1925.64, 'LC Waikiki', '2026-02-26 19:56:31', 'DEBIT', 'acc-eb3c9928-2175-4e91-8a18-62ec745ab77b');
INSERT INTO account_operation (id, amount, description, operation_date, type, bank_account_id) VALUES (8314, 2019.76, 'Transfer Received', '2025-09-22 19:56:31', 'CREDIT', 'acc-eb3c9928-2175-4e91-8a18-62ec745ab77b');
INSERT INTO account_operation (id, amount, description, operation_date, type, bank_account_id) VALUES (8315, 514.67, 'Redal', '2025-10-15 19:56:31', 'DEBIT', 'acc-eb3c9928-2175-4e91-8a18-62ec745ab77b');
INSERT INTO account_operation (id, amount, description, operation_date, type, bank_account_id) VALUES (8316, 1791.94, 'Carrefour', '2025-10-06 19:56:31', 'DEBIT', 'acc-eb3c9928-2175-4e91-8a18-62ec745ab77b');
INSERT INTO account_operation (id, amount, description, operation_date, type, bank_account_id) VALUES (8317, 561.89, 'ONCF Train', '2026-02-12 19:56:31', 'DEBIT', 'acc-eb3c9928-2175-4e91-8a18-62ec745ab77b');
INSERT INTO account_operation (id, amount, description, operation_date, type, bank_account_id) VALUES (8318, 853.5, 'Local Cafe', '2025-12-22 19:56:31', 'DEBIT', 'acc-eb3c9928-2175-4e91-8a18-62ec745ab77b');
INSERT INTO account_operation (id, amount, description, operation_date, type, bank_account_id) VALUES (8319, 1651.75, 'Spotify', '2025-11-08 19:56:31', 'DEBIT', 'acc-eb3c9928-2175-4e91-8a18-62ec745ab77b');
INSERT INTO account_operation (id, amount, description, operation_date, type, bank_account_id) VALUES (8320, 5981.6, 'Transfer Received', '2026-02-09 19:56:31', 'CREDIT', 'acc-eb3c9928-2175-4e91-8a18-62ec745ab77b');
INSERT INTO account_operation (id, amount, description, operation_date, type, bank_account_id) VALUES (8321, 1978.08, 'Decathlon', '2025-09-26 19:56:31', 'DEBIT', 'acc-eb3c9928-2175-4e91-8a18-62ec745ab77b');
INSERT INTO account_operation (id, amount, description, operation_date, type, bank_account_id) VALUES (8322, 1827.44, 'Pharmacy', '2025-11-16 19:56:31', 'DEBIT', 'acc-eb3c9928-2175-4e91-8a18-62ec745ab77b');

INSERT INTO customer (id, name, email) VALUES (142, 'Karim Bennis', 'karim.bennis@gmail.com');
INSERT INTO bank_account (id, type, balance, created_at, customer_id, over_draft, interest_rate) VALUES ('acc-095c8735-abda-404d-9330-05e2db0499ab', 'CURR', 54756.11, '2025-12-30 19:56:31', 142, 7325.5, NULL);
INSERT INTO account_operation (id, amount, description, operation_date, type, bank_account_id) VALUES (8323, 26718.13, 'Initial Account Funding', '2025-12-30 19:56:31', 'CREDIT', 'acc-095c8735-abda-404d-9330-05e2db0499ab');
INSERT INTO account_operation (id, amount, description, operation_date, type, bank_account_id) VALUES (8324, 832.94, 'Carrefour', '2026-01-28 19:56:31', 'DEBIT', 'acc-095c8735-abda-404d-9330-05e2db0499ab');
INSERT INTO account_operation (id, amount, description, operation_date, type, bank_account_id) VALUES (8325, 1378.44, 'Cash Deposit', '2026-03-09 19:56:31', 'CREDIT', 'acc-095c8735-abda-404d-9330-05e2db0499ab');
INSERT INTO account_operation (id, amount, description, operation_date, type, bank_account_id) VALUES (8326, 1607.11, 'ONCF Train', '2026-05-16 19:56:31', 'DEBIT', 'acc-095c8735-abda-404d-9330-05e2db0499ab');
INSERT INTO account_operation (id, amount, description, operation_date, type, bank_account_id) VALUES (8327, 1761.06, 'CTM Bus', '2026-06-16 19:56:31', 'DEBIT', 'acc-095c8735-abda-404d-9330-05e2db0499ab');
INSERT INTO account_operation (id, amount, description, operation_date, type, bank_account_id) VALUES (8328, 810.02, 'CTM Bus', '2026-02-22 19:56:31', 'DEBIT', 'acc-095c8735-abda-404d-9330-05e2db0499ab');
INSERT INTO account_operation (id, amount, description, operation_date, type, bank_account_id) VALUES (8329, 188.98, 'Amendis', '2026-06-11 19:56:31', 'DEBIT', 'acc-095c8735-abda-404d-9330-05e2db0499ab');
INSERT INTO account_operation (id, amount, description, operation_date, type, bank_account_id) VALUES (8330, 1380.85, 'LC Waikiki', '2026-06-28 19:56:31', 'DEBIT', 'acc-095c8735-abda-404d-9330-05e2db0499ab');
INSERT INTO account_operation (id, amount, description, operation_date, type, bank_account_id) VALUES (8331, 537.26, 'LC Waikiki', '2026-06-12 19:56:31', 'DEBIT', 'acc-095c8735-abda-404d-9330-05e2db0499ab');
INSERT INTO account_operation (id, amount, description, operation_date, type, bank_account_id) VALUES (8332, 13404.11, 'Cash Deposit', '2026-05-24 19:56:31', 'CREDIT', 'acc-095c8735-abda-404d-9330-05e2db0499ab');
INSERT INTO account_operation (id, amount, description, operation_date, type, bank_account_id) VALUES (8333, 1640.05, 'LC Waikiki', '2026-03-30 19:56:31', 'DEBIT', 'acc-095c8735-abda-404d-9330-05e2db0499ab');
INSERT INTO account_operation (id, amount, description, operation_date, type, bank_account_id) VALUES (8334, 560.63, 'Zara', '2026-04-06 19:56:31', 'DEBIT', 'acc-095c8735-abda-404d-9330-05e2db0499ab');
INSERT INTO account_operation (id, amount, description, operation_date, type, bank_account_id) VALUES (8335, 9868.12, 'Dividend Payout', '2026-01-28 19:56:31', 'CREDIT', 'acc-095c8735-abda-404d-9330-05e2db0499ab');
INSERT INTO account_operation (id, amount, description, operation_date, type, bank_account_id) VALUES (8336, 3705.25, 'Dividend Payout', '2026-05-05 19:56:31', 'CREDIT', 'acc-095c8735-abda-404d-9330-05e2db0499ab');
INSERT INTO account_operation (id, amount, description, operation_date, type, bank_account_id) VALUES (8337, 1884.87, 'Inwi', '2026-02-15 19:56:31', 'DEBIT', 'acc-095c8735-abda-404d-9330-05e2db0499ab');
INSERT INTO account_operation (id, amount, description, operation_date, type, bank_account_id) VALUES (8338, 324.59, 'CTM Bus', '2026-03-01 19:56:31', 'DEBIT', 'acc-095c8735-abda-404d-9330-05e2db0499ab');
INSERT INTO account_operation (id, amount, description, operation_date, type, bank_account_id) VALUES (8339, 3213.61, 'Transfer Received', '2026-02-26 19:56:31', 'CREDIT', 'acc-095c8735-abda-404d-9330-05e2db0499ab');
INSERT INTO account_operation (id, amount, description, operation_date, type, bank_account_id) VALUES (8340, 1389.09, 'Restaurant', '2026-04-13 19:56:31', 'DEBIT', 'acc-095c8735-abda-404d-9330-05e2db0499ab');
INSERT INTO account_operation (id, amount, description, operation_date, type, bank_account_id) VALUES (8341, 155.33, 'Pharmacy', '2026-03-17 19:56:31', 'DEBIT', 'acc-095c8735-abda-404d-9330-05e2db0499ab');
INSERT INTO account_operation (id, amount, description, operation_date, type, bank_account_id) VALUES (8342, 10068.03, 'Freelance Payment', '2026-03-01 19:56:31', 'CREDIT', 'acc-095c8735-abda-404d-9330-05e2db0499ab');
INSERT INTO account_operation (id, amount, description, operation_date, type, bank_account_id) VALUES (8343, 526.8, 'CTM Bus', '2026-01-07 19:56:31', 'DEBIT', 'acc-095c8735-abda-404d-9330-05e2db0499ab');
INSERT INTO bank_account (id, type, balance, created_at, customer_id, over_draft, interest_rate) VALUES ('acc-fb431c66-57cc-41df-beef-53c2b0e9200b', 'CURR', 60634.89, '2026-05-05 19:56:31', 142, 6524.45, NULL);
INSERT INTO account_operation (id, amount, description, operation_date, type, bank_account_id) VALUES (8344, 12524.59, 'Initial Account Funding', '2026-05-05 19:56:31', 'CREDIT', 'acc-fb431c66-57cc-41df-beef-53c2b0e9200b');
INSERT INTO account_operation (id, amount, description, operation_date, type, bank_account_id) VALUES (8345, 8288.64, 'Dividend Payout', '2026-06-17 19:56:31', 'CREDIT', 'acc-fb431c66-57cc-41df-beef-53c2b0e9200b');
INSERT INTO account_operation (id, amount, description, operation_date, type, bank_account_id) VALUES (8346, 9043.86, 'Cash Deposit', '2026-06-05 19:56:31', 'CREDIT', 'acc-fb431c66-57cc-41df-beef-53c2b0e9200b');
INSERT INTO account_operation (id, amount, description, operation_date, type, bank_account_id) VALUES (8347, 7340.3, 'Cash Deposit', '2026-05-28 19:56:31', 'CREDIT', 'acc-fb431c66-57cc-41df-beef-53c2b0e9200b');
INSERT INTO account_operation (id, amount, description, operation_date, type, bank_account_id) VALUES (8348, 548.26, 'Zara', '2026-05-25 19:56:31', 'DEBIT', 'acc-fb431c66-57cc-41df-beef-53c2b0e9200b');
INSERT INTO account_operation (id, amount, description, operation_date, type, bank_account_id) VALUES (8349, 1921.07, 'Spotify', '2026-05-27 19:56:31', 'DEBIT', 'acc-fb431c66-57cc-41df-beef-53c2b0e9200b');
INSERT INTO account_operation (id, amount, description, operation_date, type, bank_account_id) VALUES (8350, 14928.22, 'Transfer Received', '2026-05-07 19:56:31', 'CREDIT', 'acc-fb431c66-57cc-41df-beef-53c2b0e9200b');
INSERT INTO account_operation (id, amount, description, operation_date, type, bank_account_id) VALUES (8351, 11803.59, 'Dividend Payout', '2026-06-08 19:56:31', 'CREDIT', 'acc-fb431c66-57cc-41df-beef-53c2b0e9200b');
INSERT INTO account_operation (id, amount, description, operation_date, type, bank_account_id) VALUES (8352, 1158.41, 'Local Cafe', '2026-05-20 19:56:31', 'DEBIT', 'acc-fb431c66-57cc-41df-beef-53c2b0e9200b');
INSERT INTO account_operation (id, amount, description, operation_date, type, bank_account_id) VALUES (8353, 1991.21, 'Orange', '2026-05-05 19:56:31', 'DEBIT', 'acc-fb431c66-57cc-41df-beef-53c2b0e9200b');
INSERT INTO account_operation (id, amount, description, operation_date, type, bank_account_id) VALUES (8354, 1188.74, 'Redal', '2026-05-28 19:56:31', 'DEBIT', 'acc-fb431c66-57cc-41df-beef-53c2b0e9200b');
INSERT INTO account_operation (id, amount, description, operation_date, type, bank_account_id) VALUES (8355, 1829.77, 'Carrefour', '2026-06-22 19:56:31', 'DEBIT', 'acc-fb431c66-57cc-41df-beef-53c2b0e9200b');
INSERT INTO account_operation (id, amount, description, operation_date, type, bank_account_id) VALUES (8356, 534.37, 'Restaurant', '2026-06-02 19:56:31', 'DEBIT', 'acc-fb431c66-57cc-41df-beef-53c2b0e9200b');
INSERT INTO account_operation (id, amount, description, operation_date, type, bank_account_id) VALUES (8357, 1388.69, 'Marjane Supermarket', '2026-06-25 19:56:31', 'DEBIT', 'acc-fb431c66-57cc-41df-beef-53c2b0e9200b');
INSERT INTO account_operation (id, amount, description, operation_date, type, bank_account_id) VALUES (8358, 11477.05, 'Salary Deposit', '2026-06-29 19:56:31', 'CREDIT', 'acc-fb431c66-57cc-41df-beef-53c2b0e9200b');
INSERT INTO account_operation (id, amount, description, operation_date, type, bank_account_id) VALUES (8359, 1619.65, 'Decathlon', '2026-05-19 19:56:31', 'DEBIT', 'acc-fb431c66-57cc-41df-beef-53c2b0e9200b');
INSERT INTO account_operation (id, amount, description, operation_date, type, bank_account_id) VALUES (8360, 247.92, 'LC Waikiki', '2026-05-17 19:56:31', 'DEBIT', 'acc-fb431c66-57cc-41df-beef-53c2b0e9200b');
INSERT INTO account_operation (id, amount, description, operation_date, type, bank_account_id) VALUES (8361, 227.83, 'Local Cafe', '2026-05-10 19:56:31', 'DEBIT', 'acc-fb431c66-57cc-41df-beef-53c2b0e9200b');
INSERT INTO account_operation (id, amount, description, operation_date, type, bank_account_id) VALUES (8362, 236.09, 'Maroc Telecom', '2026-06-23 19:56:31', 'DEBIT', 'acc-fb431c66-57cc-41df-beef-53c2b0e9200b');
INSERT INTO account_operation (id, amount, description, operation_date, type, bank_account_id) VALUES (8363, 24.94, 'ONEE Electricity', '2026-05-21 19:56:31', 'DEBIT', 'acc-fb431c66-57cc-41df-beef-53c2b0e9200b');
INSERT INTO account_operation (id, amount, description, operation_date, type, bank_account_id) VALUES (8364, 570.8, 'Marjane Supermarket', '2026-06-07 19:56:31', 'DEBIT', 'acc-fb431c66-57cc-41df-beef-53c2b0e9200b');
INSERT INTO account_operation (id, amount, description, operation_date, type, bank_account_id) VALUES (8365, 1283.61, 'ONEE Electricity', '2026-06-05 19:56:31', 'DEBIT', 'acc-fb431c66-57cc-41df-beef-53c2b0e9200b');
INSERT INTO bank_account (id, type, balance, created_at, customer_id, over_draft, interest_rate) VALUES ('acc-24a31b38-8563-4f67-a618-73b9a2e54539', 'SAVE', 49598.6, '2025-11-24 19:56:31', 142, NULL, 4.85);
INSERT INTO account_operation (id, amount, description, operation_date, type, bank_account_id) VALUES (8366, 10762.77, 'Initial Account Funding', '2025-11-24 19:56:31', 'CREDIT', 'acc-24a31b38-8563-4f67-a618-73b9a2e54539');
INSERT INTO account_operation (id, amount, description, operation_date, type, bank_account_id) VALUES (8367, 1269.46, 'Restaurant', '2026-05-23 19:56:31', 'DEBIT', 'acc-24a31b38-8563-4f67-a618-73b9a2e54539');
INSERT INTO account_operation (id, amount, description, operation_date, type, bank_account_id) VALUES (8368, 3145.14, 'Dividend Payout', '2026-04-01 19:56:31', 'CREDIT', 'acc-24a31b38-8563-4f67-a618-73b9a2e54539');
INSERT INTO account_operation (id, amount, description, operation_date, type, bank_account_id) VALUES (8369, 1444.4, 'CTM Bus', '2026-03-21 19:56:31', 'DEBIT', 'acc-24a31b38-8563-4f67-a618-73b9a2e54539');
INSERT INTO account_operation (id, amount, description, operation_date, type, bank_account_id) VALUES (8370, 943.78, 'Orange', '2026-03-04 19:56:31', 'DEBIT', 'acc-24a31b38-8563-4f67-a618-73b9a2e54539');
INSERT INTO account_operation (id, amount, description, operation_date, type, bank_account_id) VALUES (8371, 223.29, 'Local Cafe', '2026-05-10 19:56:31', 'DEBIT', 'acc-24a31b38-8563-4f67-a618-73b9a2e54539');
INSERT INTO account_operation (id, amount, description, operation_date, type, bank_account_id) VALUES (8372, 666.92, 'Amendis', '2026-05-19 19:56:31', 'DEBIT', 'acc-24a31b38-8563-4f67-a618-73b9a2e54539');
INSERT INTO account_operation (id, amount, description, operation_date, type, bank_account_id) VALUES (8373, 301.63, 'Amendis', '2026-06-03 19:56:31', 'DEBIT', 'acc-24a31b38-8563-4f67-a618-73b9a2e54539');
INSERT INTO account_operation (id, amount, description, operation_date, type, bank_account_id) VALUES (8374, 658.55, 'Carrefour', '2026-03-14 19:56:31', 'DEBIT', 'acc-24a31b38-8563-4f67-a618-73b9a2e54539');
INSERT INTO account_operation (id, amount, description, operation_date, type, bank_account_id) VALUES (8375, 593.52, 'Amendis', '2025-12-25 19:56:31', 'DEBIT', 'acc-24a31b38-8563-4f67-a618-73b9a2e54539');
INSERT INTO account_operation (id, amount, description, operation_date, type, bank_account_id) VALUES (8376, 865.27, 'Decathlon', '2026-01-21 19:56:31', 'DEBIT', 'acc-24a31b38-8563-4f67-a618-73b9a2e54539');
INSERT INTO account_operation (id, amount, description, operation_date, type, bank_account_id) VALUES (8377, 702.01, 'Netflix Subscription', '2026-06-04 19:56:31', 'DEBIT', 'acc-24a31b38-8563-4f67-a618-73b9a2e54539');
INSERT INTO account_operation (id, amount, description, operation_date, type, bank_account_id) VALUES (8378, 1906.75, 'Restaurant', '2026-05-15 19:56:31', 'DEBIT', 'acc-24a31b38-8563-4f67-a618-73b9a2e54539');
INSERT INTO account_operation (id, amount, description, operation_date, type, bank_account_id) VALUES (8379, 1991.86, 'CTM Bus', '2026-06-11 19:56:31', 'DEBIT', 'acc-24a31b38-8563-4f67-a618-73b9a2e54539');
INSERT INTO account_operation (id, amount, description, operation_date, type, bank_account_id) VALUES (8380, 11133.44, 'Freelance Payment', '2026-06-07 19:56:31', 'CREDIT', 'acc-24a31b38-8563-4f67-a618-73b9a2e54539');
INSERT INTO account_operation (id, amount, description, operation_date, type, bank_account_id) VALUES (8381, 3140.42, 'Cash Deposit', '2026-03-30 19:56:31', 'CREDIT', 'acc-24a31b38-8563-4f67-a618-73b9a2e54539');
INSERT INTO account_operation (id, amount, description, operation_date, type, bank_account_id) VALUES (8382, 1019.31, 'Maroc Telecom', '2026-01-25 19:56:31', 'DEBIT', 'acc-24a31b38-8563-4f67-a618-73b9a2e54539');
INSERT INTO account_operation (id, amount, description, operation_date, type, bank_account_id) VALUES (8383, 147.35, 'Orange', '2026-02-19 19:56:31', 'DEBIT', 'acc-24a31b38-8563-4f67-a618-73b9a2e54539');
INSERT INTO account_operation (id, amount, description, operation_date, type, bank_account_id) VALUES (8384, 1782.09, 'Netflix Subscription', '2026-01-10 19:56:31', 'DEBIT', 'acc-24a31b38-8563-4f67-a618-73b9a2e54539');
INSERT INTO account_operation (id, amount, description, operation_date, type, bank_account_id) VALUES (8385, 10080.74, 'Freelance Payment', '2026-01-30 19:56:31', 'CREDIT', 'acc-24a31b38-8563-4f67-a618-73b9a2e54539');
INSERT INTO account_operation (id, amount, description, operation_date, type, bank_account_id) VALUES (8386, 8506.11, 'Transfer Received', '2026-04-07 19:56:31', 'CREDIT', 'acc-24a31b38-8563-4f67-a618-73b9a2e54539');
INSERT INTO account_operation (id, amount, description, operation_date, type, bank_account_id) VALUES (8387, 1389.22, 'Carrefour', '2026-03-12 19:56:31', 'DEBIT', 'acc-24a31b38-8563-4f67-a618-73b9a2e54539');
INSERT INTO account_operation (id, amount, description, operation_date, type, bank_account_id) VALUES (8388, 600.74, 'Spotify', '2026-05-25 19:56:31', 'DEBIT', 'acc-24a31b38-8563-4f67-a618-73b9a2e54539');
INSERT INTO account_operation (id, amount, description, operation_date, type, bank_account_id) VALUES (8389, 85.21, 'ONEE Electricity', '2026-02-12 19:56:31', 'DEBIT', 'acc-24a31b38-8563-4f67-a618-73b9a2e54539');
INSERT INTO account_operation (id, amount, description, operation_date, type, bank_account_id) VALUES (8390, 388.7, 'Decathlon', '2026-03-31 19:56:31', 'DEBIT', 'acc-24a31b38-8563-4f67-a618-73b9a2e54539');
INSERT INTO account_operation (id, amount, description, operation_date, type, bank_account_id) VALUES (8391, 1396.14, 'Redal', '2026-03-30 19:56:31', 'DEBIT', 'acc-24a31b38-8563-4f67-a618-73b9a2e54539');
INSERT INTO account_operation (id, amount, description, operation_date, type, bank_account_id) VALUES (8392, 12960.75, 'Dividend Payout', '2026-02-21 19:56:31', 'CREDIT', 'acc-24a31b38-8563-4f67-a618-73b9a2e54539');
INSERT INTO account_operation (id, amount, description, operation_date, type, bank_account_id) VALUES (8393, 534.01, 'Maroc Telecom', '2026-03-22 19:56:31', 'DEBIT', 'acc-24a31b38-8563-4f67-a618-73b9a2e54539');
INSERT INTO account_operation (id, amount, description, operation_date, type, bank_account_id) VALUES (8394, 1761.11, 'Marjane Supermarket', '2026-03-12 19:56:31', 'DEBIT', 'acc-24a31b38-8563-4f67-a618-73b9a2e54539');
INSERT INTO account_operation (id, amount, description, operation_date, type, bank_account_id) VALUES (8395, 509.81, 'Orange', '2026-05-17 19:56:31', 'DEBIT', 'acc-24a31b38-8563-4f67-a618-73b9a2e54539');
INSERT INTO account_operation (id, amount, description, operation_date, type, bank_account_id) VALUES (8396, 2290.34, 'Dividend Payout', '2026-06-24 19:56:31', 'CREDIT', 'acc-24a31b38-8563-4f67-a618-73b9a2e54539');
INSERT INTO account_operation (id, amount, description, operation_date, type, bank_account_id) VALUES (8397, 1764.82, 'Marjane Supermarket', '2026-02-17 19:56:31', 'DEBIT', 'acc-24a31b38-8563-4f67-a618-73b9a2e54539');
INSERT INTO account_operation (id, amount, description, operation_date, type, bank_account_id) VALUES (8398, 847.18, 'Restaurant', '2025-12-25 19:56:31', 'DEBIT', 'acc-24a31b38-8563-4f67-a618-73b9a2e54539');
INSERT INTO account_operation (id, amount, description, operation_date, type, bank_account_id) VALUES (8399, 1564.91, 'CTM Bus', '2026-03-16 19:56:31', 'DEBIT', 'acc-24a31b38-8563-4f67-a618-73b9a2e54539');
INSERT INTO account_operation (id, amount, description, operation_date, type, bank_account_id) VALUES (8400, 5206.1, 'Salary Deposit', '2026-05-11 19:56:31', 'CREDIT', 'acc-24a31b38-8563-4f67-a618-73b9a2e54539');
INSERT INTO account_operation (id, amount, description, operation_date, type, bank_account_id) VALUES (8401, 1960.31, 'Carrefour', '2026-06-24 19:56:31', 'DEBIT', 'acc-24a31b38-8563-4f67-a618-73b9a2e54539');
INSERT INTO account_operation (id, amount, description, operation_date, type, bank_account_id) VALUES (8402, 853.38, 'LC Waikiki', '2026-05-13 19:56:31', 'DEBIT', 'acc-24a31b38-8563-4f67-a618-73b9a2e54539');
INSERT INTO account_operation (id, amount, description, operation_date, type, bank_account_id) VALUES (8403, 1717.31, 'LC Waikiki', '2025-12-19 19:56:31', 'DEBIT', 'acc-24a31b38-8563-4f67-a618-73b9a2e54539');
INSERT INTO account_operation (id, amount, description, operation_date, type, bank_account_id) VALUES (8404, 1570.89, 'Marjane Supermarket', '2026-05-06 19:56:31', 'DEBIT', 'acc-24a31b38-8563-4f67-a618-73b9a2e54539');
INSERT INTO account_operation (id, amount, description, operation_date, type, bank_account_id) VALUES (8405, 864.39, 'BIM Store', '2026-05-19 19:56:31', 'DEBIT', 'acc-24a31b38-8563-4f67-a618-73b9a2e54539');
INSERT INTO account_operation (id, amount, description, operation_date, type, bank_account_id) VALUES (8406, 13143.22, 'Freelance Payment', '2026-02-20 19:56:31', 'CREDIT', 'acc-24a31b38-8563-4f67-a618-73b9a2e54539');
INSERT INTO account_operation (id, amount, description, operation_date, type, bank_account_id) VALUES (8407, 1759.44, 'Restaurant', '2025-12-28 19:56:31', 'DEBIT', 'acc-24a31b38-8563-4f67-a618-73b9a2e54539');
INSERT INTO account_operation (id, amount, description, operation_date, type, bank_account_id) VALUES (8408, 7899.56, 'Freelance Payment', '2026-04-23 19:56:31', 'CREDIT', 'acc-24a31b38-8563-4f67-a618-73b9a2e54539');
INSERT INTO account_operation (id, amount, description, operation_date, type, bank_account_id) VALUES (8409, 1627.31, 'Zara', '2025-12-29 19:56:31', 'DEBIT', 'acc-24a31b38-8563-4f67-a618-73b9a2e54539');
INSERT INTO account_operation (id, amount, description, operation_date, type, bank_account_id) VALUES (8410, 921.58, 'ONCF Train', '2026-04-09 19:56:31', 'DEBIT', 'acc-24a31b38-8563-4f67-a618-73b9a2e54539');
INSERT INTO account_operation (id, amount, description, operation_date, type, bank_account_id) VALUES (8411, 766.15, 'Netflix Subscription', '2026-03-27 19:56:31', 'DEBIT', 'acc-24a31b38-8563-4f67-a618-73b9a2e54539');
INSERT INTO account_operation (id, amount, description, operation_date, type, bank_account_id) VALUES (8412, 1504.97, 'Spotify', '2026-05-18 19:56:31', 'DEBIT', 'acc-24a31b38-8563-4f67-a618-73b9a2e54539');
INSERT INTO account_operation (id, amount, description, operation_date, type, bank_account_id) VALUES (8413, 1707.76, 'Pharmacy', '2025-12-22 19:56:31', 'DEBIT', 'acc-24a31b38-8563-4f67-a618-73b9a2e54539');
INSERT INTO account_operation (id, amount, description, operation_date, type, bank_account_id) VALUES (8414, 1495.97, 'Netflix Subscription', '2026-01-25 19:56:31', 'DEBIT', 'acc-24a31b38-8563-4f67-a618-73b9a2e54539');
INSERT INTO account_operation (id, amount, description, operation_date, type, bank_account_id) VALUES (8415, 3437.51, 'Transfer Received', '2026-06-24 19:56:31', 'CREDIT', 'acc-24a31b38-8563-4f67-a618-73b9a2e54539');

INSERT INTO customer (id, name, email) VALUES (143, 'Ayoub Alaoui', 'ayoub.alaoui@gmail.com');
INSERT INTO bank_account (id, type, balance, created_at, customer_id, over_draft, interest_rate) VALUES ('acc-e9b7478d-bbfa-4a75-9371-d936185e13ef', 'CURR', 53243.55, '2026-01-14 19:56:31', 143, 8597.43, NULL);
INSERT INTO account_operation (id, amount, description, operation_date, type, bank_account_id) VALUES (8416, 29339.65, 'Initial Account Funding', '2026-01-14 19:56:31', 'CREDIT', 'acc-e9b7478d-bbfa-4a75-9371-d936185e13ef');
INSERT INTO account_operation (id, amount, description, operation_date, type, bank_account_id) VALUES (8417, 9193.51, 'Dividend Payout', '2026-02-16 19:56:31', 'CREDIT', 'acc-e9b7478d-bbfa-4a75-9371-d936185e13ef');
INSERT INTO account_operation (id, amount, description, operation_date, type, bank_account_id) VALUES (8418, 578.56, 'Marjane Supermarket', '2026-01-21 19:56:31', 'DEBIT', 'acc-e9b7478d-bbfa-4a75-9371-d936185e13ef');
INSERT INTO account_operation (id, amount, description, operation_date, type, bank_account_id) VALUES (8419, 886.8, 'Zara', '2026-03-10 19:56:31', 'DEBIT', 'acc-e9b7478d-bbfa-4a75-9371-d936185e13ef');
INSERT INTO account_operation (id, amount, description, operation_date, type, bank_account_id) VALUES (8420, 1561.51, 'Carrefour', '2026-03-26 19:56:31', 'DEBIT', 'acc-e9b7478d-bbfa-4a75-9371-d936185e13ef');
INSERT INTO account_operation (id, amount, description, operation_date, type, bank_account_id) VALUES (8421, 115.57, 'Amendis', '2026-04-15 19:56:31', 'DEBIT', 'acc-e9b7478d-bbfa-4a75-9371-d936185e13ef');
INSERT INTO account_operation (id, amount, description, operation_date, type, bank_account_id) VALUES (8422, 1191.91, 'Restaurant', '2026-06-03 19:56:31', 'DEBIT', 'acc-e9b7478d-bbfa-4a75-9371-d936185e13ef');
INSERT INTO account_operation (id, amount, description, operation_date, type, bank_account_id) VALUES (8423, 39.71, 'Orange', '2026-02-16 19:56:31', 'DEBIT', 'acc-e9b7478d-bbfa-4a75-9371-d936185e13ef');
INSERT INTO account_operation (id, amount, description, operation_date, type, bank_account_id) VALUES (8424, 1859.49, 'Amendis', '2026-04-14 19:56:31', 'DEBIT', 'acc-e9b7478d-bbfa-4a75-9371-d936185e13ef');
INSERT INTO account_operation (id, amount, description, operation_date, type, bank_account_id) VALUES (8425, 9783.67, 'Transfer Received', '2026-01-21 19:56:31', 'CREDIT', 'acc-e9b7478d-bbfa-4a75-9371-d936185e13ef');
INSERT INTO account_operation (id, amount, description, operation_date, type, bank_account_id) VALUES (8426, 1401.08, 'Decathlon', '2026-02-04 19:56:31', 'DEBIT', 'acc-e9b7478d-bbfa-4a75-9371-d936185e13ef');
INSERT INTO account_operation (id, amount, description, operation_date, type, bank_account_id) VALUES (8427, 1599.83, 'CTM Bus', '2026-03-24 19:56:31', 'DEBIT', 'acc-e9b7478d-bbfa-4a75-9371-d936185e13ef');
INSERT INTO account_operation (id, amount, description, operation_date, type, bank_account_id) VALUES (8428, 12.03, 'CTM Bus', '2026-01-14 19:56:31', 'DEBIT', 'acc-e9b7478d-bbfa-4a75-9371-d936185e13ef');
INSERT INTO account_operation (id, amount, description, operation_date, type, bank_account_id) VALUES (8429, 1876.75, 'Freelance Payment', '2026-06-13 19:56:31', 'CREDIT', 'acc-e9b7478d-bbfa-4a75-9371-d936185e13ef');
INSERT INTO account_operation (id, amount, description, operation_date, type, bank_account_id) VALUES (8430, 1201.57, 'Marjane Supermarket', '2026-04-10 19:56:31', 'DEBIT', 'acc-e9b7478d-bbfa-4a75-9371-d936185e13ef');
INSERT INTO account_operation (id, amount, description, operation_date, type, bank_account_id) VALUES (8431, 990.7, 'ONEE Electricity', '2026-03-16 19:56:31', 'DEBIT', 'acc-e9b7478d-bbfa-4a75-9371-d936185e13ef');
INSERT INTO account_operation (id, amount, description, operation_date, type, bank_account_id) VALUES (8432, 638.34, 'Redal', '2026-02-27 19:56:31', 'DEBIT', 'acc-e9b7478d-bbfa-4a75-9371-d936185e13ef');
INSERT INTO account_operation (id, amount, description, operation_date, type, bank_account_id) VALUES (8433, 7194.13, 'Salary Deposit', '2026-05-29 19:56:31', 'CREDIT', 'acc-e9b7478d-bbfa-4a75-9371-d936185e13ef');
INSERT INTO account_operation (id, amount, description, operation_date, type, bank_account_id) VALUES (8434, 9589.0, 'Freelance Payment', '2026-05-26 19:56:31', 'CREDIT', 'acc-e9b7478d-bbfa-4a75-9371-d936185e13ef');
INSERT INTO account_operation (id, amount, description, operation_date, type, bank_account_id) VALUES (8435, 1656.06, 'Spotify', '2026-04-16 19:56:31', 'DEBIT', 'acc-e9b7478d-bbfa-4a75-9371-d936185e13ef');

INSERT INTO customer (id, name, email) VALUES (144, 'Nadia El Fassi', 'nadia.el fassi@gmail.com');
INSERT INTO bank_account (id, type, balance, created_at, customer_id, over_draft, interest_rate) VALUES ('acc-26a3c16c-806c-4475-9e10-31513ed266df', 'SAVE', 74425.61, '2026-03-21 19:56:31', 144, NULL, 4.52);
INSERT INTO account_operation (id, amount, description, operation_date, type, bank_account_id) VALUES (8436, 10029.71, 'Initial Account Funding', '2026-03-21 19:56:31', 'CREDIT', 'acc-26a3c16c-806c-4475-9e10-31513ed266df');
INSERT INTO account_operation (id, amount, description, operation_date, type, bank_account_id) VALUES (8437, 419.98, 'Pharmacy', '2026-06-13 19:56:31', 'DEBIT', 'acc-26a3c16c-806c-4475-9e10-31513ed266df');
INSERT INTO account_operation (id, amount, description, operation_date, type, bank_account_id) VALUES (8438, 3061.03, 'Cash Deposit', '2026-06-19 19:56:31', 'CREDIT', 'acc-26a3c16c-806c-4475-9e10-31513ed266df');
INSERT INTO account_operation (id, amount, description, operation_date, type, bank_account_id) VALUES (8439, 7884.57, 'Dividend Payout', '2026-03-21 19:56:31', 'CREDIT', 'acc-26a3c16c-806c-4475-9e10-31513ed266df');
INSERT INTO account_operation (id, amount, description, operation_date, type, bank_account_id) VALUES (8440, 9008.08, 'Freelance Payment', '2026-04-03 19:56:31', 'CREDIT', 'acc-26a3c16c-806c-4475-9e10-31513ed266df');
INSERT INTO account_operation (id, amount, description, operation_date, type, bank_account_id) VALUES (8441, 474.06, 'Orange', '2026-04-04 19:56:31', 'DEBIT', 'acc-26a3c16c-806c-4475-9e10-31513ed266df');
INSERT INTO account_operation (id, amount, description, operation_date, type, bank_account_id) VALUES (8442, 9030.55, 'Cash Deposit', '2026-04-30 19:56:31', 'CREDIT', 'acc-26a3c16c-806c-4475-9e10-31513ed266df');
INSERT INTO account_operation (id, amount, description, operation_date, type, bank_account_id) VALUES (8443, 13058.27, 'Freelance Payment', '2026-04-01 19:56:31', 'CREDIT', 'acc-26a3c16c-806c-4475-9e10-31513ed266df');
INSERT INTO account_operation (id, amount, description, operation_date, type, bank_account_id) VALUES (8444, 368.44, 'ONEE Electricity', '2026-04-25 19:56:31', 'DEBIT', 'acc-26a3c16c-806c-4475-9e10-31513ed266df');
INSERT INTO account_operation (id, amount, description, operation_date, type, bank_account_id) VALUES (8445, 1168.56, 'Redal', '2026-06-24 19:56:31', 'DEBIT', 'acc-26a3c16c-806c-4475-9e10-31513ed266df');
INSERT INTO account_operation (id, amount, description, operation_date, type, bank_account_id) VALUES (8446, 1910.08, 'CTM Bus', '2026-06-06 19:56:31', 'DEBIT', 'acc-26a3c16c-806c-4475-9e10-31513ed266df');
INSERT INTO account_operation (id, amount, description, operation_date, type, bank_account_id) VALUES (8447, 1086.23, 'ONCF Train', '2026-06-23 19:56:31', 'DEBIT', 'acc-26a3c16c-806c-4475-9e10-31513ed266df');
INSERT INTO account_operation (id, amount, description, operation_date, type, bank_account_id) VALUES (8448, 374.13, 'Inwi', '2026-05-01 19:56:31', 'DEBIT', 'acc-26a3c16c-806c-4475-9e10-31513ed266df');
INSERT INTO account_operation (id, amount, description, operation_date, type, bank_account_id) VALUES (8449, 1356.57, 'Restaurant', '2026-04-26 19:56:31', 'DEBIT', 'acc-26a3c16c-806c-4475-9e10-31513ed266df');
INSERT INTO account_operation (id, amount, description, operation_date, type, bank_account_id) VALUES (8450, 3960.01, 'Salary Deposit', '2026-05-27 19:56:31', 'CREDIT', 'acc-26a3c16c-806c-4475-9e10-31513ed266df');
INSERT INTO account_operation (id, amount, description, operation_date, type, bank_account_id) VALUES (8451, 940.36, 'Decathlon', '2026-06-15 19:56:31', 'DEBIT', 'acc-26a3c16c-806c-4475-9e10-31513ed266df');
INSERT INTO account_operation (id, amount, description, operation_date, type, bank_account_id) VALUES (8452, 6495.39, 'Dividend Payout', '2026-06-04 19:56:31', 'CREDIT', 'acc-26a3c16c-806c-4475-9e10-31513ed266df');
INSERT INTO account_operation (id, amount, description, operation_date, type, bank_account_id) VALUES (8453, 11668.89, 'Salary Deposit', '2026-05-27 19:56:31', 'CREDIT', 'acc-26a3c16c-806c-4475-9e10-31513ed266df');
INSERT INTO account_operation (id, amount, description, operation_date, type, bank_account_id) VALUES (8454, 6786.79, 'Freelance Payment', '2026-05-08 19:56:31', 'CREDIT', 'acc-26a3c16c-806c-4475-9e10-31513ed266df');
INSERT INTO account_operation (id, amount, description, operation_date, type, bank_account_id) VALUES (8455, 975.12, 'Maroc Telecom', '2026-04-01 19:56:31', 'DEBIT', 'acc-26a3c16c-806c-4475-9e10-31513ed266df');
INSERT INTO account_operation (id, amount, description, operation_date, type, bank_account_id) VALUES (8456, 1116.35, 'BIM Store', '2026-04-24 19:56:31', 'DEBIT', 'acc-26a3c16c-806c-4475-9e10-31513ed266df');
INSERT INTO account_operation (id, amount, description, operation_date, type, bank_account_id) VALUES (8457, 1989.74, 'ONCF Train', '2026-04-14 19:56:31', 'DEBIT', 'acc-26a3c16c-806c-4475-9e10-31513ed266df');
INSERT INTO account_operation (id, amount, description, operation_date, type, bank_account_id) VALUES (8458, 4396.78, 'Salary Deposit', '2026-04-14 19:56:31', 'CREDIT', 'acc-26a3c16c-806c-4475-9e10-31513ed266df');
INSERT INTO account_operation (id, amount, description, operation_date, type, bank_account_id) VALUES (8459, 70.24, 'Decathlon', '2026-04-05 19:56:31', 'DEBIT', 'acc-26a3c16c-806c-4475-9e10-31513ed266df');
INSERT INTO account_operation (id, amount, description, operation_date, type, bank_account_id) VALUES (8460, 6809.45, 'Salary Deposit', '2026-03-28 19:56:31', 'CREDIT', 'acc-26a3c16c-806c-4475-9e10-31513ed266df');
INSERT INTO account_operation (id, amount, description, operation_date, type, bank_account_id) VALUES (8461, 1515.08, 'BIM Store', '2026-05-04 19:56:31', 'DEBIT', 'acc-26a3c16c-806c-4475-9e10-31513ed266df');
INSERT INTO account_operation (id, amount, description, operation_date, type, bank_account_id) VALUES (8462, 1805.96, 'LC Waikiki', '2026-05-17 19:56:31', 'DEBIT', 'acc-26a3c16c-806c-4475-9e10-31513ed266df');
INSERT INTO account_operation (id, amount, description, operation_date, type, bank_account_id) VALUES (8463, 994.42, 'BIM Store', '2026-04-16 19:56:31', 'DEBIT', 'acc-26a3c16c-806c-4475-9e10-31513ed266df');
INSERT INTO account_operation (id, amount, description, operation_date, type, bank_account_id) VALUES (8464, 1198.59, 'Netflix Subscription', '2026-04-14 19:56:31', 'DEBIT', 'acc-26a3c16c-806c-4475-9e10-31513ed266df');
INSERT INTO bank_account (id, type, balance, created_at, customer_id, over_draft, interest_rate) VALUES ('acc-17a94c0b-c1b1-40fd-ab3d-bdd91fd18137', 'SAVE', 57648.0, '2026-05-14 19:56:31', 144, NULL, 1.73);
INSERT INTO account_operation (id, amount, description, operation_date, type, bank_account_id) VALUES (8465, 34279.46, 'Initial Account Funding', '2026-05-14 19:56:31', 'CREDIT', 'acc-17a94c0b-c1b1-40fd-ab3d-bdd91fd18137');
INSERT INTO account_operation (id, amount, description, operation_date, type, bank_account_id) VALUES (8466, 662.5, 'Restaurant', '2026-06-13 19:56:31', 'DEBIT', 'acc-17a94c0b-c1b1-40fd-ab3d-bdd91fd18137');
INSERT INTO account_operation (id, amount, description, operation_date, type, bank_account_id) VALUES (8467, 6681.56, 'Salary Deposit', '2026-06-03 19:56:31', 'CREDIT', 'acc-17a94c0b-c1b1-40fd-ab3d-bdd91fd18137');
INSERT INTO account_operation (id, amount, description, operation_date, type, bank_account_id) VALUES (8468, 1389.07, 'CTM Bus', '2026-06-25 19:56:31', 'DEBIT', 'acc-17a94c0b-c1b1-40fd-ab3d-bdd91fd18137');
INSERT INTO account_operation (id, amount, description, operation_date, type, bank_account_id) VALUES (8469, 677.67, 'Amendis', '2026-05-16 19:56:31', 'DEBIT', 'acc-17a94c0b-c1b1-40fd-ab3d-bdd91fd18137');
INSERT INTO account_operation (id, amount, description, operation_date, type, bank_account_id) VALUES (8470, 1058.78, 'Local Cafe', '2026-06-03 19:56:31', 'DEBIT', 'acc-17a94c0b-c1b1-40fd-ab3d-bdd91fd18137');
INSERT INTO account_operation (id, amount, description, operation_date, type, bank_account_id) VALUES (8471, 794.23, 'Redal', '2026-06-10 19:56:31', 'DEBIT', 'acc-17a94c0b-c1b1-40fd-ab3d-bdd91fd18137');
INSERT INTO account_operation (id, amount, description, operation_date, type, bank_account_id) VALUES (8472, 1367.54, 'Orange', '2026-06-28 19:56:31', 'DEBIT', 'acc-17a94c0b-c1b1-40fd-ab3d-bdd91fd18137');
INSERT INTO account_operation (id, amount, description, operation_date, type, bank_account_id) VALUES (8473, 6670.17, 'Freelance Payment', '2026-06-21 19:56:31', 'CREDIT', 'acc-17a94c0b-c1b1-40fd-ab3d-bdd91fd18137');
INSERT INTO account_operation (id, amount, description, operation_date, type, bank_account_id) VALUES (8474, 1270.89, 'ONEE Electricity', '2026-05-18 19:56:31', 'DEBIT', 'acc-17a94c0b-c1b1-40fd-ab3d-bdd91fd18137');
INSERT INTO account_operation (id, amount, description, operation_date, type, bank_account_id) VALUES (8475, 642.22, 'Zara', '2026-05-14 19:56:31', 'DEBIT', 'acc-17a94c0b-c1b1-40fd-ab3d-bdd91fd18137');
INSERT INTO account_operation (id, amount, description, operation_date, type, bank_account_id) VALUES (8476, 947.57, 'Spotify', '2026-06-07 19:56:31', 'DEBIT', 'acc-17a94c0b-c1b1-40fd-ab3d-bdd91fd18137');
INSERT INTO account_operation (id, amount, description, operation_date, type, bank_account_id) VALUES (8477, 663.32, 'Carrefour', '2026-06-01 19:56:31', 'DEBIT', 'acc-17a94c0b-c1b1-40fd-ab3d-bdd91fd18137');
INSERT INTO account_operation (id, amount, description, operation_date, type, bank_account_id) VALUES (8478, 584.19, 'CTM Bus', '2026-05-30 19:56:31', 'DEBIT', 'acc-17a94c0b-c1b1-40fd-ab3d-bdd91fd18137');
INSERT INTO account_operation (id, amount, description, operation_date, type, bank_account_id) VALUES (8479, 457.49, 'Restaurant', '2026-06-07 19:56:31', 'DEBIT', 'acc-17a94c0b-c1b1-40fd-ab3d-bdd91fd18137');
INSERT INTO account_operation (id, amount, description, operation_date, type, bank_account_id) VALUES (8480, 147.41, 'Carrefour', '2026-06-09 19:56:31', 'DEBIT', 'acc-17a94c0b-c1b1-40fd-ab3d-bdd91fd18137');
INSERT INTO account_operation (id, amount, description, operation_date, type, bank_account_id) VALUES (8481, 1958.3, 'Decathlon', '2026-05-23 19:56:31', 'DEBIT', 'acc-17a94c0b-c1b1-40fd-ab3d-bdd91fd18137');
INSERT INTO account_operation (id, amount, description, operation_date, type, bank_account_id) VALUES (8482, 3166.81, 'Transfer Received', '2026-05-14 19:56:31', 'CREDIT', 'acc-17a94c0b-c1b1-40fd-ab3d-bdd91fd18137');
INSERT INTO account_operation (id, amount, description, operation_date, type, bank_account_id) VALUES (8483, 1709.16, 'LC Waikiki', '2026-06-15 19:56:31', 'DEBIT', 'acc-17a94c0b-c1b1-40fd-ab3d-bdd91fd18137');
INSERT INTO account_operation (id, amount, description, operation_date, type, bank_account_id) VALUES (8484, 11430.2, 'Transfer Received', '2026-06-18 19:56:31', 'CREDIT', 'acc-17a94c0b-c1b1-40fd-ab3d-bdd91fd18137');
INSERT INTO account_operation (id, amount, description, operation_date, type, bank_account_id) VALUES (8485, 5920.82, 'Cash Deposit', '2026-05-31 19:56:31', 'CREDIT', 'acc-17a94c0b-c1b1-40fd-ab3d-bdd91fd18137');
INSERT INTO account_operation (id, amount, description, operation_date, type, bank_account_id) VALUES (8486, 2540.72, 'Salary Deposit', '2026-06-08 19:56:31', 'CREDIT', 'acc-17a94c0b-c1b1-40fd-ab3d-bdd91fd18137');
INSERT INTO account_operation (id, amount, description, operation_date, type, bank_account_id) VALUES (8487, 139.78, 'Restaurant', '2026-06-26 19:56:31', 'DEBIT', 'acc-17a94c0b-c1b1-40fd-ab3d-bdd91fd18137');
INSERT INTO account_operation (id, amount, description, operation_date, type, bank_account_id) VALUES (8488, 73.5, 'Decathlon', '2026-06-04 19:56:31', 'DEBIT', 'acc-17a94c0b-c1b1-40fd-ab3d-bdd91fd18137');
INSERT INTO account_operation (id, amount, description, operation_date, type, bank_account_id) VALUES (8489, 1141.01, 'Maroc Telecom', '2026-06-13 19:56:31', 'DEBIT', 'acc-17a94c0b-c1b1-40fd-ab3d-bdd91fd18137');
INSERT INTO account_operation (id, amount, description, operation_date, type, bank_account_id) VALUES (8490, 187.25, 'ONEE Electricity', '2026-06-01 19:56:31', 'DEBIT', 'acc-17a94c0b-c1b1-40fd-ab3d-bdd91fd18137');
INSERT INTO account_operation (id, amount, description, operation_date, type, bank_account_id) VALUES (8491, 1538.46, 'Marjane Supermarket', '2026-06-19 19:56:31', 'DEBIT', 'acc-17a94c0b-c1b1-40fd-ab3d-bdd91fd18137');
INSERT INTO account_operation (id, amount, description, operation_date, type, bank_account_id) VALUES (8492, 228.09, 'Zara', '2026-06-04 19:56:31', 'DEBIT', 'acc-17a94c0b-c1b1-40fd-ab3d-bdd91fd18137');
INSERT INTO account_operation (id, amount, description, operation_date, type, bank_account_id) VALUES (8493, 627.91, 'Local Cafe', '2026-05-25 19:56:31', 'DEBIT', 'acc-17a94c0b-c1b1-40fd-ab3d-bdd91fd18137');
INSERT INTO account_operation (id, amount, description, operation_date, type, bank_account_id) VALUES (8494, 1605.32, 'ONCF Train', '2026-05-18 19:56:31', 'DEBIT', 'acc-17a94c0b-c1b1-40fd-ab3d-bdd91fd18137');
INSERT INTO account_operation (id, amount, description, operation_date, type, bank_account_id) VALUES (8495, 631.84, 'Zara', '2026-05-20 19:56:31', 'DEBIT', 'acc-17a94c0b-c1b1-40fd-ab3d-bdd91fd18137');
INSERT INTO account_operation (id, amount, description, operation_date, type, bank_account_id) VALUES (8496, 1330.84, 'ONCF Train', '2026-05-16 19:56:31', 'DEBIT', 'acc-17a94c0b-c1b1-40fd-ab3d-bdd91fd18137');
INSERT INTO account_operation (id, amount, description, operation_date, type, bank_account_id) VALUES (8497, 12412.56, 'Dividend Payout', '2026-06-04 19:56:31', 'CREDIT', 'acc-17a94c0b-c1b1-40fd-ab3d-bdd91fd18137');
INSERT INTO account_operation (id, amount, description, operation_date, type, bank_account_id) VALUES (8498, 1309.27, 'Maroc Telecom', '2026-06-25 19:56:31', 'DEBIT', 'acc-17a94c0b-c1b1-40fd-ab3d-bdd91fd18137');
INSERT INTO account_operation (id, amount, description, operation_date, type, bank_account_id) VALUES (8499, 427.53, 'Amendis', '2026-05-29 19:56:31', 'DEBIT', 'acc-17a94c0b-c1b1-40fd-ab3d-bdd91fd18137');
INSERT INTO account_operation (id, amount, description, operation_date, type, bank_account_id) VALUES (8500, 919.82, 'BIM Store', '2026-06-01 19:56:31', 'DEBIT', 'acc-17a94c0b-c1b1-40fd-ab3d-bdd91fd18137');
INSERT INTO account_operation (id, amount, description, operation_date, type, bank_account_id) VALUES (8501, 35.32, 'Decathlon', '2026-05-22 19:56:31', 'DEBIT', 'acc-17a94c0b-c1b1-40fd-ab3d-bdd91fd18137');
INSERT INTO account_operation (id, amount, description, operation_date, type, bank_account_id) VALUES (8502, 374.15, 'ONEE Electricity', '2026-06-07 19:56:31', 'DEBIT', 'acc-17a94c0b-c1b1-40fd-ab3d-bdd91fd18137');
INSERT INTO account_operation (id, amount, description, operation_date, type, bank_account_id) VALUES (8503, 553.87, 'Orange', '2026-05-22 19:56:31', 'DEBIT', 'acc-17a94c0b-c1b1-40fd-ab3d-bdd91fd18137');

INSERT INTO customer (id, name, email) VALUES (145, 'Amina Lahlou', 'amina.lahlou@gmail.com');
INSERT INTO bank_account (id, type, balance, created_at, customer_id, over_draft, interest_rate) VALUES ('acc-e10f3852-2e3f-41b8-9ee3-c074c0a3d606', 'CURR', 41733.29, '2026-03-21 19:56:31', 145, 1840.42, NULL);
INSERT INTO account_operation (id, amount, description, operation_date, type, bank_account_id) VALUES (8504, 7597.64, 'Initial Account Funding', '2026-03-21 19:56:31', 'CREDIT', 'acc-e10f3852-2e3f-41b8-9ee3-c074c0a3d606');
INSERT INTO account_operation (id, amount, description, operation_date, type, bank_account_id) VALUES (8505, 1530.58, 'Orange', '2026-05-12 19:56:31', 'DEBIT', 'acc-e10f3852-2e3f-41b8-9ee3-c074c0a3d606');
INSERT INTO account_operation (id, amount, description, operation_date, type, bank_account_id) VALUES (8506, 759.5, 'Decathlon', '2026-06-10 19:56:31', 'DEBIT', 'acc-e10f3852-2e3f-41b8-9ee3-c074c0a3d606');
INSERT INTO account_operation (id, amount, description, operation_date, type, bank_account_id) VALUES (8507, 756.77, 'Inwi', '2026-04-24 19:56:31', 'DEBIT', 'acc-e10f3852-2e3f-41b8-9ee3-c074c0a3d606');
INSERT INTO account_operation (id, amount, description, operation_date, type, bank_account_id) VALUES (8508, 870.45, 'Inwi', '2026-04-30 19:56:31', 'DEBIT', 'acc-e10f3852-2e3f-41b8-9ee3-c074c0a3d606');
INSERT INTO account_operation (id, amount, description, operation_date, type, bank_account_id) VALUES (8509, 12079.9, 'Cash Deposit', '2026-05-02 19:56:31', 'CREDIT', 'acc-e10f3852-2e3f-41b8-9ee3-c074c0a3d606');
INSERT INTO account_operation (id, amount, description, operation_date, type, bank_account_id) VALUES (8510, 6564.64, 'Cash Deposit', '2026-06-21 19:56:31', 'CREDIT', 'acc-e10f3852-2e3f-41b8-9ee3-c074c0a3d606');
INSERT INTO account_operation (id, amount, description, operation_date, type, bank_account_id) VALUES (8511, 356.86, 'Maroc Telecom', '2026-06-27 19:56:31', 'DEBIT', 'acc-e10f3852-2e3f-41b8-9ee3-c074c0a3d606');
INSERT INTO account_operation (id, amount, description, operation_date, type, bank_account_id) VALUES (8512, 964.24, 'LC Waikiki', '2026-05-17 19:56:31', 'DEBIT', 'acc-e10f3852-2e3f-41b8-9ee3-c074c0a3d606');
INSERT INTO account_operation (id, amount, description, operation_date, type, bank_account_id) VALUES (8513, 3584.68, 'Transfer Received', '2026-06-07 19:56:31', 'CREDIT', 'acc-e10f3852-2e3f-41b8-9ee3-c074c0a3d606');
INSERT INTO account_operation (id, amount, description, operation_date, type, bank_account_id) VALUES (8514, 1528.51, 'Spotify', '2026-03-26 19:56:31', 'DEBIT', 'acc-e10f3852-2e3f-41b8-9ee3-c074c0a3d606');
INSERT INTO account_operation (id, amount, description, operation_date, type, bank_account_id) VALUES (8515, 931.71, 'LC Waikiki', '2026-06-13 19:56:31', 'DEBIT', 'acc-e10f3852-2e3f-41b8-9ee3-c074c0a3d606');
INSERT INTO account_operation (id, amount, description, operation_date, type, bank_account_id) VALUES (8516, 1145.03, 'Carrefour', '2026-04-11 19:56:31', 'DEBIT', 'acc-e10f3852-2e3f-41b8-9ee3-c074c0a3d606');
INSERT INTO account_operation (id, amount, description, operation_date, type, bank_account_id) VALUES (8517, 1109.21, 'Orange', '2026-04-26 19:56:31', 'DEBIT', 'acc-e10f3852-2e3f-41b8-9ee3-c074c0a3d606');
INSERT INTO account_operation (id, amount, description, operation_date, type, bank_account_id) VALUES (8518, 1100.82, 'ONCF Train', '2026-06-06 19:56:31', 'DEBIT', 'acc-e10f3852-2e3f-41b8-9ee3-c074c0a3d606');
INSERT INTO account_operation (id, amount, description, operation_date, type, bank_account_id) VALUES (8519, 783.37, 'Zara', '2026-03-30 19:56:31', 'DEBIT', 'acc-e10f3852-2e3f-41b8-9ee3-c074c0a3d606');
INSERT INTO account_operation (id, amount, description, operation_date, type, bank_account_id) VALUES (8520, 12963.24, 'Freelance Payment', '2026-04-01 19:56:31', 'CREDIT', 'acc-e10f3852-2e3f-41b8-9ee3-c074c0a3d606');
INSERT INTO account_operation (id, amount, description, operation_date, type, bank_account_id) VALUES (8521, 148.39, 'LC Waikiki', '2026-06-05 19:56:31', 'DEBIT', 'acc-e10f3852-2e3f-41b8-9ee3-c074c0a3d606');
INSERT INTO account_operation (id, amount, description, operation_date, type, bank_account_id) VALUES (8522, 1281.52, 'Decathlon', '2026-04-25 19:56:31', 'DEBIT', 'acc-e10f3852-2e3f-41b8-9ee3-c074c0a3d606');
INSERT INTO account_operation (id, amount, description, operation_date, type, bank_account_id) VALUES (8523, 879.96, 'Restaurant', '2026-04-08 19:56:31', 'DEBIT', 'acc-e10f3852-2e3f-41b8-9ee3-c074c0a3d606');
INSERT INTO account_operation (id, amount, description, operation_date, type, bank_account_id) VALUES (8524, 6824.05, 'Cash Deposit', '2026-05-16 19:56:31', 'CREDIT', 'acc-e10f3852-2e3f-41b8-9ee3-c074c0a3d606');
INSERT INTO account_operation (id, amount, description, operation_date, type, bank_account_id) VALUES (8525, 1543.8, 'Transfer Received', '2026-06-09 19:56:31', 'CREDIT', 'acc-e10f3852-2e3f-41b8-9ee3-c074c0a3d606');
INSERT INTO account_operation (id, amount, description, operation_date, type, bank_account_id) VALUES (8526, 1123.6, 'Zara', '2026-05-29 19:56:31', 'DEBIT', 'acc-e10f3852-2e3f-41b8-9ee3-c074c0a3d606');
INSERT INTO account_operation (id, amount, description, operation_date, type, bank_account_id) VALUES (8527, 514.87, 'Marjane Supermarket', '2026-06-17 19:56:31', 'DEBIT', 'acc-e10f3852-2e3f-41b8-9ee3-c074c0a3d606');
INSERT INTO account_operation (id, amount, description, operation_date, type, bank_account_id) VALUES (8528, 758.64, 'ONEE Electricity', '2026-04-22 19:56:31', 'DEBIT', 'acc-e10f3852-2e3f-41b8-9ee3-c074c0a3d606');
INSERT INTO account_operation (id, amount, description, operation_date, type, bank_account_id) VALUES (8529, 1486.09, 'Orange', '2026-06-22 19:56:31', 'DEBIT', 'acc-e10f3852-2e3f-41b8-9ee3-c074c0a3d606');
INSERT INTO account_operation (id, amount, description, operation_date, type, bank_account_id) VALUES (8530, 1175.8, 'Marjane Supermarket', '2026-04-08 19:56:31', 'DEBIT', 'acc-e10f3852-2e3f-41b8-9ee3-c074c0a3d606');
INSERT INTO account_operation (id, amount, description, operation_date, type, bank_account_id) VALUES (8531, 1781.73, 'Amendis', '2026-06-02 19:56:31', 'DEBIT', 'acc-e10f3852-2e3f-41b8-9ee3-c074c0a3d606');
INSERT INTO account_operation (id, amount, description, operation_date, type, bank_account_id) VALUES (8532, 6714.21, 'Dividend Payout', '2026-04-11 19:56:31', 'CREDIT', 'acc-e10f3852-2e3f-41b8-9ee3-c074c0a3d606');
INSERT INTO account_operation (id, amount, description, operation_date, type, bank_account_id) VALUES (8533, 937.51, 'ONCF Train', '2026-04-14 19:56:31', 'DEBIT', 'acc-e10f3852-2e3f-41b8-9ee3-c074c0a3d606');
INSERT INTO account_operation (id, amount, description, operation_date, type, bank_account_id) VALUES (8534, 7041.24, 'Salary Deposit', '2026-06-26 19:56:31', 'CREDIT', 'acc-e10f3852-2e3f-41b8-9ee3-c074c0a3d606');
INSERT INTO account_operation (id, amount, description, operation_date, type, bank_account_id) VALUES (8535, 507.61, 'Decathlon', '2026-04-17 19:56:31', 'DEBIT', 'acc-e10f3852-2e3f-41b8-9ee3-c074c0a3d606');
INSERT INTO account_operation (id, amount, description, operation_date, type, bank_account_id) VALUES (8536, 747.34, 'ONEE Electricity', '2026-06-16 19:56:31', 'DEBIT', 'acc-e10f3852-2e3f-41b8-9ee3-c074c0a3d606');
INSERT INTO bank_account (id, type, balance, created_at, customer_id, over_draft, interest_rate) VALUES ('acc-2df349aa-49fd-45be-9b4c-315197417f28', 'SAVE', 59187.39, '2025-12-20 19:56:31', 145, NULL, 2.28);
INSERT INTO account_operation (id, amount, description, operation_date, type, bank_account_id) VALUES (8537, 31084.78, 'Initial Account Funding', '2025-12-20 19:56:31', 'CREDIT', 'acc-2df349aa-49fd-45be-9b4c-315197417f28');
INSERT INTO account_operation (id, amount, description, operation_date, type, bank_account_id) VALUES (8538, 5034.13, 'Freelance Payment', '2026-01-17 19:56:31', 'CREDIT', 'acc-2df349aa-49fd-45be-9b4c-315197417f28');
INSERT INTO account_operation (id, amount, description, operation_date, type, bank_account_id) VALUES (8539, 5016.37, 'Transfer Received', '2026-05-15 19:56:31', 'CREDIT', 'acc-2df349aa-49fd-45be-9b4c-315197417f28');
INSERT INTO account_operation (id, amount, description, operation_date, type, bank_account_id) VALUES (8540, 10782.9, 'Salary Deposit', '2026-02-05 19:56:31', 'CREDIT', 'acc-2df349aa-49fd-45be-9b4c-315197417f28');
INSERT INTO account_operation (id, amount, description, operation_date, type, bank_account_id) VALUES (8541, 1622.02, 'Orange', '2026-06-16 19:56:31', 'DEBIT', 'acc-2df349aa-49fd-45be-9b4c-315197417f28');
INSERT INTO account_operation (id, amount, description, operation_date, type, bank_account_id) VALUES (8542, 1294.43, 'Redal', '2026-05-27 19:56:31', 'DEBIT', 'acc-2df349aa-49fd-45be-9b4c-315197417f28');
INSERT INTO account_operation (id, amount, description, operation_date, type, bank_account_id) VALUES (8543, 1680.98, 'Amendis', '2025-12-31 19:56:31', 'DEBIT', 'acc-2df349aa-49fd-45be-9b4c-315197417f28');
INSERT INTO account_operation (id, amount, description, operation_date, type, bank_account_id) VALUES (8544, 549.53, 'Orange', '2026-06-27 19:56:31', 'DEBIT', 'acc-2df349aa-49fd-45be-9b4c-315197417f28');
INSERT INTO account_operation (id, amount, description, operation_date, type, bank_account_id) VALUES (8545, 89.15, 'Maroc Telecom', '2026-05-26 19:56:31', 'DEBIT', 'acc-2df349aa-49fd-45be-9b4c-315197417f28');
INSERT INTO account_operation (id, amount, description, operation_date, type, bank_account_id) VALUES (8546, 1178.11, 'Redal', '2026-01-08 19:56:31', 'DEBIT', 'acc-2df349aa-49fd-45be-9b4c-315197417f28');
INSERT INTO account_operation (id, amount, description, operation_date, type, bank_account_id) VALUES (8547, 1231.58, 'Marjane Supermarket', '2026-05-17 19:56:31', 'DEBIT', 'acc-2df349aa-49fd-45be-9b4c-315197417f28');
INSERT INTO account_operation (id, amount, description, operation_date, type, bank_account_id) VALUES (8548, 2716.95, 'Dividend Payout', '2026-01-08 19:56:31', 'CREDIT', 'acc-2df349aa-49fd-45be-9b4c-315197417f28');
INSERT INTO account_operation (id, amount, description, operation_date, type, bank_account_id) VALUES (8549, 271.3, 'BIM Store', '2026-05-22 19:56:31', 'DEBIT', 'acc-2df349aa-49fd-45be-9b4c-315197417f28');
INSERT INTO account_operation (id, amount, description, operation_date, type, bank_account_id) VALUES (8550, 6499.12, 'Transfer Received', '2026-01-31 19:56:31', 'CREDIT', 'acc-2df349aa-49fd-45be-9b4c-315197417f28');
INSERT INTO account_operation (id, amount, description, operation_date, type, bank_account_id) VALUES (8551, 1962.05, 'Inwi', '2026-04-17 19:56:31', 'DEBIT', 'acc-2df349aa-49fd-45be-9b4c-315197417f28');
INSERT INTO account_operation (id, amount, description, operation_date, type, bank_account_id) VALUES (8552, 725.17, 'Local Cafe', '2026-06-05 19:56:31', 'DEBIT', 'acc-2df349aa-49fd-45be-9b4c-315197417f28');
INSERT INTO account_operation (id, amount, description, operation_date, type, bank_account_id) VALUES (8553, 804.63, 'Redal', '2026-04-02 19:56:31', 'DEBIT', 'acc-2df349aa-49fd-45be-9b4c-315197417f28');
INSERT INTO account_operation (id, amount, description, operation_date, type, bank_account_id) VALUES (8554, 1899.47, 'Restaurant', '2026-06-05 19:56:31', 'DEBIT', 'acc-2df349aa-49fd-45be-9b4c-315197417f28');
INSERT INTO account_operation (id, amount, description, operation_date, type, bank_account_id) VALUES (8555, 1974.76, 'BIM Store', '2026-06-17 19:56:31', 'DEBIT', 'acc-2df349aa-49fd-45be-9b4c-315197417f28');
INSERT INTO account_operation (id, amount, description, operation_date, type, bank_account_id) VALUES (8556, 14111.54, 'Cash Deposit', '2026-04-02 19:56:31', 'CREDIT', 'acc-2df349aa-49fd-45be-9b4c-315197417f28');
INSERT INTO account_operation (id, amount, description, operation_date, type, bank_account_id) VALUES (8557, 775.22, 'Carrefour', '2026-05-19 19:56:31', 'DEBIT', 'acc-2df349aa-49fd-45be-9b4c-315197417f28');
INSERT INTO bank_account (id, type, balance, created_at, customer_id, over_draft, interest_rate) VALUES ('acc-e25d8ea2-a972-4df5-96cd-81da9ffc8c05', 'SAVE', 121254.59, '2025-10-04 19:56:31', 145, NULL, 2.02);
INSERT INTO account_operation (id, amount, description, operation_date, type, bank_account_id) VALUES (8558, 34592.43, 'Initial Account Funding', '2025-10-04 19:56:31', 'CREDIT', 'acc-e25d8ea2-a972-4df5-96cd-81da9ffc8c05');
INSERT INTO account_operation (id, amount, description, operation_date, type, bank_account_id) VALUES (8559, 4164.78, 'Freelance Payment', '2026-03-20 19:56:31', 'CREDIT', 'acc-e25d8ea2-a972-4df5-96cd-81da9ffc8c05');
INSERT INTO account_operation (id, amount, description, operation_date, type, bank_account_id) VALUES (8560, 9158.03, 'Cash Deposit', '2026-01-05 19:56:31', 'CREDIT', 'acc-e25d8ea2-a972-4df5-96cd-81da9ffc8c05');
INSERT INTO account_operation (id, amount, description, operation_date, type, bank_account_id) VALUES (8561, 433.06, 'Decathlon', '2026-02-11 19:56:31', 'DEBIT', 'acc-e25d8ea2-a972-4df5-96cd-81da9ffc8c05');
INSERT INTO account_operation (id, amount, description, operation_date, type, bank_account_id) VALUES (8562, 4630.34, 'Freelance Payment', '2026-06-09 19:56:31', 'CREDIT', 'acc-e25d8ea2-a972-4df5-96cd-81da9ffc8c05');
INSERT INTO account_operation (id, amount, description, operation_date, type, bank_account_id) VALUES (8563, 4326.09, 'Freelance Payment', '2025-10-06 19:56:31', 'CREDIT', 'acc-e25d8ea2-a972-4df5-96cd-81da9ffc8c05');
INSERT INTO account_operation (id, amount, description, operation_date, type, bank_account_id) VALUES (8564, 14772.7, 'Dividend Payout', '2026-06-23 19:56:31', 'CREDIT', 'acc-e25d8ea2-a972-4df5-96cd-81da9ffc8c05');
INSERT INTO account_operation (id, amount, description, operation_date, type, bank_account_id) VALUES (8565, 1416.07, 'ONCF Train', '2026-05-23 19:56:31', 'DEBIT', 'acc-e25d8ea2-a972-4df5-96cd-81da9ffc8c05');
INSERT INTO account_operation (id, amount, description, operation_date, type, bank_account_id) VALUES (8566, 523.84, 'Restaurant', '2026-01-11 19:56:31', 'DEBIT', 'acc-e25d8ea2-a972-4df5-96cd-81da9ffc8c05');
INSERT INTO account_operation (id, amount, description, operation_date, type, bank_account_id) VALUES (8567, 1768.57, 'Maroc Telecom', '2026-05-30 19:56:31', 'DEBIT', 'acc-e25d8ea2-a972-4df5-96cd-81da9ffc8c05');
INSERT INTO account_operation (id, amount, description, operation_date, type, bank_account_id) VALUES (8568, 3406.51, 'Dividend Payout', '2026-01-10 19:56:31', 'CREDIT', 'acc-e25d8ea2-a972-4df5-96cd-81da9ffc8c05');
INSERT INTO account_operation (id, amount, description, operation_date, type, bank_account_id) VALUES (8569, 743.72, 'ONCF Train', '2026-01-05 19:56:31', 'DEBIT', 'acc-e25d8ea2-a972-4df5-96cd-81da9ffc8c05');
INSERT INTO account_operation (id, amount, description, operation_date, type, bank_account_id) VALUES (8570, 1232.28, 'Maroc Telecom', '2025-12-02 19:56:31', 'DEBIT', 'acc-e25d8ea2-a972-4df5-96cd-81da9ffc8c05');
INSERT INTO account_operation (id, amount, description, operation_date, type, bank_account_id) VALUES (8571, 2102.6, 'Transfer Received', '2025-10-24 19:56:31', 'CREDIT', 'acc-e25d8ea2-a972-4df5-96cd-81da9ffc8c05');
INSERT INTO account_operation (id, amount, description, operation_date, type, bank_account_id) VALUES (8572, 3030.52, 'Salary Deposit', '2026-06-05 19:56:31', 'CREDIT', 'acc-e25d8ea2-a972-4df5-96cd-81da9ffc8c05');
INSERT INTO account_operation (id, amount, description, operation_date, type, bank_account_id) VALUES (8573, 11228.34, 'Dividend Payout', '2025-10-28 19:56:31', 'CREDIT', 'acc-e25d8ea2-a972-4df5-96cd-81da9ffc8c05');
INSERT INTO account_operation (id, amount, description, operation_date, type, bank_account_id) VALUES (8574, 1036.75, 'Freelance Payment', '2026-05-15 19:56:31', 'CREDIT', 'acc-e25d8ea2-a972-4df5-96cd-81da9ffc8c05');
INSERT INTO account_operation (id, amount, description, operation_date, type, bank_account_id) VALUES (8575, 5808.54, 'Freelance Payment', '2026-02-08 19:56:31', 'CREDIT', 'acc-e25d8ea2-a972-4df5-96cd-81da9ffc8c05');
INSERT INTO account_operation (id, amount, description, operation_date, type, bank_account_id) VALUES (8576, 1489.65, 'LC Waikiki', '2026-03-26 19:56:31', 'DEBIT', 'acc-e25d8ea2-a972-4df5-96cd-81da9ffc8c05');
INSERT INTO account_operation (id, amount, description, operation_date, type, bank_account_id) VALUES (8577, 8557.01, 'Cash Deposit', '2026-04-08 19:56:31', 'CREDIT', 'acc-e25d8ea2-a972-4df5-96cd-81da9ffc8c05');
INSERT INTO account_operation (id, amount, description, operation_date, type, bank_account_id) VALUES (8578, 7359.41, 'Transfer Received', '2026-02-08 19:56:31', 'CREDIT', 'acc-e25d8ea2-a972-4df5-96cd-81da9ffc8c05');
INSERT INTO account_operation (id, amount, description, operation_date, type, bank_account_id) VALUES (8579, 975.49, 'Pharmacy', '2025-11-13 19:56:31', 'DEBIT', 'acc-e25d8ea2-a972-4df5-96cd-81da9ffc8c05');
INSERT INTO account_operation (id, amount, description, operation_date, type, bank_account_id) VALUES (8580, 947.99, 'ONEE Electricity', '2026-04-11 19:56:31', 'DEBIT', 'acc-e25d8ea2-a972-4df5-96cd-81da9ffc8c05');
INSERT INTO account_operation (id, amount, description, operation_date, type, bank_account_id) VALUES (8581, 5327.48, 'Freelance Payment', '2026-01-04 19:56:31', 'CREDIT', 'acc-e25d8ea2-a972-4df5-96cd-81da9ffc8c05');
INSERT INTO account_operation (id, amount, description, operation_date, type, bank_account_id) VALUES (8582, 1365.48, 'CTM Bus', '2025-12-13 19:56:31', 'DEBIT', 'acc-e25d8ea2-a972-4df5-96cd-81da9ffc8c05');
INSERT INTO account_operation (id, amount, description, operation_date, type, bank_account_id) VALUES (8583, 207.72, 'Redal', '2025-11-13 19:56:31', 'DEBIT', 'acc-e25d8ea2-a972-4df5-96cd-81da9ffc8c05');
INSERT INTO account_operation (id, amount, description, operation_date, type, bank_account_id) VALUES (8584, 12856.93, 'Cash Deposit', '2026-05-18 19:56:31', 'CREDIT', 'acc-e25d8ea2-a972-4df5-96cd-81da9ffc8c05');

INSERT INTO customer (id, name, email) VALUES (146, 'Sanae Berrada', 'sanae.berrada@gmail.com');
INSERT INTO bank_account (id, type, balance, created_at, customer_id, over_draft, interest_rate) VALUES ('acc-365ae205-528a-4879-b885-367a603ecd0b', 'SAVE', 97007.12, '2025-11-11 19:56:31', 146, NULL, 1.99);
INSERT INTO account_operation (id, amount, description, operation_date, type, bank_account_id) VALUES (8585, 43543.07, 'Initial Account Funding', '2025-11-11 19:56:31', 'CREDIT', 'acc-365ae205-528a-4879-b885-367a603ecd0b');
INSERT INTO account_operation (id, amount, description, operation_date, type, bank_account_id) VALUES (8586, 280.57, 'Spotify', '2026-02-05 19:56:31', 'DEBIT', 'acc-365ae205-528a-4879-b885-367a603ecd0b');
INSERT INTO account_operation (id, amount, description, operation_date, type, bank_account_id) VALUES (8587, 1851.06, 'BIM Store', '2026-02-14 19:56:31', 'DEBIT', 'acc-365ae205-528a-4879-b885-367a603ecd0b');
INSERT INTO account_operation (id, amount, description, operation_date, type, bank_account_id) VALUES (8588, 4258.14, 'Freelance Payment', '2026-01-21 19:56:31', 'CREDIT', 'acc-365ae205-528a-4879-b885-367a603ecd0b');
INSERT INTO account_operation (id, amount, description, operation_date, type, bank_account_id) VALUES (8589, 108.78, 'Amendis', '2026-02-19 19:56:31', 'DEBIT', 'acc-365ae205-528a-4879-b885-367a603ecd0b');
INSERT INTO account_operation (id, amount, description, operation_date, type, bank_account_id) VALUES (8590, 1814.71, 'Orange', '2026-03-25 19:56:31', 'DEBIT', 'acc-365ae205-528a-4879-b885-367a603ecd0b');
INSERT INTO account_operation (id, amount, description, operation_date, type, bank_account_id) VALUES (8591, 137.21, 'Redal', '2026-04-15 19:56:31', 'DEBIT', 'acc-365ae205-528a-4879-b885-367a603ecd0b');
INSERT INTO account_operation (id, amount, description, operation_date, type, bank_account_id) VALUES (8592, 484.8, 'BIM Store', '2026-01-08 19:56:31', 'DEBIT', 'acc-365ae205-528a-4879-b885-367a603ecd0b');
INSERT INTO account_operation (id, amount, description, operation_date, type, bank_account_id) VALUES (8593, 1839.97, 'Redal', '2026-06-24 19:56:31', 'DEBIT', 'acc-365ae205-528a-4879-b885-367a603ecd0b');
INSERT INTO account_operation (id, amount, description, operation_date, type, bank_account_id) VALUES (8594, 1983.18, 'Carrefour', '2026-04-28 19:56:31', 'DEBIT', 'acc-365ae205-528a-4879-b885-367a603ecd0b');
INSERT INTO account_operation (id, amount, description, operation_date, type, bank_account_id) VALUES (8595, 1230.9, 'Restaurant', '2026-06-24 19:56:31', 'DEBIT', 'acc-365ae205-528a-4879-b885-367a603ecd0b');
INSERT INTO account_operation (id, amount, description, operation_date, type, bank_account_id) VALUES (8596, 135.2, 'BIM Store', '2026-03-08 19:56:31', 'DEBIT', 'acc-365ae205-528a-4879-b885-367a603ecd0b');
INSERT INTO account_operation (id, amount, description, operation_date, type, bank_account_id) VALUES (8597, 7567.62, 'Cash Deposit', '2026-01-27 19:56:31', 'CREDIT', 'acc-365ae205-528a-4879-b885-367a603ecd0b');
INSERT INTO account_operation (id, amount, description, operation_date, type, bank_account_id) VALUES (8598, 1345.74, 'Carrefour', '2025-12-17 19:56:31', 'DEBIT', 'acc-365ae205-528a-4879-b885-367a603ecd0b');
INSERT INTO account_operation (id, amount, description, operation_date, type, bank_account_id) VALUES (8599, 3817.47, 'Cash Deposit', '2026-04-25 19:56:31', 'CREDIT', 'acc-365ae205-528a-4879-b885-367a603ecd0b');
INSERT INTO account_operation (id, amount, description, operation_date, type, bank_account_id) VALUES (8600, 590.2, 'Orange', '2026-01-05 19:56:31', 'DEBIT', 'acc-365ae205-528a-4879-b885-367a603ecd0b');
INSERT INTO account_operation (id, amount, description, operation_date, type, bank_account_id) VALUES (8601, 893.16, 'Amendis', '2026-05-16 19:56:31', 'DEBIT', 'acc-365ae205-528a-4879-b885-367a603ecd0b');
INSERT INTO account_operation (id, amount, description, operation_date, type, bank_account_id) VALUES (8602, 128.27, 'BIM Store', '2026-01-18 19:56:31', 'DEBIT', 'acc-365ae205-528a-4879-b885-367a603ecd0b');
INSERT INTO account_operation (id, amount, description, operation_date, type, bank_account_id) VALUES (8603, 558.58, 'Pharmacy', '2026-04-20 19:56:31', 'DEBIT', 'acc-365ae205-528a-4879-b885-367a603ecd0b');
INSERT INTO account_operation (id, amount, description, operation_date, type, bank_account_id) VALUES (8604, 1692.16, 'Redal', '2025-12-11 19:56:31', 'DEBIT', 'acc-365ae205-528a-4879-b885-367a603ecd0b');
INSERT INTO account_operation (id, amount, description, operation_date, type, bank_account_id) VALUES (8605, 1987.59, 'Zara', '2026-05-10 19:56:31', 'DEBIT', 'acc-365ae205-528a-4879-b885-367a603ecd0b');
INSERT INTO account_operation (id, amount, description, operation_date, type, bank_account_id) VALUES (8606, 1838.58, 'Amendis', '2026-05-12 19:56:31', 'DEBIT', 'acc-365ae205-528a-4879-b885-367a603ecd0b');
INSERT INTO account_operation (id, amount, description, operation_date, type, bank_account_id) VALUES (8607, 6491.08, 'Transfer Received', '2025-12-01 19:56:31', 'CREDIT', 'acc-365ae205-528a-4879-b885-367a603ecd0b');
INSERT INTO account_operation (id, amount, description, operation_date, type, bank_account_id) VALUES (8608, 7156.89, 'Freelance Payment', '2025-11-19 19:56:31', 'CREDIT', 'acc-365ae205-528a-4879-b885-367a603ecd0b');
INSERT INTO account_operation (id, amount, description, operation_date, type, bank_account_id) VALUES (8609, 903.61, 'Decathlon', '2026-02-06 19:56:31', 'DEBIT', 'acc-365ae205-528a-4879-b885-367a603ecd0b');
INSERT INTO account_operation (id, amount, description, operation_date, type, bank_account_id) VALUES (8610, 3371.42, 'Freelance Payment', '2025-12-02 19:56:31', 'CREDIT', 'acc-365ae205-528a-4879-b885-367a603ecd0b');
INSERT INTO account_operation (id, amount, description, operation_date, type, bank_account_id) VALUES (8611, 1789.48, 'ONCF Train', '2026-05-06 19:56:31', 'DEBIT', 'acc-365ae205-528a-4879-b885-367a603ecd0b');
INSERT INTO account_operation (id, amount, description, operation_date, type, bank_account_id) VALUES (8612, 13.31, 'Amendis', '2026-05-04 19:56:31', 'DEBIT', 'acc-365ae205-528a-4879-b885-367a603ecd0b');
INSERT INTO account_operation (id, amount, description, operation_date, type, bank_account_id) VALUES (8613, 1754.54, 'Local Cafe', '2026-03-19 19:56:31', 'DEBIT', 'acc-365ae205-528a-4879-b885-367a603ecd0b');
INSERT INTO account_operation (id, amount, description, operation_date, type, bank_account_id) VALUES (8614, 32.38, 'BIM Store', '2026-01-31 19:56:31', 'DEBIT', 'acc-365ae205-528a-4879-b885-367a603ecd0b');
INSERT INTO account_operation (id, amount, description, operation_date, type, bank_account_id) VALUES (8615, 10516.37, 'Freelance Payment', '2026-06-04 19:56:31', 'CREDIT', 'acc-365ae205-528a-4879-b885-367a603ecd0b');
INSERT INTO account_operation (id, amount, description, operation_date, type, bank_account_id) VALUES (8616, 7574.11, 'Dividend Payout', '2026-03-17 19:56:31', 'CREDIT', 'acc-365ae205-528a-4879-b885-367a603ecd0b');
INSERT INTO account_operation (id, amount, description, operation_date, type, bank_account_id) VALUES (8617, 5905.65, 'Dividend Payout', '2026-06-08 19:56:31', 'CREDIT', 'acc-365ae205-528a-4879-b885-367a603ecd0b');
INSERT INTO account_operation (id, amount, description, operation_date, type, bank_account_id) VALUES (8618, 1434.4, 'Maroc Telecom', '2025-12-22 19:56:31', 'DEBIT', 'acc-365ae205-528a-4879-b885-367a603ecd0b');
INSERT INTO account_operation (id, amount, description, operation_date, type, bank_account_id) VALUES (8619, 376.5, 'Orange', '2026-03-28 19:56:31', 'DEBIT', 'acc-365ae205-528a-4879-b885-367a603ecd0b');
INSERT INTO account_operation (id, amount, description, operation_date, type, bank_account_id) VALUES (8620, 3275.59, 'Cash Deposit', '2026-02-01 19:56:31', 'CREDIT', 'acc-365ae205-528a-4879-b885-367a603ecd0b');
INSERT INTO account_operation (id, amount, description, operation_date, type, bank_account_id) VALUES (8621, 2078.51, 'Transfer Received', '2025-12-29 19:56:31', 'CREDIT', 'acc-365ae205-528a-4879-b885-367a603ecd0b');
INSERT INTO account_operation (id, amount, description, operation_date, type, bank_account_id) VALUES (8622, 9253.53, 'Salary Deposit', '2026-05-01 19:56:31', 'CREDIT', 'acc-365ae205-528a-4879-b885-367a603ecd0b');
INSERT INTO account_operation (id, amount, description, operation_date, type, bank_account_id) VALUES (8623, 1287.18, 'Zara', '2026-06-18 19:56:31', 'DEBIT', 'acc-365ae205-528a-4879-b885-367a603ecd0b');
INSERT INTO account_operation (id, amount, description, operation_date, type, bank_account_id) VALUES (8624, 1536.44, 'Amendis', '2025-12-10 19:56:31', 'DEBIT', 'acc-365ae205-528a-4879-b885-367a603ecd0b');
INSERT INTO account_operation (id, amount, description, operation_date, type, bank_account_id) VALUES (8625, 1726.31, 'Maroc Telecom', '2026-05-06 19:56:31', 'DEBIT', 'acc-365ae205-528a-4879-b885-367a603ecd0b');
INSERT INTO account_operation (id, amount, description, operation_date, type, bank_account_id) VALUES (8626, 1968.36, 'Netflix Subscription', '2026-06-17 19:56:31', 'DEBIT', 'acc-365ae205-528a-4879-b885-367a603ecd0b');
INSERT INTO account_operation (id, amount, description, operation_date, type, bank_account_id) VALUES (8627, 1872.02, 'Restaurant', '2025-12-15 19:56:31', 'DEBIT', 'acc-365ae205-528a-4879-b885-367a603ecd0b');
INSERT INTO account_operation (id, amount, description, operation_date, type, bank_account_id) VALUES (8628, 12883.47, 'Cash Deposit', '2026-02-06 19:56:31', 'CREDIT', 'acc-365ae205-528a-4879-b885-367a603ecd0b');
INSERT INTO account_operation (id, amount, description, operation_date, type, bank_account_id) VALUES (8629, 4287.82, 'Transfer Received', '2026-02-23 19:56:31', 'CREDIT', 'acc-365ae205-528a-4879-b885-367a603ecd0b');
INSERT INTO account_operation (id, amount, description, operation_date, type, bank_account_id) VALUES (8630, 1378.43, 'Carrefour', '2025-12-30 19:56:31', 'DEBIT', 'acc-365ae205-528a-4879-b885-367a603ecd0b');
INSERT INTO bank_account (id, type, balance, created_at, customer_id, over_draft, interest_rate) VALUES ('acc-91c04fbf-4ab1-4a8b-8505-3a258549ea22', 'SAVE', 140986.57, '2025-12-31 19:56:31', 146, NULL, 3.48);
INSERT INTO account_operation (id, amount, description, operation_date, type, bank_account_id) VALUES (8631, 47502.39, 'Initial Account Funding', '2025-12-31 19:56:31', 'CREDIT', 'acc-91c04fbf-4ab1-4a8b-8505-3a258549ea22');
INSERT INTO account_operation (id, amount, description, operation_date, type, bank_account_id) VALUES (8632, 182.07, 'ONEE Electricity', '2026-06-29 19:56:31', 'DEBIT', 'acc-91c04fbf-4ab1-4a8b-8505-3a258549ea22');
INSERT INTO account_operation (id, amount, description, operation_date, type, bank_account_id) VALUES (8633, 1561.97, 'Decathlon', '2026-02-08 19:56:31', 'DEBIT', 'acc-91c04fbf-4ab1-4a8b-8505-3a258549ea22');
INSERT INTO account_operation (id, amount, description, operation_date, type, bank_account_id) VALUES (8634, 1092.28, 'Zara', '2026-02-04 19:56:31', 'DEBIT', 'acc-91c04fbf-4ab1-4a8b-8505-3a258549ea22');
INSERT INTO account_operation (id, amount, description, operation_date, type, bank_account_id) VALUES (8635, 1748.75, 'Redal', '2026-03-11 19:56:31', 'DEBIT', 'acc-91c04fbf-4ab1-4a8b-8505-3a258549ea22');
INSERT INTO account_operation (id, amount, description, operation_date, type, bank_account_id) VALUES (8636, 1725.83, 'Zara', '2026-06-19 19:56:31', 'DEBIT', 'acc-91c04fbf-4ab1-4a8b-8505-3a258549ea22');
INSERT INTO account_operation (id, amount, description, operation_date, type, bank_account_id) VALUES (8637, 1414.23, 'Amendis', '2026-04-02 19:56:31', 'DEBIT', 'acc-91c04fbf-4ab1-4a8b-8505-3a258549ea22');
INSERT INTO account_operation (id, amount, description, operation_date, type, bank_account_id) VALUES (8638, 9650.98, 'Freelance Payment', '2026-01-12 19:56:31', 'CREDIT', 'acc-91c04fbf-4ab1-4a8b-8505-3a258549ea22');
INSERT INTO account_operation (id, amount, description, operation_date, type, bank_account_id) VALUES (8639, 1731.91, 'CTM Bus', '2026-06-04 19:56:31', 'DEBIT', 'acc-91c04fbf-4ab1-4a8b-8505-3a258549ea22');
INSERT INTO account_operation (id, amount, description, operation_date, type, bank_account_id) VALUES (8640, 1050.86, 'Restaurant', '2026-05-27 19:56:31', 'DEBIT', 'acc-91c04fbf-4ab1-4a8b-8505-3a258549ea22');
INSERT INTO account_operation (id, amount, description, operation_date, type, bank_account_id) VALUES (8641, 6252.45, 'Dividend Payout', '2026-03-10 19:56:31', 'CREDIT', 'acc-91c04fbf-4ab1-4a8b-8505-3a258549ea22');
INSERT INTO account_operation (id, amount, description, operation_date, type, bank_account_id) VALUES (8642, 10534.1, 'Transfer Received', '2026-04-11 19:56:31', 'CREDIT', 'acc-91c04fbf-4ab1-4a8b-8505-3a258549ea22');
INSERT INTO account_operation (id, amount, description, operation_date, type, bank_account_id) VALUES (8643, 3756.59, 'Transfer Received', '2026-03-15 19:56:31', 'CREDIT', 'acc-91c04fbf-4ab1-4a8b-8505-3a258549ea22');
INSERT INTO account_operation (id, amount, description, operation_date, type, bank_account_id) VALUES (8644, 357.79, 'Redal', '2026-06-02 19:56:31', 'DEBIT', 'acc-91c04fbf-4ab1-4a8b-8505-3a258549ea22');
INSERT INTO account_operation (id, amount, description, operation_date, type, bank_account_id) VALUES (8645, 147.4, 'ONCF Train', '2026-01-10 19:56:31', 'DEBIT', 'acc-91c04fbf-4ab1-4a8b-8505-3a258549ea22');
INSERT INTO account_operation (id, amount, description, operation_date, type, bank_account_id) VALUES (8646, 288.16, 'Spotify', '2026-05-31 19:56:31', 'DEBIT', 'acc-91c04fbf-4ab1-4a8b-8505-3a258549ea22');
INSERT INTO account_operation (id, amount, description, operation_date, type, bank_account_id) VALUES (8647, 1753.58, 'Maroc Telecom', '2026-04-10 19:56:31', 'DEBIT', 'acc-91c04fbf-4ab1-4a8b-8505-3a258549ea22');
INSERT INTO account_operation (id, amount, description, operation_date, type, bank_account_id) VALUES (8648, 8129.23, 'Dividend Payout', '2026-04-22 19:56:31', 'CREDIT', 'acc-91c04fbf-4ab1-4a8b-8505-3a258549ea22');
INSERT INTO account_operation (id, amount, description, operation_date, type, bank_account_id) VALUES (8649, 747.37, 'Zara', '2026-01-28 19:56:31', 'DEBIT', 'acc-91c04fbf-4ab1-4a8b-8505-3a258549ea22');
INSERT INTO account_operation (id, amount, description, operation_date, type, bank_account_id) VALUES (8650, 9437.05, 'Salary Deposit', '2026-01-02 19:56:31', 'CREDIT', 'acc-91c04fbf-4ab1-4a8b-8505-3a258549ea22');
INSERT INTO account_operation (id, amount, description, operation_date, type, bank_account_id) VALUES (8651, 959.53, 'Netflix Subscription', '2026-03-04 19:56:31', 'DEBIT', 'acc-91c04fbf-4ab1-4a8b-8505-3a258549ea22');
INSERT INTO account_operation (id, amount, description, operation_date, type, bank_account_id) VALUES (8652, 484.63, 'Inwi', '2026-05-08 19:56:31', 'DEBIT', 'acc-91c04fbf-4ab1-4a8b-8505-3a258549ea22');
INSERT INTO account_operation (id, amount, description, operation_date, type, bank_account_id) VALUES (8653, 1546.98, 'ONCF Train', '2026-05-10 19:56:31', 'DEBIT', 'acc-91c04fbf-4ab1-4a8b-8505-3a258549ea22');
INSERT INTO account_operation (id, amount, description, operation_date, type, bank_account_id) VALUES (8654, 2606.79, 'Cash Deposit', '2026-01-10 19:56:31', 'CREDIT', 'acc-91c04fbf-4ab1-4a8b-8505-3a258549ea22');
INSERT INTO account_operation (id, amount, description, operation_date, type, bank_account_id) VALUES (8655, 770.72, 'LC Waikiki', '2026-02-01 19:56:31', 'DEBIT', 'acc-91c04fbf-4ab1-4a8b-8505-3a258549ea22');
INSERT INTO account_operation (id, amount, description, operation_date, type, bank_account_id) VALUES (8656, 1900.96, 'Netflix Subscription', '2026-05-13 19:56:31', 'DEBIT', 'acc-91c04fbf-4ab1-4a8b-8505-3a258549ea22');
INSERT INTO account_operation (id, amount, description, operation_date, type, bank_account_id) VALUES (8657, 97.12, 'LC Waikiki', '2026-03-25 19:56:31', 'DEBIT', 'acc-91c04fbf-4ab1-4a8b-8505-3a258549ea22');
INSERT INTO account_operation (id, amount, description, operation_date, type, bank_account_id) VALUES (8658, 2073.18, 'Salary Deposit', '2026-04-23 19:56:31', 'CREDIT', 'acc-91c04fbf-4ab1-4a8b-8505-3a258549ea22');
INSERT INTO account_operation (id, amount, description, operation_date, type, bank_account_id) VALUES (8659, 9578.93, 'Transfer Received', '2026-01-24 19:56:31', 'CREDIT', 'acc-91c04fbf-4ab1-4a8b-8505-3a258549ea22');
INSERT INTO account_operation (id, amount, description, operation_date, type, bank_account_id) VALUES (8660, 10220.66, 'Salary Deposit', '2026-05-07 19:56:31', 'CREDIT', 'acc-91c04fbf-4ab1-4a8b-8505-3a258549ea22');
INSERT INTO account_operation (id, amount, description, operation_date, type, bank_account_id) VALUES (8661, 12166.61, 'Transfer Received', '2026-02-21 19:56:31', 'CREDIT', 'acc-91c04fbf-4ab1-4a8b-8505-3a258549ea22');
INSERT INTO account_operation (id, amount, description, operation_date, type, bank_account_id) VALUES (8662, 772.17, 'Maroc Telecom', '2026-06-22 19:56:31', 'DEBIT', 'acc-91c04fbf-4ab1-4a8b-8505-3a258549ea22');
INSERT INTO account_operation (id, amount, description, operation_date, type, bank_account_id) VALUES (8663, 1819.36, 'Redal', '2026-06-17 19:56:31', 'DEBIT', 'acc-91c04fbf-4ab1-4a8b-8505-3a258549ea22');
INSERT INTO account_operation (id, amount, description, operation_date, type, bank_account_id) VALUES (8664, 1314.48, 'ONEE Electricity', '2026-05-14 19:56:31', 'DEBIT', 'acc-91c04fbf-4ab1-4a8b-8505-3a258549ea22');
INSERT INTO account_operation (id, amount, description, operation_date, type, bank_account_id) VALUES (8665, 11509.88, 'Freelance Payment', '2026-03-16 19:56:31', 'CREDIT', 'acc-91c04fbf-4ab1-4a8b-8505-3a258549ea22');
INSERT INTO account_operation (id, amount, description, operation_date, type, bank_account_id) VALUES (8666, 609.49, 'ONEE Electricity', '2026-06-21 19:56:31', 'DEBIT', 'acc-91c04fbf-4ab1-4a8b-8505-3a258549ea22');
INSERT INTO account_operation (id, amount, description, operation_date, type, bank_account_id) VALUES (8667, 26.03, 'BIM Store', '2026-03-21 19:56:31', 'DEBIT', 'acc-91c04fbf-4ab1-4a8b-8505-3a258549ea22');
INSERT INTO account_operation (id, amount, description, operation_date, type, bank_account_id) VALUES (8668, 1786.3, 'Marjane Supermarket', '2026-06-24 19:56:31', 'DEBIT', 'acc-91c04fbf-4ab1-4a8b-8505-3a258549ea22');
INSERT INTO account_operation (id, amount, description, operation_date, type, bank_account_id) VALUES (8669, 580.6, 'Netflix Subscription', '2026-04-19 19:56:31', 'DEBIT', 'acc-91c04fbf-4ab1-4a8b-8505-3a258549ea22');
INSERT INTO account_operation (id, amount, description, operation_date, type, bank_account_id) VALUES (8670, 352.11, 'Restaurant', '2026-04-11 19:56:31', 'DEBIT', 'acc-91c04fbf-4ab1-4a8b-8505-3a258549ea22');
INSERT INTO account_operation (id, amount, description, operation_date, type, bank_account_id) VALUES (8671, 10037.54, 'Salary Deposit', '2026-05-09 19:56:31', 'CREDIT', 'acc-91c04fbf-4ab1-4a8b-8505-3a258549ea22');
INSERT INTO account_operation (id, amount, description, operation_date, type, bank_account_id) VALUES (8672, 1151.74, 'BIM Store', '2026-02-26 19:56:31', 'DEBIT', 'acc-91c04fbf-4ab1-4a8b-8505-3a258549ea22');
INSERT INTO account_operation (id, amount, description, operation_date, type, bank_account_id) VALUES (8673, 9838.48, 'Salary Deposit', '2026-04-17 19:56:31', 'CREDIT', 'acc-91c04fbf-4ab1-4a8b-8505-3a258549ea22');
INSERT INTO account_operation (id, amount, description, operation_date, type, bank_account_id) VALUES (8674, 10143.83, 'Freelance Payment', '2026-06-19 19:56:31', 'CREDIT', 'acc-91c04fbf-4ab1-4a8b-8505-3a258549ea22');
INSERT INTO account_operation (id, amount, description, operation_date, type, bank_account_id) VALUES (8675, 794.17, 'Marjane Supermarket', '2026-03-20 19:56:31', 'DEBIT', 'acc-91c04fbf-4ab1-4a8b-8505-3a258549ea22');
INSERT INTO account_operation (id, amount, description, operation_date, type, bank_account_id) VALUES (8676, 1992.24, 'Decathlon', '2026-06-01 19:56:31', 'DEBIT', 'acc-91c04fbf-4ab1-4a8b-8505-3a258549ea22');
INSERT INTO account_operation (id, amount, description, operation_date, type, bank_account_id) VALUES (8677, 1691.29, 'ONCF Train', '2026-01-07 19:56:31', 'DEBIT', 'acc-91c04fbf-4ab1-4a8b-8505-3a258549ea22');

INSERT INTO customer (id, name, email) VALUES (147, 'Salma Bennis', 'salma.bennis@gmail.com');
INSERT INTO bank_account (id, type, balance, created_at, customer_id, over_draft, interest_rate) VALUES ('acc-83fc35e0-7525-4529-84c9-83b163cb0552', 'SAVE', 111672.74, '2025-11-09 19:56:31', 147, NULL, 2.9);
INSERT INTO account_operation (id, amount, description, operation_date, type, bank_account_id) VALUES (8678, 31225.52, 'Initial Account Funding', '2025-11-09 19:56:31', 'CREDIT', 'acc-83fc35e0-7525-4529-84c9-83b163cb0552');
INSERT INTO account_operation (id, amount, description, operation_date, type, bank_account_id) VALUES (8679, 1210.78, 'ONEE Electricity', '2025-11-12 19:56:31', 'DEBIT', 'acc-83fc35e0-7525-4529-84c9-83b163cb0552');
INSERT INTO account_operation (id, amount, description, operation_date, type, bank_account_id) VALUES (8680, 13445.34, 'Dividend Payout', '2026-03-01 19:56:31', 'CREDIT', 'acc-83fc35e0-7525-4529-84c9-83b163cb0552');
INSERT INTO account_operation (id, amount, description, operation_date, type, bank_account_id) VALUES (8681, 6863.42, 'Cash Deposit', '2025-12-30 19:56:31', 'CREDIT', 'acc-83fc35e0-7525-4529-84c9-83b163cb0552');
INSERT INTO account_operation (id, amount, description, operation_date, type, bank_account_id) VALUES (8682, 2450.5, 'Dividend Payout', '2026-02-15 19:56:31', 'CREDIT', 'acc-83fc35e0-7525-4529-84c9-83b163cb0552');
INSERT INTO account_operation (id, amount, description, operation_date, type, bank_account_id) VALUES (8683, 2865.66, 'Transfer Received', '2025-11-26 19:56:31', 'CREDIT', 'acc-83fc35e0-7525-4529-84c9-83b163cb0552');
INSERT INTO account_operation (id, amount, description, operation_date, type, bank_account_id) VALUES (8684, 444.09, 'Local Cafe', '2026-05-15 19:56:31', 'DEBIT', 'acc-83fc35e0-7525-4529-84c9-83b163cb0552');
INSERT INTO account_operation (id, amount, description, operation_date, type, bank_account_id) VALUES (8685, 800.57, 'Orange', '2026-03-15 19:56:31', 'DEBIT', 'acc-83fc35e0-7525-4529-84c9-83b163cb0552');
INSERT INTO account_operation (id, amount, description, operation_date, type, bank_account_id) VALUES (8686, 818.91, 'Zara', '2026-03-24 19:56:31', 'DEBIT', 'acc-83fc35e0-7525-4529-84c9-83b163cb0552');
INSERT INTO account_operation (id, amount, description, operation_date, type, bank_account_id) VALUES (8687, 375.89, 'Restaurant', '2026-01-01 19:56:31', 'DEBIT', 'acc-83fc35e0-7525-4529-84c9-83b163cb0552');
INSERT INTO account_operation (id, amount, description, operation_date, type, bank_account_id) VALUES (8688, 6674.78, 'Cash Deposit', '2026-04-13 19:56:31', 'CREDIT', 'acc-83fc35e0-7525-4529-84c9-83b163cb0552');
INSERT INTO account_operation (id, amount, description, operation_date, type, bank_account_id) VALUES (8689, 555.71, 'Restaurant', '2026-02-28 19:56:31', 'DEBIT', 'acc-83fc35e0-7525-4529-84c9-83b163cb0552');
INSERT INTO account_operation (id, amount, description, operation_date, type, bank_account_id) VALUES (8690, 560.89, 'Spotify', '2026-01-19 19:56:31', 'DEBIT', 'acc-83fc35e0-7525-4529-84c9-83b163cb0552');
INSERT INTO account_operation (id, amount, description, operation_date, type, bank_account_id) VALUES (8691, 550.51, 'Decathlon', '2026-01-14 19:56:31', 'DEBIT', 'acc-83fc35e0-7525-4529-84c9-83b163cb0552');
INSERT INTO account_operation (id, amount, description, operation_date, type, bank_account_id) VALUES (8692, 1256.95, 'Carrefour', '2026-06-05 19:56:31', 'DEBIT', 'acc-83fc35e0-7525-4529-84c9-83b163cb0552');
INSERT INTO account_operation (id, amount, description, operation_date, type, bank_account_id) VALUES (8693, 1622.67, 'Pharmacy', '2025-12-21 19:56:31', 'DEBIT', 'acc-83fc35e0-7525-4529-84c9-83b163cb0552');
INSERT INTO account_operation (id, amount, description, operation_date, type, bank_account_id) VALUES (8694, 4538.64, 'Freelance Payment', '2026-02-20 19:56:31', 'CREDIT', 'acc-83fc35e0-7525-4529-84c9-83b163cb0552');
INSERT INTO account_operation (id, amount, description, operation_date, type, bank_account_id) VALUES (8695, 1806.13, 'Salary Deposit', '2026-01-07 19:56:31', 'CREDIT', 'acc-83fc35e0-7525-4529-84c9-83b163cb0552');
INSERT INTO account_operation (id, amount, description, operation_date, type, bank_account_id) VALUES (8696, 1002.74, 'BIM Store', '2025-12-24 19:56:31', 'DEBIT', 'acc-83fc35e0-7525-4529-84c9-83b163cb0552');
INSERT INTO account_operation (id, amount, description, operation_date, type, bank_account_id) VALUES (8697, 3418.25, 'Freelance Payment', '2026-03-31 19:56:31', 'CREDIT', 'acc-83fc35e0-7525-4529-84c9-83b163cb0552');
INSERT INTO account_operation (id, amount, description, operation_date, type, bank_account_id) VALUES (8698, 1976.43, 'Dividend Payout', '2026-01-26 19:56:31', 'CREDIT', 'acc-83fc35e0-7525-4529-84c9-83b163cb0552');
INSERT INTO account_operation (id, amount, description, operation_date, type, bank_account_id) VALUES (8699, 6550.71, 'Dividend Payout', '2026-01-26 19:56:31', 'CREDIT', 'acc-83fc35e0-7525-4529-84c9-83b163cb0552');
INSERT INTO account_operation (id, amount, description, operation_date, type, bank_account_id) VALUES (8700, 1361.96, 'Amendis', '2026-03-05 19:56:31', 'DEBIT', 'acc-83fc35e0-7525-4529-84c9-83b163cb0552');
INSERT INTO account_operation (id, amount, description, operation_date, type, bank_account_id) VALUES (8701, 12606.44, 'Cash Deposit', '2026-02-14 19:56:31', 'CREDIT', 'acc-83fc35e0-7525-4529-84c9-83b163cb0552');
INSERT INTO account_operation (id, amount, description, operation_date, type, bank_account_id) VALUES (8702, 473.48, 'ONCF Train', '2026-03-09 19:56:31', 'DEBIT', 'acc-83fc35e0-7525-4529-84c9-83b163cb0552');
INSERT INTO account_operation (id, amount, description, operation_date, type, bank_account_id) VALUES (8703, 1610.16, 'Amendis', '2026-03-10 19:56:31', 'DEBIT', 'acc-83fc35e0-7525-4529-84c9-83b163cb0552');
INSERT INTO account_operation (id, amount, description, operation_date, type, bank_account_id) VALUES (8704, 9974.07, 'Cash Deposit', '2025-12-31 19:56:31', 'CREDIT', 'acc-83fc35e0-7525-4529-84c9-83b163cb0552');
INSERT INTO account_operation (id, amount, description, operation_date, type, bank_account_id) VALUES (8705, 732.76, 'CTM Bus', '2026-02-24 19:56:31', 'DEBIT', 'acc-83fc35e0-7525-4529-84c9-83b163cb0552');
INSERT INTO account_operation (id, amount, description, operation_date, type, bank_account_id) VALUES (8706, 624.57, 'Maroc Telecom', '2026-06-15 19:56:31', 'DEBIT', 'acc-83fc35e0-7525-4529-84c9-83b163cb0552');
INSERT INTO account_operation (id, amount, description, operation_date, type, bank_account_id) VALUES (8707, 490.01, 'Carrefour', '2026-01-11 19:56:31', 'DEBIT', 'acc-83fc35e0-7525-4529-84c9-83b163cb0552');
INSERT INTO account_operation (id, amount, description, operation_date, type, bank_account_id) VALUES (8708, 4164.39, 'Salary Deposit', '2026-04-07 19:56:31', 'CREDIT', 'acc-83fc35e0-7525-4529-84c9-83b163cb0552');
INSERT INTO account_operation (id, amount, description, operation_date, type, bank_account_id) VALUES (8709, 128.7, 'Netflix Subscription', '2026-04-19 19:56:31', 'DEBIT', 'acc-83fc35e0-7525-4529-84c9-83b163cb0552');
INSERT INTO account_operation (id, amount, description, operation_date, type, bank_account_id) VALUES (8710, 1055.24, 'Zara', '2025-12-09 19:56:31', 'DEBIT', 'acc-83fc35e0-7525-4529-84c9-83b163cb0552');
INSERT INTO account_operation (id, amount, description, operation_date, type, bank_account_id) VALUES (8711, 7218.03, 'Cash Deposit', '2026-05-16 19:56:31', 'CREDIT', 'acc-83fc35e0-7525-4529-84c9-83b163cb0552');
INSERT INTO account_operation (id, amount, description, operation_date, type, bank_account_id) VALUES (8712, 531.41, 'Carrefour', '2025-11-23 19:56:31', 'DEBIT', 'acc-83fc35e0-7525-4529-84c9-83b163cb0552');
INSERT INTO account_operation (id, amount, description, operation_date, type, bank_account_id) VALUES (8713, 478.54, 'Carrefour', '2026-01-02 19:56:31', 'DEBIT', 'acc-83fc35e0-7525-4529-84c9-83b163cb0552');
INSERT INTO account_operation (id, amount, description, operation_date, type, bank_account_id) VALUES (8714, 10108.75, 'Salary Deposit', '2026-05-14 19:56:31', 'CREDIT', 'acc-83fc35e0-7525-4529-84c9-83b163cb0552');
INSERT INTO account_operation (id, amount, description, operation_date, type, bank_account_id) VALUES (8715, 294.56, 'ONEE Electricity', '2026-06-02 19:56:31', 'DEBIT', 'acc-83fc35e0-7525-4529-84c9-83b163cb0552');
INSERT INTO account_operation (id, amount, description, operation_date, type, bank_account_id) VALUES (8716, 2766.78, 'Freelance Payment', '2026-05-26 19:56:31', 'CREDIT', 'acc-83fc35e0-7525-4529-84c9-83b163cb0552');
INSERT INTO bank_account (id, type, balance, created_at, customer_id, over_draft, interest_rate) VALUES ('acc-eadf4dd3-fbf2-4ddf-b9c5-8e35afc4c740', 'SAVE', 42660.83, '2025-10-14 19:56:31', 147, NULL, 3.46);
INSERT INTO account_operation (id, amount, description, operation_date, type, bank_account_id) VALUES (8717, 21988.27, 'Initial Account Funding', '2025-10-14 19:56:31', 'CREDIT', 'acc-eadf4dd3-fbf2-4ddf-b9c5-8e35afc4c740');
INSERT INTO account_operation (id, amount, description, operation_date, type, bank_account_id) VALUES (8718, 1603.49, 'Dividend Payout', '2026-01-26 19:56:31', 'CREDIT', 'acc-eadf4dd3-fbf2-4ddf-b9c5-8e35afc4c740');
INSERT INTO account_operation (id, amount, description, operation_date, type, bank_account_id) VALUES (8719, 106.04, 'BIM Store', '2026-05-31 19:56:31', 'DEBIT', 'acc-eadf4dd3-fbf2-4ddf-b9c5-8e35afc4c740');
INSERT INTO account_operation (id, amount, description, operation_date, type, bank_account_id) VALUES (8720, 902.08, 'BIM Store', '2026-03-26 19:56:31', 'DEBIT', 'acc-eadf4dd3-fbf2-4ddf-b9c5-8e35afc4c740');
INSERT INTO account_operation (id, amount, description, operation_date, type, bank_account_id) VALUES (8721, 546.75, 'Redal', '2026-01-06 19:56:31', 'DEBIT', 'acc-eadf4dd3-fbf2-4ddf-b9c5-8e35afc4c740');
INSERT INTO account_operation (id, amount, description, operation_date, type, bank_account_id) VALUES (8722, 2561.48, 'Transfer Received', '2026-04-10 19:56:31', 'CREDIT', 'acc-eadf4dd3-fbf2-4ddf-b9c5-8e35afc4c740');
INSERT INTO account_operation (id, amount, description, operation_date, type, bank_account_id) VALUES (8723, 8625.12, 'Cash Deposit', '2026-03-10 19:56:31', 'CREDIT', 'acc-eadf4dd3-fbf2-4ddf-b9c5-8e35afc4c740');
INSERT INTO account_operation (id, amount, description, operation_date, type, bank_account_id) VALUES (8724, 1255.62, 'Orange', '2026-06-19 19:56:31', 'DEBIT', 'acc-eadf4dd3-fbf2-4ddf-b9c5-8e35afc4c740');
INSERT INTO account_operation (id, amount, description, operation_date, type, bank_account_id) VALUES (8725, 1381.99, 'ONCF Train', '2026-02-28 19:56:31', 'DEBIT', 'acc-eadf4dd3-fbf2-4ddf-b9c5-8e35afc4c740');
INSERT INTO account_operation (id, amount, description, operation_date, type, bank_account_id) VALUES (8726, 1422.85, 'Carrefour', '2026-02-18 19:56:31', 'DEBIT', 'acc-eadf4dd3-fbf2-4ddf-b9c5-8e35afc4c740');
INSERT INTO account_operation (id, amount, description, operation_date, type, bank_account_id) VALUES (8727, 1311.42, 'Spotify', '2026-06-01 19:56:31', 'DEBIT', 'acc-eadf4dd3-fbf2-4ddf-b9c5-8e35afc4c740');
INSERT INTO account_operation (id, amount, description, operation_date, type, bank_account_id) VALUES (8728, 721.14, 'Carrefour', '2026-02-13 19:56:31', 'DEBIT', 'acc-eadf4dd3-fbf2-4ddf-b9c5-8e35afc4c740');
INSERT INTO account_operation (id, amount, description, operation_date, type, bank_account_id) VALUES (8729, 3280.86, 'Cash Deposit', '2026-03-18 19:56:31', 'CREDIT', 'acc-eadf4dd3-fbf2-4ddf-b9c5-8e35afc4c740');
INSERT INTO account_operation (id, amount, description, operation_date, type, bank_account_id) VALUES (8730, 1930.97, 'Inwi', '2026-03-07 19:56:31', 'DEBIT', 'acc-eadf4dd3-fbf2-4ddf-b9c5-8e35afc4c740');
INSERT INTO account_operation (id, amount, description, operation_date, type, bank_account_id) VALUES (8731, 1901.16, 'Maroc Telecom', '2025-11-13 19:56:31', 'DEBIT', 'acc-eadf4dd3-fbf2-4ddf-b9c5-8e35afc4c740');
INSERT INTO account_operation (id, amount, description, operation_date, type, bank_account_id) VALUES (8732, 184.7, 'Redal', '2025-11-24 19:56:31', 'DEBIT', 'acc-eadf4dd3-fbf2-4ddf-b9c5-8e35afc4c740');
INSERT INTO account_operation (id, amount, description, operation_date, type, bank_account_id) VALUES (8733, 3585.47, 'Dividend Payout', '2026-04-19 19:56:31', 'CREDIT', 'acc-eadf4dd3-fbf2-4ddf-b9c5-8e35afc4c740');
INSERT INTO account_operation (id, amount, description, operation_date, type, bank_account_id) VALUES (8734, 143.69, 'BIM Store', '2026-05-02 19:56:31', 'DEBIT', 'acc-eadf4dd3-fbf2-4ddf-b9c5-8e35afc4c740');
INSERT INTO account_operation (id, amount, description, operation_date, type, bank_account_id) VALUES (8735, 1495.06, 'Carrefour', '2026-05-08 19:56:31', 'DEBIT', 'acc-eadf4dd3-fbf2-4ddf-b9c5-8e35afc4c740');
INSERT INTO account_operation (id, amount, description, operation_date, type, bank_account_id) VALUES (8736, 1751.95, 'Carrefour', '2025-11-14 19:56:31', 'DEBIT', 'acc-eadf4dd3-fbf2-4ddf-b9c5-8e35afc4c740');
INSERT INTO account_operation (id, amount, description, operation_date, type, bank_account_id) VALUES (8737, 331.39, 'ONEE Electricity', '2026-02-19 19:56:31', 'DEBIT', 'acc-eadf4dd3-fbf2-4ddf-b9c5-8e35afc4c740');
INSERT INTO account_operation (id, amount, description, operation_date, type, bank_account_id) VALUES (8738, 1932.83, 'Local Cafe', '2026-01-12 19:56:31', 'DEBIT', 'acc-eadf4dd3-fbf2-4ddf-b9c5-8e35afc4c740');
INSERT INTO account_operation (id, amount, description, operation_date, type, bank_account_id) VALUES (8739, 174.5, 'Orange', '2026-01-13 19:56:31', 'DEBIT', 'acc-eadf4dd3-fbf2-4ddf-b9c5-8e35afc4c740');
INSERT INTO account_operation (id, amount, description, operation_date, type, bank_account_id) VALUES (8740, 1428.5, 'Inwi', '2026-03-03 19:56:31', 'DEBIT', 'acc-eadf4dd3-fbf2-4ddf-b9c5-8e35afc4c740');
INSERT INTO account_operation (id, amount, description, operation_date, type, bank_account_id) VALUES (8741, 1305.26, 'Redal', '2026-01-03 19:56:31', 'DEBIT', 'acc-eadf4dd3-fbf2-4ddf-b9c5-8e35afc4c740');
INSERT INTO account_operation (id, amount, description, operation_date, type, bank_account_id) VALUES (8742, 13993.99, 'Salary Deposit', '2026-06-26 19:56:31', 'CREDIT', 'acc-eadf4dd3-fbf2-4ddf-b9c5-8e35afc4c740');
INSERT INTO account_operation (id, amount, description, operation_date, type, bank_account_id) VALUES (8743, 1607.95, 'Local Cafe', '2025-11-10 19:56:31', 'DEBIT', 'acc-eadf4dd3-fbf2-4ddf-b9c5-8e35afc4c740');
INSERT INTO account_operation (id, amount, description, operation_date, type, bank_account_id) VALUES (8744, 1550.57, 'ONCF Train', '2026-06-18 19:56:31', 'DEBIT', 'acc-eadf4dd3-fbf2-4ddf-b9c5-8e35afc4c740');
INSERT INTO account_operation (id, amount, description, operation_date, type, bank_account_id) VALUES (8745, 3230.86, 'Freelance Payment', '2025-12-21 19:56:31', 'CREDIT', 'acc-eadf4dd3-fbf2-4ddf-b9c5-8e35afc4c740');
INSERT INTO account_operation (id, amount, description, operation_date, type, bank_account_id) VALUES (8746, 8501.02, 'Cash Deposit', '2026-06-24 19:56:31', 'CREDIT', 'acc-eadf4dd3-fbf2-4ddf-b9c5-8e35afc4c740');
INSERT INTO account_operation (id, amount, description, operation_date, type, bank_account_id) VALUES (8747, 135.45, 'Inwi', '2025-11-30 19:56:31', 'DEBIT', 'acc-eadf4dd3-fbf2-4ddf-b9c5-8e35afc4c740');
INSERT INTO account_operation (id, amount, description, operation_date, type, bank_account_id) VALUES (8748, 1187.86, 'CTM Bus', '2026-01-15 19:56:31', 'DEBIT', 'acc-eadf4dd3-fbf2-4ddf-b9c5-8e35afc4c740');

INSERT INTO customer (id, name, email) VALUES (148, 'Fatima Zahra Alaoui', 'fatima.zahra.alaoui@gmail.com');
INSERT INTO bank_account (id, type, balance, created_at, customer_id, over_draft, interest_rate) VALUES ('acc-f9da18f7-d92e-4eb5-8759-50e5c68b1929', 'SAVE', 79859.11, '2025-11-01 19:56:31', 148, NULL, 4.02);
INSERT INTO account_operation (id, amount, description, operation_date, type, bank_account_id) VALUES (8749, 11040.56, 'Initial Account Funding', '2025-11-01 19:56:31', 'CREDIT', 'acc-f9da18f7-d92e-4eb5-8759-50e5c68b1929');
INSERT INTO account_operation (id, amount, description, operation_date, type, bank_account_id) VALUES (8750, 888.44, 'Orange', '2026-06-11 19:56:31', 'DEBIT', 'acc-f9da18f7-d92e-4eb5-8759-50e5c68b1929');
INSERT INTO account_operation (id, amount, description, operation_date, type, bank_account_id) VALUES (8751, 13806.66, 'Transfer Received', '2026-04-06 19:56:31', 'CREDIT', 'acc-f9da18f7-d92e-4eb5-8759-50e5c68b1929');
INSERT INTO account_operation (id, amount, description, operation_date, type, bank_account_id) VALUES (8752, 628.12, 'Netflix Subscription', '2026-06-07 19:56:31', 'DEBIT', 'acc-f9da18f7-d92e-4eb5-8759-50e5c68b1929');
INSERT INTO account_operation (id, amount, description, operation_date, type, bank_account_id) VALUES (8753, 823.32, 'Netflix Subscription', '2025-11-24 19:56:31', 'DEBIT', 'acc-f9da18f7-d92e-4eb5-8759-50e5c68b1929');
INSERT INTO account_operation (id, amount, description, operation_date, type, bank_account_id) VALUES (8754, 270.56, 'ONCF Train', '2026-04-13 19:56:31', 'DEBIT', 'acc-f9da18f7-d92e-4eb5-8759-50e5c68b1929');
INSERT INTO account_operation (id, amount, description, operation_date, type, bank_account_id) VALUES (8755, 1772.86, 'ONCF Train', '2025-12-21 19:56:31', 'DEBIT', 'acc-f9da18f7-d92e-4eb5-8759-50e5c68b1929');
INSERT INTO account_operation (id, amount, description, operation_date, type, bank_account_id) VALUES (8756, 504.3, 'CTM Bus', '2026-04-09 19:56:31', 'DEBIT', 'acc-f9da18f7-d92e-4eb5-8759-50e5c68b1929');
INSERT INTO account_operation (id, amount, description, operation_date, type, bank_account_id) VALUES (8757, 1848.14, 'BIM Store', '2026-03-03 19:56:31', 'DEBIT', 'acc-f9da18f7-d92e-4eb5-8759-50e5c68b1929');
INSERT INTO account_operation (id, amount, description, operation_date, type, bank_account_id) VALUES (8758, 5475.22, 'Freelance Payment', '2025-11-08 19:56:31', 'CREDIT', 'acc-f9da18f7-d92e-4eb5-8759-50e5c68b1929');
INSERT INTO account_operation (id, amount, description, operation_date, type, bank_account_id) VALUES (8759, 728.19, 'Netflix Subscription', '2025-11-22 19:56:31', 'DEBIT', 'acc-f9da18f7-d92e-4eb5-8759-50e5c68b1929');
INSERT INTO account_operation (id, amount, description, operation_date, type, bank_account_id) VALUES (8760, 10981.13, 'Freelance Payment', '2025-11-21 19:56:31', 'CREDIT', 'acc-f9da18f7-d92e-4eb5-8759-50e5c68b1929');
INSERT INTO account_operation (id, amount, description, operation_date, type, bank_account_id) VALUES (8761, 545.47, 'Orange', '2026-04-11 19:56:31', 'DEBIT', 'acc-f9da18f7-d92e-4eb5-8759-50e5c68b1929');
INSERT INTO account_operation (id, amount, description, operation_date, type, bank_account_id) VALUES (8762, 6293.71, 'Transfer Received', '2026-04-09 19:56:31', 'CREDIT', 'acc-f9da18f7-d92e-4eb5-8759-50e5c68b1929');
INSERT INTO account_operation (id, amount, description, operation_date, type, bank_account_id) VALUES (8763, 12665.45, 'Salary Deposit', '2026-04-12 19:56:31', 'CREDIT', 'acc-f9da18f7-d92e-4eb5-8759-50e5c68b1929');
INSERT INTO account_operation (id, amount, description, operation_date, type, bank_account_id) VALUES (8764, 1119.56, 'ONCF Train', '2025-12-12 19:56:31', 'DEBIT', 'acc-f9da18f7-d92e-4eb5-8759-50e5c68b1929');
INSERT INTO account_operation (id, amount, description, operation_date, type, bank_account_id) VALUES (8765, 1943.36, 'Spotify', '2025-12-21 19:56:31', 'DEBIT', 'acc-f9da18f7-d92e-4eb5-8759-50e5c68b1929');
INSERT INTO account_operation (id, amount, description, operation_date, type, bank_account_id) VALUES (8766, 9735.19, 'Dividend Payout', '2026-06-17 19:56:31', 'CREDIT', 'acc-f9da18f7-d92e-4eb5-8759-50e5c68b1929');
INSERT INTO account_operation (id, amount, description, operation_date, type, bank_account_id) VALUES (8767, 672.61, 'ONEE Electricity', '2026-05-05 19:56:31', 'DEBIT', 'acc-f9da18f7-d92e-4eb5-8759-50e5c68b1929');
INSERT INTO account_operation (id, amount, description, operation_date, type, bank_account_id) VALUES (8768, 1130.33, 'Decathlon', '2025-12-06 19:56:31', 'DEBIT', 'acc-f9da18f7-d92e-4eb5-8759-50e5c68b1929');
INSERT INTO account_operation (id, amount, description, operation_date, type, bank_account_id) VALUES (8769, 10245.18, 'Cash Deposit', '2026-05-25 19:56:31', 'CREDIT', 'acc-f9da18f7-d92e-4eb5-8759-50e5c68b1929');
INSERT INTO account_operation (id, amount, description, operation_date, type, bank_account_id) VALUES (8770, 4034.09, 'Freelance Payment', '2025-12-16 19:56:31', 'CREDIT', 'acc-f9da18f7-d92e-4eb5-8759-50e5c68b1929');
INSERT INTO account_operation (id, amount, description, operation_date, type, bank_account_id) VALUES (8771, 14787.73, 'Transfer Received', '2025-11-27 19:56:31', 'CREDIT', 'acc-f9da18f7-d92e-4eb5-8759-50e5c68b1929');
INSERT INTO account_operation (id, amount, description, operation_date, type, bank_account_id) VALUES (8772, 43.07, 'Maroc Telecom', '2026-03-28 19:56:31', 'DEBIT', 'acc-f9da18f7-d92e-4eb5-8759-50e5c68b1929');
INSERT INTO account_operation (id, amount, description, operation_date, type, bank_account_id) VALUES (8773, 3467.7, 'Cash Deposit', '2026-02-08 19:56:31', 'CREDIT', 'acc-f9da18f7-d92e-4eb5-8759-50e5c68b1929');
INSERT INTO account_operation (id, amount, description, operation_date, type, bank_account_id) VALUES (8774, 464.21, 'Local Cafe', '2026-03-14 19:56:31', 'DEBIT', 'acc-f9da18f7-d92e-4eb5-8759-50e5c68b1929');
INSERT INTO account_operation (id, amount, description, operation_date, type, bank_account_id) VALUES (8775, 1164.17, 'Zara', '2026-06-21 19:56:31', 'DEBIT', 'acc-f9da18f7-d92e-4eb5-8759-50e5c68b1929');
INSERT INTO account_operation (id, amount, description, operation_date, type, bank_account_id) VALUES (8776, 987.95, 'Carrefour', '2026-04-19 19:56:31', 'DEBIT', 'acc-f9da18f7-d92e-4eb5-8759-50e5c68b1929');
INSERT INTO account_operation (id, amount, description, operation_date, type, bank_account_id) VALUES (8777, 4362.53, 'Salary Deposit', '2026-03-02 19:56:31', 'CREDIT', 'acc-f9da18f7-d92e-4eb5-8759-50e5c68b1929');
INSERT INTO account_operation (id, amount, description, operation_date, type, bank_account_id) VALUES (8778, 4603.97, 'Dividend Payout', '2026-03-21 19:56:31', 'CREDIT', 'acc-f9da18f7-d92e-4eb5-8759-50e5c68b1929');
INSERT INTO account_operation (id, amount, description, operation_date, type, bank_account_id) VALUES (8779, 1491.82, 'LC Waikiki', '2026-01-11 19:56:31', 'DEBIT', 'acc-f9da18f7-d92e-4eb5-8759-50e5c68b1929');
INSERT INTO account_operation (id, amount, description, operation_date, type, bank_account_id) VALUES (8780, 1972.12, 'ONCF Train', '2026-04-20 19:56:31', 'DEBIT', 'acc-f9da18f7-d92e-4eb5-8759-50e5c68b1929');
INSERT INTO account_operation (id, amount, description, operation_date, type, bank_account_id) VALUES (8781, 785.65, 'ONCF Train', '2026-04-28 19:56:31', 'DEBIT', 'acc-f9da18f7-d92e-4eb5-8759-50e5c68b1929');
INSERT INTO account_operation (id, amount, description, operation_date, type, bank_account_id) VALUES (8782, 1018.89, 'Zara', '2026-05-11 19:56:31', 'DEBIT', 'acc-f9da18f7-d92e-4eb5-8759-50e5c68b1929');
INSERT INTO account_operation (id, amount, description, operation_date, type, bank_account_id) VALUES (8783, 445.98, 'LC Waikiki', '2025-11-17 19:56:31', 'DEBIT', 'acc-f9da18f7-d92e-4eb5-8759-50e5c68b1929');
INSERT INTO account_operation (id, amount, description, operation_date, type, bank_account_id) VALUES (8784, 219.57, 'Carrefour', '2026-02-27 19:56:31', 'DEBIT', 'acc-f9da18f7-d92e-4eb5-8759-50e5c68b1929');
INSERT INTO account_operation (id, amount, description, operation_date, type, bank_account_id) VALUES (8785, 1119.93, 'LC Waikiki', '2026-01-10 19:56:31', 'DEBIT', 'acc-f9da18f7-d92e-4eb5-8759-50e5c68b1929');
INSERT INTO account_operation (id, amount, description, operation_date, type, bank_account_id) VALUES (8786, 635.75, 'Spotify', '2026-01-22 19:56:31', 'DEBIT', 'acc-f9da18f7-d92e-4eb5-8759-50e5c68b1929');
INSERT INTO account_operation (id, amount, description, operation_date, type, bank_account_id) VALUES (8787, 1706.14, 'Marjane Supermarket', '2025-12-28 19:56:31', 'DEBIT', 'acc-f9da18f7-d92e-4eb5-8759-50e5c68b1929');
INSERT INTO account_operation (id, amount, description, operation_date, type, bank_account_id) VALUES (8788, 1460.47, 'LC Waikiki', '2026-01-28 19:56:31', 'DEBIT', 'acc-f9da18f7-d92e-4eb5-8759-50e5c68b1929');
INSERT INTO account_operation (id, amount, description, operation_date, type, bank_account_id) VALUES (8789, 1129.07, 'Spotify', '2026-05-06 19:56:31', 'DEBIT', 'acc-f9da18f7-d92e-4eb5-8759-50e5c68b1929');
INSERT INTO account_operation (id, amount, description, operation_date, type, bank_account_id) VALUES (8790, 1585.08, 'CTM Bus', '2026-04-26 19:56:31', 'DEBIT', 'acc-f9da18f7-d92e-4eb5-8759-50e5c68b1929');
INSERT INTO account_operation (id, amount, description, operation_date, type, bank_account_id) VALUES (8791, 1347.87, 'ONCF Train', '2026-02-13 19:56:31', 'DEBIT', 'acc-f9da18f7-d92e-4eb5-8759-50e5c68b1929');
INSERT INTO account_operation (id, amount, description, operation_date, type, bank_account_id) VALUES (8792, 1905.23, 'Maroc Telecom', '2026-03-27 19:56:31', 'DEBIT', 'acc-f9da18f7-d92e-4eb5-8759-50e5c68b1929');
INSERT INTO account_operation (id, amount, description, operation_date, type, bank_account_id) VALUES (8793, 1106.78, 'Amendis', '2025-11-18 19:56:31', 'DEBIT', 'acc-f9da18f7-d92e-4eb5-8759-50e5c68b1929');
INSERT INTO account_operation (id, amount, description, operation_date, type, bank_account_id) VALUES (8794, 472.59, 'LC Waikiki', '2025-12-19 19:56:31', 'DEBIT', 'acc-f9da18f7-d92e-4eb5-8759-50e5c68b1929');
INSERT INTO account_operation (id, amount, description, operation_date, type, bank_account_id) VALUES (8795, 44.13, 'Decathlon', '2026-01-04 19:56:31', 'DEBIT', 'acc-f9da18f7-d92e-4eb5-8759-50e5c68b1929');
INSERT INTO account_operation (id, amount, description, operation_date, type, bank_account_id) VALUES (8796, 836.68, 'Orange', '2026-02-20 19:56:31', 'DEBIT', 'acc-f9da18f7-d92e-4eb5-8759-50e5c68b1929');
INSERT INTO account_operation (id, amount, description, operation_date, type, bank_account_id) VALUES (8797, 369.57, 'Amendis', '2026-03-25 19:56:31', 'DEBIT', 'acc-f9da18f7-d92e-4eb5-8759-50e5c68b1929');
INSERT INTO account_operation (id, amount, description, operation_date, type, bank_account_id) VALUES (8798, 4610.35, 'Transfer Received', '2026-05-09 19:56:31', 'CREDIT', 'acc-f9da18f7-d92e-4eb5-8759-50e5c68b1929');
INSERT INTO account_operation (id, amount, description, operation_date, type, bank_account_id) VALUES (8799, 1062.38, 'Amendis', '2026-01-18 19:56:31', 'DEBIT', 'acc-f9da18f7-d92e-4eb5-8759-50e5c68b1929');
INSERT INTO bank_account (id, type, balance, created_at, customer_id, over_draft, interest_rate) VALUES ('acc-297fb1d7-1df6-4533-9d5b-c2037ba7a677', 'SAVE', 96838.89, '2025-08-16 19:56:31', 148, NULL, 4.41);
INSERT INTO account_operation (id, amount, description, operation_date, type, bank_account_id) VALUES (8800, 22330.67, 'Initial Account Funding', '2025-08-16 19:56:31', 'CREDIT', 'acc-297fb1d7-1df6-4533-9d5b-c2037ba7a677');
INSERT INTO account_operation (id, amount, description, operation_date, type, bank_account_id) VALUES (8801, 8845.95, 'Transfer Received', '2026-01-27 19:56:31', 'CREDIT', 'acc-297fb1d7-1df6-4533-9d5b-c2037ba7a677');
INSERT INTO account_operation (id, amount, description, operation_date, type, bank_account_id) VALUES (8802, 1621.84, 'Spotify', '2026-02-22 19:56:31', 'DEBIT', 'acc-297fb1d7-1df6-4533-9d5b-c2037ba7a677');
INSERT INTO account_operation (id, amount, description, operation_date, type, bank_account_id) VALUES (8803, 1968.18, 'Inwi', '2025-10-20 19:56:31', 'DEBIT', 'acc-297fb1d7-1df6-4533-9d5b-c2037ba7a677');
INSERT INTO account_operation (id, amount, description, operation_date, type, bank_account_id) VALUES (8804, 1935.2, 'Local Cafe', '2025-12-18 19:56:31', 'DEBIT', 'acc-297fb1d7-1df6-4533-9d5b-c2037ba7a677');
INSERT INTO account_operation (id, amount, description, operation_date, type, bank_account_id) VALUES (8805, 93.15, 'Decathlon', '2025-08-25 19:56:31', 'DEBIT', 'acc-297fb1d7-1df6-4533-9d5b-c2037ba7a677');
INSERT INTO account_operation (id, amount, description, operation_date, type, bank_account_id) VALUES (8806, 8060.31, 'Dividend Payout', '2025-11-24 19:56:31', 'CREDIT', 'acc-297fb1d7-1df6-4533-9d5b-c2037ba7a677');
INSERT INTO account_operation (id, amount, description, operation_date, type, bank_account_id) VALUES (8807, 528.41, 'Spotify', '2025-11-22 19:56:31', 'DEBIT', 'acc-297fb1d7-1df6-4533-9d5b-c2037ba7a677');
INSERT INTO account_operation (id, amount, description, operation_date, type, bank_account_id) VALUES (8808, 13233.58, 'Salary Deposit', '2026-06-10 19:56:31', 'CREDIT', 'acc-297fb1d7-1df6-4533-9d5b-c2037ba7a677');
INSERT INTO account_operation (id, amount, description, operation_date, type, bank_account_id) VALUES (8809, 740.53, 'LC Waikiki', '2025-11-24 19:56:31', 'DEBIT', 'acc-297fb1d7-1df6-4533-9d5b-c2037ba7a677');
INSERT INTO account_operation (id, amount, description, operation_date, type, bank_account_id) VALUES (8810, 14077.16, 'Cash Deposit', '2025-12-09 19:56:31', 'CREDIT', 'acc-297fb1d7-1df6-4533-9d5b-c2037ba7a677');
INSERT INTO account_operation (id, amount, description, operation_date, type, bank_account_id) VALUES (8811, 256.79, 'Carrefour', '2026-03-05 19:56:31', 'DEBIT', 'acc-297fb1d7-1df6-4533-9d5b-c2037ba7a677');
INSERT INTO account_operation (id, amount, description, operation_date, type, bank_account_id) VALUES (8812, 526.05, 'Amendis', '2026-06-07 19:56:31', 'DEBIT', 'acc-297fb1d7-1df6-4533-9d5b-c2037ba7a677');
INSERT INTO account_operation (id, amount, description, operation_date, type, bank_account_id) VALUES (8813, 9889.04, 'Cash Deposit', '2026-06-05 19:56:31', 'CREDIT', 'acc-297fb1d7-1df6-4533-9d5b-c2037ba7a677');
INSERT INTO account_operation (id, amount, description, operation_date, type, bank_account_id) VALUES (8814, 1822.85, 'Orange', '2025-12-04 19:56:31', 'DEBIT', 'acc-297fb1d7-1df6-4533-9d5b-c2037ba7a677');
INSERT INTO account_operation (id, amount, description, operation_date, type, bank_account_id) VALUES (8815, 1297.04, 'Orange', '2026-01-13 19:56:31', 'DEBIT', 'acc-297fb1d7-1df6-4533-9d5b-c2037ba7a677');
INSERT INTO account_operation (id, amount, description, operation_date, type, bank_account_id) VALUES (8816, 1328.38, 'Marjane Supermarket', '2025-11-07 19:56:31', 'DEBIT', 'acc-297fb1d7-1df6-4533-9d5b-c2037ba7a677');
INSERT INTO account_operation (id, amount, description, operation_date, type, bank_account_id) VALUES (8817, 50.06, 'Amendis', '2026-03-27 19:56:31', 'DEBIT', 'acc-297fb1d7-1df6-4533-9d5b-c2037ba7a677');
INSERT INTO account_operation (id, amount, description, operation_date, type, bank_account_id) VALUES (8818, 5987.03, 'Dividend Payout', '2025-10-12 19:56:31', 'CREDIT', 'acc-297fb1d7-1df6-4533-9d5b-c2037ba7a677');
INSERT INTO account_operation (id, amount, description, operation_date, type, bank_account_id) VALUES (8819, 1738.4, 'Transfer Received', '2026-05-28 19:56:31', 'CREDIT', 'acc-297fb1d7-1df6-4533-9d5b-c2037ba7a677');
INSERT INTO account_operation (id, amount, description, operation_date, type, bank_account_id) VALUES (8820, 30.84, 'Spotify', '2025-11-06 19:56:31', 'DEBIT', 'acc-297fb1d7-1df6-4533-9d5b-c2037ba7a677');
INSERT INTO account_operation (id, amount, description, operation_date, type, bank_account_id) VALUES (8821, 47.15, 'BIM Store', '2025-08-22 19:56:31', 'DEBIT', 'acc-297fb1d7-1df6-4533-9d5b-c2037ba7a677');
INSERT INTO account_operation (id, amount, description, operation_date, type, bank_account_id) VALUES (8822, 3005.85, 'Salary Deposit', '2026-02-18 19:56:31', 'CREDIT', 'acc-297fb1d7-1df6-4533-9d5b-c2037ba7a677');
INSERT INTO account_operation (id, amount, description, operation_date, type, bank_account_id) VALUES (8823, 100.56, 'Local Cafe', '2026-05-23 19:56:31', 'DEBIT', 'acc-297fb1d7-1df6-4533-9d5b-c2037ba7a677');
INSERT INTO account_operation (id, amount, description, operation_date, type, bank_account_id) VALUES (8824, 1709.64, 'Spotify', '2026-03-14 19:56:31', 'DEBIT', 'acc-297fb1d7-1df6-4533-9d5b-c2037ba7a677');
INSERT INTO account_operation (id, amount, description, operation_date, type, bank_account_id) VALUES (8825, 5590.78, 'Cash Deposit', '2026-04-03 19:56:31', 'CREDIT', 'acc-297fb1d7-1df6-4533-9d5b-c2037ba7a677');
INSERT INTO account_operation (id, amount, description, operation_date, type, bank_account_id) VALUES (8826, 498.69, 'ONCF Train', '2026-02-24 19:56:31', 'DEBIT', 'acc-297fb1d7-1df6-4533-9d5b-c2037ba7a677');
INSERT INTO account_operation (id, amount, description, operation_date, type, bank_account_id) VALUES (8827, 230.69, 'Amendis', '2025-08-22 19:56:31', 'DEBIT', 'acc-297fb1d7-1df6-4533-9d5b-c2037ba7a677');
INSERT INTO account_operation (id, amount, description, operation_date, type, bank_account_id) VALUES (8828, 475.17, 'Inwi', '2025-10-26 19:56:31', 'DEBIT', 'acc-297fb1d7-1df6-4533-9d5b-c2037ba7a677');
INSERT INTO account_operation (id, amount, description, operation_date, type, bank_account_id) VALUES (8829, 1404.32, 'Netflix Subscription', '2025-11-04 19:56:31', 'DEBIT', 'acc-297fb1d7-1df6-4533-9d5b-c2037ba7a677');
INSERT INTO account_operation (id, amount, description, operation_date, type, bank_account_id) VALUES (8830, 407.49, 'LC Waikiki', '2025-10-23 19:56:31', 'DEBIT', 'acc-297fb1d7-1df6-4533-9d5b-c2037ba7a677');
INSERT INTO account_operation (id, amount, description, operation_date, type, bank_account_id) VALUES (8831, 798.58, 'Maroc Telecom', '2025-08-26 19:56:31', 'DEBIT', 'acc-297fb1d7-1df6-4533-9d5b-c2037ba7a677');
INSERT INTO account_operation (id, amount, description, operation_date, type, bank_account_id) VALUES (8832, 769.05, 'Pharmacy', '2026-04-30 19:56:31', 'DEBIT', 'acc-297fb1d7-1df6-4533-9d5b-c2037ba7a677');
INSERT INTO account_operation (id, amount, description, operation_date, type, bank_account_id) VALUES (8833, 967.35, 'Carrefour', '2025-08-31 19:56:31', 'DEBIT', 'acc-297fb1d7-1df6-4533-9d5b-c2037ba7a677');
INSERT INTO account_operation (id, amount, description, operation_date, type, bank_account_id) VALUES (8834, 927.62, 'BIM Store', '2026-03-28 19:56:31', 'DEBIT', 'acc-297fb1d7-1df6-4533-9d5b-c2037ba7a677');
INSERT INTO account_operation (id, amount, description, operation_date, type, bank_account_id) VALUES (8835, 1305.86, 'Restaurant', '2025-08-26 19:56:31', 'DEBIT', 'acc-297fb1d7-1df6-4533-9d5b-c2037ba7a677');
INSERT INTO account_operation (id, amount, description, operation_date, type, bank_account_id) VALUES (8836, 219.25, 'LC Waikiki', '2025-12-17 19:56:31', 'DEBIT', 'acc-297fb1d7-1df6-4533-9d5b-c2037ba7a677');
INSERT INTO account_operation (id, amount, description, operation_date, type, bank_account_id) VALUES (8837, 7361.38, 'Cash Deposit', '2026-04-11 19:56:31', 'CREDIT', 'acc-297fb1d7-1df6-4533-9d5b-c2037ba7a677');
INSERT INTO account_operation (id, amount, description, operation_date, type, bank_account_id) VALUES (8838, 1731.57, 'Freelance Payment', '2025-08-19 19:56:31', 'CREDIT', 'acc-297fb1d7-1df6-4533-9d5b-c2037ba7a677');
INSERT INTO account_operation (id, amount, description, operation_date, type, bank_account_id) VALUES (8839, 728.21, 'Decathlon', '2026-03-19 19:56:31', 'DEBIT', 'acc-297fb1d7-1df6-4533-9d5b-c2037ba7a677');
INSERT INTO account_operation (id, amount, description, operation_date, type, bank_account_id) VALUES (8840, 276.44, 'Pharmacy', '2025-09-29 19:56:31', 'DEBIT', 'acc-297fb1d7-1df6-4533-9d5b-c2037ba7a677');
INSERT INTO account_operation (id, amount, description, operation_date, type, bank_account_id) VALUES (8841, 140.04, 'Marjane Supermarket', '2026-03-01 19:56:31', 'DEBIT', 'acc-297fb1d7-1df6-4533-9d5b-c2037ba7a677');
INSERT INTO account_operation (id, amount, description, operation_date, type, bank_account_id) VALUES (8842, 6299.39, 'Dividend Payout', '2026-01-13 19:56:31', 'CREDIT', 'acc-297fb1d7-1df6-4533-9d5b-c2037ba7a677');
INSERT INTO account_operation (id, amount, description, operation_date, type, bank_account_id) VALUES (8843, 1211.44, 'Spotify', '2025-09-09 19:56:31', 'DEBIT', 'acc-297fb1d7-1df6-4533-9d5b-c2037ba7a677');
INSERT INTO account_operation (id, amount, description, operation_date, type, bank_account_id) VALUES (8844, 783.46, 'CTM Bus', '2025-11-22 19:56:31', 'DEBIT', 'acc-297fb1d7-1df6-4533-9d5b-c2037ba7a677');
INSERT INTO account_operation (id, amount, description, operation_date, type, bank_account_id) VALUES (8845, 13888.11, 'Transfer Received', '2026-05-16 19:56:31', 'CREDIT', 'acc-297fb1d7-1df6-4533-9d5b-c2037ba7a677');
INSERT INTO bank_account (id, type, balance, created_at, customer_id, over_draft, interest_rate) VALUES ('acc-48a7ee0a-4a6c-45d4-afbb-a909aac80597', 'CURR', 150527.87, '2025-08-12 19:56:31', 148, 1775.2, NULL);
INSERT INTO account_operation (id, amount, description, operation_date, type, bank_account_id) VALUES (8846, 40154.36, 'Initial Account Funding', '2025-08-12 19:56:31', 'CREDIT', 'acc-48a7ee0a-4a6c-45d4-afbb-a909aac80597');
INSERT INTO account_operation (id, amount, description, operation_date, type, bank_account_id) VALUES (8847, 1083.81, 'Zara', '2025-12-13 19:56:31', 'DEBIT', 'acc-48a7ee0a-4a6c-45d4-afbb-a909aac80597');
INSERT INTO account_operation (id, amount, description, operation_date, type, bank_account_id) VALUES (8848, 2932.37, 'Freelance Payment', '2026-01-08 19:56:31', 'CREDIT', 'acc-48a7ee0a-4a6c-45d4-afbb-a909aac80597');
INSERT INTO account_operation (id, amount, description, operation_date, type, bank_account_id) VALUES (8849, 909.97, 'Carrefour', '2025-12-05 19:56:31', 'DEBIT', 'acc-48a7ee0a-4a6c-45d4-afbb-a909aac80597');
INSERT INTO account_operation (id, amount, description, operation_date, type, bank_account_id) VALUES (8850, 350.14, 'Pharmacy', '2025-09-23 19:56:31', 'DEBIT', 'acc-48a7ee0a-4a6c-45d4-afbb-a909aac80597');
INSERT INTO account_operation (id, amount, description, operation_date, type, bank_account_id) VALUES (8851, 14877.91, 'Cash Deposit', '2025-10-31 19:56:31', 'CREDIT', 'acc-48a7ee0a-4a6c-45d4-afbb-a909aac80597');
INSERT INTO account_operation (id, amount, description, operation_date, type, bank_account_id) VALUES (8852, 9507.91, 'Dividend Payout', '2026-05-01 19:56:31', 'CREDIT', 'acc-48a7ee0a-4a6c-45d4-afbb-a909aac80597');
INSERT INTO account_operation (id, amount, description, operation_date, type, bank_account_id) VALUES (8853, 215.37, 'Restaurant', '2026-03-17 19:56:31', 'DEBIT', 'acc-48a7ee0a-4a6c-45d4-afbb-a909aac80597');
INSERT INTO account_operation (id, amount, description, operation_date, type, bank_account_id) VALUES (8854, 7048.4, 'Dividend Payout', '2026-04-17 19:56:31', 'CREDIT', 'acc-48a7ee0a-4a6c-45d4-afbb-a909aac80597');
INSERT INTO account_operation (id, amount, description, operation_date, type, bank_account_id) VALUES (8855, 1924.04, 'Marjane Supermarket', '2025-11-12 19:56:31', 'DEBIT', 'acc-48a7ee0a-4a6c-45d4-afbb-a909aac80597');
INSERT INTO account_operation (id, amount, description, operation_date, type, bank_account_id) VALUES (8856, 487.01, 'ONCF Train', '2025-08-18 19:56:31', 'DEBIT', 'acc-48a7ee0a-4a6c-45d4-afbb-a909aac80597');
INSERT INTO account_operation (id, amount, description, operation_date, type, bank_account_id) VALUES (8857, 473.54, 'Zara', '2026-01-24 19:56:31', 'DEBIT', 'acc-48a7ee0a-4a6c-45d4-afbb-a909aac80597');
INSERT INTO account_operation (id, amount, description, operation_date, type, bank_account_id) VALUES (8858, 211.2, 'Carrefour', '2026-05-13 19:56:31', 'DEBIT', 'acc-48a7ee0a-4a6c-45d4-afbb-a909aac80597');
INSERT INTO account_operation (id, amount, description, operation_date, type, bank_account_id) VALUES (8859, 1354.38, 'ONCF Train', '2025-08-17 19:56:31', 'DEBIT', 'acc-48a7ee0a-4a6c-45d4-afbb-a909aac80597');
INSERT INTO account_operation (id, amount, description, operation_date, type, bank_account_id) VALUES (8860, 7706.54, 'Dividend Payout', '2025-08-22 19:56:31', 'CREDIT', 'acc-48a7ee0a-4a6c-45d4-afbb-a909aac80597');
INSERT INTO account_operation (id, amount, description, operation_date, type, bank_account_id) VALUES (8861, 1705.7, 'ONEE Electricity', '2026-03-31 19:56:31', 'DEBIT', 'acc-48a7ee0a-4a6c-45d4-afbb-a909aac80597');
INSERT INTO account_operation (id, amount, description, operation_date, type, bank_account_id) VALUES (8862, 490.36, 'LC Waikiki', '2025-09-29 19:56:31', 'DEBIT', 'acc-48a7ee0a-4a6c-45d4-afbb-a909aac80597');
INSERT INTO account_operation (id, amount, description, operation_date, type, bank_account_id) VALUES (8863, 73.56, 'Netflix Subscription', '2025-10-16 19:56:31', 'DEBIT', 'acc-48a7ee0a-4a6c-45d4-afbb-a909aac80597');
INSERT INTO account_operation (id, amount, description, operation_date, type, bank_account_id) VALUES (8864, 561.37, 'Marjane Supermarket', '2026-01-28 19:56:31', 'DEBIT', 'acc-48a7ee0a-4a6c-45d4-afbb-a909aac80597');
INSERT INTO account_operation (id, amount, description, operation_date, type, bank_account_id) VALUES (8865, 2958.78, 'Freelance Payment', '2026-04-06 19:56:31', 'CREDIT', 'acc-48a7ee0a-4a6c-45d4-afbb-a909aac80597');
INSERT INTO account_operation (id, amount, description, operation_date, type, bank_account_id) VALUES (8866, 12077.51, 'Salary Deposit', '2025-09-27 19:56:31', 'CREDIT', 'acc-48a7ee0a-4a6c-45d4-afbb-a909aac80597');
INSERT INTO account_operation (id, amount, description, operation_date, type, bank_account_id) VALUES (8867, 225.8, 'Redal', '2026-01-21 19:56:31', 'DEBIT', 'acc-48a7ee0a-4a6c-45d4-afbb-a909aac80597');
INSERT INTO account_operation (id, amount, description, operation_date, type, bank_account_id) VALUES (8868, 1903.67, 'Dividend Payout', '2026-01-28 19:56:31', 'CREDIT', 'acc-48a7ee0a-4a6c-45d4-afbb-a909aac80597');
INSERT INTO account_operation (id, amount, description, operation_date, type, bank_account_id) VALUES (8869, 6488.29, 'Cash Deposit', '2026-06-05 19:56:31', 'CREDIT', 'acc-48a7ee0a-4a6c-45d4-afbb-a909aac80597');
INSERT INTO account_operation (id, amount, description, operation_date, type, bank_account_id) VALUES (8870, 747.9, 'Carrefour', '2025-08-24 19:56:31', 'DEBIT', 'acc-48a7ee0a-4a6c-45d4-afbb-a909aac80597');
INSERT INTO account_operation (id, amount, description, operation_date, type, bank_account_id) VALUES (8871, 1658.31, 'Carrefour', '2026-05-29 19:56:31', 'DEBIT', 'acc-48a7ee0a-4a6c-45d4-afbb-a909aac80597');
INSERT INTO account_operation (id, amount, description, operation_date, type, bank_account_id) VALUES (8872, 711.63, 'CTM Bus', '2025-12-19 19:56:31', 'DEBIT', 'acc-48a7ee0a-4a6c-45d4-afbb-a909aac80597');
INSERT INTO account_operation (id, amount, description, operation_date, type, bank_account_id) VALUES (8873, 685.78, 'Local Cafe', '2025-09-22 19:56:31', 'DEBIT', 'acc-48a7ee0a-4a6c-45d4-afbb-a909aac80597');
INSERT INTO account_operation (id, amount, description, operation_date, type, bank_account_id) VALUES (8874, 399.13, 'BIM Store', '2025-08-30 19:56:31', 'DEBIT', 'acc-48a7ee0a-4a6c-45d4-afbb-a909aac80597');
INSERT INTO account_operation (id, amount, description, operation_date, type, bank_account_id) VALUES (8875, 8467.45, 'Cash Deposit', '2026-01-11 19:56:31', 'CREDIT', 'acc-48a7ee0a-4a6c-45d4-afbb-a909aac80597');
INSERT INTO account_operation (id, amount, description, operation_date, type, bank_account_id) VALUES (8876, 5429.59, 'Cash Deposit', '2025-11-18 19:56:31', 'CREDIT', 'acc-48a7ee0a-4a6c-45d4-afbb-a909aac80597');
INSERT INTO account_operation (id, amount, description, operation_date, type, bank_account_id) VALUES (8877, 1766.51, 'Amendis', '2025-09-29 19:56:31', 'DEBIT', 'acc-48a7ee0a-4a6c-45d4-afbb-a909aac80597');
INSERT INTO account_operation (id, amount, description, operation_date, type, bank_account_id) VALUES (8878, 9849.95, 'Dividend Payout', '2025-09-17 19:56:31', 'CREDIT', 'acc-48a7ee0a-4a6c-45d4-afbb-a909aac80597');
INSERT INTO account_operation (id, amount, description, operation_date, type, bank_account_id) VALUES (8879, 1374.16, 'Maroc Telecom', '2026-01-18 19:56:31', 'DEBIT', 'acc-48a7ee0a-4a6c-45d4-afbb-a909aac80597');
INSERT INTO account_operation (id, amount, description, operation_date, type, bank_account_id) VALUES (8880, 968.66, 'Marjane Supermarket', '2025-11-18 19:56:31', 'DEBIT', 'acc-48a7ee0a-4a6c-45d4-afbb-a909aac80597');
INSERT INTO account_operation (id, amount, description, operation_date, type, bank_account_id) VALUES (8881, 4217.45, 'Salary Deposit', '2026-01-01 19:56:31', 'CREDIT', 'acc-48a7ee0a-4a6c-45d4-afbb-a909aac80597');
INSERT INTO account_operation (id, amount, description, operation_date, type, bank_account_id) VALUES (8882, 12733.75, 'Freelance Payment', '2026-03-02 19:56:31', 'CREDIT', 'acc-48a7ee0a-4a6c-45d4-afbb-a909aac80597');
INSERT INTO account_operation (id, amount, description, operation_date, type, bank_account_id) VALUES (8883, 13277.95, 'Freelance Payment', '2026-05-30 19:56:31', 'CREDIT', 'acc-48a7ee0a-4a6c-45d4-afbb-a909aac80597');
INSERT INTO account_operation (id, amount, description, operation_date, type, bank_account_id) VALUES (8884, 954.04, 'Zara', '2026-03-23 19:56:31', 'DEBIT', 'acc-48a7ee0a-4a6c-45d4-afbb-a909aac80597');
INSERT INTO account_operation (id, amount, description, operation_date, type, bank_account_id) VALUES (8885, 1262.67, 'Carrefour', '2026-04-21 19:56:31', 'DEBIT', 'acc-48a7ee0a-4a6c-45d4-afbb-a909aac80597');
INSERT INTO account_operation (id, amount, description, operation_date, type, bank_account_id) VALUES (8886, 5725.66, 'Freelance Payment', '2026-06-18 19:56:31', 'CREDIT', 'acc-48a7ee0a-4a6c-45d4-afbb-a909aac80597');
INSERT INTO account_operation (id, amount, description, operation_date, type, bank_account_id) VALUES (8887, 317.37, 'Pharmacy', '2026-06-13 19:56:31', 'DEBIT', 'acc-48a7ee0a-4a6c-45d4-afbb-a909aac80597');
INSERT INTO account_operation (id, amount, description, operation_date, type, bank_account_id) VALUES (8888, 213.58, 'BIM Store', '2026-01-20 19:56:31', 'DEBIT', 'acc-48a7ee0a-4a6c-45d4-afbb-a909aac80597');
INSERT INTO account_operation (id, amount, description, operation_date, type, bank_account_id) VALUES (8889, 8062.94, 'Salary Deposit', '2026-04-08 19:56:31', 'CREDIT', 'acc-48a7ee0a-4a6c-45d4-afbb-a909aac80597');
INSERT INTO account_operation (id, amount, description, operation_date, type, bank_account_id) VALUES (8890, 525.51, 'ONEE Electricity', '2025-11-08 19:56:31', 'DEBIT', 'acc-48a7ee0a-4a6c-45d4-afbb-a909aac80597');
INSERT INTO account_operation (id, amount, description, operation_date, type, bank_account_id) VALUES (8891, 1241.11, 'Zara', '2026-02-02 19:56:31', 'DEBIT', 'acc-48a7ee0a-4a6c-45d4-afbb-a909aac80597');

INSERT INTO customer (id, name, email) VALUES (149, 'Tariq Alaoui', 'tariq.alaoui@gmail.com');
INSERT INTO bank_account (id, type, balance, created_at, customer_id, over_draft, interest_rate) VALUES ('acc-520eb92c-813c-4cc0-ae07-3d0080391c03', 'SAVE', 76226.71, '2025-07-18 19:56:31', 149, NULL, 3.43);
INSERT INTO account_operation (id, amount, description, operation_date, type, bank_account_id) VALUES (8892, 17252.79, 'Initial Account Funding', '2025-07-18 19:56:31', 'CREDIT', 'acc-520eb92c-813c-4cc0-ae07-3d0080391c03');
INSERT INTO account_operation (id, amount, description, operation_date, type, bank_account_id) VALUES (8893, 1254.67, 'Amendis', '2025-09-08 19:56:31', 'DEBIT', 'acc-520eb92c-813c-4cc0-ae07-3d0080391c03');
INSERT INTO account_operation (id, amount, description, operation_date, type, bank_account_id) VALUES (8894, 7457.5, 'Transfer Received', '2026-05-20 19:56:31', 'CREDIT', 'acc-520eb92c-813c-4cc0-ae07-3d0080391c03');
INSERT INTO account_operation (id, amount, description, operation_date, type, bank_account_id) VALUES (8895, 1579.67, 'Freelance Payment', '2025-07-29 19:56:31', 'CREDIT', 'acc-520eb92c-813c-4cc0-ae07-3d0080391c03');
INSERT INTO account_operation (id, amount, description, operation_date, type, bank_account_id) VALUES (8896, 1635.37, 'ONEE Electricity', '2026-01-30 19:56:31', 'DEBIT', 'acc-520eb92c-813c-4cc0-ae07-3d0080391c03');
INSERT INTO account_operation (id, amount, description, operation_date, type, bank_account_id) VALUES (8897, 5279.94, 'Transfer Received', '2025-12-19 19:56:31', 'CREDIT', 'acc-520eb92c-813c-4cc0-ae07-3d0080391c03');
INSERT INTO account_operation (id, amount, description, operation_date, type, bank_account_id) VALUES (8898, 1083.75, 'Inwi', '2026-02-15 19:56:31', 'DEBIT', 'acc-520eb92c-813c-4cc0-ae07-3d0080391c03');
INSERT INTO account_operation (id, amount, description, operation_date, type, bank_account_id) VALUES (8899, 943.84, 'Netflix Subscription', '2025-07-26 19:56:31', 'DEBIT', 'acc-520eb92c-813c-4cc0-ae07-3d0080391c03');
INSERT INTO account_operation (id, amount, description, operation_date, type, bank_account_id) VALUES (8900, 555.58, 'Local Cafe', '2025-08-02 19:56:31', 'DEBIT', 'acc-520eb92c-813c-4cc0-ae07-3d0080391c03');
INSERT INTO account_operation (id, amount, description, operation_date, type, bank_account_id) VALUES (8901, 5733.7, 'Dividend Payout', '2025-09-10 19:56:31', 'CREDIT', 'acc-520eb92c-813c-4cc0-ae07-3d0080391c03');
INSERT INTO account_operation (id, amount, description, operation_date, type, bank_account_id) VALUES (8902, 12587.52, 'Dividend Payout', '2026-02-23 19:56:31', 'CREDIT', 'acc-520eb92c-813c-4cc0-ae07-3d0080391c03');
INSERT INTO account_operation (id, amount, description, operation_date, type, bank_account_id) VALUES (8903, 329.13, 'Carrefour', '2025-08-11 19:56:31', 'DEBIT', 'acc-520eb92c-813c-4cc0-ae07-3d0080391c03');
INSERT INTO account_operation (id, amount, description, operation_date, type, bank_account_id) VALUES (8904, 838.51, 'ONEE Electricity', '2026-05-22 19:56:31', 'DEBIT', 'acc-520eb92c-813c-4cc0-ae07-3d0080391c03');
INSERT INTO account_operation (id, amount, description, operation_date, type, bank_account_id) VALUES (8905, 869.54, 'Redal', '2026-04-04 19:56:31', 'DEBIT', 'acc-520eb92c-813c-4cc0-ae07-3d0080391c03');
INSERT INTO account_operation (id, amount, description, operation_date, type, bank_account_id) VALUES (8906, 14826.89, 'Transfer Received', '2026-03-18 19:56:31', 'CREDIT', 'acc-520eb92c-813c-4cc0-ae07-3d0080391c03');
INSERT INTO account_operation (id, amount, description, operation_date, type, bank_account_id) VALUES (8907, 552.75, 'Zara', '2026-03-15 19:56:31', 'DEBIT', 'acc-520eb92c-813c-4cc0-ae07-3d0080391c03');
INSERT INTO account_operation (id, amount, description, operation_date, type, bank_account_id) VALUES (8908, 1224.49, 'CTM Bus', '2026-05-20 19:56:31', 'DEBIT', 'acc-520eb92c-813c-4cc0-ae07-3d0080391c03');
INSERT INTO account_operation (id, amount, description, operation_date, type, bank_account_id) VALUES (8909, 425.43, 'Restaurant', '2025-12-22 19:56:31', 'DEBIT', 'acc-520eb92c-813c-4cc0-ae07-3d0080391c03');
INSERT INTO account_operation (id, amount, description, operation_date, type, bank_account_id) VALUES (8910, 12539.63, 'Freelance Payment', '2026-01-13 19:56:31', 'CREDIT', 'acc-520eb92c-813c-4cc0-ae07-3d0080391c03');
INSERT INTO account_operation (id, amount, description, operation_date, type, bank_account_id) VALUES (8911, 3952.15, 'Freelance Payment', '2025-07-23 19:56:31', 'CREDIT', 'acc-520eb92c-813c-4cc0-ae07-3d0080391c03');
INSERT INTO account_operation (id, amount, description, operation_date, type, bank_account_id) VALUES (8912, 976.16, 'Redal', '2025-09-13 19:56:31', 'DEBIT', 'acc-520eb92c-813c-4cc0-ae07-3d0080391c03');
INSERT INTO account_operation (id, amount, description, operation_date, type, bank_account_id) VALUES (8913, 1396.57, 'Spotify', '2025-11-02 19:56:31', 'DEBIT', 'acc-520eb92c-813c-4cc0-ae07-3d0080391c03');
INSERT INTO account_operation (id, amount, description, operation_date, type, bank_account_id) VALUES (8914, 9071.73, 'Cash Deposit', '2026-05-10 19:56:31', 'CREDIT', 'acc-520eb92c-813c-4cc0-ae07-3d0080391c03');
INSERT INTO account_operation (id, amount, description, operation_date, type, bank_account_id) VALUES (8915, 1762.1, 'Decathlon', '2026-03-26 19:56:31', 'DEBIT', 'acc-520eb92c-813c-4cc0-ae07-3d0080391c03');
INSERT INTO account_operation (id, amount, description, operation_date, type, bank_account_id) VALUES (8916, 1210.93, 'LC Waikiki', '2025-10-19 19:56:31', 'DEBIT', 'acc-520eb92c-813c-4cc0-ae07-3d0080391c03');
INSERT INTO account_operation (id, amount, description, operation_date, type, bank_account_id) VALUES (8917, 1372.88, 'Pharmacy', '2025-08-23 19:56:31', 'DEBIT', 'acc-520eb92c-813c-4cc0-ae07-3d0080391c03');
INSERT INTO account_operation (id, amount, description, operation_date, type, bank_account_id) VALUES (8918, 1779.84, 'Zara', '2025-09-28 19:56:31', 'DEBIT', 'acc-520eb92c-813c-4cc0-ae07-3d0080391c03');
INSERT INTO account_operation (id, amount, description, operation_date, type, bank_account_id) VALUES (8919, 1395.24, 'ONCF Train', '2026-04-16 19:56:31', 'DEBIT', 'acc-520eb92c-813c-4cc0-ae07-3d0080391c03');
INSERT INTO account_operation (id, amount, description, operation_date, type, bank_account_id) VALUES (8920, 306.56, 'Local Cafe', '2025-10-26 19:56:31', 'DEBIT', 'acc-520eb92c-813c-4cc0-ae07-3d0080391c03');
INSERT INTO account_operation (id, amount, description, operation_date, type, bank_account_id) VALUES (8921, 777.23, 'Inwi', '2025-12-29 19:56:31', 'DEBIT', 'acc-520eb92c-813c-4cc0-ae07-3d0080391c03');
INSERT INTO account_operation (id, amount, description, operation_date, type, bank_account_id) VALUES (8922, 1843.01, 'ONEE Electricity', '2026-03-30 19:56:31', 'DEBIT', 'acc-520eb92c-813c-4cc0-ae07-3d0080391c03');
INSERT INTO account_operation (id, amount, description, operation_date, type, bank_account_id) VALUES (8923, 10121.51, 'Dividend Payout', '2025-12-28 19:56:31', 'CREDIT', 'acc-520eb92c-813c-4cc0-ae07-3d0080391c03');
INSERT INTO account_operation (id, amount, description, operation_date, type, bank_account_id) VALUES (8924, 1894.65, 'Spotify', '2025-09-04 19:56:31', 'DEBIT', 'acc-520eb92c-813c-4cc0-ae07-3d0080391c03');
INSERT INTO account_operation (id, amount, description, operation_date, type, bank_account_id) VALUES (8925, 1903.04, 'Carrefour', '2025-10-26 19:56:31', 'DEBIT', 'acc-520eb92c-813c-4cc0-ae07-3d0080391c03');
INSERT INTO account_operation (id, amount, description, operation_date, type, bank_account_id) VALUES (8926, 4372.13, 'Salary Deposit', '2026-05-08 19:56:31', 'CREDIT', 'acc-520eb92c-813c-4cc0-ae07-3d0080391c03');
INSERT INTO account_operation (id, amount, description, operation_date, type, bank_account_id) VALUES (8927, 101.87, 'Carrefour', '2025-12-13 19:56:31', 'DEBIT', 'acc-520eb92c-813c-4cc0-ae07-3d0080391c03');
INSERT INTO account_operation (id, amount, description, operation_date, type, bank_account_id) VALUES (8928, 516.56, 'Redal', '2026-02-01 19:56:31', 'DEBIT', 'acc-520eb92c-813c-4cc0-ae07-3d0080391c03');
INSERT INTO account_operation (id, amount, description, operation_date, type, bank_account_id) VALUES (8929, 1855.48, 'ONEE Electricity', '2025-08-04 19:56:31', 'DEBIT', 'acc-520eb92c-813c-4cc0-ae07-3d0080391c03');
INSERT INTO account_operation (id, amount, description, operation_date, type, bank_account_id) VALUES (8930, 1283.35, 'Redal', '2025-12-19 19:56:31', 'DEBIT', 'acc-520eb92c-813c-4cc0-ae07-3d0080391c03');
INSERT INTO account_operation (id, amount, description, operation_date, type, bank_account_id) VALUES (8931, 4035.49, 'Cash Deposit', '2025-09-17 19:56:31', 'CREDIT', 'acc-520eb92c-813c-4cc0-ae07-3d0080391c03');
INSERT INTO account_operation (id, amount, description, operation_date, type, bank_account_id) VALUES (8932, 1506.41, 'Maroc Telecom', '2025-12-29 19:56:31', 'DEBIT', 'acc-520eb92c-813c-4cc0-ae07-3d0080391c03');
INSERT INTO account_operation (id, amount, description, operation_date, type, bank_account_id) VALUES (8933, 634.63, 'Spotify', '2025-10-13 19:56:31', 'DEBIT', 'acc-520eb92c-813c-4cc0-ae07-3d0080391c03');
INSERT INTO account_operation (id, amount, description, operation_date, type, bank_account_id) VALUES (8934, 354.37, 'Zara', '2025-10-28 19:56:31', 'DEBIT', 'acc-520eb92c-813c-4cc0-ae07-3d0080391c03');
INSERT INTO bank_account (id, type, balance, created_at, customer_id, over_draft, interest_rate) VALUES ('acc-60fa23c2-38d5-435e-a686-0ce74fc1f47b', 'CURR', 9791.4, '2026-01-16 19:56:31', 149, 5561.72, NULL);
INSERT INTO account_operation (id, amount, description, operation_date, type, bank_account_id) VALUES (8935, 18730.73, 'Initial Account Funding', '2026-01-16 19:56:31', 'CREDIT', 'acc-60fa23c2-38d5-435e-a686-0ce74fc1f47b');
INSERT INTO account_operation (id, amount, description, operation_date, type, bank_account_id) VALUES (8936, 1178.39, 'Maroc Telecom', '2026-04-01 19:56:31', 'DEBIT', 'acc-60fa23c2-38d5-435e-a686-0ce74fc1f47b');
INSERT INTO account_operation (id, amount, description, operation_date, type, bank_account_id) VALUES (8937, 1767.48, 'Restaurant', '2026-04-21 19:56:31', 'DEBIT', 'acc-60fa23c2-38d5-435e-a686-0ce74fc1f47b');
INSERT INTO account_operation (id, amount, description, operation_date, type, bank_account_id) VALUES (8938, 1618.66, 'Maroc Telecom', '2026-04-28 19:56:31', 'DEBIT', 'acc-60fa23c2-38d5-435e-a686-0ce74fc1f47b');
INSERT INTO account_operation (id, amount, description, operation_date, type, bank_account_id) VALUES (8939, 1012.9, 'Redal', '2026-04-07 19:56:31', 'DEBIT', 'acc-60fa23c2-38d5-435e-a686-0ce74fc1f47b');
INSERT INTO account_operation (id, amount, description, operation_date, type, bank_account_id) VALUES (8940, 1812.17, 'ONEE Electricity', '2026-03-10 19:56:31', 'DEBIT', 'acc-60fa23c2-38d5-435e-a686-0ce74fc1f47b');
INSERT INTO account_operation (id, amount, description, operation_date, type, bank_account_id) VALUES (8941, 1234.36, 'LC Waikiki', '2026-04-08 19:56:31', 'DEBIT', 'acc-60fa23c2-38d5-435e-a686-0ce74fc1f47b');
INSERT INTO account_operation (id, amount, description, operation_date, type, bank_account_id) VALUES (8942, 1083.02, 'LC Waikiki', '2026-04-15 19:56:31', 'DEBIT', 'acc-60fa23c2-38d5-435e-a686-0ce74fc1f47b');
INSERT INTO account_operation (id, amount, description, operation_date, type, bank_account_id) VALUES (8943, 5118.89, 'Dividend Payout', '2026-06-13 19:56:31', 'CREDIT', 'acc-60fa23c2-38d5-435e-a686-0ce74fc1f47b');
INSERT INTO account_operation (id, amount, description, operation_date, type, bank_account_id) VALUES (8944, 1819.49, 'Zara', '2026-02-06 19:56:31', 'DEBIT', 'acc-60fa23c2-38d5-435e-a686-0ce74fc1f47b');
INSERT INTO account_operation (id, amount, description, operation_date, type, bank_account_id) VALUES (8945, 253.93, 'Pharmacy', '2026-05-06 19:56:31', 'DEBIT', 'acc-60fa23c2-38d5-435e-a686-0ce74fc1f47b');
INSERT INTO account_operation (id, amount, description, operation_date, type, bank_account_id) VALUES (8946, 1280.36, 'Decathlon', '2026-02-25 19:56:31', 'DEBIT', 'acc-60fa23c2-38d5-435e-a686-0ce74fc1f47b');
INSERT INTO account_operation (id, amount, description, operation_date, type, bank_account_id) VALUES (8947, 997.46, 'Pharmacy', '2026-04-27 19:56:31', 'DEBIT', 'acc-60fa23c2-38d5-435e-a686-0ce74fc1f47b');
INSERT INTO bank_account (id, type, balance, created_at, customer_id, over_draft, interest_rate) VALUES ('acc-f09769d8-c475-4f20-86f4-0e5722c96291', 'SAVE', -1685.86, '2025-08-16 19:56:31', 149, NULL, 3.38);
INSERT INTO account_operation (id, amount, description, operation_date, type, bank_account_id) VALUES (8948, 14587.98, 'Initial Account Funding', '2025-08-16 19:56:31', 'CREDIT', 'acc-f09769d8-c475-4f20-86f4-0e5722c96291');
INSERT INTO account_operation (id, amount, description, operation_date, type, bank_account_id) VALUES (8949, 1637.57, 'Local Cafe', '2026-04-19 19:56:31', 'DEBIT', 'acc-f09769d8-c475-4f20-86f4-0e5722c96291');
INSERT INTO account_operation (id, amount, description, operation_date, type, bank_account_id) VALUES (8950, 1829.13, 'LC Waikiki', '2025-08-18 19:56:31', 'DEBIT', 'acc-f09769d8-c475-4f20-86f4-0e5722c96291');
INSERT INTO account_operation (id, amount, description, operation_date, type, bank_account_id) VALUES (8951, 1973.11, 'CTM Bus', '2026-05-02 19:56:31', 'DEBIT', 'acc-f09769d8-c475-4f20-86f4-0e5722c96291');
INSERT INTO account_operation (id, amount, description, operation_date, type, bank_account_id) VALUES (8952, 355.15, 'Redal', '2025-11-12 19:56:31', 'DEBIT', 'acc-f09769d8-c475-4f20-86f4-0e5722c96291');
INSERT INTO account_operation (id, amount, description, operation_date, type, bank_account_id) VALUES (8953, 91.89, 'Zara', '2026-02-22 19:56:31', 'DEBIT', 'acc-f09769d8-c475-4f20-86f4-0e5722c96291');
INSERT INTO account_operation (id, amount, description, operation_date, type, bank_account_id) VALUES (8954, 1793.34, 'CTM Bus', '2025-08-23 19:56:31', 'DEBIT', 'acc-f09769d8-c475-4f20-86f4-0e5722c96291');
INSERT INTO account_operation (id, amount, description, operation_date, type, bank_account_id) VALUES (8955, 1314.03, 'ONEE Electricity', '2025-12-25 19:56:31', 'DEBIT', 'acc-f09769d8-c475-4f20-86f4-0e5722c96291');
INSERT INTO account_operation (id, amount, description, operation_date, type, bank_account_id) VALUES (8956, 1540.83, 'ONCF Train', '2025-09-13 19:56:31', 'DEBIT', 'acc-f09769d8-c475-4f20-86f4-0e5722c96291');
INSERT INTO account_operation (id, amount, description, operation_date, type, bank_account_id) VALUES (8957, 169.38, 'Carrefour', '2026-01-19 19:56:31', 'DEBIT', 'acc-f09769d8-c475-4f20-86f4-0e5722c96291');
INSERT INTO account_operation (id, amount, description, operation_date, type, bank_account_id) VALUES (8958, 783.49, 'Carrefour', '2025-11-26 19:56:31', 'DEBIT', 'acc-f09769d8-c475-4f20-86f4-0e5722c96291');
INSERT INTO account_operation (id, amount, description, operation_date, type, bank_account_id) VALUES (8959, 1878.31, 'Amendis', '2026-06-08 19:56:31', 'DEBIT', 'acc-f09769d8-c475-4f20-86f4-0e5722c96291');
INSERT INTO account_operation (id, amount, description, operation_date, type, bank_account_id) VALUES (8960, 1774.45, 'CTM Bus', '2025-11-30 19:56:31', 'DEBIT', 'acc-f09769d8-c475-4f20-86f4-0e5722c96291');
INSERT INTO account_operation (id, amount, description, operation_date, type, bank_account_id) VALUES (8961, 67.51, 'LC Waikiki', '2026-06-24 19:56:31', 'DEBIT', 'acc-f09769d8-c475-4f20-86f4-0e5722c96291');
INSERT INTO account_operation (id, amount, description, operation_date, type, bank_account_id) VALUES (8962, 1065.65, 'ONEE Electricity', '2025-11-20 19:56:31', 'DEBIT', 'acc-f09769d8-c475-4f20-86f4-0e5722c96291');

INSERT INTO customer (id, name, email) VALUES (150, 'Karim Benali', 'karim.benali@gmail.com');
INSERT INTO bank_account (id, type, balance, created_at, customer_id, over_draft, interest_rate) VALUES ('acc-5695bbbf-52cb-4cf0-b2f1-d32d3255437a', 'SAVE', 117819.54, '2026-04-25 19:56:31', 150, NULL, 3.96);
INSERT INTO account_operation (id, amount, description, operation_date, type, bank_account_id) VALUES (8963, 29588.53, 'Initial Account Funding', '2026-04-25 19:56:31', 'CREDIT', 'acc-5695bbbf-52cb-4cf0-b2f1-d32d3255437a');
INSERT INTO account_operation (id, amount, description, operation_date, type, bank_account_id) VALUES (8964, 1090.8, 'Pharmacy', '2026-05-20 19:56:31', 'DEBIT', 'acc-5695bbbf-52cb-4cf0-b2f1-d32d3255437a');
INSERT INTO account_operation (id, amount, description, operation_date, type, bank_account_id) VALUES (8965, 995.5, 'Redal', '2026-05-15 19:56:31', 'DEBIT', 'acc-5695bbbf-52cb-4cf0-b2f1-d32d3255437a');
INSERT INTO account_operation (id, amount, description, operation_date, type, bank_account_id) VALUES (8966, 571.5, 'Redal', '2026-06-20 19:56:31', 'DEBIT', 'acc-5695bbbf-52cb-4cf0-b2f1-d32d3255437a');
INSERT INTO account_operation (id, amount, description, operation_date, type, bank_account_id) VALUES (8967, 835.49, 'Inwi', '2026-04-29 19:56:31', 'DEBIT', 'acc-5695bbbf-52cb-4cf0-b2f1-d32d3255437a');
INSERT INTO account_operation (id, amount, description, operation_date, type, bank_account_id) VALUES (8968, 1552.57, 'Restaurant', '2026-05-06 19:56:31', 'DEBIT', 'acc-5695bbbf-52cb-4cf0-b2f1-d32d3255437a');
INSERT INTO account_operation (id, amount, description, operation_date, type, bank_account_id) VALUES (8969, 12902.57, 'Transfer Received', '2026-05-31 19:56:31', 'CREDIT', 'acc-5695bbbf-52cb-4cf0-b2f1-d32d3255437a');
INSERT INTO account_operation (id, amount, description, operation_date, type, bank_account_id) VALUES (8970, 1435.65, 'ONCF Train', '2026-05-18 19:56:31', 'DEBIT', 'acc-5695bbbf-52cb-4cf0-b2f1-d32d3255437a');
INSERT INTO account_operation (id, amount, description, operation_date, type, bank_account_id) VALUES (8971, 442.83, 'Restaurant', '2026-05-06 19:56:31', 'DEBIT', 'acc-5695bbbf-52cb-4cf0-b2f1-d32d3255437a');
INSERT INTO account_operation (id, amount, description, operation_date, type, bank_account_id) VALUES (8972, 2489.96, 'Freelance Payment', '2026-06-19 19:56:31', 'CREDIT', 'acc-5695bbbf-52cb-4cf0-b2f1-d32d3255437a');
INSERT INTO account_operation (id, amount, description, operation_date, type, bank_account_id) VALUES (8973, 1442.42, 'Inwi', '2026-06-05 19:56:31', 'DEBIT', 'acc-5695bbbf-52cb-4cf0-b2f1-d32d3255437a');
INSERT INTO account_operation (id, amount, description, operation_date, type, bank_account_id) VALUES (8974, 1797.21, 'BIM Store', '2026-05-24 19:56:31', 'DEBIT', 'acc-5695bbbf-52cb-4cf0-b2f1-d32d3255437a');
INSERT INTO account_operation (id, amount, description, operation_date, type, bank_account_id) VALUES (8975, 9692.55, 'Cash Deposit', '2026-05-07 19:56:31', 'CREDIT', 'acc-5695bbbf-52cb-4cf0-b2f1-d32d3255437a');
INSERT INTO account_operation (id, amount, description, operation_date, type, bank_account_id) VALUES (8976, 13464.77, 'Freelance Payment', '2026-05-13 19:56:31', 'CREDIT', 'acc-5695bbbf-52cb-4cf0-b2f1-d32d3255437a');
INSERT INTO account_operation (id, amount, description, operation_date, type, bank_account_id) VALUES (8977, 1779.94, 'Netflix Subscription', '2026-06-18 19:56:31', 'DEBIT', 'acc-5695bbbf-52cb-4cf0-b2f1-d32d3255437a');
INSERT INTO account_operation (id, amount, description, operation_date, type, bank_account_id) VALUES (8978, 1491.56, 'Restaurant', '2026-05-21 19:56:31', 'DEBIT', 'acc-5695bbbf-52cb-4cf0-b2f1-d32d3255437a');
INSERT INTO account_operation (id, amount, description, operation_date, type, bank_account_id) VALUES (8979, 14180.08, 'Dividend Payout', '2026-06-10 19:56:31', 'CREDIT', 'acc-5695bbbf-52cb-4cf0-b2f1-d32d3255437a');
INSERT INTO account_operation (id, amount, description, operation_date, type, bank_account_id) VALUES (8980, 1802.46, 'Transfer Received', '2026-06-12 19:56:31', 'CREDIT', 'acc-5695bbbf-52cb-4cf0-b2f1-d32d3255437a');
INSERT INTO account_operation (id, amount, description, operation_date, type, bank_account_id) VALUES (8981, 3134.43, 'Transfer Received', '2026-06-02 19:56:31', 'CREDIT', 'acc-5695bbbf-52cb-4cf0-b2f1-d32d3255437a');
INSERT INTO account_operation (id, amount, description, operation_date, type, bank_account_id) VALUES (8982, 2359.76, 'Salary Deposit', '2026-05-05 19:56:31', 'CREDIT', 'acc-5695bbbf-52cb-4cf0-b2f1-d32d3255437a');
INSERT INTO account_operation (id, amount, description, operation_date, type, bank_account_id) VALUES (8983, 14342.65, 'Dividend Payout', '2026-05-12 19:56:31', 'CREDIT', 'acc-5695bbbf-52cb-4cf0-b2f1-d32d3255437a');
INSERT INTO account_operation (id, amount, description, operation_date, type, bank_account_id) VALUES (8984, 996.63, 'BIM Store', '2026-05-01 19:56:31', 'DEBIT', 'acc-5695bbbf-52cb-4cf0-b2f1-d32d3255437a');
INSERT INTO account_operation (id, amount, description, operation_date, type, bank_account_id) VALUES (8985, 599.69, 'Local Cafe', '2026-06-24 19:56:31', 'DEBIT', 'acc-5695bbbf-52cb-4cf0-b2f1-d32d3255437a');
INSERT INTO account_operation (id, amount, description, operation_date, type, bank_account_id) VALUES (8986, 282.56, 'Decathlon', '2026-06-09 19:56:31', 'DEBIT', 'acc-5695bbbf-52cb-4cf0-b2f1-d32d3255437a');
INSERT INTO account_operation (id, amount, description, operation_date, type, bank_account_id) VALUES (8987, 1168.02, 'Maroc Telecom', '2026-05-28 19:56:31', 'DEBIT', 'acc-5695bbbf-52cb-4cf0-b2f1-d32d3255437a');
INSERT INTO account_operation (id, amount, description, operation_date, type, bank_account_id) VALUES (8988, 12930.04, 'Dividend Payout', '2026-05-31 19:56:31', 'CREDIT', 'acc-5695bbbf-52cb-4cf0-b2f1-d32d3255437a');
INSERT INTO account_operation (id, amount, description, operation_date, type, bank_account_id) VALUES (8989, 1811.51, 'Zara', '2026-06-09 19:56:31', 'DEBIT', 'acc-5695bbbf-52cb-4cf0-b2f1-d32d3255437a');
INSERT INTO account_operation (id, amount, description, operation_date, type, bank_account_id) VALUES (8990, 1005.52, 'Pharmacy', '2026-06-05 19:56:31', 'DEBIT', 'acc-5695bbbf-52cb-4cf0-b2f1-d32d3255437a');
INSERT INTO account_operation (id, amount, description, operation_date, type, bank_account_id) VALUES (8991, 14272.26, 'Freelance Payment', '2026-06-24 19:56:31', 'CREDIT', 'acc-5695bbbf-52cb-4cf0-b2f1-d32d3255437a');
INSERT INTO account_operation (id, amount, description, operation_date, type, bank_account_id) VALUES (8992, 5900.32, 'Cash Deposit', '2026-05-28 19:56:31', 'CREDIT', 'acc-5695bbbf-52cb-4cf0-b2f1-d32d3255437a');
INSERT INTO account_operation (id, amount, description, operation_date, type, bank_account_id) VALUES (8993, 211.66, 'Pharmacy', '2026-06-27 19:56:31', 'DEBIT', 'acc-5695bbbf-52cb-4cf0-b2f1-d32d3255437a');
INSERT INTO account_operation (id, amount, description, operation_date, type, bank_account_id) VALUES (8994, 855.27, 'BIM Store', '2026-06-16 19:56:31', 'DEBIT', 'acc-5695bbbf-52cb-4cf0-b2f1-d32d3255437a');
INSERT INTO account_operation (id, amount, description, operation_date, type, bank_account_id) VALUES (8995, 3416.37, 'Freelance Payment', '2026-06-26 19:56:31', 'CREDIT', 'acc-5695bbbf-52cb-4cf0-b2f1-d32d3255437a');
INSERT INTO account_operation (id, amount, description, operation_date, type, bank_account_id) VALUES (8996, 813.13, 'Spotify', '2026-05-17 19:56:31', 'DEBIT', 'acc-5695bbbf-52cb-4cf0-b2f1-d32d3255437a');
INSERT INTO account_operation (id, amount, description, operation_date, type, bank_account_id) VALUES (8997, 1477.75, 'Orange', '2026-05-13 19:56:31', 'DEBIT', 'acc-5695bbbf-52cb-4cf0-b2f1-d32d3255437a');

